{
"type": "FeatureCollection",
"name": "dams",
"crs": { "type": "name", "properties": { "name": "urn:ogc:def:crs:OGC:1.3:CRS84" } },
"features": [
{ "type": "Feature", "properties": { "id": 1078, "active": 1, "administration": "C.H. CANTÁBRICO", "area_skm": 0.45350260992704672, "basin": "CANTABRICO", "cap_mcm": 8.0, "catch_skm": 11.99, "category": "A", "comment": null, "dam_elev_masl": 172.16, "dam_hgt_m": null, "dam_len_m": 231.85, "dam_type": "Gravity dam: Roller-Compacted Concrete", "dis_avg_mcm": 8.11, "elev_masl": 168.4, "end": 2021.0, "estate": "País Vasco", "id_basin": 1936.0, "id_gdw": 35804.0, "id_idr_dam": 28.0, "id_idr_res": 1149.0, "id_municipality": 20904.0, "id_saih": null, "id_sheet": 89.0, "lat_wgs84": 43.0455, "lon_wgs84": -2.0733, "main_use": "Water supply", "municipality": "Baliarrain", "mwl_elev_masl": null, "name": "Ibiur", "operator": "FELIPE ROMAN GONCALVES", "outlet_cms": 355.2, "owner": "ESTADO", "owner_type": "Estado\nAyuntamientos y/o Diputaciones", "province": "Guipúzcoa", "reservoir_type": "Dam reservoir", "river": "Ibiur", "river_elev_masl": 69.15, "sheet": "TOLOSA (89)", "spillway_cms": null, "start": 2010.0, "system": "ORIA", "timeline": "Initial impoundment", "use_elec": false, "use_fcon": true, "use_fish": true, "use_ind": false, "use_irri": false, "use_live": false, "use_mine": false, "use_navi": true, "use_othr": false, "use_pcon": true, "use_recr": true, "use_supp": true, "users": "CONSORCIO AGUAS GIPUZCOA\n-", "x_etrs89": "571164", "y_etrs89": "4770285", "years_annual": 13.0, "years_monthly": 14.0, "level": 0, "storage": 1, "outflow": 1, "inflow": 1, "years_daily": 11, "dod_m": 0.66722268557130937, "dor_d": 286.0 }, "geometry": { "type": "Point", "coordinates": [ -2.125751265901239, 43.081939839143097 ] } },
{ "type": "Feature", "properties": { "id": 1108, "active": 1, "administration": "C.H. CANTÁBRICO", "area_skm": 1.4152038100657303, "basin": "CANTABRICO", "cap_mcm": 37.3, "catch_skm": 62.9, "category": "A", "comment": null, "dam_elev_masl": 163.5, "dam_hgt_m": 78.0, "dam_len_m": 255.0, "dam_type": "Arch-gravity dam", "dis_avg_mcm": 1438.0, "elev_masl": 160.0, "end": 2021.0, "estate": "País Vasco", "id_basin": 1017.0, "id_gdw": 5938.0, "id_idr_dam": 78.0, "id_idr_res": 151.0, "id_municipality": 20067.0, "id_saih": "E072", "id_sheet": 64.0, "lat_wgs84": 43.1244, "lon_wgs84": -1.5232, "main_use": "Water supply", "municipality": "Rentería", "mwl_elev_masl": null, "name": "Añarbe", "operator": "XABIER ARZELUS ARAMENDI", "outlet_cms": 63.3, "owner": "COMUNIDAD DE USUARIOS", "owner_type": "Ayuntamientos y/o Diputaciones", "province": "Guipúzcoa", "reservoir_type": "Dam reservoir", "river": "Añarbe", "river_elev_masl": 79.5, "sheet": "SAN SEBASTIÁN (64)", "spillway_cms": null, "start": 2010.0, "system": "URUMEA", "timeline": "In operation", "use_elec": false, "use_fcon": false, "use_fish": true, "use_ind": false, "use_irri": false, "use_live": false, "use_mine": false, "use_navi": true, "use_othr": false, "use_pcon": true, "use_recr": true, "use_supp": true, "users": "MANCOMUNIDAD DE AGUAS DEL AÑARBE", "x_etrs89": "591347", "y_etrs89": "4785004", "years_annual": 13.0, "years_monthly": 14.0, "level": 0, "storage": 1, "outflow": 1, "inflow": 1, "years_daily": 11, "dod_m": 0.59300476947535763, "dor_d": 149.0 }, "geometry": { "type": "Point", "coordinates": [ -1.875417935599827, 43.212294221315432 ] } },
{ "type": "Feature", "properties": { "id": 1177, "active": 1, "administration": "C.H. CANTÁBRICO", "area_skm": 1.3066461533247395, "basin": "CANTABRICO", "cap_mcm": 22.0, "catch_skm": 48.0, "category": "A", "comment": "LOS DATOS DE 2008-09, 2012-13, 2014-15 Y 2016-17 ESTAN PENDIENTES DE REVISION                                           ", "dam_elev_masl": 310.0, "dam_hgt_m": 56.0, "dam_len_m": 376.0, "dam_type": "Gravity dam: vibrated concrete", "dis_avg_mcm": 40.6, "elev_masl": 308.0, "end": 2015.0, "estate": "Castilla y León", "id_basin": 1992.0, "id_gdw": 3940.0, "id_idr_dam": 13.0, "id_idr_res": 1564.0, "id_municipality": 9410.0, "id_saih": "E062", "id_sheet": 85.0, "lat_wgs84": 43.0937, "lon_wgs84": -3.1703, "main_use": "Water supply", "municipality": "Valle de Mena", "mwl_elev_masl": null, "name": "Ordunte", "operator": "JOSÉ LUIS TESADA ALONSO", "outlet_cms": 62.98, "owner": "AYUNTAMIENTO", "owner_type": "Ayuntamientos y/o Diputaciones", "province": "Burgos", "reservoir_type": "Dam reservoir", "river": "Ordunte", "river_elev_masl": 55.5, "sheet": "VILLASANA DE MENA (85)", "spillway_cms": null, "start": 1998.0, "system": "NERVION", "timeline": "In operation", "use_elec": false, "use_fcon": false, "use_fish": true, "use_ind": false, "use_irri": false, "use_live": false, "use_mine": false, "use_navi": true, "use_othr": false, "use_pcon": true, "use_recr": true, "use_supp": true, "users": "-", "x_etrs89": "476905", "y_etrs89": "4778660", "years_annual": 58.0, "years_monthly": 72.0, "level": 0, "storage": 1, "outflow": 1, "inflow": 1, "years_daily": 17, "dod_m": 0.45833333333333331, "dor_d": 190.0 }, "geometry": { "type": "Point", "coordinates": [ -3.28408493953494, 43.160342740583232 ] } },
{ "type": "Feature", "properties": { "id": 1231, "active": 1, "administration": "C.H. CANTÁBRICO", "area_skm": 1.1660464952750849, "basin": "CANTABRICO", "cap_mcm": 21.46, "catch_skm": 20.5, "category": "A", "comment": "LOS DATOS DE 2008-09 A 2010-11 Y 2013-14 ESTAN PENDIENTES DE REVISION                                                   ", "dam_elev_masl": null, "dam_hgt_m": 49.0, "dam_len_m": null, "dam_type": "Arch-gravity dam", "dis_avg_mcm": null, "elev_masl": 842.0, "end": 2021.0, "estate": "Cantabria", "id_basin": 1100.0, "id_gdw": 5945.0, "id_idr_dam": 174.0, "id_idr_res": 126.0, "id_municipality": 39070.0, "id_saih": "E056", "id_sheet": 83.0, "lat_wgs84": 43.0542, "lon_wgs84": -3.5958, "main_use": "Water supply", "municipality": "San Miguel de Aguayo", "mwl_elev_masl": null, "name": "Alsa - Mediajo", "operator": "EDUARDO ORTEGA GOMEZ", "outlet_cms": null, "owner": "PARTICULAR", "owner_type": "Privado", "province": "Cantabria", "reservoir_type": "Dam reservoir", "river": "Torina", "river_elev_masl": null, "sheet": "REINOSA (83)", "spillway_cms": null, "start": 1980.0, "system": "SAJA", "timeline": "In operation", "use_elec": false, "use_fcon": false, "use_fish": true, "use_ind": false, "use_irri": false, "use_live": false, "use_mine": false, "use_navi": true, "use_othr": false, "use_pcon": true, "use_recr": true, "use_supp": true, "users": "SALTOS DEL NANSA: SALTO AGUAYO Y TORINA", "x_etrs89": "418673", "y_etrs89": "4771844", "years_annual": 64.0, "years_monthly": 78.0, "level": 0, "storage": 1, "outflow": 1, "inflow": 1, "years_daily": 41, "dod_m": 1.046829268292683, "dor_d": 245.0 }, "geometry": { "type": "Point", "coordinates": [ -3.999311799434315, 43.094954560508768 ] } },
{ "type": "Feature", "properties": { "id": 1253, "active": 1, "administration": "C.H. CANTÁBRICO", "area_skm": 0.46846312471648099, "basin": "CANTABRICO", "cap_mcm": 12.0, "catch_skm": 88.0, "category": "A", "comment": null, "dam_elev_masl": 780.85, "dam_hgt_m": 116.0, "dam_len_m": null, "dam_type": "Arch dam", "dis_avg_mcm": null, "elev_masl": 777.9, "end": 2021.0, "estate": "Cantabria", "id_basin": 1114.0, "id_gdw": 5943.0, "id_idr_dam": 180.0, "id_idr_res": 701.0, "id_municipality": 39089.0, "id_saih": "E052", "id_sheet": 82.0, "lat_wgs84": 43.0758, "lon_wgs84": -4.232, "main_use": "Water supply", "municipality": "Tudanca", "mwl_elev_masl": null, "name": "Cohilla, La", "operator": "FRANCISCO GALÁN SORALUCE", "outlet_cms": null, "owner": "PARTICULAR", "owner_type": "Privado", "province": "Cantabria", "reservoir_type": "Dam reservoir", "river": "Nansa", "river_elev_masl": 116.0, "sheet": "TUDANCA (82)", "spillway_cms": 452.0, "start": 1980.0, "system": "NANSA", "timeline": null, "use_elec": false, "use_fcon": false, "use_fish": true, "use_ind": false, "use_irri": false, "use_live": false, "use_mine": false, "use_navi": true, "use_othr": false, "use_pcon": true, "use_recr": true, "use_supp": true, "users": "SALTOS DE NANSA: SALTO PEÑA DE BEJO", "x_etrs89": "387033", "y_etrs89": "4776485", "years_annual": 52.0, "years_monthly": 52.0, "level": 0, "storage": 1, "outflow": 1, "inflow": 1, "years_daily": 41, "dod_m": 0.13636363636363635, "dor_d": 45.0 }, "geometry": { "type": "Point", "coordinates": [ -4.388939314933472, 43.132679165904761 ] } },
{ "type": "Feature", "properties": { "id": 1333, "active": 1, "administration": "C.H. CANTÁBRICO", "area_skm": 1.3897018177542264, "basin": "CANTABRICO", "cap_mcm": 33.0, "catch_skm": 265.0, "category": "A", "comment": "LOS DATOS DE 2008-09 Y 2011-12 ESTAN PENDIENTES DE REVISION                                                             ", "dam_elev_masl": 495.0, "dam_hgt_m": 95.0, "dam_len_m": 195.0, "dam_type": "Gravity dam: vibrated concrete", "dis_avg_mcm": 294.7, "elev_masl": 492.5, "end": 2021.0, "estate": "Principado de Asturias", "id_basin": 1148.0, "id_gdw": 5937.0, "id_idr_dam": 149.0, "id_idr_res": 2203.0, "id_municipality": 33067.0, "id_saih": "E040", "id_sheet": 54.0, "lat_wgs84": 43.1315, "lon_wgs84": -5.2549, "main_use": "Water supply", "municipality": "Sobrescobio", "mwl_elev_masl": 493.0, "name": "Tanes", "operator": "EMILIO FERNÁNDEZ GONZÁLEZ", "outlet_cms": 48.12, "owner": "PARTICULAR", "owner_type": "Privado", "province": "Asturias", "reservoir_type": "Dam reservoir", "river": "Nalón", "river_elev_masl": 95.0, "sheet": "RIOSECO (54)", "spillway_cms": null, "start": 1987.0, "system": "NALON", "timeline": "In operation", "use_elec": false, "use_fcon": true, "use_fish": true, "use_ind": false, "use_irri": false, "use_live": false, "use_mine": false, "use_navi": true, "use_othr": false, "use_pcon": true, "use_recr": true, "use_supp": true, "users": null, "x_etrs89": "302626", "y_etrs89": "4788217", "years_annual": 35.0, "years_monthly": 35.0, "level": 0, "storage": 1, "outflow": 1, "inflow": 1, "years_daily": 34, "dod_m": 0.12452830188679245, "dor_d": 27.0 }, "geometry": { "type": "Point", "coordinates": [ -5.430197757230396, 43.220933969333508 ] } },
{ "type": "Feature", "properties": { "id": 1334, "active": 1, "administration": "C.H. CANTÁBRICO", "area_skm": 0.5241954368017977, "basin": "CANTABRICO", "cap_mcm": 5.0, "catch_skm": 330.0, "category": "A", "comment": "LOS DATOS DE 2012-13 ESTÁN PENDIENTES DE REVISIÓN                                                                       ", "dam_elev_masl": 382.5, "dam_hgt_m": null, "dam_len_m": 101.0, "dam_type": "Gravity dam: vibrated concrete", "dis_avg_mcm": 230.0, "elev_masl": 380.5, "end": 2021.0, "estate": "Principado de Asturias", "id_basin": 1150.0, "id_gdw": 15970.0, "id_idr_dam": 162.0, "id_idr_res": 1923.0, "id_municipality": 33067.0, "id_saih": "E041", "id_sheet": 54.0, "lat_wgs84": 43.1341, "lon_wgs84": -5.2824, "main_use": "Water supply", "municipality": "Sobrescobio", "mwl_elev_masl": 381.0, "name": "Rioseco", "operator": "EMILIO ANTONIO FERNANDEZ GONZALEZ", "outlet_cms": 53.0, "owner": "PARTICULAR", "owner_type": "Privado", "province": "Asturias", "reservoir_type": "Dam reservoir", "river": "Nalón", "river_elev_masl": 28.5, "sheet": "RIOSECO (54)", "spillway_cms": null, "start": 1987.0, "system": "NALON", "timeline": null, "use_elec": false, "use_fcon": true, "use_fish": true, "use_ind": false, "use_irri": false, "use_live": false, "use_mine": false, "use_navi": true, "use_othr": false, "use_pcon": true, "use_recr": true, "use_supp": true, "users": null, "x_etrs89": "299137", "y_etrs89": "4789101", "years_annual": 35.0, "years_monthly": 35.0, "level": 0, "storage": 1, "outflow": 1, "inflow": 1, "years_daily": 34, "dod_m": 0.015151515151515152, "dor_d": 3.0 }, "geometry": { "type": "Point", "coordinates": [ -5.473439404525101, 43.227966391666932 ] } },
{ "type": "Feature", "properties": { "id": 1340, "active": 1, "administration": "C.H. CANTÁBRICO", "area_skm": 0.23687049771408181, "basin": "CANTABRICO", "cap_mcm": 2.0, "catch_skm": 370.0, "category": "B", "comment": "LOS DATOS DE 2009-10 Y 2011-12 ESTAN PENDIENTES DE REVISION                                                             ", "dam_elev_masl": null, "dam_hgt_m": null, "dam_len_m": null, "dam_type": "Gravity dam: vibrated concrete", "dis_avg_mcm": null, "elev_masl": 77.5, "end": 2021.0, "estate": "Principado de Asturias", "id_basin": 1173.0, "id_gdw": 35817.0, "id_idr_dam": 156.0, "id_idr_res": 1793.0, "id_municipality": 33054.0, "id_saih": "E045", "id_sheet": 28.0, "lat_wgs84": 43.2258, "lon_wgs84": -5.5831, "main_use": "Water supply", "municipality": "Las Regueras", "mwl_elev_masl": null, "name": "Priañes", "operator": "EMILIO ANTONIO FERNÁNDEZ", "outlet_cms": null, "owner": "PARTICULAR", "owner_type": "Privado", "province": "Asturias", "reservoir_type": "Dam reservoir", "river": "Nora", "river_elev_masl": null, "sheet": "GRADO (28)", "spillway_cms": 401.7, "start": 1985.0, "system": "NALON", "timeline": "In operation", "use_elec": false, "use_fcon": false, "use_fish": true, "use_ind": false, "use_irri": false, "use_live": false, "use_mine": false, "use_navi": true, "use_othr": false, "use_pcon": true, "use_recr": true, "use_supp": true, "users": "HIDROELECTRICA DEL CANTABRICO", "x_etrs89": "258997", "y_etrs89": "4807627", "years_annual": 37.0, "years_monthly": 37.0, "level": 0, "storage": 1, "outflow": 1, "inflow": 1, "years_daily": 36, "dod_m": 0.0054054054054054057, "dor_d": 0.0 }, "geometry": { "type": "Point", "coordinates": [ -5.97524934142792, 43.382813306489126 ] } },
{ "type": "Feature", "properties": { "id": 1356, "active": 1, "administration": "C.H. CANTÁBRICO", "area_skm": 1.6120949891082097, "basin": "CANTABRICO", "cap_mcm": 34.0, "catch_skm": 1216.0, "category": "A", "comment": "RESERVA MODIFICADA DE 1970 A MAYO 2016 (REFERENCIA RESPECTO VOLUMEN TOTAL). DATOS 2009-10 PROVISIONALES                 ", "dam_elev_masl": 213.5, "dam_hgt_m": null, "dam_len_m": 178.0, "dam_type": "Arch dam", "dis_avg_mcm": 903.0, "elev_masl": 212.0, "end": 2021.0, "estate": "Principado de Asturias", "id_basin": 1189.0, "id_gdw": 15962.0, "id_idr_dam": 137.0, "id_idr_res": 259.0, "id_municipality": 33005.0, "id_saih": "E046", "id_sheet": 51.0, "lat_wgs84": 43.1914, "lon_wgs84": -6.1814, "main_use": "Hydroelectricity", "municipality": "Belmonte de Miranda", "mwl_elev_masl": 213.5, "name": "Barca, La", "operator": "EMILIO ANTONIO FERNÁNDEZ", "outlet_cms": 116.0, "owner": "PARTICULAR", "owner_type": "Privado", "province": "Asturias", "reservoir_type": "Dam reservoir", "river": "Narcea", "river_elev_masl": 73.5, "sheet": "BELMONTE DE MIRANDA (51)", "spillway_cms": 1878.0, "start": 1980.0, "system": "NALON", "timeline": null, "use_elec": true, "use_fcon": false, "use_fish": true, "use_ind": false, "use_irri": false, "use_live": false, "use_mine": false, "use_navi": true, "use_othr": false, "use_pcon": true, "use_recr": true, "use_supp": false, "users": "HIDROELECTRICA DEL CANTÁBRICO S.A.", "x_etrs89": "232105", "y_etrs89": "4801704", "years_annual": 52.0, "years_monthly": 52.0, "level": 0, "storage": 1, "outflow": 1, "inflow": 1, "years_daily": 41, "dod_m": 0.027960526315789474, "dor_d": 14.0 }, "geometry": { "type": "Point", "coordinates": [ -6.303830465833842, 43.320455563935049 ] } },
{ "type": "Feature", "properties": { "id": 1406, "active": 1, "administration": "C.H. CANTÁBRICO", "area_skm": 7.1082038603119289, "basin": "CANTABRICO", "cap_mcm": 266.0, "catch_skm": 1770.0, "category": "A", "comment": "LOS DATOS DE 2011-12 ESTÁN PENDIENTES DE REVISIÓN                                                                       ", "dam_elev_masl": 225.67, "dam_hgt_m": 134.0, "dam_len_m": 250.0, "dam_type": "Arch-gravity dam", "dis_avg_mcm": 1558.0, "elev_masl": 224.5, "end": 2021.0, "estate": "Principado de Asturias", "id_basin": 1222.0, "id_gdw": 3939.0, "id_idr_dam": 159.0, "id_idr_res": 1980.0, "id_municipality": 33001.0, "id_saih": "E037", "id_sheet": 50.0, "lat_wgs84": 43.1411, "lon_wgs84": -6.5051, "main_use": "Flood control", "municipality": "Allande", "mwl_elev_masl": 224.5, "name": "Salime", "operator": "EMILIO ANTONIO FERNÁNDEZ", "outlet_cms": 120.0, "owner": "PARTICULAR", "owner_type": "Privado", "province": "Asturias", "reservoir_type": "Dam reservoir", "river": "Navia", "river_elev_masl": 128.0, "sheet": "CANGAS DE NARCEA (50)", "spillway_cms": 2107.0, "start": 1980.0, "system": "NAVIA", "timeline": null, "use_elec": true, "use_fcon": true, "use_fish": true, "use_ind": false, "use_irri": false, "use_live": false, "use_mine": false, "use_navi": true, "use_othr": false, "use_pcon": true, "use_recr": true, "use_supp": false, "users": "-\n-", "x_etrs89": "187585", "y_etrs89": "4794246", "years_annual": 64.0, "years_monthly": 68.0, "level": 0, "storage": 1, "outflow": 1, "inflow": 1, "years_daily": 41, "dod_m": 0.15028248587570622, "dor_d": 76.0 }, "geometry": { "type": "Point", "coordinates": [ -6.847515505717976, 43.236289749102646 ] } },
{ "type": "Feature", "properties": { "id": 1408, "active": 1, "administration": "C.H. CANTÁBRICO", "area_skm": 3.2560877141363269, "basin": "CANTABRICO", "cap_mcm": 96.5, "catch_skm": 2292.0, "category": "A", "comment": "LOS DATOS DE 2012-13 ESTÁN PENDIENTES DE REVISIÓN                                                                       ", "dam_elev_masl": null, "dam_hgt_m": 98.0, "dam_len_m": null, "dam_type": "Arch-gravity dam", "dis_avg_mcm": null, "elev_masl": 109.2, "end": 2021.0, "estate": "Principado de Asturias", "id_basin": 1232.0, "id_gdw": 3926.0, "id_idr_dam": 161.0, "id_idr_res": 829.0, "id_municipality": 33007.0, "id_saih": "E038", "id_sheet": 26.0, "lat_wgs84": 43.2309, "lon_wgs84": -6.4929, "main_use": "Water supply", "municipality": "Boal", "mwl_elev_masl": 109.2, "name": "Doiras", "operator": "EDUARDO ORTEGA GOMEZ", "outlet_cms": 738.24, "owner": "PARTICULAR", "owner_type": "Privado", "province": "Asturias", "reservoir_type": "Dam reservoir", "river": "Navia", "river_elev_masl": null, "sheet": "BOAL (26)", "spillway_cms": null, "start": 1980.0, "system": "NAVIA", "timeline": "In operation", "use_elec": false, "use_fcon": false, "use_fish": true, "use_ind": false, "use_irri": false, "use_live": false, "use_mine": false, "use_navi": true, "use_othr": false, "use_pcon": true, "use_recr": true, "use_supp": true, "users": "ELECTRA DE VIESGO, S.A.: Salto Doiras y Silvón", "x_etrs89": "190190", "y_etrs89": "4810769", "years_annual": 64.0, "years_monthly": 78.0, "level": 0, "storage": 1, "outflow": 1, "inflow": 1, "years_daily": 41, "dod_m": 0.042102966841186737, "dor_d": 20.0 }, "geometry": { "type": "Point", "coordinates": [ -6.8248157669643, 43.385815273462214 ] } },
{ "type": "Feature", "properties": { "id": 1409, "active": 1, "administration": "C.H. CANTÁBRICO", "area_skm": 2.6001794464475072, "basin": "CANTABRICO", "cap_mcm": 40.4, "catch_skm": 2506.0, "category": "A", "comment": "LOS DATOS DE 2008-09 ESTAN PENDIENTES DE REVISION                                                                       ", "dam_elev_masl": null, "dam_hgt_m": 32.0, "dam_len_m": null, "dam_type": "Embankment dam: zonified", "dis_avg_mcm": null, "elev_masl": 33.2, "end": 2021.0, "estate": "Principado de Asturias", "id_basin": 1234.0, "id_gdw": 3918.0, "id_idr_dam": 140.0, "id_idr_res": 160.0, "id_municipality": 33077.0, "id_saih": "E039", "id_sheet": 26.0, "lat_wgs84": 43.2837, "lon_wgs84": -6.4349, "main_use": "Water supply", "municipality": "Villayón", "mwl_elev_masl": 33.2, "name": "Arbon", "operator": "EDUARDO ORTEGA GOMEZ", "outlet_cms": 252.0, "owner": "PARTICULAR", "owner_type": "Privado", "province": "Asturias", "reservoir_type": "Dam reservoir", "river": "Navia", "river_elev_masl": null, "sheet": "BOAL (26)", "spillway_cms": 3119.0, "start": 1980.0, "system": "NAVIA", "timeline": "In operation", "use_elec": false, "use_fcon": false, "use_fish": true, "use_ind": false, "use_irri": false, "use_live": false, "use_mine": false, "use_navi": true, "use_othr": false, "use_pcon": true, "use_recr": true, "use_supp": true, "users": "VIESGO GENERACIÓN S.L.", "x_etrs89": "198311", "y_etrs89": "4820557", "years_annual": 53.0, "years_monthly": 53.0, "level": 0, "storage": 1, "outflow": 1, "inflow": 1, "years_daily": 41, "dod_m": 0.016121308858739025, "dor_d": 8.0 }, "geometry": { "type": "Point", "coordinates": [ -6.730172827903291, 43.477070636053604 ] } },
{ "type": "Feature", "properties": { "id": 1430, "active": 1, "administration": "Administración Autonómica", "area_skm": 0.5963194808725919, "basin": "GALICIA COSTA", "cap_mcm": 5.68, "catch_skm": 34.9, "category": null, "comment": null, "dam_elev_masl": 51.5, "dam_hgt_m": null, "dam_len_m": 417.0, "dam_type": "Embankment dam: ssphalt-face", "dis_avg_mcm": 31.0, "elev_masl": 49.0, "end": 2006.0, "estate": "Galicia", "id_basin": 1983.0, "id_gdw": 15929.0, "id_idr_dam": 3104.0, "id_idr_res": 1914.0, "id_municipality": 27013.0, "id_saih": null, "id_sheet": 3.0, "lat_wgs84": 43.404, "lon_wgs84": -7.263, "main_use": "Water supply", "municipality": null, "mwl_elev_masl": 49.5, "name": "Rio Cobo", "operator": null, "outlet_cms": null, "owner": "ALUMINIO ESPAÑOL S.A.", "owner_type": "Privado", "province": "Lugo", "reservoir_type": "Dam reservoir", "river": "RÍO COVO", "river_elev_masl": 31.0, "sheet": null, "spillway_cms": null, "start": 1980.0, "system": null, "timeline": "In operation", "use_elec": false, "use_fcon": false, "use_fish": true, "use_ind": false, "use_irri": false, "use_live": false, "use_mine": false, "use_navi": true, "use_othr": false, "use_pcon": true, "use_recr": true, "use_supp": true, "users": "-", "x_etrs89": "141959", "y_etrs89": "4845676", "years_annual": 27.0, "years_monthly": 28.0, "level": 0, "storage": 1, "outflow": 1, "inflow": 1, "years_daily": 26, "dod_m": 0.16275071633237823, "dor_d": 93.0 }, "geometry": { "type": "Point", "coordinates": [ -7.441613147872644, 43.677748333014506 ] } },
{ "type": "Feature", "properties": { "id": 1445, "active": 1, "administration": "Administración Autonómica", "area_skm": 1.6313701929449922, "basin": "GALICIA COSTA", "cap_mcm": 7.66, "catch_skm": 59.0, "category": null, "comment": null, "dam_elev_masl": 170.0, "dam_hgt_m": null, "dam_len_m": 181.7, "dam_type": "Gravity dam: vibrated concrete", "dis_avg_mcm": 0.0, "elev_masl": 167.5, "end": 2006.0, "estate": "Galicia", "id_basin": 1982.0, "id_gdw": null, "id_idr_dam": 3087.0, "id_idr_res": 939.0, "id_municipality": 15087.0, "id_saih": null, "id_sheet": 7.0, "lat_wgs84": 43.3657, "lon_wgs84": -8.0508, "main_use": "Water supply", "municipality": null, "mwl_elev_masl": null, "name": "Forcadas", "operator": null, "outlet_cms": null, "owner": "AYUNTAMIENTO DE EL FERROL", "owner_type": "Ayuntamientos y/o Diputaciones", "province": "Coruña, A", "reservoir_type": "Dam reservoir", "river": "REGO DAS FERRERÍAS", "river_elev_masl": 21.0, "sheet": null, "spillway_cms": null, "start": 1984.0, "system": null, "timeline": "In operation", "use_elec": false, "use_fcon": false, "use_fish": true, "use_ind": false, "use_irri": false, "use_live": false, "use_mine": false, "use_navi": true, "use_othr": false, "use_pcon": true, "use_recr": true, "use_supp": true, "users": "-", "x_etrs89": "89629", "y_etrs89": "4841771", "years_annual": 23.0, "years_monthly": 23.0, "level": 0, "storage": 1, "outflow": 1, "inflow": 1, "years_daily": 22, "dod_m": 0.12983050847457628, "dor_d": 87.0 }, "geometry": { "type": "Point", "coordinates": [ -8.085459013158541, 43.615701656167687 ] } },
{ "type": "Feature", "properties": { "id": 1454, "active": 1, "administration": "Administración Autonómica", "area_skm": 1.7733101682260455, "basin": "GALICIA COSTA", "cap_mcm": 32.8, "catch_skm": 122.0, "category": "A", "comment": null, "dam_elev_masl": 401.35, "dam_hgt_m": 54.0, "dam_len_m": 280.0, "dam_type": "Gravity dam: vibrated concrete", "dis_avg_mcm": 0.0, "elev_masl": 400.4, "end": 2006.0, "estate": "Galicia", "id_basin": 1262.0, "id_gdw": 5929.0, "id_idr_dam": 3094.0, "id_idr_res": 1904.0, "id_municipality": 15070.0, "id_saih": null, "id_sheet": 23.0, "lat_wgs84": 43.2733, "lon_wgs84": -7.4947, "main_use": "Water supply", "municipality": null, "mwl_elev_masl": null, "name": "Ribeira, La", "operator": "ALBERTO ALONSO PEREZ", "outlet_cms": null, "owner": "ENDESA GENERACION S.A.", "owner_type": "Privado", "province": "Coruña, A", "reservoir_type": "Dam reservoir", "river": "RÍO EUME", "river_elev_masl": 54.0, "sheet": null, "spillway_cms": null, "start": 1989.0, "system": null, "timeline": "In operation", "use_elec": false, "use_fcon": false, "use_fish": true, "use_ind": false, "use_irri": false, "use_live": false, "use_mine": false, "use_navi": true, "use_othr": false, "use_pcon": true, "use_recr": true, "use_supp": true, "users": "-", "x_etrs89": "109249", "y_etrs89": "4823154", "years_annual": 37.0, "years_monthly": 37.0, "level": 0, "storage": 1, "outflow": 1, "inflow": 1, "years_daily": 17, "dod_m": 0.26885245901639343, "dor_d": 76.0 }, "geometry": { "type": "Point", "coordinates": [ -7.829813276245411, 43.45921447952756 ] } },
{ "type": "Feature", "properties": { "id": 1456, "active": 1, "administration": "Administración Autonómica", "area_skm": 4.3037300130519984, "basin": "GALICIA COSTA", "cap_mcm": 123.0, "catch_skm": 500.0, "category": "A", "comment": null, "dam_elev_masl": 321.0, "dam_hgt_m": 103.0, "dam_len_m": 284.0, "dam_type": "Arch dam", "dis_avg_mcm": 613.0, "elev_masl": 318.0, "end": 2006.0, "estate": "Galicia", "id_basin": 1272.0, "id_gdw": 3923.0, "id_idr_dam": 3084.0, "id_idr_res": 903.0, "id_municipality": 15070.0, "id_saih": null, "id_sheet": 22.0, "lat_wgs84": 43.2426, "lon_wgs84": -8.0039, "main_use": "Water supply", "municipality": null, "mwl_elev_masl": 320.0, "name": "Eume", "operator": "JULIÁN ALBERTO ALONSO PÉREZ", "outlet_cms": null, "owner": "ENDESA GENERACION S.A.", "owner_type": "Privado", "province": "Coruña, A\nLugo", "reservoir_type": "Dam reservoir", "river": "RÍO EUME", "river_elev_masl": 103.0, "sheet": null, "spillway_cms": null, "start": 1990.0, "system": null, "timeline": "In operation", "use_elec": false, "use_fcon": false, "use_fish": true, "use_ind": false, "use_irri": false, "use_live": false, "use_mine": false, "use_navi": true, "use_othr": false, "use_pcon": true, "use_recr": true, "use_supp": true, "users": "-", "x_etrs89": "94245", "y_etrs89": "4818238", "years_annual": 47.0, "years_monthly": 48.0, "level": 0, "storage": 1, "outflow": 1, "inflow": 1, "years_daily": 16, "dod_m": 0.246, "dor_d": 75.0 }, "geometry": { "type": "Point", "coordinates": [ -8.010933917943053, 43.40714543688901 ] } },
{ "type": "Feature", "properties": { "id": 1507, "active": 1, "administration": "Administración Autonómica", "area_skm": 12.631970204776264, "basin": "GALICIA COSTA", "cap_mcm": 104.0, "catch_skm": 423.0, "category": null, "comment": null, "dam_elev_masl": 286.0, "dam_hgt_m": 32.0, "dam_len_m": 118.0, "dam_type": "Gravity dam: vibrated concrete", "dis_avg_mcm": 0.0, "elev_masl": 285.0, "end": 2006.0, "estate": "Galicia", "id_basin": 1302.0, "id_gdw": 1405.0, "id_idr_dam": 3083.0, "id_idr_res": 917.0, "id_municipality": 15034.0, "id_saih": null, "id_sheet": 93.0, "lat_wgs84": 42.5917, "lon_wgs84": -9.0039, "main_use": "Water supply", "municipality": null, "mwl_elev_masl": null, "name": "Fervenza", "operator": "PEDRO PUIG-PEY", "outlet_cms": null, "owner": "GAS NATURAL SDG S.A.", "owner_type": "Privado", "province": "Coruña, A", "reservoir_type": "Dam reservoir", "river": "RÍO XALLAS", "river_elev_masl": 32.0, "sheet": null, "spillway_cms": null, "start": 1980.0, "system": null, "timeline": "In operation", "use_elec": false, "use_fcon": false, "use_fish": true, "use_ind": false, "use_irri": false, "use_live": false, "use_mine": false, "use_navi": true, "use_othr": false, "use_pcon": true, "use_recr": true, "use_supp": true, "users": "-", "x_etrs89": "9905", "y_etrs89": "4777037", "years_annual": 37.0, "years_monthly": 37.0, "level": 0, "storage": 1, "outflow": 1, "inflow": 1, "years_daily": 26, "dod_m": 0.2458628841607565, "dor_d": 59.0 }, "geometry": { "type": "Point", "coordinates": [ -9.010865531363462, 42.98793255796113 ] } },
{ "type": "Feature", "properties": { "id": 1510, "active": 1, "administration": "Administración Autonómica", "area_skm": 1.571147014597162, "basin": "GALICIA COSTA", "cap_mcm": 18.3, "catch_skm": 52.0, "category": "A", "comment": "LOS DATOS DE SALIDAS DEL 10/2000 AL 01/2003 SON PROVISIONALES SUJETOS A REVISION                                        ", "dam_elev_masl": 284.5, "dam_hgt_m": 33.0, "dam_len_m": 497.7, "dam_type": "Embankment dam: concrete-face", "dis_avg_mcm": 26.0, "elev_masl": 279.0, "end": 2006.0, "estate": "Galicia", "id_basin": 1318.0, "id_gdw": 5944.0, "id_idr_dam": 3090.0, "id_idr_res": 2469.0, "id_municipality": 15084.0, "id_saih": null, "id_sheet": 70.0, "lat_wgs84": 43.054, "lon_wgs84": -8.2936, "main_use": "Water supply", "municipality": null, "mwl_elev_masl": 282.0, "name": "Villagudin", "operator": "FRANCISCO A. BUSTÍO GUTIÉRREZ", "outlet_cms": null, "owner": "GAS NATURAL SDG S.A.", "owner_type": "Privado", "province": "Coruña, A", "reservoir_type": "Dam reservoir", "river": "RÍO PARADELA", "river_elev_masl": 33.0, "sheet": null, "spillway_cms": null, "start": 1994.0, "system": null, "timeline": "In operation", "use_elec": false, "use_fcon": false, "use_fish": true, "use_ind": false, "use_irri": false, "use_live": false, "use_mine": false, "use_navi": true, "use_othr": false, "use_pcon": true, "use_recr": true, "use_supp": true, "users": "-", "x_etrs89": "52892", "y_etrs89": "4785980", "years_annual": 13.0, "years_monthly": 13.0, "level": 0, "storage": 1, "outflow": 1, "inflow": 1, "years_daily": 12, "dod_m": 0.35192307692307695, "dor_d": 79.0 }, "geometry": { "type": "Point", "coordinates": [ -8.493291608852067, 43.094538261523162 ] } },
{ "type": "Feature", "properties": { "id": 1528, "active": 1, "administration": "Administración Autonómica", "area_skm": 2.2120199800357945, "basin": "GALICIA COSTA", "cap_mcm": 31.5, "catch_skm": 1364.0, "category": "A", "comment": "LOS DATOS DE SALIDAS DEL 10/2000 AL 01/2003 SON PROVISIONALES SUJETOS A REVISION                                        ", "dam_elev_masl": 249.0, "dam_hgt_m": 48.0, "dam_len_m": 158.5, "dam_type": "Gravity dam: vibrated concrete", "dis_avg_mcm": 1531.0, "elev_masl": 248.0, "end": 2006.0, "estate": "Galicia", "id_basin": 1330.0, "id_gdw": 5954.0, "id_idr_dam": 3102.0, "id_idr_res": 284.0, "id_municipality": 15056.0, "id_saih": null, "id_sheet": 94.0, "lat_wgs84": 42.5154, "lon_wgs84": -8.4749, "main_use": "Water supply", "municipality": null, "mwl_elev_masl": 248.0, "name": "Barrie De La Maza", "operator": "FRANCISCO A. BUSTÍO GUTIÉRREZ", "outlet_cms": null, "owner": "GAS NATURAL SDG S.A.", "owner_type": "Privado", "province": "Coruña, A", "reservoir_type": "Dam reservoir", "river": "RÍO TAMBRE", "river_elev_masl": 48.0, "sheet": null, "spillway_cms": null, "start": 1980.0, "system": null, "timeline": "In operation", "use_elec": false, "use_fcon": false, "use_fish": true, "use_ind": false, "use_irri": false, "use_live": false, "use_mine": false, "use_navi": true, "use_othr": false, "use_pcon": true, "use_recr": true, "use_supp": true, "users": "-", "x_etrs89": "26402", "y_etrs89": "4762153", "years_annual": 49.0, "years_monthly": 49.0, "level": 0, "storage": 1, "outflow": 1, "inflow": 1, "years_daily": 26, "dod_m": 0.023093841642228739, "dor_d": 8.0 }, "geometry": { "type": "Point", "coordinates": [ -8.797006836570525, 42.865018696228972 ] } },
{ "type": "Feature", "properties": { "id": 1546, "active": 1, "administration": "Administración Autonómica", "area_skm": 10.383163286388784, "basin": "GALICIA COSTA", "cap_mcm": 297.0, "catch_skm": 1190.0, "category": "A", "comment": "SE HAN MODIFICADO LOS CAUDALES DESDE 1992/93 A 1994/1995                                                                ", "dam_elev_masl": 257.0, "dam_hgt_m": 93.0, "dam_len_m": 469.0, "dam_type": "Embankment dam: zonified", "dis_avg_mcm": 1100.0, "elev_masl": 252.0, "end": 2006.0, "estate": "Galicia", "id_basin": 1344.0, "id_gdw": 3962.0, "id_idr_dam": 3096.0, "id_idr_res": 1773.0, "id_municipality": 15006.0, "id_saih": null, "id_sheet": 95.0, "lat_wgs84": 42.5123, "lon_wgs84": -8.1125, "main_use": "Water supply", "municipality": null, "mwl_elev_masl": 252.8, "name": "Portodemouros", "operator": "FRANCISCO A. BUSTÍO GUTIÉRREZ", "outlet_cms": null, "owner": "GAS NATURAL SDG S.A.", "owner_type": "Privado", "province": "Coruña, A\nPontevedra", "reservoir_type": "Dam reservoir", "river": "RÍO ULLA", "river_elev_masl": 91.0, "sheet": null, "spillway_cms": null, "start": 1980.0, "system": null, "timeline": "In operation", "use_elec": false, "use_fcon": false, "use_fish": true, "use_ind": false, "use_irri": false, "use_live": false, "use_mine": false, "use_navi": true, "use_othr": false, "use_pcon": true, "use_recr": true, "use_supp": true, "users": "-", "x_etrs89": "75930", "y_etrs89": "4757964", "years_annual": 37.0, "years_monthly": 37.0, "level": 0, "storage": 1, "outflow": 1, "inflow": 1, "years_daily": 26, "dod_m": 0.24957983193277311, "dor_d": 128.0 }, "geometry": { "type": "Point", "coordinates": [ -8.190181723932609, 42.856514300649486 ] } },
{ "type": "Feature", "properties": { "id": 1627, "active": 1, "administration": "C.H. MIÑO-SIL", "area_skm": 17.300231636391796, "basin": "MIÑO-SIL", "cap_mcm": 654.1, "catch_skm": 4290.0, "category": "A", "comment": "LOS DATOS DESDE 1962 EN ADELANTE ESTAN EN PROCESO DE REVISION                                                           ", "dam_elev_masl": 332.0, "dam_hgt_m": 129.0, "dam_len_m": 500.0, "dam_type": "Arch dam", "dis_avg_mcm": 0.0, "elev_masl": 330.0, "end": 2021.0, "estate": "Galicia", "id_basin": 1408.0, "id_gdw": 1422.0, "id_idr_dam": 65.0, "id_idr_res": 312.0, "id_municipality": 27016.0, "id_saih": "E001", "id_sheet": 155.0, "lat_wgs84": 42.3743, "lon_wgs84": -7.4245, "main_use": "Water supply", "municipality": "Chantada", "mwl_elev_masl": 330.0, "name": "Belesar", "operator": "DAVID ALEJANDRO PÉREZ RODRÍGUEZ", "outlet_cms": 160.0, "owner": "PARTICULAR", "owner_type": "Privado", "province": "Lugo", "reservoir_type": "Dam reservoir", "river": "Miño", "river_elev_masl": 132.0, "sheet": "CHANTADA (155)", "spillway_cms": null, "start": 1980.0, "system": "MIÑO ALTO", "timeline": "In operation", "use_elec": true, "use_fcon": true, "use_fish": true, "use_ind": false, "use_irri": false, "use_live": true, "use_mine": false, "use_navi": true, "use_othr": false, "use_pcon": true, "use_recr": true, "use_supp": true, "users": "UNION FENOSA : C. H. BELESAR\n-\n-\n-", "x_etrs89": "113548", "y_etrs89": "4730358", "years_annual": 59.0, "years_monthly": 60.0, "level": 0, "storage": 1, "outflow": 1, "inflow": 1, "years_daily": 41, "dod_m": 0.15247086247086247, "dor_d": 88.0 }, "geometry": { "type": "Point", "coordinates": [ -7.712531652087312, 42.628683148332591 ] } },
{ "type": "Feature", "properties": { "id": 1629, "active": 1, "administration": "C.H. MIÑO-SIL", "area_skm": 4.6661817673077657, "basin": "MIÑO-SIL", "cap_mcm": 182.0, "catch_skm": 4533.0, "category": "A", "comment": "RESERVA MODIFICADA DESDE 1955 (REFERENCIA RESPECTO VOLUMEN TOTAL). SALIDAS DEL 10/2000 AL 01/2003 PROVISIONALES         ", "dam_elev_masl": 196.5, "dam_hgt_m": 94.0, "dam_len_m": 261.0, "dam_type": "Gravity dam: vibrated concrete", "dis_avg_mcm": 3160.0, "elev_masl": 194.2, "end": 2021.0, "estate": "Galicia", "id_basin": 1410.0, "id_gdw": 3995.0, "id_idr_dam": 63.0, "id_idr_res": 1640.0, "id_municipality": 27041.0, "id_saih": "E002", "id_sheet": 188.0, "lat_wgs84": 42.2754, "lon_wgs84": -7.4327, "main_use": "Water supply", "municipality": "Pantón", "mwl_elev_masl": 194.2, "name": "Peares, Los", "operator": "DAVID ALEJANDRO PÉREZ RODRÍGUEZ", "outlet_cms": 100.0, "owner": "PARTICULAR", "owner_type": "Privado", "province": "Lugo", "reservoir_type": "Dam reservoir", "river": "Miño", "river_elev_masl": 94.0, "sheet": "NOGUEIRA DE RAMUÍN (188)", "spillway_cms": 4917.0, "start": 1980.0, "system": "MIÑO ALTO", "timeline": "In operation", "use_elec": false, "use_fcon": false, "use_fish": true, "use_ind": false, "use_irri": false, "use_live": false, "use_mine": false, "use_navi": true, "use_othr": false, "use_pcon": true, "use_recr": true, "use_supp": true, "users": "UNION FENOSA. C. H. LOS PEARES.", "x_etrs89": "111584", "y_etrs89": "4712244", "years_annual": 64.0, "years_monthly": 67.0, "level": 0, "storage": 1, "outflow": 1, "inflow": 1, "years_daily": 41, "dod_m": 0.04015001103022281, "dor_d": 24.0 }, "geometry": { "type": "Point", "coordinates": [ -7.724099733222869, 42.465122097224153 ] } },
{ "type": "Feature", "properties": { "id": 1631, "active": 1, "administration": "C.H. MIÑO-SIL", "area_skm": 2.5699551157081753, "basin": "MIÑO-SIL", "cap_mcm": 17.0, "catch_skm": 12530.0, "category": "A", "comment": "LOS DATOS DE SALIDAS DEL 10/2000 AL 01/2003 SUJETOS A REVISION. DATOS RESERVA MODIFICADOS DESDE 08/1982 AL 09/2008      ", "dam_elev_masl": 110.4, "dam_hgt_m": 27.0, "dam_len_m": 195.0, "dam_type": "Gravity dam: vibrated concrete", "dis_avg_mcm": 8195.0, "elev_masl": 108.4, "end": 2021.0, "estate": "Galicia", "id_basin": 1467.0, "id_gdw": 4003.0, "id_idr_dam": 122.0, "id_idr_res": 2449.0, "id_municipality": 32054.0, "id_saih": "E030", "id_sheet": 188.0, "lat_wgs84": 42.2129, "lon_wgs84": -7.5105, "main_use": "Water supply", "municipality": "Orense", "mwl_elev_masl": 108.4, "name": "Velle", "operator": "DAVID ALEJANDRO PÉREZ RODRÍGUEZ", "outlet_cms": null, "owner": "PARTICULAR", "owner_type": "Privado", "province": "Orense", "reservoir_type": "Dam reservoir", "river": "Miño", "river_elev_masl": 27.0, "sheet": "NOGUEIRA DE RAMUÍN (188)", "spillway_cms": 9393.0, "start": 1980.0, "system": "BAJO MIÑO", "timeline": "In operation", "use_elec": false, "use_fcon": true, "use_fish": true, "use_ind": false, "use_irri": false, "use_live": false, "use_mine": false, "use_navi": true, "use_othr": false, "use_pcon": true, "use_recr": true, "use_supp": true, "users": "UNION FENOSA: C.H. VELLE\n-", "x_etrs89": "100423", "y_etrs89": "4700937", "years_annual": 52.0, "years_monthly": 52.0, "level": 0, "storage": 1, "outflow": 1, "inflow": 1, "years_daily": 41, "dod_m": 0.0013567438148443735, "dor_d": 1.0 }, "geometry": { "type": "Point", "coordinates": [ -7.851533249748814, 42.357988615593868 ] } },
{ "type": "Feature", "properties": { "id": 1634, "active": 1, "administration": "C.H. MIÑO-SIL", "area_skm": 8.5398576254962268, "basin": "MIÑO-SIL", "cap_mcm": 60.0, "catch_skm": 13180.0, "category": "C", "comment": "LOS DATOS DE SALIDAS DEL 10/2000 AL 01/2003 SUJETOS A REVISION. DATOS RESERVA MODIFICADOS DESDE 08/1982 AL 09/2008      ", "dam_elev_masl": 229.34, "dam_hgt_m": 29.0, "dam_len_m": 75.5, "dam_type": "Gravity dam: vibrated concrete", "dis_avg_mcm": 8610.0, "elev_masl": 88.0, "end": 2021.0, "estate": "Galicia", "id_basin": 1473.0, "id_gdw": 4010.0, "id_idr_dam": 3081.0, "id_idr_res": 592.0, "id_municipality": 32069.0, "id_saih": "E031", "id_sheet": 225.0, "lat_wgs84": 42.1733, "lon_wgs84": -8.0659, "main_use": "Water supply", "municipality": "Ribadavia", "mwl_elev_masl": 88.0, "name": "Castrelo", "operator": "DAVID ALEJANDRO PÉREZ RODRÍGUEZ", "outlet_cms": null, "owner": "PARTICULAR", "owner_type": "Privado", "province": "Orense", "reservoir_type": "Dam reservoir", "river": "Miño", "river_elev_masl": 19.0, "sheet": "RIBADAVIA (225)", "spillway_cms": null, "start": 1980.0, "system": "BAJO MIÑO", "timeline": "In operation", "use_elec": false, "use_fcon": true, "use_fish": true, "use_ind": false, "use_irri": false, "use_live": false, "use_mine": false, "use_navi": true, "use_othr": false, "use_pcon": true, "use_recr": true, "use_supp": true, "users": "-", "x_etrs89": "78160", "y_etrs89": "4694948", "years_annual": 52.0, "years_monthly": 52.0, "level": 0, "storage": 1, "outflow": 1, "inflow": 1, "years_daily": 41, "dod_m": 0.004552352048558422, "dor_d": 3.0 }, "geometry": { "type": "Point", "coordinates": [ -8.116457454502363, 42.292525935603273 ] } },
{ "type": "Feature", "properties": { "id": 1637, "active": 1, "administration": "C.H. MIÑO-SIL", "area_skm": 2.5202800625012607, "basin": "MIÑO-SIL", "cap_mcm": 91.0, "catch_skm": 214.0, "category": "A", "comment": "LOS DATOS DE SALIDAS DEL 10/2000 AL 01/2003 SON PROVISIONALES SUJETOS A REVISION                                        ", "dam_elev_masl": 267.0, "dam_hgt_m": 90.0, "dam_len_m": 285.0, "dam_type": "Arch dam", "dis_avg_mcm": 410.0, "elev_masl": 265.0, "end": 2021.0, "estate": "Galicia", "id_basin": 1476.0, "id_gdw": 5978.0, "id_idr_dam": 124.0, "id_idr_res": 58.0, "id_municipality": 32040.0, "id_saih": "E032", "id_sheet": 186.0, "lat_wgs84": 42.2359, "lon_wgs84": -8.1131, "main_use": "Water supply", "municipality": "Leiro", "mwl_elev_masl": null, "name": "Albarellos", "operator": "MANUEL MENENDEZ PRIETO", "outlet_cms": 1896.0, "owner": "PARTICULAR", "owner_type": "Privado", "province": "Orense", "reservoir_type": "Dam reservoir", "river": "Avia", "river_elev_masl": 90.0, "sheet": "PONTE-CALDELAS (186)", "spillway_cms": 957.0, "start": 1980.0, "system": "BAJO MIÑO", "timeline": "In operation", "use_elec": false, "use_fcon": true, "use_fish": true, "use_ind": false, "use_irri": false, "use_live": false, "use_mine": false, "use_navi": true, "use_othr": false, "use_pcon": true, "use_recr": true, "use_supp": true, "users": "UNION FENOSA: C.H. ALBARELLOS\n-", "x_etrs89": "72656", "y_etrs89": "4707221", "years_annual": 49.0, "years_monthly": 50.0, "level": 0, "storage": 1, "outflow": 1, "inflow": 1, "years_daily": 41, "dod_m": 0.42523364485981308, "dor_d": 85.0 }, "geometry": { "type": "Point", "coordinates": [ -8.192026318784313, 42.399610507384992 ] } },
{ "type": "Feature", "properties": { "id": 1641, "active": 1, "administration": "C.H. MIÑO-SIL", "area_skm": 4.3628203082313544, "basin": "MIÑO-SIL", "cap_mcm": 44.4, "catch_skm": 15130.0, "category": "A", "comment": "LOS DATOS DE SALIDAS DEL 10/2000 AL 01/2003 SUJETOS A REVISION. DATOS RESERVA MODIFICADOS DESDE 08/1982 AL 09/2008      ", "dam_elev_masl": null, "dam_hgt_m": 33.0, "dam_len_m": null, "dam_type": "Gravity dam: vibrated concrete", "dis_avg_mcm": null, "elev_masl": 67.0, "end": 2021.0, "estate": "Galicia", "id_basin": 1491.0, "id_gdw": 4026.0, "id_idr_dam": 168.0, "id_idr_res": 956.0, "id_municipality": 36014.0, "id_saih": "E033", "id_sheet": 262.0, "lat_wgs84": 42.0921, "lon_wgs84": -8.1134, "main_use": "Water supply", "municipality": "Crecente", "mwl_elev_masl": 67.0, "name": "Frieira", "operator": "DAVID ALEJANDRO PÉREZ RODRÍGUEZ", "outlet_cms": null, "owner": "PARTICULAR", "owner_type": "Privado", "province": "Pontevedra", "reservoir_type": "Dam reservoir", "river": "Miño", "river_elev_masl": null, "sheet": "SALVATERRA DE MIÑO (262)", "spillway_cms": 13526.0, "start": 1980.0, "system": "BAJO MIÑO", "timeline": "In operation", "use_elec": false, "use_fcon": true, "use_fish": true, "use_ind": false, "use_irri": false, "use_live": false, "use_mine": false, "use_navi": true, "use_othr": false, "use_pcon": true, "use_recr": true, "use_supp": true, "users": "UNION FENOSA: C.H. FRIERA\n-", "x_etrs89": "70935", "y_etrs89": "4680152", "years_annual": 52.0, "years_monthly": 52.0, "level": 0, "storage": 1, "outflow": 1, "inflow": 1, "years_daily": 41, "dod_m": 0.0029345670852610707, "dor_d": 2.0 }, "geometry": { "type": "Point", "coordinates": [ -8.19282539844121, 42.155879635345826 ] } },
{ "type": "Feature", "properties": { "id": 1704, "active": 1, "administration": "C.H. MIÑO-SIL", "area_skm": 1.5309912145558331, "basin": "MIÑO-SIL", "cap_mcm": 93.0, "catch_skm": 354.8, "category": "A", "comment": null, "dam_elev_masl": 961.0, "dam_hgt_m": null, "dam_len_m": 171.0, "dam_type": "Gravity dam: vibrated concrete", "dis_avg_mcm": 427.9, "elev_masl": 959.5, "end": 2021.0, "estate": "Castilla y León", "id_basin": 1414.0, "id_gdw": 15991.0, "id_idr_dam": 50.0, "id_idr_res": 1953.0, "id_municipality": 24116.0, "id_saih": "E003-E005", "id_sheet": 101.0, "lat_wgs84": 42.5425, "lon_wgs84": -6.21, "main_use": "Water supply", "municipality": "Posada de Valdeón", "mwl_elev_masl": null, "name": "Rozas, Las - Matalavilla", "operator": "JULIÁN ALBERTO ALONSO PÉREZ", "outlet_cms": 64.8, "owner": "PARTICULAR", "owner_type": "Privado", "province": "León", "reservoir_type": "Dam reservoir", "river": "Sil", "river_elev_masl": 71.0, "sheet": "VILLABLINO (101)", "spillway_cms": 1400.0, "start": 1980.0, "system": "SIL SUPERIOR", "timeline": "In operation", "use_elec": false, "use_fcon": true, "use_fish": true, "use_ind": false, "use_irri": false, "use_live": false, "use_mine": false, "use_navi": true, "use_othr": false, "use_pcon": true, "use_recr": true, "use_supp": true, "users": "-\n-", "x_etrs89": "226517", "y_etrs89": "4755932", "years_annual": 50.0, "years_monthly": 51.0, "level": 0, "storage": 1, "outflow": 1, "inflow": 1, "years_daily": 41, "dod_m": 0.26211950394588501, "dor_d": 48.0 }, "geometry": { "type": "Point", "coordinates": [ -6.350084478223056, 42.906982969108739 ] } },
{ "type": "Feature", "properties": { "id": 1709, "active": 1, "administration": "C.H. MIÑO-SIL", "area_skm": 9.7034002605237273, "basin": "MIÑO-SIL", "cap_mcm": 341.0, "catch_skm": 832.0, "category": "A", "comment": "LOS DATOS DE 2008-09 ESTAN PENDIENTES DE REVISION                                                                       ", "dam_elev_masl": 625.0, "dam_hgt_m": 109.0, "dam_len_m": 166.0, "dam_type": "Gravity dam: vibrated concrete", "dis_avg_mcm": 727549.0, "elev_masl": 620.0, "end": 2021.0, "estate": "Castilla y León", "id_basin": 1414.0, "id_gdw": 3985.0, "id_idr_dam": 44.0, "id_idr_res": 260.0, "id_municipality": 24115.0, "id_saih": "E007", "id_sheet": 158.0, "lat_wgs84": 42.3439, "lon_wgs84": -6.3337, "main_use": "Water supply", "municipality": "Ponferrada", "mwl_elev_masl": 620.0, "name": "Barcena", "operator": "NEFTALI ALMARZA FERNÁNDEZ", "outlet_cms": 713.7, "owner": "ESTADO", "owner_type": "Estado\nEstado", "province": "León", "reservoir_type": "Dam reservoir", "river": "Sil", "river_elev_masl": 109.0, "sheet": "PONFERRADA (158)", "spillway_cms": null, "start": 1980.0, "system": "SIL SUPERIOR", "timeline": "In operation", "use_elec": true, "use_fcon": true, "use_fish": true, "use_ind": false, "use_irri": false, "use_live": true, "use_mine": false, "use_navi": true, "use_othr": false, "use_pcon": true, "use_recr": true, "use_supp": true, "users": "ENDESA GENERACIÓN SA\nENDESA GENERACIÓN, REFRIGERACIÓN DE LA CENTRAL TERMICA COMPÒSTILLA  II\nMANCOMUNIDAD DE MUNICIPIOS DEL AG", "x_etrs89": "207814", "y_etrs89": "4720049", "years_annual": 61.0, "years_monthly": 61.0, "level": 0, "storage": 1, "outflow": 1, "inflow": 1, "years_daily": 41, "dod_m": 0.40985576923076922, "dor_d": 151.0 }, "geometry": { "type": "Point", "coordinates": [ -6.560244902513535, 42.577537942466087 ] } },
{ "type": "Feature", "properties": { "id": 1710, "active": 1, "administration": "C.H. MIÑO-SIL", "area_skm": 0.23317969175206604, "basin": "MIÑO-SIL", "cap_mcm": 3.0, "catch_skm": 838.0, "category": "A", "comment": "LOS DATOS DE 2008-09 Y 2013-14 ESTAN PENDIENTES DE REVISION                                                             ", "dam_elev_masl": 545.0, "dam_hgt_m": null, "dam_len_m": 40.0, "dam_type": "Gravity dam: vibrated concrete", "dis_avg_mcm": 727549.0, "elev_masl": 536.1, "end": 2021.0, "estate": "Castilla y León", "id_basin": 1414.0, "id_gdw": null, "id_idr_dam": 54.0, "id_idr_res": 963.0, "id_municipality": 24115.0, "id_saih": "E008", "id_sheet": 158.0, "lat_wgs84": 42.3343, "lon_wgs84": -6.3458, "main_use": "Water supply", "municipality": "Ponferrada", "mwl_elev_masl": 538.9, "name": "Fuente Del Azufre", "operator": "NEFTALI ALMARZA FERNÁNDEZ", "outlet_cms": null, "owner": "ESTADO", "owner_type": "Estado\nEstado", "province": "León", "reservoir_type": "Dam reservoir", "river": "Sil", "river_elev_masl": 50.55, "sheet": "PONFERRADA (158)", "spillway_cms": null, "start": 1980.0, "system": "SIL SUPERIOR", "timeline": "In operation", "use_elec": false, "use_fcon": true, "use_fish": true, "use_ind": false, "use_irri": false, "use_live": true, "use_mine": false, "use_navi": true, "use_othr": false, "use_pcon": true, "use_recr": true, "use_supp": true, "users": "CANAL DE CORNATEL. ENDESA GENERACIÓN\nREGADÍOS DEL BIERZO\nCOMUNIDAD DE REGANTES DEL CANAL BAJO DEL BIERZO", "x_etrs89": "205891", "y_etrs89": "4718402", "years_annual": 60.0, "years_monthly": 60.0, "level": 0, "storage": 1, "outflow": 1, "inflow": 1, "years_daily": 41, "dod_m": 0.0035799522673031028, "dor_d": 1.0 }, "geometry": { "type": "Point", "coordinates": [ -6.582783520445795, 42.562004493750969 ] } },
{ "type": "Feature", "properties": { "id": 1711, "active": 1, "administration": "C.H. MIÑO-SIL", "area_skm": 0.96703370775978159, "basin": "MIÑO-SIL", "cap_mcm": 14.0, "catch_skm": 10.07, "category": "A", "comment": "LOS DATOS DE 2008-09 A 2010-11 Y 2013-14 ESTAN PENDIENTES DE REVISION                                                   ", "dam_elev_masl": 528.35, "dam_hgt_m": null, "dam_len_m": 175.0, "dam_type": "Gravity dam: vibrated concrete", "dis_avg_mcm": 454.11, "elev_masl": 525.8, "end": 2021.0, "estate": "Castilla y León", "id_basin": 1976.0, "id_gdw": 16030.0, "id_idr_dam": 51.0, "id_idr_res": 449.0, "id_municipality": 24041.0, "id_saih": "E350", "id_sheet": 191.0, "lat_wgs84": 42.2953, "lon_wgs84": -6.4611, "main_use": "Water supply", "municipality": "Carucedo", "mwl_elev_masl": null, "name": "Campañana", "operator": "JULIÁN ALBERTO ALONSO PÉREZ", "outlet_cms": 9.6, "owner": "PARTICULAR", "owner_type": "Privado", "province": "León", "reservoir_type": "Dam reservoir", "river": "Campañana", "river_elev_masl": 50.0, "sheet": "SILVÁN (191)", "spillway_cms": null, "start": 1980.0, "system": "SIL SUPERIOR", "timeline": "In operation", "use_elec": false, "use_fcon": false, "use_fish": true, "use_ind": false, "use_irri": false, "use_live": false, "use_mine": false, "use_navi": true, "use_othr": false, "use_pcon": true, "use_recr": true, "use_supp": true, "users": "Nº 001", "x_etrs89": "190226", "y_etrs89": "4711981", "years_annual": 53.0, "years_monthly": 53.0, "level": 0, "storage": 1, "outflow": 1, "inflow": 1, "years_daily": 41, "dod_m": 1.3902681231380338, "dor_d": 7.0 }, "geometry": { "type": "Point", "coordinates": [ -6.76974333784888, 42.498182590506772 ] } },
{ "type": "Feature", "properties": { "id": 1712, "active": 1, "administration": "C.H. MIÑO-SIL", "area_skm": 1.1955554815894407, "basin": "MIÑO-SIL", "cap_mcm": 13.0, "catch_skm": 3378.0, "category": "A", "comment": null, "dam_elev_masl": 397.42, "dam_hgt_m": null, "dam_len_m": 167.0, "dam_type": "Gravity dam: vibrated concrete", "dis_avg_mcm": 2650.0, "elev_masl": 394.4, "end": 2021.0, "estate": "Galicia", "id_basin": 1432.0, "id_gdw": 16031.0, "id_idr_dam": 96.0, "id_idr_res": 1674.0, "id_municipality": 32073.0, "id_saih": "E011", "id_sheet": 191.0, "lat_wgs84": 42.2723, "lon_wgs84": -6.4909, "main_use": "Water supply", "municipality": "Rubiá", "mwl_elev_masl": 394.9, "name": "Peñarrubia", "operator": "JULIÁN ALBERTO ALONSO PÉREZ", "outlet_cms": null, "owner": "PARTICULAR", "owner_type": "Privado", "province": "Orense", "reservoir_type": "Dam reservoir", "river": "Sil", "river_elev_masl": 35.8, "sheet": "SILVÁN (191)", "spillway_cms": 3713.0, "start": 1980.0, "system": "SIL SUPERIOR", "timeline": "In operation", "use_elec": false, "use_fcon": false, "use_fish": true, "use_ind": false, "use_irri": false, "use_live": false, "use_mine": false, "use_navi": true, "use_othr": false, "use_pcon": true, "use_recr": true, "use_supp": true, "users": "-", "x_etrs89": "185953", "y_etrs89": "4707539", "years_annual": 53.0, "years_monthly": 53.0, "level": 0, "storage": 1, "outflow": 1, "inflow": 1, "years_daily": 41, "dod_m": 0.0038484310242747188, "dor_d": 2.0 }, "geometry": { "type": "Point", "coordinates": [ -6.819199684833784, 42.456546416261382 ] } },
{ "type": "Feature", "properties": { "id": 1713, "active": 1, "administration": "C.H. MIÑO-SIL", "area_skm": 0.51282393952028904, "basin": "MIÑO-SIL", "cap_mcm": 2.0, "catch_skm": 4343.2, "category": "C", "comment": null, "dam_elev_masl": 306.0, "dam_hgt_m": null, "dam_len_m": 147.0, "dam_type": "Gravity dam: vibrated concrete", "dis_avg_mcm": 2700.0, "elev_masl": 303.0, "end": 2021.0, "estate": "Galicia", "id_basin": 1436.0, "id_gdw": 35812.0, "id_idr_dam": 117.0, "id_idr_res": 2093.0, "id_municipality": 32088.0, "id_saih": "E570", "id_sheet": 190.0, "lat_wgs84": 42.2414, "lon_wgs84": -7.0442, "main_use": "Water supply", "municipality": "Vilamartín de Valdeorras", "mwl_elev_masl": 303.0, "name": "Santiago", "operator": "EDUARDO ROJO MARTÍNEZ\nALBERTO VAQUERO MATEOS", "outlet_cms": 8.0, "owner": "PARTICULAR", "owner_type": "Privado", "province": "Orense", "reservoir_type": "Dam reservoir", "river": "Sil", "river_elev_masl": 20.5, "sheet": "BARCO DE VALDEORRAS (190)", "spillway_cms": null, "start": 1980.0, "system": "SIL INFERIOR", "timeline": "In operation", "use_elec": false, "use_fcon": false, "use_fish": true, "use_ind": false, "use_irri": false, "use_live": false, "use_mine": false, "use_navi": true, "use_othr": false, "use_pcon": true, "use_recr": true, "use_supp": true, "users": "IBERDROLA", "x_etrs89": "164363", "y_etrs89": "4702676", "years_annual": 53.0, "years_monthly": 53.0, "level": 0, "storage": 1, "outflow": 1, "inflow": 1, "years_daily": 41, "dod_m": 0.00046048996131884328, "dor_d": 0.0 }, "geometry": { "type": "Point", "coordinates": [ -7.078297058298494, 42.403820376376999 ] } },
{ "type": "Feature", "properties": { "id": 1716, "active": 1, "administration": "C.H. MIÑO-SIL", "area_skm": 0.81720226938553453, "basin": "MIÑO-SIL", "cap_mcm": 4.0, "catch_skm": 3992.0, "category": "A", "comment": null, "dam_elev_masl": 361.5, "dam_hgt_m": null, "dam_len_m": 210.0, "dam_type": "Gravity dam: vibrated concrete", "dis_avg_mcm": 2506.0, "elev_masl": 359.0, "end": 2021.0, "estate": "Galicia", "id_basin": 1434.0, "id_gdw": 16039.0, "id_idr_dam": 126.0, "id_idr_res": 1817.0, "id_municipality": 32018.0, "id_saih": "E571", "id_sheet": 190.0, "lat_wgs84": 42.2411, "lon_wgs84": -6.5135, "main_use": "Water supply", "municipality": "Carballeda de Avia", "mwl_elev_masl": 359.0, "name": "Pumares", "operator": "EDUARDO ROJO MARTÍNEZ\nALBERTO VAQUERO MATEOS", "outlet_cms": 157.0, "owner": "PARTICULAR", "owner_type": "Privado", "province": "Orense", "reservoir_type": "Dam reservoir", "river": "Sil", "river_elev_masl": 20.0, "sheet": "BARCO DE VALDEORRAS (190)", "spillway_cms": null, "start": 1980.0, "system": "SIL INFERIOR", "timeline": "In operation", "use_elec": false, "use_fcon": false, "use_fish": true, "use_ind": false, "use_irri": false, "use_live": false, "use_mine": false, "use_navi": true, "use_othr": false, "use_pcon": true, "use_recr": true, "use_supp": true, "users": "IBERDROLA", "x_etrs89": "182350", "y_etrs89": "4701757", "years_annual": 51.0, "years_monthly": 51.0, "level": 0, "storage": 1, "outflow": 1, "inflow": 1, "years_daily": 41, "dod_m": 0.001002004008016032, "dor_d": 1.0 }, "geometry": { "type": "Point", "coordinates": [ -6.859726818549317, 42.403124924345228 ] } },
{ "type": "Feature", "properties": { "id": 1718, "active": 1, "administration": "C.H. MIÑO-SIL", "area_skm": 0.089001560820027553, "basin": "MIÑO-SIL", "cap_mcm": 2.0, "catch_skm": 823.3, "category": "A", "comment": "LOS DATOS DE 2008-09 ESTAN PENDIENTES DE REVISION                                                                       ", "dam_elev_masl": 552.0, "dam_hgt_m": null, "dam_len_m": 79.0, "dam_type": "Gravity dam: vibrated concrete", "dis_avg_mcm": 454.0, "elev_masl": 549.0, "end": 2021.0, "estate": "Castilla y León", "id_basin": 1419.0, "id_gdw": null, "id_idr_dam": 58.0, "id_idr_res": 1451.0, "id_municipality": 24115.0, "id_saih": "E009", "id_sheet": 158.0, "lat_wgs84": 42.3318, "lon_wgs84": -6.3303, "main_use": "Water supply", "municipality": "Ponferrada", "mwl_elev_masl": 549.9, "name": "Montearenas", "operator": "JULIÁN ALBERTO ALONSO PÉREZ", "outlet_cms": 22.0, "owner": "PARTICULAR", "owner_type": "Privado", "province": "León", "reservoir_type": "Dam reservoir", "river": "Boeza", "river_elev_masl": 37.0, "sheet": "PONFERRADA (158)", "spillway_cms": null, "start": 1980.0, "system": "SIL SUPERIOR", "timeline": "In operation", "use_elec": false, "use_fcon": true, "use_fish": true, "use_ind": false, "use_irri": false, "use_live": false, "use_mine": false, "use_navi": true, "use_othr": false, "use_pcon": true, "use_recr": true, "use_supp": true, "users": null, "x_etrs89": "208476", "y_etrs89": "4717507", "years_annual": 53.0, "years_monthly": 53.0, "level": 0, "storage": 1, "outflow": 1, "inflow": 1, "years_daily": 41, "dod_m": 0.0024292481476982874, "dor_d": 3.0 }, "geometry": { "type": "Point", "coordinates": [ -6.550895874781875, 42.554939517838676 ] } },
{ "type": "Feature", "properties": { "id": 1740, "active": 1, "administration": "C.H. MIÑO-SIL", "area_skm": 1.6779387670510308, "basin": "MIÑO-SIL", "cap_mcm": 10.0, "catch_skm": 4740.0, "category": "A", "comment": null, "dam_elev_masl": 291.5, "dam_hgt_m": null, "dam_len_m": 125.0, "dam_type": "Gravity dam: vibrated concrete", "dis_avg_mcm": 2707.0, "elev_masl": 290.0, "end": 2021.0, "estate": "Galicia", "id_basin": 1436.0, "id_gdw": 16040.0, "id_idr_dam": 68.0, "id_idr_res": 2028.0, "id_municipality": 27050.0, "id_saih": "E013", "id_sheet": 190.0, "lat_wgs84": 42.2326, "lon_wgs84": -7.1023, "main_use": "Water supply", "municipality": "Quiroga", "mwl_elev_masl": null, "name": "San Martin", "operator": "ALBERTO VAQUERO MATEOS", "outlet_cms": 11.8, "owner": "PARTICULAR", "owner_type": "Privado", "province": "Lugo", "reservoir_type": "Dam reservoir", "river": "Sil", "river_elev_masl": 19.7, "sheet": "BARCO DE VALDEORRAS (190)", "spillway_cms": null, "start": 1980.0, "system": "SIL INFERIOR", "timeline": null, "use_elec": false, "use_fcon": false, "use_fish": true, "use_ind": false, "use_irri": false, "use_live": false, "use_mine": false, "use_navi": true, "use_othr": false, "use_pcon": true, "use_recr": true, "use_supp": true, "users": "IBERDROLA", "x_etrs89": "156478", "y_etrs89": "4701569", "years_annual": 64.0, "years_monthly": 64.0, "level": 0, "storage": 1, "outflow": 1, "inflow": 1, "years_daily": 41, "dod_m": 0.0021097046413502108, "dor_d": 1.0 }, "geometry": { "type": "Point", "coordinates": [ -7.173202993783854, 42.390431698525092 ] } },
{ "type": "Feature", "properties": { "id": 1741, "active": 1, "administration": "C.H. MIÑO-SIL", "area_skm": 1.6963434964111948, "basin": "MIÑO-SIL", "cap_mcm": 46.0, "catch_skm": 111.0, "category": "A", "comment": "LOS DATOS DE 2008-09 Y 2009-10 ESTAN PENDIENTES DE REVISION                                                             ", "dam_elev_masl": null, "dam_hgt_m": 60.0, "dam_len_m": null, "dam_type": "Buttress dam", "dis_avg_mcm": null, "elev_masl": 1198.0, "end": 2021.0, "estate": "Galicia", "id_basin": 1437.0, "id_gdw": 4028.0, "id_idr_dam": 206.0, "id_idr_res": 2051.0, "id_municipality": 49162.0, "id_saih": "E014", "id_sheet": 266.0, "lat_wgs84": 42.0843, "lon_wgs84": -6.565, "main_use": "Water supply", "municipality": "Porto", "mwl_elev_masl": null, "name": "San Sebastian", "operator": "JULIÁN ALBERTO ALONSO PÉREZ", "outlet_cms": 29.2, "owner": "PARTICULAR", "owner_type": "Privado", "province": "Zamora", "reservoir_type": "Dam reservoir", "river": "Bibey", "river_elev_masl": null, "sheet": "GUDIÑA (266)", "spillway_cms": null, "start": 1980.0, "system": "SIL INFERIOR", "timeline": "In operation", "use_elec": false, "use_fcon": false, "use_fish": true, "use_ind": false, "use_irri": false, "use_live": false, "use_mine": false, "use_navi": true, "use_othr": false, "use_pcon": true, "use_recr": true, "use_supp": true, "users": "ENDESA", "x_etrs89": "173809", "y_etrs89": "4673439", "years_annual": 62.0, "years_monthly": 62.0, "level": 0, "storage": 1, "outflow": 1, "inflow": 1, "years_daily": 41, "dod_m": 0.4144144144144144, "dor_d": 116.0 }, "geometry": { "type": "Point", "coordinates": [ -6.947336130109659, 42.145156648741356 ] } },
{ "type": "Feature", "properties": { "id": 1743, "active": 1, "administration": "C.H. MIÑO-SIL", "area_skm": 7.752135524381683, "basin": "MIÑO-SIL", "cap_mcm": 238.0, "catch_skm": 727.17, "category": "A", "comment": null, "dam_elev_masl": 654.2, "dam_hgt_m": 107.0, "dam_len_m": 257.0, "dam_type": "Gravity dam: vibrated concrete", "dis_avg_mcm": 767.0, "elev_masl": 652.0, "end": 2021.0, "estate": "Galicia", "id_basin": 1441.0, "id_gdw": 4017.0, "id_idr_dam": 115.0, "id_idr_res": 255.0, "id_municipality": 32015.0, "id_saih": "E018", "id_sheet": 228.0, "lat_wgs84": 42.1447, "lon_wgs84": -7.1002, "main_use": "Water supply", "municipality": "Bolo", "mwl_elev_masl": 654.0, "name": "Bao", "operator": "EDUARDO ROJO MARTÍNEZ\nALBERTO VAQUERO MATEOS", "outlet_cms": 270.0, "owner": "PARTICULAR", "owner_type": "Privado", "province": "Orense", "reservoir_type": "Dam reservoir", "river": "Bibey", "river_elev_masl": 107.0, "sheet": "VIANA DO BOLO (228)", "spillway_cms": null, "start": 1980.0, "system": "SIL INFERIOR", "timeline": null, "use_elec": false, "use_fcon": false, "use_fish": true, "use_ind": false, "use_irri": false, "use_live": false, "use_mine": false, "use_navi": true, "use_othr": false, "use_pcon": true, "use_recr": true, "use_supp": true, "users": "IBERDROLA", "x_etrs89": "156185", "y_etrs89": "4685559", "years_annual": 62.0, "years_monthly": 62.0, "level": 0, "storage": 1, "outflow": 1, "inflow": 1, "years_daily": 41, "dod_m": 0.32729623059257124, "dor_d": 92.0 }, "geometry": { "type": "Point", "coordinates": [ -7.167237096637081, 42.246496307841021 ] } },
{ "type": "Feature", "properties": { "id": 1744, "active": 1, "administration": "C.H. MIÑO-SIL", "area_skm": 0.64966194999477889, "basin": "MIÑO-SIL", "cap_mcm": 10.0, "catch_skm": 1586.6, "category": "A", "comment": null, "dam_elev_masl": 292.0, "dam_hgt_m": null, "dam_len_m": 155.0, "dam_type": "Gravity dam: vibrated concrete", "dis_avg_mcm": 1282.0, "elev_masl": 290.0, "end": 2021.0, "estate": "Galicia", "id_basin": 1453.0, "id_gdw": 28615.0, "id_idr_dam": 70.0, "id_idr_res": 1455.0, "id_municipality": 27050.0, "id_saih": "E023", "id_sheet": 189.0, "lat_wgs84": 42.2327, "lon_wgs84": -7.1305, "main_use": "Water supply", "municipality": "Quiroga", "mwl_elev_masl": 290.0, "name": "Montefurado", "operator": "EDUARDO ROJO MARTÍNEZ\nALBERTO VAQUERO MATEOS", "outlet_cms": 60.0, "owner": "PARTICULAR", "owner_type": "Privado", "province": "Lugo", "reservoir_type": "Dam reservoir", "river": "Bibey", "river_elev_masl": 42.0, "sheet": "PUEBLA DE TRIVES (189)", "spillway_cms": null, "start": 1980.0, "system": "SIL INFERIOR", "timeline": "In operation", "use_elec": false, "use_fcon": false, "use_fish": true, "use_ind": false, "use_irri": false, "use_live": false, "use_mine": false, "use_navi": true, "use_othr": false, "use_pcon": true, "use_recr": true, "use_supp": true, "users": "IBERDROLA", "x_etrs89": "152769", "y_etrs89": "4701789", "years_annual": 64.0, "years_monthly": 64.0, "level": 0, "storage": 1, "outflow": 1, "inflow": 1, "years_daily": 41, "dod_m": 0.0063027858313374511, "dor_d": 2.0 }, "geometry": { "type": "Point", "coordinates": [ -7.218275602627875, 42.390760048002626 ] } },
{ "type": "Feature", "properties": { "id": 1745, "active": 1, "administration": "C.H. MIÑO-SIL", "area_skm": 0.64810477744163231, "basin": "MIÑO-SIL", "cap_mcm": 10.0, "catch_skm": 181.1, "category": "C", "comment": null, "dam_elev_masl": 1042.0, "dam_hgt_m": 47.0, "dam_len_m": 260.0, "dam_type": "Embankment dam: concrete-face", "dis_avg_mcm": 160.0, "elev_masl": 1040.0, "end": 2021.0, "estate": "Galicia", "id_basin": 1437.0, "id_gdw": 5986.0, "id_idr_dam": 92.0, "id_idr_res": 1698.0, "id_municipality": 49154.0, "id_saih": "E015", "id_sheet": 266.0, "lat_wgs84": 42.0609, "lon_wgs84": -6.5925, "main_use": "Water supply", "municipality": "Pías", "mwl_elev_masl": null, "name": "Pias O San Agustin", "operator": "JULIÁN ALBERTO ALONSO PÉREZ", "outlet_cms": 61.2, "owner": "PARTICULAR", "owner_type": "Privado", "province": "Zamora", "reservoir_type": "Dam reservoir", "river": "Bibey", "river_elev_masl": 47.0, "sheet": "GUDIÑA (266)", "spillway_cms": null, "start": 1980.0, "system": "SIL INFERIOR", "timeline": "In operation", "use_elec": false, "use_fcon": false, "use_fish": true, "use_ind": false, "use_irri": false, "use_live": false, "use_mine": false, "use_navi": true, "use_othr": false, "use_pcon": true, "use_recr": true, "use_supp": true, "users": "-", "x_etrs89": "170028", "y_etrs89": "4668862", "years_annual": 61.0, "years_monthly": 61.0, "level": 0, "storage": 1, "outflow": 1, "inflow": 1, "years_daily": 41, "dod_m": 0.055218111540585313, "dor_d": 23.0 }, "geometry": { "type": "Point", "coordinates": [ -6.990398817748657, 42.102452160679967 ] } },
{ "type": "Feature", "properties": { "id": 1748, "active": 1, "administration": "C.H. MIÑO-SIL", "area_skm": 0.35310080934221327, "basin": "MIÑO-SIL", "cap_mcm": 5.0, "catch_skm": 224.8, "category": "A", "comment": null, "dam_elev_masl": 701.0, "dam_hgt_m": null, "dam_len_m": 125.0, "dam_type": "Masonry dam", "dis_avg_mcm": 263.0, "elev_masl": 700.0, "end": 2021.0, "estate": "Galicia", "id_basin": 1452.0, "id_gdw": null, "id_idr_dam": 98.0, "id_idr_res": 1095.0, "id_municipality": 32063.0, "id_saih": "E022", "id_sheet": 189.0, "lat_wgs84": 42.204, "lon_wgs84": -7.1801, "main_use": "Water supply", "municipality": "Puebla de Trives", "mwl_elev_masl": 700.5, "name": "Guistolas", "operator": "EDUARDO ROJO MARTÍNEZ\nALBERTO VAQUERO MATEOS", "outlet_cms": 96.0, "owner": "PARTICULAR", "owner_type": "Privado", "province": "Orense", "reservoir_type": "Dam reservoir", "river": "Navea", "river_elev_masl": 33.0, "sheet": "PUEBLA DE TRIVES (189)", "spillway_cms": null, "start": 1980.0, "system": "SIL INFERIOR", "timeline": null, "use_elec": false, "use_fcon": false, "use_fish": true, "use_ind": false, "use_irri": false, "use_live": false, "use_mine": false, "use_navi": true, "use_othr": false, "use_pcon": true, "use_recr": true, "use_supp": true, "users": "IBERDROLA", "x_etrs89": "145744", "y_etrs89": "4696983", "years_annual": 64.0, "years_monthly": 64.0, "level": 0, "storage": 1, "outflow": 1, "inflow": 1, "years_daily": 41, "dod_m": 0.022241992882562275, "dor_d": 7.0 }, "geometry": { "type": "Point", "coordinates": [ -7.30043586445005, 42.344429983630775 ] } },
{ "type": "Feature", "properties": { "id": 1751, "active": 1, "administration": "C.H. MIÑO-SIL", "area_skm": 1.144646891404014, "basin": "MIÑO-SIL", "cap_mcm": 11.0, "catch_skm": 6143.0, "category": "A", "comment": null, "dam_elev_masl": 257.1, "dam_hgt_m": null, "dam_len_m": 176.0, "dam_type": "Gravity dam: vibrated concrete", "dis_avg_mcm": 4085.0, "elev_masl": 255.1, "end": 2021.0, "estate": "Galicia", "id_basin": 1454.0, "id_gdw": 35822.0, "id_idr_dam": 66.0, "id_idr_res": 2126.0, "id_municipality": 27050.0, "id_saih": "E024", "id_sheet": 189.0, "lat_wgs84": 42.2703, "lon_wgs84": -7.1505, "main_use": "Water supply", "municipality": "Quiroga", "mwl_elev_masl": 256.0, "name": "Sequeiros", "operator": "EDUARDO ROJO MARTÍNEZ\nALBERTO VAQUERO MATEOS", "outlet_cms": 37.0, "owner": "PARTICULAR", "owner_type": "Privado", "province": "Lugo", "reservoir_type": "Dam reservoir", "river": "Sil", "river_elev_masl": 22.2, "sheet": "PUEBLA DE TRIVES (189)", "spillway_cms": null, "start": 1980.0, "system": "SIL INFERIOR", "timeline": "In operation", "use_elec": false, "use_fcon": false, "use_fish": true, "use_ind": false, "use_irri": false, "use_live": false, "use_mine": false, "use_navi": true, "use_othr": false, "use_pcon": true, "use_recr": true, "use_supp": true, "users": "-", "x_etrs89": "150364", "y_etrs89": "4708599", "years_annual": 64.0, "years_monthly": 64.0, "level": 0, "storage": 1, "outflow": 1, "inflow": 1, "years_daily": 41, "dod_m": 0.0017906560312550871, "dor_d": 1.0 }, "geometry": { "type": "Point", "coordinates": [ -7.251552207619748, 42.450844196210099 ] } },
{ "type": "Feature", "properties": { "id": 1768, "active": 1, "administration": "C.H. MIÑO-SIL", "area_skm": 3.3854442413185053, "basin": "MIÑO-SIL", "cap_mcm": 213.0, "catch_skm": 7216.0, "category": "A", "comment": null, "dam_elev_masl": 231.0, "dam_hgt_m": 115.0, "dam_len_m": 295.0, "dam_type": "Arch-gravity dam", "dis_avg_mcm": 5238.0, "elev_masl": 229.0, "end": 2021.0, "estate": "Galicia", "id_basin": 1462.0, "id_gdw": 3999.0, "id_idr_dam": 114.0, "id_idr_res": 2011.0, "id_municipality": 32052.0, "id_saih": "E027", "id_sheet": 188.0, "lat_wgs84": 42.245, "lon_wgs84": -7.3859, "main_use": "Water supply", "municipality": "Nogueira de Ramuín", "mwl_elev_masl": 229.0, "name": "San Esteban", "operator": "EDUARDO ROJO MARTÍNEZ\nALBERTO VAQUERO MATEOS", "outlet_cms": 2400.0, "owner": "PARTICULAR", "owner_type": "Privado", "province": "Orense", "reservoir_type": "Dam reservoir", "river": "Sil", "river_elev_masl": 115.0, "sheet": "NOGUEIRA DE RAMUÍN (188)", "spillway_cms": 6150.0, "start": 1980.0, "system": "SIL INFERIOR", "timeline": null, "use_elec": false, "use_fcon": false, "use_fish": true, "use_ind": false, "use_irri": false, "use_live": false, "use_mine": false, "use_navi": true, "use_othr": false, "use_pcon": true, "use_recr": true, "use_supp": true, "users": "IBERDROLA", "x_etrs89": "117370", "y_etrs89": "4706216", "years_annual": 64.0, "years_monthly": 64.0, "level": 0, "storage": 1, "outflow": 1, "inflow": 1, "years_daily": 41, "dod_m": 0.029517738359201774, "dor_d": 17.0 }, "geometry": { "type": "Point", "coordinates": [ -7.649943467675438, 42.413889307415687 ] } },
{ "type": "Feature", "properties": { "id": 1769, "active": 1, "administration": "C.H. MIÑO-SIL", "area_skm": 0.51115438985624728, "basin": "MIÑO-SIL", "cap_mcm": 6.0, "catch_skm": 7968.0, "category": "A", "comment": null, "dam_elev_masl": null, "dam_hgt_m": null, "dam_len_m": null, "dam_type": "Gravity dam: vibrated concrete", "dis_avg_mcm": 5850.0, "elev_masl": 130.0, "end": 2021.0, "estate": "Galicia", "id_basin": 1466.0, "id_gdw": 35813.0, "id_idr_dam": 119.0, "id_idr_res": 2042.0, "id_municipality": 27041.0, "id_saih": "E029", "id_sheet": 188.0, "lat_wgs84": 42.2709, "lon_wgs84": -7.425, "main_use": "Hydroelectricity", "municipality": "Pantón", "mwl_elev_masl": 132.0, "name": "San Pedro", "operator": "EDUARDO ROJO MARTÍNEZ\nALBERTO VAQUERO MATEOS", "outlet_cms": 87.0, "owner": "PARTICULAR", "owner_type": "Privado", "province": "Lugo", "reservoir_type": "Dam reservoir", "river": "Sil", "river_elev_masl": null, "sheet": "NOGUEIRA DE RAMUÍN (188)", "spillway_cms": null, "start": 1980.0, "system": "SIL INFERIOR", "timeline": "In operation", "use_elec": true, "use_fcon": false, "use_fish": true, "use_ind": false, "use_irri": false, "use_live": false, "use_mine": false, "use_navi": true, "use_othr": false, "use_pcon": true, "use_recr": true, "use_supp": true, "users": "IBERDROLA\n-", "x_etrs89": "112341", "y_etrs89": "4710792", "years_annual": 62.0, "years_monthly": 63.0, "level": 0, "storage": 1, "outflow": 1, "inflow": 1, "years_daily": 41, "dod_m": 0.00075301204819277112, "dor_d": 0.0 }, "geometry": { "type": "Point", "coordinates": [ -7.713943225543198, 42.45246850626706 ] } },
{ "type": "Feature", "properties": { "id": 1770, "active": 1, "administration": "C.H. MIÑO-SIL", "area_skm": 11.843782173998711, "basin": "MIÑO-SIL", "cap_mcm": 536.0, "catch_skm": 168.3, "category": "A", "comment": null, "dam_elev_masl": 886.0, "dam_hgt_m": 141.0, "dam_len_m": 477.0, "dam_type": "Arch dam", "dis_avg_mcm": 204.0, "elev_masl": 882.0, "end": 2021.0, "estate": "Galicia", "id_basin": 1438.0, "id_gdw": 4034.0, "id_idr_dam": 129.0, "id_idr_res": 1767.0, "id_municipality": 32092.0, "id_saih": "E016", "id_sheet": 265.0, "lat_wgs84": 42.0653, "lon_wgs84": -7.1234, "main_use": "Water supply", "municipality": "Vilariño de Conso", "mwl_elev_masl": 884.0, "name": "Portas, Las", "operator": "EDUARDO ROJO MARTÍNEZ\nALBERTO VAQUERO MATEOS", "outlet_cms": 1896.0, "owner": "PARTICULAR", "owner_type": "Privado", "province": "Orense", "reservoir_type": "Dam reservoir", "river": "Camba", "river_elev_masl": 141.0, "sheet": "LAZA (265)", "spillway_cms": null, "start": 1980.0, "system": "SIL INFERIOR", "timeline": "In operation", "use_elec": false, "use_fcon": false, "use_fish": true, "use_ind": false, "use_irri": false, "use_live": false, "use_mine": false, "use_navi": true, "use_othr": false, "use_pcon": true, "use_recr": true, "use_supp": true, "users": "IBERDROLA", "x_etrs89": "151985", "y_etrs89": "4671080", "years_annual": 48.0, "years_monthly": 49.0, "level": 0, "storage": 1, "outflow": 1, "inflow": 1, "years_daily": 41, "dod_m": 3.1847890671420083, "dor_d": 408.0 }, "geometry": { "type": "Point", "coordinates": [ -7.20936076025925, 42.114586794810663 ] } },
{ "type": "Feature", "properties": { "id": 1780, "active": 1, "administration": "C.H. MIÑO-SIL", "area_skm": 0.87762903087912858, "basin": "MIÑO-SIL", "cap_mcm": 11.0, "catch_skm": 42.5, "category": "C", "comment": "SALIDAS DEL 10/2000 AL 01/2003 Y DATOS DE 2008-09 A 2010-11 Y 2013-14 A 2014-15 PENDIENTES DE REVISION                  ", "dam_elev_masl": 807.0, "dam_hgt_m": null, "dam_len_m": 145.0, "dam_type": "Gravity dam: vibrated concrete", "dis_avg_mcm": 0.0, "elev_masl": 806.0, "end": 2021.0, "estate": "Galicia", "id_basin": 1974.0, "id_gdw": 16042.0, "id_idr_dam": 103.0, "id_idr_res": 846.0, "id_municipality": 32057.0, "id_saih": "E026", "id_sheet": 188.0, "lat_wgs84": 42.2008, "lon_wgs84": -7.3115, "main_use": "Water supply", "municipality": "Parada de Sil", "mwl_elev_masl": 806.0, "name": "Edrada-Mao", "operator": "DAVID ALEJANDRO PÉREZ RODRÍGUEZ", "outlet_cms": null, "owner": "PARTICULAR", "owner_type": "Privado", "province": "Orense", "reservoir_type": "Dam reservoir", "river": "Edrada", "river_elev_masl": 37.0, "sheet": "NOGUEIRA DE RAMUÍN (188)", "spillway_cms": null, "start": 1980.0, "system": "SIL INFERIOR", "timeline": null, "use_elec": false, "use_fcon": false, "use_fish": true, "use_ind": false, "use_irri": false, "use_live": false, "use_mine": false, "use_navi": true, "use_othr": false, "use_pcon": true, "use_recr": true, "use_supp": true, "users": "GAS NATURAL SDG  SA", "x_etrs89": "127526", "y_etrs89": "4696928", "years_annual": 42.0, "years_monthly": 42.0, "level": 0, "storage": 1, "outflow": 1, "inflow": 1, "years_daily": 41, "dod_m": 0.25882352941176473, "dor_d": 72.0 }, "geometry": { "type": "Point", "coordinates": [ -7.520903284627363, 42.33543745434072 ] } },
{ "type": "Feature", "properties": { "id": 1781, "active": 1, "administration": "C.H. MIÑO-SIL", "area_skm": 0.030872959345822411, "basin": "MIÑO-SIL", "cap_mcm": 1.0, "catch_skm": 46.1, "category": "C", "comment": null, "dam_elev_masl": 891.3, "dam_hgt_m": null, "dam_len_m": 109.0, "dam_type": "Arch dam", "dis_avg_mcm": 69.5, "elev_masl": 888.0, "end": 2001.0, "estate": "Galicia", "id_basin": 1440.0, "id_gdw": null, "id_idr_dam": 102.0, "id_idr_res": 845.0, "id_municipality": 32092.0, "id_saih": "E016B", "id_sheet": 265.0, "lat_wgs84": 42.0841, "lon_wgs84": -7.1345, "main_use": "Water supply", "municipality": "Vilariño de Conso", "mwl_elev_masl": 890.5, "name": "Edrada-Conso", "operator": "EDUARDO ROJO MARTÍNEZ\nALBERTO VAQUERO MATEOS", "outlet_cms": 192.0, "owner": "PARTICULAR", "owner_type": "Privado", "province": "Orense", "reservoir_type": "Dam reservoir", "river": "Conso", "river_elev_masl": 24.3, "sheet": "LAZA (265)", "spillway_cms": null, "start": 1980.0, "system": "SIL INFERIOR", "timeline": null, "use_elec": false, "use_fcon": false, "use_fish": true, "use_ind": false, "use_irri": false, "use_live": false, "use_mine": false, "use_navi": true, "use_othr": false, "use_pcon": true, "use_recr": true, "use_supp": true, "users": "IBERDROLA", "x_etrs89": "150496", "y_etrs89": "4674524", "years_annual": 42.0, "years_monthly": 42.0, "level": 0, "storage": 1, "outflow": 1, "inflow": 1, "years_daily": 21, "dod_m": 0.021691973969631236, "dor_d": 5.0 }, "geometry": { "type": "Point", "coordinates": [ -7.229384383199503, 42.144858925597688 ] } },
{ "type": "Feature", "properties": { "id": 1782, "active": 1, "administration": "C.H. MIÑO-SIL", "area_skm": 2.4742515196607218, "basin": "MIÑO-SIL", "cap_mcm": 43.0, "catch_skm": 23.8, "category": "A", "comment": null, "dam_elev_masl": 1343.5, "dam_hgt_m": 49.0, "dam_len_m": 608.5, "dam_type": "Gravity dam: Roller-Compacted Concrete", "dis_avg_mcm": 48.94, "elev_masl": 1341.0, "end": 2021.0, "estate": "Galicia", "id_basin": 1973.0, "id_gdw": 4020.0, "id_idr_dam": 97.0, "id_idr_res": 623.0, "id_municipality": 32092.0, "id_saih": "E017", "id_sheet": 227.0, "lat_wgs84": 42.1141, "lon_wgs84": -7.1442, "main_use": "Water supply", "municipality": "Vilariño de Conso", "mwl_elev_masl": 1341.9, "name": "Cenza", "operator": "EDUARDO ROJO MARTÍNEZ\nALBERTO VAQUERO MATEOS", "outlet_cms": 14.52, "owner": "PARTICULAR", "owner_type": "Privado", "province": "Orense", "reservoir_type": "Dam reservoir", "river": "Cenza", "river_elev_masl": 49.23, "sheet": "MANZANEDA (227)", "spillway_cms": null, "start": 1994.0, "system": "SIL INFERIOR", "timeline": "In operation", "use_elec": false, "use_fcon": false, "use_fish": true, "use_ind": false, "use_irri": false, "use_live": false, "use_mine": false, "use_navi": true, "use_othr": false, "use_pcon": true, "use_recr": true, "use_supp": true, "users": "IBERDROLA", "x_etrs89": "149478", "y_etrs89": "4680129", "years_annual": 28.0, "years_monthly": 29.0, "level": 0, "storage": 1, "outflow": 1, "inflow": 1, "years_daily": 27, "dod_m": 1.8067226890756303, "dor_d": 184.0 }, "geometry": { "type": "Point", "coordinates": [ -7.245041496588584, 42.194746761866611 ] } },
{ "type": "Feature", "properties": { "id": 1790, "active": 1, "administration": "C.H. MIÑO-SIL", "area_skm": 2.3404250458532103, "basin": "MIÑO-SIL", "cap_mcm": 61.0, "catch_skm": 127.2, "category": "A", "comment": null, "dam_elev_masl": 911.5, "dam_hgt_m": 85.0, "dam_len_m": 236.0, "dam_type": "Buttress dam", "dis_avg_mcm": 205.0, "elev_masl": 910.0, "end": 2021.0, "estate": "Galicia", "id_basin": 1452.0, "id_gdw": 4014.0, "id_idr_dam": 110.0, "id_idr_res": 647.0, "id_municipality": 32029.0, "id_saih": "E021", "id_sheet": 227.0, "lat_wgs84": 42.1546, "lon_wgs84": -7.2311, "main_use": "Hydroelectricity", "municipality": "Chandreja de Queixa", "mwl_elev_masl": 910.0, "name": "Chandreja", "operator": "EDUARDO ROJO MARTÍNEZ\nALBERTO VAQUERO MATEOS", "outlet_cms": 69.0, "owner": "PARTICULAR", "owner_type": "Privado", "province": "Orense", "reservoir_type": "Dam reservoir", "river": "Navea", "river_elev_masl": 85.0, "sheet": "MANZANEDA (227)", "spillway_cms": null, "start": 1980.0, "system": "SIL INFERIOR", "timeline": "In operation", "use_elec": true, "use_fcon": false, "use_fish": true, "use_ind": false, "use_irri": false, "use_live": false, "use_mine": false, "use_navi": true, "use_othr": false, "use_pcon": true, "use_recr": true, "use_supp": false, "users": "IBERDROLA", "x_etrs89": "138187", "y_etrs89": "4688284", "years_annual": 64.0, "years_monthly": 64.0, "level": 0, "storage": 1, "outflow": 1, "inflow": 1, "years_daily": 41, "dod_m": 0.47955974842767296, "dor_d": 126.0 }, "geometry": { "type": "Point", "coordinates": [ -7.386477976189388, 42.262841295885146 ] } },
{ "type": "Feature", "properties": { "id": 1791, "active": 1, "administration": "C.H. MIÑO-SIL", "area_skm": 5.7676315151270536, "basin": "MIÑO-SIL", "cap_mcm": 122.0, "catch_skm": 180.0, "category": "A", "comment": null, "dam_elev_masl": 847.0, "dam_hgt_m": 85.0, "dam_len_m": 280.0, "dam_type": "Buttress dam", "dis_avg_mcm": 220.0, "elev_masl": 845.0, "end": 2021.0, "estate": "Galicia", "id_basin": 1448.0, "id_gdw": 4007.0, "id_idr_dam": 123.0, "id_idr_res": 1786.0, "id_municipality": 32083.0, "id_saih": "E019", "id_sheet": 228.0, "lat_wgs84": 42.1839, "lon_wgs84": -7.0224, "main_use": "Water supply", "municipality": "Veiga", "mwl_elev_masl": 845.0, "name": "Prada", "operator": "JULIÁN ALBERTO ALONSO PÉREZ", "outlet_cms": 74.78, "owner": "PARTICULAR", "owner_type": "Privado", "province": "Orense", "reservoir_type": "Dam reservoir", "river": "Jares", "river_elev_masl": 85.0, "sheet": "VIANA DE BOLO (228)", "spillway_cms": null, "start": 1980.0, "system": "SIL INFERIOR", "timeline": "In operation", "use_elec": false, "use_fcon": false, "use_fish": true, "use_ind": false, "use_irri": false, "use_live": false, "use_mine": false, "use_navi": true, "use_othr": false, "use_pcon": true, "use_recr": true, "use_supp": true, "users": "ENDESA", "x_etrs89": "167018", "y_etrs89": "4692187", "years_annual": 62.0, "years_monthly": 62.0, "level": 0, "storage": 1, "outflow": 1, "inflow": 1, "years_daily": 41, "dod_m": 0.67777777777777781, "dor_d": 275.0 }, "geometry": { "type": "Point", "coordinates": [ -7.040064219387137, 42.310733182874721 ] } },
{ "type": "Feature", "properties": { "id": 1792, "active": 1, "administration": "C.H. MIÑO-SIL", "area_skm": 0.39606487021866377, "basin": "MIÑO-SIL", "cap_mcm": 10.0, "catch_skm": 309.2, "category": "A", "comment": null, "dam_elev_masl": 528.0, "dam_hgt_m": null, "dam_len_m": 212.0, "dam_type": "Arch dam", "dis_avg_mcm": 206000.0, "elev_masl": 525.0, "end": 2021.0, "estate": "Galicia", "id_basin": 1450.0, "id_gdw": 16041.0, "id_idr_dam": 113.0, "id_idr_res": 2076.0, "id_municipality": 32015.0, "id_saih": "E020", "id_sheet": 190.0, "lat_wgs84": 42.2055, "lon_wgs84": -7.035, "main_use": "Water supply", "municipality": "Bolo", "mwl_elev_masl": null, "name": "Santa Eulalia", "operator": "EDUARDO ROJO MARTÍNEZ\nALBERTO VAQUERO MATEOS", "outlet_cms": 696.0, "owner": "PARTICULAR", "owner_type": "Privado", "province": "Orense", "reservoir_type": "Dam reservoir", "river": "Jares", "river_elev_masl": 73.0, "sheet": "BARCO DE VALDEORRAS (190)", "spillway_cms": null, "start": 1980.0, "system": "SIL INFERIOR", "timeline": "In operation", "use_elec": true, "use_fcon": false, "use_fish": true, "use_ind": false, "use_irri": false, "use_live": false, "use_mine": false, "use_navi": true, "use_othr": false, "use_pcon": true, "use_recr": true, "use_supp": true, "users": "IBERDROLA\n-", "x_etrs89": "165240", "y_etrs89": "4696480", "years_annual": 53.0, "years_monthly": 53.0, "level": 0, "storage": 1, "outflow": 1, "inflow": 1, "years_daily": 41, "dod_m": 0.032341526520051747, "dor_d": 22.0 }, "geometry": { "type": "Point", "coordinates": [ -7.064070220463597, 42.348537770056339 ] } },
{ "type": "Feature", "properties": { "id": 1795, "active": 1, "administration": "C.H. MIÑO-SIL", "area_skm": 0.56912023188100225, "basin": "MIÑO-SIL", "cap_mcm": 3.5, "catch_skm": 68.0, "category": "C", "comment": "LOS DATOS DE SALIDAS DEL 10/2000 AL 01/2003 SON PROVISIONALES SUJETOS A REVISION                                        ", "dam_elev_masl": 861.5, "dam_hgt_m": null, "dam_len_m": 120.0, "dam_type": "Gravity dam: vibrated concrete", "dis_avg_mcm": 0.0, "elev_masl": 860.0, "end": 2021.0, "estate": "Galicia", "id_basin": 1461.0, "id_gdw": 16043.0, "id_idr_dam": 91.0, "id_idr_res": 1238.0, "id_municipality": 32049.0, "id_saih": "E025", "id_sheet": 226.0, "lat_wgs84": 42.1935, "lon_wgs84": -7.3123, "main_use": "Water supply", "municipality": "Montederramo", "mwl_elev_masl": 860.8, "name": "Leboreiro-Mao", "operator": "DAVID ALEJANDRO PÉREZ RODRÍGUEZ", "outlet_cms": null, "owner": "PARTICULAR", "owner_type": "Privado", "province": "Orense", "reservoir_type": "Dam reservoir", "river": "Mao", "river_elev_masl": 27.0, "sheet": "ALLARIZ (226)", "spillway_cms": null, "start": 1980.0, "system": "SIL INFERIOR", "timeline": null, "use_elec": false, "use_fcon": false, "use_fish": true, "use_ind": false, "use_irri": false, "use_live": false, "use_mine": false, "use_navi": true, "use_othr": false, "use_pcon": true, "use_recr": true, "use_supp": true, "users": "GAS NATURAL SDG SA", "x_etrs89": "127283", "y_etrs89": "4695936", "years_annual": 51.0, "years_monthly": 52.0, "level": 0, "storage": 1, "outflow": 1, "inflow": 1, "years_daily": 41, "dod_m": 0.051470588235294115, "dor_d": 18.0 }, "geometry": { "type": "Point", "coordinates": [ -7.523204284367892, 42.326415028469661 ] } },
{ "type": "Feature", "properties": { "id": 1796, "active": 1, "administration": "C.H. MIÑO-SIL", "area_skm": 1.0654643382761206, "basin": "MIÑO-SIL", "cap_mcm": 21.0, "catch_skm": 50.25, "category": "A", "comment": "DATOS RESERVA MODIFICADOS DE 09/1980 Y DATOS MODIFICADOS DE 10/1985 A 02/1987 RESPECTO A PUBLICADOS                     ", "dam_elev_masl": 476.0, "dam_hgt_m": 59.0, "dam_len_m": 335.5, "dam_type": "Gravity dam: vibrated concrete", "dis_avg_mcm": 31.5, "elev_masl": 473.0, "end": 2021.0, "estate": "Galicia", "id_basin": 1464.0, "id_gdw": 5967.0, "id_idr_dam": 64.0, "id_idr_res": 2470.0, "id_municipality": 27024.0, "id_saih": "E028", "id_sheet": 156.0, "lat_wgs84": 42.3943, "lon_wgs84": -7.2521, "main_use": "Water supply", "municipality": "Incio", "mwl_elev_masl": 474.2, "name": "Vilasouto", "operator": "NEFTALI ALMARZA FERNÁNDEZ", "outlet_cms": 16.0, "owner": "ESTADO", "owner_type": "Estado\nEstado", "province": "Lugo", "reservoir_type": "Dam reservoir", "river": "Mao", "river_elev_masl": 59.0, "sheet": "MONFORTE DE LEMOS (156)", "spillway_cms": null, "start": 1980.0, "system": "CABE", "timeline": "In operation", "use_elec": false, "use_fcon": true, "use_fish": true, "use_ind": false, "use_irri": false, "use_live": false, "use_mine": false, "use_navi": true, "use_othr": false, "use_pcon": true, "use_recr": true, "use_supp": true, "users": "COMUNIDAD DE REGANTES DEL VALLE DE LEMOS\nAYUNTAMIENTO DE MONFORTE DE LEMOS, BOVEDA Y O INCIO", "x_etrs89": "137537", "y_etrs89": "4732778", "years_annual": 44.0, "years_monthly": 44.0, "level": 0, "storage": 1, "outflow": 1, "inflow": 1, "years_daily": 41, "dod_m": 0.41791044776119401, "dor_d": 264.0 }, "geometry": { "type": "Point", "coordinates": [ -7.422419366359903, 42.662062330949368 ] } },
{ "type": "Feature", "properties": { "id": 1807, "active": 1, "administration": "C.H. MIÑO-SIL", "area_skm": 4.8522534937208217, "basin": "MIÑO-SIL", "cap_mcm": 87.0, "catch_skm": 145.0, "category": "A", "comment": "LOS DATOS DE SALIDAS DEL 10/2000 AL 01/2003 Y LOS DATOS DE 2009-10 Y 2015-16 ESTAN PENDIENTES DE REVISION               ", "dam_elev_masl": 835.5, "dam_hgt_m": 50.0, "dam_len_m": 1005.0, "dam_type": "Buttress dam", "dis_avg_mcm": 284.0, "elev_masl": 834.0, "end": 2021.0, "estate": "Galicia", "id_basin": 1512.0, "id_gdw": 4052.0, "id_idr_dam": 118.0, "id_idr_res": 1976.0, "id_municipality": 32051.0, "id_saih": "E036", "id_sheet": 301.0, "lat_wgs84": 41.5527, "lon_wgs84": -7.5634, "main_use": "Water supply", "municipality": "Muíños", "mwl_elev_masl": null, "name": "Salas, Las", "operator": "DAVID ALEJANDRO PÉREZ RODRÍGUEZ", "outlet_cms": 27.0, "owner": "PARTICULAR", "owner_type": "Privado", "province": "Orense", "reservoir_type": "Dam reservoir", "river": "Salas", "river_elev_masl": 50.0, "sheet": "LOBIOS (301)", "spillway_cms": 795.0, "start": 1980.0, "system": "LIMIA", "timeline": "In operation", "use_elec": false, "use_fcon": false, "use_fish": true, "use_ind": false, "use_irri": false, "use_live": false, "use_mine": false, "use_navi": true, "use_othr": false, "use_pcon": true, "use_recr": true, "use_supp": true, "users": "UNION FENOSA", "x_etrs89": "90092", "y_etrs89": "4653191", "years_annual": 49.0, "years_monthly": 50.0, "level": 0, "storage": 1, "outflow": 1, "inflow": 1, "years_daily": 41, "dod_m": 0.6, "dor_d": 223.0 }, "geometry": { "type": "Point", "coordinates": [ -7.943001046789027, 41.924210376573754 ] } },
{ "type": "Feature", "properties": { "id": 1808, "active": 1, "administration": "C.H. MIÑO-SIL", "area_skm": 6.0915674452041619, "basin": "MIÑO-SIL", "cap_mcm": 71.5, "catch_skm": 978.0, "category": "A", "comment": "LOS DATOS DE SALIDAS DEL 10/2000 AL 01/2003 Y DATOS DE 2013-14 SON PROVISIONALES SUJETOS A REVISION                     ", "dam_elev_masl": 551.0, "dam_hgt_m": 48.0, "dam_len_m": 303.72, "dam_type": "Gravity dam: vibrated concrete", "dis_avg_mcm": 425.7, "elev_masl": 549.0, "end": 2021.0, "estate": "Galicia", "id_basin": 1511.0, "id_gdw": 4048.0, "id_idr_dam": 100.0, "id_idr_res": 724.0, "id_municipality": 32041.0, "id_saih": "E035", "id_sheet": 301.0, "lat_wgs84": 41.564, "lon_wgs84": -8.0205, "main_use": "Water supply", "municipality": "Lobeira", "mwl_elev_masl": 549.0, "name": "Conchas, Las", "operator": "DAVID ALEJANDRO PÉREZ RODRÍGUEZ", "outlet_cms": 40.0, "owner": "PARTICULAR", "owner_type": "Privado", "province": "Orense", "reservoir_type": "Dam reservoir", "river": "Limia", "river_elev_masl": 48.0, "sheet": "LOBIOS (301)", "spillway_cms": null, "start": 1980.0, "system": "LIMIA", "timeline": "In operation", "use_elec": false, "use_fcon": false, "use_fish": true, "use_ind": false, "use_irri": false, "use_live": false, "use_mine": false, "use_navi": true, "use_othr": false, "use_pcon": true, "use_recr": true, "use_supp": true, "users": "UNION FENOSA", "x_etrs89": "82600", "y_etrs89": "4655869", "years_annual": 64.0, "years_monthly": 64.0, "level": 0, "storage": 1, "outflow": 1, "inflow": 1, "years_daily": 41, "dod_m": 0.073108384458077713, "dor_d": 56.0 }, "geometry": { "type": "Point", "coordinates": [ -8.034906184759203, 41.944317324349242 ] } },
{ "type": "Feature", "properties": { "id": 2001, "active": 1, "administration": "C.H. DUERO", "area_skm": 22.016182354197102, "basin": "DUERO", "cap_mcm": 249.0, "catch_skm": 555.0, "category": "A", "comment": null, "dam_elev_masl": null, "dam_hgt_m": 40.0, "dam_len_m": null, "dam_type": "Gravity dam: vibrated concrete", "dis_avg_mcm": null, "elev_masl": 1084.6, "end": 2021.0, "estate": "Castilla y León", "id_basin": 2009.0, "id_gdw": 1443.0, "id_idr_dam": 438.0, "id_idr_res": 785.0, "id_municipality": 42215.0, "id_saih": null, "id_sheet": 317.0, "lat_wgs84": 41.5233, "lon_wgs84": -2.4217, "main_use": "Water supply", "municipality": "Vinuesa", "mwl_elev_masl": null, "name": "Cuerda Del Pozo", "operator": "MIGUEL ANGEL FERNANDEZ BAÑOS", "outlet_cms": 196.13, "owner": "ESTADO", "owner_type": "Estado\nEstado", "province": "Soria", "reservoir_type": "Dam reservoir", "river": "Duero", "river_elev_masl": null, "sheet": "VINUESA (317)", "spillway_cms": 1563.0, "start": 1980.0, "system": "ALTO DUERO - RIAZA - ADAJA - CEGA", "timeline": "In operation", "use_elec": false, "use_fcon": true, "use_fish": true, "use_ind": false, "use_irri": false, "use_live": true, "use_mine": false, "use_navi": true, "use_othr": false, "use_pcon": true, "use_recr": true, "use_supp": true, "users": "-\n-\n-", "x_etrs89": "524485", "y_etrs89": "4636028", "years_annual": 64.0, "years_monthly": 76.0, "level": 0, "storage": 1, "outflow": 1, "inflow": 1, "years_daily": 41, "dod_m": 0.44864864864864867, "dor_d": 502.0 }, "geometry": { "type": "Point", "coordinates": [ -2.704923630551554, 41.875793897064312 ] } },
{ "type": "Feature", "properties": { "id": 2002, "active": 1, "administration": "C.H. DUERO", "area_skm": 1.1031394955079636, "basin": "DUERO", "cap_mcm": 66.0, "catch_skm": 62985.0, "category": "A", "comment": "LAS RESERVAS ANTERIORES A 1995/96 SE REFIEREN AL VOLUMEN UTIL                                                           ", "dam_elev_masl": null, "dam_hgt_m": 50.0, "dam_len_m": null, "dam_type": "Gravity dam: vibrated concrete", "dis_avg_mcm": null, "elev_masl": 601.0, "end": 2021.0, "estate": "Castilla y León", "id_basin": 2323.0, "id_gdw": 4083.0, "id_idr_dam": 483.0, "id_idr_res": 2483.0, "id_municipality": 49247.0, "id_saih": null, "id_sheet": 396.0, "lat_wgs84": 41.2929, "lon_wgs84": -6.0505, "main_use": "Water supply", "municipality": "Villalcampo", "mwl_elev_masl": null, "name": "Villalcampo", "operator": "EDUARDO ROJO MARTÍNEZ\nALBERTO VAQUERO MATEOS", "outlet_cms": 11040.0, "owner": "PARTICULAR", "owner_type": "Privado", "province": "Zamora", "reservoir_type": "Dam reservoir", "river": "Duero", "river_elev_masl": null, "sheet": "PERERUELA (396)", "spillway_cms": null, "start": 1980.0, "system": "TORMES - ÁGUEDA", "timeline": "In operation", "use_elec": false, "use_fcon": false, "use_fish": true, "use_ind": false, "use_irri": false, "use_live": false, "use_mine": false, "use_navi": true, "use_othr": false, "use_pcon": true, "use_recr": true, "use_supp": true, "users": "IBERDROLA", "x_etrs89": "242495", "y_etrs89": "4597917", "years_annual": 64.0, "years_monthly": 73.0, "level": 0, "storage": 1, "outflow": 1, "inflow": 1, "years_daily": 41, "dod_m": 0.001047868540128602, "dor_d": 4.0 }, "geometry": { "type": "Point", "coordinates": [ -6.084680609839403, 41.491515463795601 ] } },
{ "type": "Feature", "properties": { "id": 2003, "active": 1, "administration": "C.H. DUERO", "area_skm": 0.51290166589753761, "basin": "DUERO", "cap_mcm": 27.5, "catch_skm": 63168.0, "category": "A", "comment": "LAS RESERVAS ANTERIORES A 1995/96 SE REFIEREN AL VOLUMEN UTIL                                                           ", "dam_elev_masl": null, "dam_hgt_m": 55.0, "dam_len_m": null, "dam_type": "Gravity dam: vibrated concrete", "dis_avg_mcm": null, "elev_masl": 564.0, "end": 2021.0, "estate": "Castilla y León", "id_basin": 2323.0, "id_gdw": 4079.0, "id_idr_dam": 479.0, "id_idr_res": 593.0, "id_municipality": 49240.0, "id_saih": null, "id_sheet": 368.0, "lat_wgs84": 41.3432, "lon_wgs84": -6.1115, "main_use": "Water supply", "municipality": "Villadepera", "mwl_elev_masl": null, "name": "Castro", "operator": "EDUARDO ROJO MARTÍNEZ\nALBERTO VAQUERO MATEOS", "outlet_cms": 1080.0, "owner": "PARTICULAR", "owner_type": "Privado", "province": "Zamora", "reservoir_type": "Dam reservoir", "river": "Duero", "river_elev_masl": null, "sheet": "CARBAJALES DE ALBA (368)", "spillway_cms": null, "start": 1980.0, "system": "TORMES - ÁGUEDA", "timeline": "In operation", "use_elec": false, "use_fcon": false, "use_fish": true, "use_ind": false, "use_irri": false, "use_live": false, "use_mine": false, "use_navi": true, "use_othr": false, "use_pcon": true, "use_recr": true, "use_supp": true, "users": "IBERDROLA", "x_etrs89": "234242", "y_etrs89": "4607556", "years_annual": 64.0, "years_monthly": 70.0, "level": 0, "storage": 1, "outflow": 1, "inflow": 1, "years_daily": 41, "dod_m": 0.00043534701114488351, "dor_d": 2.0 }, "geometry": { "type": "Point", "coordinates": [ -6.187657152887008, 41.575510851521067 ] } },
{ "type": "Feature", "properties": { "id": 2004, "active": 1, "administration": "C.H. DUERO", "area_skm": 5.7833882107029844, "basin": "DUERO", "cap_mcm": 181.4, "catch_skm": 72077.0, "category": "A", "comment": "LAS RESERVAS ANTERIORES A 1995/96 SE REFIEREN AL VOLUMEN UTIL                                                           ", "dam_elev_masl": null, "dam_hgt_m": 83.0, "dam_len_m": null, "dam_type": "Gravity dam: vibrated concrete", "dis_avg_mcm": null, "elev_masl": 190.0, "end": 2021.0, "estate": "Castilla y León", "id_basin": 2343.0, "id_gdw": 4111.0, "id_idr_dam": 367.0, "id_idr_res": 2111.0, "id_municipality": 37302.0, "id_saih": null, "id_sheet": 449.0, "lat_wgs84": 41.0251, "lon_wgs84": -6.4816, "main_use": "Water supply", "municipality": "Saucelle", "mwl_elev_masl": null, "name": "Saucelle", "operator": "EDUARDO ROJO MARTÍNEZ\nALBERTO VAQUERO MATEOS", "outlet_cms": 2328.0, "owner": "PARTICULAR", "owner_type": "Privado", "province": "Salamanca", "reservoir_type": "Dam reservoir", "river": "Duero", "river_elev_masl": null, "sheet": "VILVESTRE (449)", "spillway_cms": null, "start": 1980.0, "system": "TORMES - ÁGUEDA", "timeline": "In operation", "use_elec": false, "use_fcon": false, "use_fish": true, "use_ind": false, "use_irri": false, "use_live": false, "use_mine": false, "use_navi": true, "use_othr": false, "use_pcon": true, "use_recr": true, "use_supp": true, "users": "IBERDROLA", "x_etrs89": "180227", "y_etrs89": "4551013", "years_annual": 64.0, "years_monthly": 66.0, "level": 0, "storage": 1, "outflow": 1, "inflow": 1, "years_daily": 41, "dod_m": 0.0025167529170192987, "dor_d": 9.0 }, "geometry": { "type": "Point", "coordinates": [ -6.804572490535912, 41.047549807336431 ] } },
{ "type": "Feature", "properties": { "id": 2005, "active": 1, "administration": "C.H. DUERO", "area_skm": 3.6658889286110381, "basin": "DUERO", "cap_mcm": 114.3, "catch_skm": 71834.0, "category": "A", "comment": "LAS RESERVAS ANTERIORES A 1995/96 SE REFIEREN AL VOLUMEN UTIL                                                           ", "dam_elev_masl": null, "dam_hgt_m": 140.0, "dam_len_m": null, "dam_type": "Arch-gravity dam", "dis_avg_mcm": null, "elev_masl": 327.8, "end": 2021.0, "estate": "Castilla y León", "id_basin": 2343.0, "id_gdw": 4096.0, "id_idr_dam": 394.0, "id_idr_res": 84.0, "id_municipality": 37014.0, "id_saih": null, "id_sheet": 422.0, "lat_wgs84": 41.1243, "lon_wgs84": -6.411, "main_use": "Water supply", "municipality": "Aldeadávila de la Ribera", "mwl_elev_masl": null, "name": "Aldeadavila", "operator": "EDUARDO ROJO MARTÍNEZ\nALBERTO VAQUERO MATEOS", "outlet_cms": 333.0, "owner": "PARTICULAR", "owner_type": "Privado", "province": "Salamanca", "reservoir_type": "Dam reservoir", "river": "Duero", "river_elev_masl": null, "sheet": "ALDEADÁVILA DE LA RIBERA (422)", "spillway_cms": null, "start": 1980.0, "system": "TORMES - ÁGUEDA", "timeline": "In operation", "use_elec": false, "use_fcon": false, "use_fish": true, "use_ind": false, "use_irri": false, "use_live": false, "use_mine": false, "use_navi": true, "use_othr": false, "use_pcon": true, "use_recr": true, "use_supp": true, "users": "IBERDROLA", "x_etrs89": "190949", "y_etrs89": "4568836", "years_annual": 60.0, "years_monthly": 59.0, "level": 0, "storage": 1, "outflow": 1, "inflow": 1, "years_daily": 41, "dod_m": 0.0015911685274382604, "dor_d": 5.0 }, "geometry": { "type": "Point", "coordinates": [ -6.68622993754915, 41.211906331878268 ] } },
{ "type": "Feature", "properties": { "id": 2010, "active": 1, "administration": "C.H. DUERO", "area_skm": 3.2913263179012802, "basin": "DUERO", "cap_mcm": 75.0, "catch_skm": 150.0, "category": "A", "comment": null, "dam_elev_masl": null, "dam_hgt_m": 65.0, "dam_len_m": null, "dam_type": "Embankment dam: homogeneous", "dis_avg_mcm": null, "elev_masl": 1100.0, "end": 2021.0, "estate": "Castilla y León", "id_basin": 2170.0, "id_gdw": 4008.0, "id_idr_dam": 259.0, "id_idr_res": 2345.0, "id_municipality": 9463.0, "id_saih": null, "id_sheet": 239.0, "lat_wgs84": 42.1819, "lon_wgs84": -3.2207, "main_use": "Water supply", "municipality": "Villasur de Herreros", "mwl_elev_masl": 1102.0, "name": "Uzquiza", "operator": "MIGUEL ANGEL FERNANDEZ BAÑOS", "outlet_cms": 504.0, "owner": "ESTADO", "owner_type": "Estado\nEstado", "province": "Burgos", "reservoir_type": "Dam reservoir", "river": "Arlanzón", "river_elev_masl": null, "sheet": "PRADOLUENGO (239)", "spillway_cms": 364.84, "start": 1992.0, "system": "PISUERGA - CARRIÓN - ARLANZA - DUERO INFERIOR", "timeline": "In operation", "use_elec": false, "use_fcon": true, "use_fish": true, "use_ind": false, "use_irri": false, "use_live": false, "use_mine": false, "use_navi": true, "use_othr": false, "use_pcon": true, "use_recr": true, "use_supp": true, "users": "-\n-", "x_etrs89": "469623", "y_etrs89": "4683744", "years_annual": 34.0, "years_monthly": 34.0, "level": 0, "storage": 1, "outflow": 1, "inflow": 1, "years_daily": 29, "dod_m": 0.5, "dor_d": 314.0 }, "geometry": { "type": "Point", "coordinates": [ -3.368560860712426, 42.305336020747127 ] } },
{ "type": "Feature", "properties": { "id": 2011, "active": 1, "administration": "C.H. DUERO", "area_skm": 1.1794267095547866, "basin": "DUERO", "cap_mcm": 22.0, "catch_skm": 105.0, "category": "A", "comment": null, "dam_elev_masl": null, "dam_hgt_m": 47.0, "dam_len_m": null, "dam_type": "Gravity dam: vibrated concrete", "dis_avg_mcm": null, "elev_masl": 1143.0, "end": 2021.0, "estate": "Castilla y León", "id_basin": 2170.0, "id_gdw": 4013.0, "id_idr_dam": 256.0, "id_idr_res": 179.0, "id_municipality": 9463.0, "id_saih": null, "id_sheet": 239.0, "lat_wgs84": 42.155, "lon_wgs84": -3.2022, "main_use": "Water supply", "municipality": "Villasur de Herreros", "mwl_elev_masl": null, "name": "Arlanzon", "operator": "MIGUEL ANGEL FERNANDEZ BAÑOS", "outlet_cms": 549.12, "owner": "ESTADO", "owner_type": "Estado\nEstado", "province": "Burgos", "reservoir_type": "Dam reservoir", "river": "Arlanzón", "river_elev_masl": null, "sheet": "PRADOLUENGO (239)", "spillway_cms": 325.0, "start": 1980.0, "system": "PISUERGA - CARRIÓN - ARLANZA - DUERO INFERIOR", "timeline": "In operation", "use_elec": false, "use_fcon": true, "use_fish": true, "use_ind": false, "use_irri": false, "use_live": true, "use_mine": false, "use_navi": true, "use_othr": false, "use_pcon": true, "use_recr": true, "use_supp": true, "users": "-\n-\n-", "x_etrs89": "472001", "y_etrs89": "4679137", "years_annual": 64.0, "years_monthly": 78.0, "level": 0, "storage": 1, "outflow": 1, "inflow": 1, "years_daily": 41, "dod_m": 0.20952380952380953, "dor_d": 108.0 }, "geometry": { "type": "Point", "coordinates": [ -3.339486524968165, 42.263934196117269 ] } },
{ "type": "Feature", "properties": { "id": 2012, "active": 1, "administration": "C.H. DUERO", "area_skm": 0.9054862154114045, "basin": "DUERO", "cap_mcm": 11.0, "catch_skm": 56.0, "category": "A", "comment": "LOS DATOS DE 2007-08 SON PROVISIONALES SUJETOS A REVISION                                                               ", "dam_elev_masl": null, "dam_hgt_m": 37.0, "dam_len_m": null, "dam_type": "Masonry dam", "dis_avg_mcm": null, "elev_masl": 1041.6, "end": 2021.0, "estate": "Castilla y León", "id_basin": 2129.0, "id_gdw": 5953.0, "id_idr_dam": 352.0, "id_idr_res": 644.0, "id_municipality": 34056.0, "id_saih": null, "id_sheet": 106.0, "lat_wgs84": 42.5156, "lon_wgs84": -4.314, "main_use": "Water supply", "municipality": "Cervera de Pisuerga", "mwl_elev_masl": null, "name": "Cervera De Ruesga", "operator": "MERCEDES GONZALEZ SANCHEZ", "outlet_cms": 541.2, "owner": "ESTADO", "owner_type": "Estado\nEstado", "province": "Palencia", "reservoir_type": "Dam reservoir", "river": "Rivera", "river_elev_masl": null, "sheet": "CAMPORREDONDO DE ALBA (106)", "spillway_cms": 186.66, "start": 1980.0, "system": "PISUERGA - CARRIÓN - ARLANZA - DUERO INFERIOR", "timeline": "In operation", "use_elec": true, "use_fcon": true, "use_fish": true, "use_ind": true, "use_irri": false, "use_live": true, "use_mine": false, "use_navi": true, "use_othr": false, "use_pcon": true, "use_recr": true, "use_supp": true, "users": "-\n-\n-\n-\n-", "x_etrs89": "375204", "y_etrs89": "4747022", "years_annual": 64.0, "years_monthly": 78.0, "level": 0, "storage": 1, "outflow": 1, "inflow": 1, "years_daily": 41, "dod_m": 0.19642857142857142, "dor_d": 56.0 }, "geometry": { "type": "Point", "coordinates": [ -4.527742934845045, 42.86559941828753 ] } },
{ "type": "Feature", "properties": { "id": 2013, "active": 1, "administration": "C.H. DUERO", "area_skm": 3.2302292011596934, "basin": "DUERO", "cap_mcm": 65.0, "catch_skm": 248.0, "category": "A", "comment": null, "dam_elev_masl": null, "dam_hgt_m": 58.0, "dam_len_m": null, "dam_type": "Gravity dam: vibrated concrete", "dis_avg_mcm": null, "elev_masl": 1082.5, "end": 2021.0, "estate": "Castilla y León", "id_basin": 2126.0, "id_gdw": 3956.0, "id_idr_dam": 342.0, "id_idr_res": 1880.0, "id_municipality": 34056.0, "id_saih": null, "id_sheet": 106.0, "lat_wgs84": 42.5424, "lon_wgs84": -4.3148, "main_use": "Water supply", "municipality": "Cervera de Pisuerga", "mwl_elev_masl": null, "name": "Requejada, La", "operator": "MERCEDES GONZALEZ SANCHEZ", "outlet_cms": 1171.2, "owner": "ESTADO", "owner_type": "Estado\nEstado", "province": "Palencia", "reservoir_type": "Dam reservoir", "river": "Pisuerga", "river_elev_masl": null, "sheet": "CAMPORREDONDO DE ALBA (106)", "spillway_cms": 630.5, "start": 1980.0, "system": "PISUERGA - CARRIÓN - ARLANZA - DUERO INFERIOR", "timeline": "In operation", "use_elec": true, "use_fcon": true, "use_fish": true, "use_ind": true, "use_irri": false, "use_live": true, "use_mine": true, "use_navi": true, "use_othr": false, "use_pcon": true, "use_recr": true, "use_supp": true, "users": "-\n-\n-\n-\n-\n-", "x_etrs89": "375088", "y_etrs89": "4751580", "years_annual": 64.0, "years_monthly": 64.0, "level": 0, "storage": 1, "outflow": 1, "inflow": 1, "years_daily": 41, "dod_m": 0.26209677419354838, "dor_d": 166.0 }, "geometry": { "type": "Point", "coordinates": [ -4.530176534496953, 42.906611830589817 ] } },
{ "type": "Feature", "properties": { "id": 2014, "active": 1, "administration": "C.H. DUERO", "area_skm": 3.8854776739113479, "basin": "DUERO", "cap_mcm": 70.0, "catch_skm": 222.0, "category": "A", "comment": "LOS DATOS DE 2004-05 SON PROVISIONALES SUJETOS A REVISION                                                               ", "dam_elev_masl": null, "dam_hgt_m": 76.0, "dam_len_m": null, "dam_type": "Masonry dam", "dis_avg_mcm": null, "elev_masl": 1290.7, "end": 2021.0, "estate": "Castilla y León", "id_basin": 2195.0, "id_gdw": 3957.0, "id_idr_dam": 343.0, "id_idr_res": 461.0, "id_municipality": 34199.0, "id_saih": null, "id_sheet": 106.0, "lat_wgs84": 42.5358, "lon_wgs84": -4.4415, "main_use": "Water supply", "municipality": "Velilla del Río Carrión", "mwl_elev_masl": null, "name": "Camporredondo", "operator": "MERCEDES GONZALEZ SANCHEZ", "outlet_cms": 932.04, "owner": "ESTADO", "owner_type": "Estado\nEstado", "province": "Palencia", "reservoir_type": "Dam reservoir", "river": "Carrión", "river_elev_masl": null, "sheet": "CAMPORREDONDO DE ALBA (106)", "spillway_cms": 491.93, "start": 1980.0, "system": "PISUERGA - CARRIÓN - ARLANZA - DUERO INFERIOR", "timeline": "In operation", "use_elec": true, "use_fcon": true, "use_fish": true, "use_ind": false, "use_irri": false, "use_live": true, "use_mine": false, "use_navi": true, "use_othr": false, "use_pcon": true, "use_recr": true, "use_supp": true, "users": "-\nMANCOMUNIDAD DEL RÍO CARRIÓN\n-\n-", "x_etrs89": "358131", "y_etrs89": "4751117", "years_annual": 64.0, "years_monthly": 78.0, "level": 0, "storage": 1, "outflow": 1, "inflow": 1, "years_daily": 41, "dod_m": 0.31531531531531531, "dor_d": 121.0 }, "geometry": { "type": "Point", "coordinates": [ -4.737695558314504, 42.899480002450311 ] } },
{ "type": "Feature", "properties": { "id": 2015, "active": 1, "administration": "C.H. DUERO", "area_skm": 3.7628867924491232, "basin": "DUERO", "cap_mcm": 95.0, "catch_skm": 305.0, "category": "A", "comment": "LOS DATOS DE 2004-05 SON PROVISIONALES SUJETOS A REVISION                                                               ", "dam_elev_masl": null, "dam_hgt_m": 78.0, "dam_len_m": null, "dam_type": "Gravity dam: vibrated concrete", "dis_avg_mcm": null, "elev_masl": 1221.5, "end": 2021.0, "estate": "Castilla y León", "id_basin": 2195.0, "id_gdw": 3961.0, "id_idr_dam": 349.0, "id_idr_res": 716.0, "id_municipality": 34199.0, "id_saih": null, "id_sheet": 106.0, "lat_wgs84": 42.5139, "lon_wgs84": -4.4938, "main_use": "Water supply", "municipality": "Velilla del Río Carrión", "mwl_elev_masl": null, "name": "Compuerto", "operator": "MERCEDES GONZALEZ SANCHEZ", "outlet_cms": 127.06, "owner": "ESTADO", "owner_type": "Estado\nEstado", "province": "Palencia", "reservoir_type": "Dam reservoir", "river": "Carrión", "river_elev_masl": null, "sheet": "CAMPORREDONDO DE ALBA (106)", "spillway_cms": 475.54, "start": 1980.0, "system": "PISUERGA - CARRIÓN - ARLANZA - DUERO INFERIOR", "timeline": "In operation", "use_elec": true, "use_fcon": true, "use_fish": true, "use_ind": true, "use_irri": false, "use_live": true, "use_mine": true, "use_navi": true, "use_othr": false, "use_pcon": true, "use_recr": true, "use_supp": true, "users": "-\nMANCOMUNIDAD RÍO CARRIÓN\n-\n-\n-\n-", "x_etrs89": "350728", "y_etrs89": "4746986", "years_annual": 62.0, "years_monthly": 62.0, "level": 0, "storage": 1, "outflow": 1, "inflow": 1, "years_daily": 41, "dod_m": 0.31147540983606559, "dor_d": 130.0 }, "geometry": { "type": "Point", "coordinates": [ -4.827230077343671, 42.86088618371344 ] } },
{ "type": "Feature", "properties": { "id": 2016, "active": 1, "administration": "C.H. DUERO", "area_skm": 16.11039594400906, "basin": "DUERO", "cap_mcm": 247.0, "catch_skm": 546.0, "category": "A", "comment": "LOS DATOS DE 2003-04 A 2006-07 SON PROVISIONALES SUJETOS A REVISION                                                     ", "dam_elev_masl": null, "dam_hgt_m": 48.0, "dam_len_m": null, "dam_type": "Gravity dam: vibrated concrete", "dis_avg_mcm": null, "elev_masl": 942.0, "end": 2021.0, "estate": "Castilla y León", "id_basin": 2130.0, "id_gdw": 1411.0, "id_idr_dam": 341.0, "id_idr_res": 36.0, "id_municipality": 34004.0, "id_saih": null, "id_sheet": 133.0, "lat_wgs84": 42.474, "lon_wgs84": -4.1716, "main_use": "Water supply", "municipality": "Aguilar de Campoo", "mwl_elev_masl": 942.0, "name": "Aguilar De Campoo", "operator": "MERCEDES GONZALEZ SANCHEZ", "outlet_cms": 1874.82, "owner": "ESTADO", "owner_type": "Estado\nEstado", "province": "Palencia", "reservoir_type": "Dam reservoir", "river": "Pisuerga", "river_elev_masl": null, "sheet": "PRÁDANOS DE OJEDA (133)", "spillway_cms": 804.06, "start": 1980.0, "system": "PISUERGA - CARRIÓN - ARLANZA - DUERO INFERIOR", "timeline": "In operation", "use_elec": true, "use_fcon": true, "use_fish": true, "use_ind": true, "use_irri": false, "use_live": true, "use_mine": true, "use_navi": true, "use_othr": false, "use_pcon": true, "use_recr": true, "use_supp": true, "users": "EON\n-\n-\n-\nAGUILAR DE CAMPOO\nZONAS REGABLES DEL PISUERGA Y EL BAJO DUERO", "x_etrs89": "394694", "y_etrs89": "4738779", "years_annual": 60.0, "years_monthly": 60.0, "level": 0, "storage": 1, "outflow": 1, "inflow": 1, "years_daily": 41, "dod_m": 0.45238095238095238, "dor_d": 314.0 }, "geometry": { "type": "Point", "coordinates": [ -4.287670554244168, 42.794321976645939 ] } },
{ "type": "Feature", "properties": { "id": 2026, "active": 1, "administration": "C.H. DUERO", "area_skm": 9.8109481587482943, "basin": "DUERO", "cap_mcm": 308.0, "catch_skm": 482.0, "category": "A", "comment": null, "dam_elev_masl": null, "dam_hgt_m": 97.0, "dam_len_m": null, "dam_type": "Gravity dam: vibrated concrete", "dis_avg_mcm": null, "elev_masl": 1108.5, "end": 2021.0, "estate": "Castilla y León", "id_basin": 2285.0, "id_gdw": 3963.0, "id_idr_dam": 312.0, "id_idr_res": 285.0, "id_municipality": 24012.0, "id_saih": null, "id_sheet": 102.0, "lat_wgs84": 42.5059, "lon_wgs84": -5.5149, "main_use": "Water supply", "municipality": "Los Barrios de Luna", "mwl_elev_masl": null, "name": "Barrios De Luna", "operator": "ANTONIO RODRIGUEZ DE LA TORRE", "outlet_cms": 1200.0, "owner": "ESTADO", "owner_type": "Estado\nEstado", "province": "León", "reservoir_type": "Dam reservoir", "river": "Luna", "river_elev_masl": null, "sheet": "LOS BARRIOS DE LUNA (102)", "spillway_cms": 1398.0, "start": 1980.0, "system": "ESLA - VALDERADUEY", "timeline": "In operation", "use_elec": false, "use_fcon": true, "use_fish": true, "use_ind": false, "use_irri": false, "use_live": true, "use_mine": false, "use_navi": true, "use_othr": false, "use_pcon": true, "use_recr": true, "use_supp": true, "users": "-\n-\n-", "x_etrs89": "266018", "y_etrs89": "4748112", "years_annual": 64.0, "years_monthly": 71.0, "level": 0, "storage": 1, "outflow": 1, "inflow": 1, "years_daily": 41, "dod_m": 0.63900414937759331, "dor_d": 287.0 }, "geometry": { "type": "Point", "coordinates": [ -5.863593152179581, 42.849783936052148 ] } },
{ "type": "Feature", "properties": { "id": 2027, "active": 1, "administration": "C.H. DUERO", "area_skm": 1.9375933992107433, "basin": "DUERO", "cap_mcm": 20.0, "catch_skm": 55.1, "category": "A", "comment": null, "dam_elev_masl": null, "dam_hgt_m": null, "dam_len_m": null, "dam_type": "Gravity dam: vibrated concrete", "dis_avg_mcm": null, "elev_masl": 1008.9, "end": 2021.0, "estate": "Castilla y León", "id_basin": 2292.0, "id_gdw": null, "id_idr_dam": 290.0, "id_idr_res": 2487.0, "id_municipality": 24123.0, "id_saih": null, "id_sheet": 160.0, "lat_wgs84": 42.3855, "lon_wgs84": -6.0422, "main_use": "Water supply", "municipality": "Quintana del Castillo", "mwl_elev_masl": null, "name": "Villameca", "operator": "ANTONIO RODRIGUEZ DE LA TORRE", "outlet_cms": 300.0, "owner": "ESTADO", "owner_type": "Estado\nEstado", "province": "León", "reservoir_type": "Dam reservoir", "river": "Tuerto", "river_elev_masl": null, "sheet": "BENAVIDES (160)", "spillway_cms": 187.26, "start": 1980.0, "system": "ESLA - VALDERADUEY", "timeline": "In operation", "use_elec": false, "use_fcon": true, "use_fish": true, "use_ind": false, "use_irri": false, "use_live": true, "use_mine": false, "use_navi": true, "use_othr": false, "use_pcon": true, "use_recr": true, "use_supp": true, "users": "-\nABASTECIMIENTO DE ASTORGA\n-", "x_etrs89": "248116", "y_etrs89": "4726375", "years_annual": 64.0, "years_monthly": 70.0, "level": 0, "storage": 1, "outflow": 1, "inflow": 1, "years_daily": 41, "dod_m": 0.36297640653357532, "dor_d": 224.0 }, "geometry": { "type": "Point", "coordinates": [ -6.072710124372427, 42.648628340592609 ] } },
{ "type": "Feature", "properties": { "id": 2029, "active": 1, "administration": "C.H. DUERO", "area_skm": 52.709666377460884, "basin": "DUERO", "cap_mcm": 1200.0, "catch_skm": 15962.0, "category": "A", "comment": "LAS RESERVAS ANTERIORES A 1995/96 SE REFIEREN AL VOLUMEN UTIL                                                           ", "dam_elev_masl": null, "dam_hgt_m": 100.0, "dam_len_m": null, "dam_type": "Gravity dam: vibrated concrete", "dis_avg_mcm": null, "elev_masl": 684.0, "end": 2021.0, "estate": "Castilla y León", "id_basin": 2322.0, "id_gdw": 1453.0, "id_idr_dam": 482.0, "id_idr_res": 1907.0, "id_municipality": 49135.0, "id_saih": null, "id_sheet": 368.0, "lat_wgs84": 41.3138, "lon_wgs84": -5.5907, "main_use": "Water supply", "municipality": "Muelas del Pan", "mwl_elev_masl": null, "name": "Ricobayo", "operator": "EDUARDO ROJO MARTÍNEZ\nALBERTO VAQUERO MATEOS", "outlet_cms": 74.9, "owner": "PARTICULAR", "owner_type": "Privado", "province": "Zamora", "reservoir_type": "Dam reservoir", "river": "Esla", "river_elev_masl": null, "sheet": "CARBAJALES DE ALBA (368)", "spillway_cms": null, "start": 1980.0, "system": "ESLA - VALDERADUEY", "timeline": "In operation", "use_elec": false, "use_fcon": false, "use_fish": true, "use_ind": false, "use_irri": false, "use_live": false, "use_mine": false, "use_navi": true, "use_othr": false, "use_pcon": true, "use_recr": true, "use_supp": true, "users": "IBERDROLA", "x_etrs89": "250930", "y_etrs89": "4601600", "years_annual": 64.0, "years_monthly": 78.0, "level": 0, "storage": 1, "outflow": 1, "inflow": 1, "years_daily": 41, "dod_m": 0.075178549054003257, "dor_d": 123.0 }, "geometry": { "type": "Point", "coordinates": [ -5.985293655699644, 41.527309256744843 ] } },
{ "type": "Feature", "properties": { "id": 2030, "active": 1, "administration": "C.H. DUERO", "area_skm": 10.125793002516762, "basin": "DUERO", "cap_mcm": 318.0, "catch_skm": 221.0, "category": "A", "comment": null, "dam_elev_masl": null, "dam_hgt_m": 78.0, "dam_len_m": null, "dam_type": "Gravity dam: vibrated concrete", "dis_avg_mcm": null, "elev_masl": 1095.6, "end": 2021.0, "estate": "Castilla y León", "id_basin": 2265.0, "id_gdw": 3954.0, "id_idr_dam": 291.0, "id_idr_res": 1199.0, "id_municipality": 24021.0, "id_saih": null, "id_sheet": 104.0, "lat_wgs84": 42.5545, "lon_wgs84": -5.1736, "main_use": "Water supply", "municipality": "Boñar", "mwl_elev_masl": null, "name": "Porma", "operator": "ANTONIO JOSE RODRIGUEZ DE LA TORRE", "outlet_cms": 150.0, "owner": "ESTADO", "owner_type": "Estado\nEstado", "province": "León", "reservoir_type": "Dam reservoir", "river": "Porma", "river_elev_masl": null, "sheet": "BOÑAR (104)", "spillway_cms": 780.0, "start": 1980.0, "system": "ESLA - VALDERADUEY", "timeline": "In operation", "use_elec": false, "use_fcon": true, "use_fish": true, "use_ind": false, "use_irri": false, "use_live": true, "use_mine": false, "use_navi": true, "use_othr": false, "use_pcon": true, "use_recr": true, "use_supp": true, "users": "-\n-\n-", "x_etrs89": "312850", "y_etrs89": "4755500", "years_annual": 53.0, "years_monthly": 53.0, "level": 0, "storage": 1, "outflow": 1, "inflow": 1, "years_daily": 41, "dod_m": 1.4389140271493213, "dor_d": 376.0 }, "geometry": { "type": "Point", "coordinates": [ -5.293405487153857, 42.929160193409651 ] } },
{ "type": "Feature", "properties": { "id": 2031, "active": 1, "administration": "C.H. DUERO", "area_skm": 13.419301390001783, "basin": "DUERO", "cap_mcm": 255.0, "catch_skm": 573.0, "category": "A", "comment": "LAS RESERVAS ANTERIORES A 1995/96 SE REFIEREN AL VOLUMEN UTIL. LOS DATOS DE 2007-08 SON PROVISIONALES SUJETOS A REVISION", "dam_elev_masl": null, "dam_hgt_m": null, "dam_len_m": null, "dam_type": "Gravity dam: vibrated concrete", "dis_avg_mcm": null, "elev_masl": 889.0, "end": 2021.0, "estate": "Castilla y León", "id_basin": 2313.0, "id_gdw": 1437.0, "id_idr_dam": 470.0, "id_idr_res": 629.0, "id_municipality": 49048.0, "id_saih": null, "id_sheet": 268.0, "lat_wgs84": 42.0111, "lon_wgs84": -6.2732, "main_use": "Water supply", "municipality": "Cernadilla", "mwl_elev_masl": null, "name": "Cernadilla", "operator": "EDUARDO ROJO MARTÍNEZ\nALBERTO VAQUERO MATEOS", "outlet_cms": 753.6, "owner": "PARTICULAR", "owner_type": "Privado", "province": "Zamora", "reservoir_type": "Dam reservoir", "river": "Tera", "river_elev_masl": null, "sheet": "MOLEZUELAS DE LA CARBALLEDA (268)", "spillway_cms": null, "start": 1980.0, "system": "ESLA - VALDERADUEY", "timeline": "In operation", "use_elec": false, "use_fcon": true, "use_fish": true, "use_ind": false, "use_irri": false, "use_live": false, "use_mine": false, "use_navi": true, "use_othr": false, "use_pcon": true, "use_recr": true, "use_supp": true, "users": "IBERDROLA\n-", "x_etrs89": "213612", "y_etrs89": "4657750", "years_annual": 48.0, "years_monthly": 48.0, "level": 0, "storage": 1, "outflow": 1, "inflow": 1, "years_daily": 41, "dod_m": 0.44502617801047123, "dor_d": 214.0 }, "geometry": { "type": "Point", "coordinates": [ -6.458900215874563, 42.019666398546455 ] } },
{ "type": "Feature", "properties": { "id": 2032, "active": 1, "administration": "C.H. DUERO", "area_skm": 20.848535813857367, "basin": "DUERO", "cap_mcm": 641.4, "catch_skm": 574.2, "category": "A", "comment": null, "dam_elev_masl": null, "dam_hgt_m": 101.0, "dam_len_m": null, "dam_type": "Arch dam", "dis_avg_mcm": 671.0, "elev_masl": 1100.0, "end": 2021.0, "estate": "Castilla y León", "id_basin": 2262.0, "id_gdw": 1408.0, "id_idr_dam": 288.0, "id_idr_res": 1898.0, "id_municipality": 24130.0, "id_saih": null, "id_sheet": 105.0, "lat_wgs84": 42.5601, "lon_wgs84": -5.0505, "main_use": "Water supply", "municipality": "Riaño", "mwl_elev_masl": 1101.7, "name": "Riaño", "operator": "ANTONIO RODRIGUEZ DE LA TORRE", "outlet_cms": 2899.44, "owner": "ESTADO", "owner_type": "Estado\nEstado", "province": "León", "reservoir_type": "Dam reservoir", "river": "Esla", "river_elev_masl": null, "sheet": "RIAÑO (105)", "spillway_cms": 1294.79, "start": 1988.0, "system": "ESLA - VALDERADUEY", "timeline": "In operation", "use_elec": true, "use_fcon": true, "use_fish": true, "use_ind": false, "use_irri": true, "use_live": false, "use_mine": false, "use_navi": true, "use_othr": false, "use_pcon": true, "use_recr": true, "use_supp": true, "users": "-\n-\n-\n-", "x_etrs89": "329896", "y_etrs89": "4755570", "years_annual": 34.0, "years_monthly": 34.0, "level": 0, "storage": 1, "outflow": 1, "inflow": 1, "years_daily": 33, "dod_m": 1.1170323928944617, "dor_d": 384.0 }, "geometry": { "type": "Point", "coordinates": [ -5.084680616601138, 42.933783732732635 ] } },
{ "type": "Feature", "properties": { "id": 2033, "active": 1, "administration": "C.H. DUERO", "area_skm": 12.558794997672255, "basin": "DUERO", "cap_mcm": 163.5, "catch_skm": 797.0, "category": "A", "comment": "LAS RESERVAS ANTERIORES A 1995/96 SE REFIEREN AL VOLUMEN UTIL                                                           ", "dam_elev_masl": null, "dam_hgt_m": 64.0, "dam_len_m": null, "dam_type": "Gravity dam: vibrated concrete", "dis_avg_mcm": null, "elev_masl": 833.0, "end": 2021.0, "estate": "Castilla y León", "id_basin": 2313.0, "id_gdw": 1439.0, "id_idr_dam": 477.0, "id_idr_res": 2431.0, "id_municipality": 49121.0, "id_saih": null, "id_sheet": 306.0, "lat_wgs84": 41.5935, "lon_wgs84": -6.1615, "main_use": "Water supply", "municipality": "Mombuey", "mwl_elev_masl": 835.0, "name": "Valparaiso", "operator": "EDUARDO ROJO MARTÍNEZ\nALBERTO VAQUERO MATEOS", "outlet_cms": 79.6, "owner": "PARTICULAR", "owner_type": "Privado", "province": "Zamora", "reservoir_type": "Dam reservoir", "river": "Tera", "river_elev_masl": null, "sheet": "VILLARDECIERVOS (306)", "spillway_cms": null, "start": 1989.0, "system": "ESLA - VALDERADUEY", "timeline": "In operation", "use_elec": false, "use_fcon": false, "use_fish": true, "use_ind": false, "use_irri": false, "use_live": false, "use_mine": false, "use_navi": true, "use_othr": false, "use_pcon": true, "use_recr": true, "use_supp": true, "users": "IBERDROLA", "x_etrs89": "229065", "y_etrs89": "4654193", "years_annual": 33.0, "years_monthly": 33.0, "level": 0, "storage": 1, "outflow": 1, "inflow": 1, "years_daily": 32, "dod_m": 0.20514429109159349, "dor_d": 121.0 }, "geometry": { "type": "Point", "coordinates": [ -6.270925922947834, 41.993152013060019 ] } },
{ "type": "Feature", "properties": { "id": 2034, "active": 1, "administration": "C.H. DUERO", "area_skm": 3.5021152725934375, "basin": "DUERO", "cap_mcm": 36.0, "catch_skm": 1340.0, "category": "A", "comment": null, "dam_elev_masl": null, "dam_hgt_m": 42.0, "dam_len_m": null, "dam_type": "Gravity dam: vibrated concrete", "dis_avg_mcm": null, "elev_masl": 785.0, "end": 2021.0, "estate": "Castilla y León", "id_basin": 2315.0, "id_gdw": 4044.0, "id_idr_dam": 486.0, "id_idr_res": 1544.0, "id_municipality": 49177.0, "id_saih": null, "id_sheet": 307.0, "lat_wgs84": 41.584, "lon_wgs84": -6.0827, "main_use": "Water supply", "municipality": "Rionegro del Puente", "mwl_elev_masl": null, "name": "Nuestra Señora Del Agavanzal", "operator": "EDUARDO ROJO MARTÍNEZ\nALBERTO VAQUERO MATEOS", "outlet_cms": 68.0, "owner": "PARTICULAR", "owner_type": "Privado", "province": "Zamora", "reservoir_type": "Dam reservoir", "river": "Tera", "river_elev_masl": null, "sheet": "MICERECES DE TERA (307)", "spillway_cms": null, "start": 1996.0, "system": "ESLA - VALDERADUEY", "timeline": "In operation", "use_elec": false, "use_fcon": true, "use_fish": true, "use_ind": false, "use_irri": false, "use_live": false, "use_mine": false, "use_navi": true, "use_othr": false, "use_pcon": true, "use_recr": true, "use_supp": true, "users": "Iberdrola\nVarios", "x_etrs89": "239766", "y_etrs89": "4652084", "years_annual": 27.0, "years_monthly": 28.0, "level": 0, "storage": 1, "outflow": 1, "inflow": 1, "years_daily": 25, "dod_m": 0.026865671641791045, "dor_d": 21.0 }, "geometry": { "type": "Point", "coordinates": [ -6.140993787559585, 41.977792384576389 ] } },
{ "type": "Feature", "properties": { "id": 2036, "active": 1, "administration": "C.H. DUERO", "area_skm": 4.4069560668654129, "basin": "DUERO", "cap_mcm": 58.0, "catch_skm": 758.0, "category": "A", "comment": null, "dam_elev_masl": null, "dam_hgt_m": 36.0, "dam_len_m": null, "dam_type": "Gravity dam: vibrated concrete", "dis_avg_mcm": null, "elev_masl": 915.3, "end": 2021.0, "estate": "Castilla y León", "id_basin": 2098.0, "id_gdw": 4082.0, "id_idr_dam": 420.0, "id_idr_res": 1257.0, "id_municipality": 40115.0, "id_saih": null, "id_sheet": 375.0, "lat_wgs84": 41.3138, "lon_wgs84": -3.3321, "main_use": "Water supply", "municipality": "Maderuelo", "mwl_elev_masl": null, "name": "Linares Del Arroyo", "operator": "ENRIQUE BENITO MARTIN", "outlet_cms": 540.0, "owner": "ESTADO", "owner_type": "Estado\nEstado", "province": "Segovia", "reservoir_type": "Dam reservoir", "river": "Riaza", "river_elev_masl": null, "sheet": "FUENTELCÉSPED (375)", "spillway_cms": 975.61, "start": 1980.0, "system": "ALTO DUERO - RIAZA - ADAJA - CEGA", "timeline": "In operation", "use_elec": false, "use_fcon": true, "use_fish": true, "use_ind": false, "use_irri": false, "use_live": false, "use_mine": false, "use_navi": true, "use_othr": false, "use_pcon": true, "use_recr": true, "use_supp": true, "users": "-\n-", "x_etrs89": "453634", "y_etrs89": "4597447", "years_annual": 64.0, "years_monthly": 71.0, "level": 0, "storage": 1, "outflow": 1, "inflow": 1, "years_daily": 41, "dod_m": 0.076517150395778361, "dor_d": 401.0 }, "geometry": { "type": "Point", "coordinates": [ -3.555761739308561, 41.527325760772058 ] } },
{ "type": "Feature", "properties": { "id": 2037, "active": 1, "administration": "C.H. DUERO", "area_skm": 0.66847320224092144, "basin": "DUERO", "cap_mcm": 15.0, "catch_skm": 830.0, "category": "A", "comment": "LOS DATOS DE 2004-05, 2005-06 Y 2007-08 SON PROVISIONALES SUJETOS A REVISION                                            ", "dam_elev_masl": null, "dam_hgt_m": 44.0, "dam_len_m": null, "dam_type": "Gravity dam: vibrated concrete", "dis_avg_mcm": null, "elev_masl": 874.2, "end": 2021.0, "estate": "Castilla y León", "id_basin": 2110.0, "id_gdw": 6001.0, "id_idr_dam": 406.0, "id_idr_res": 400.0, "id_municipality": 40044.0, "id_saih": null, "id_sheet": 402.0, "lat_wgs84": 41.2015, "lon_wgs84": -3.5307, "main_use": "Water supply", "municipality": "Carrascal del Río", "mwl_elev_masl": null, "name": "Burgomillodo", "operator": "DAVID ALEJANDRO PÉREZ RODRÍGUEZ", "outlet_cms": null, "owner": "PARTICULAR", "owner_type": "Privado", "province": "Segovia", "reservoir_type": "Dam reservoir", "river": "Duratón", "river_elev_masl": null, "sheet": "OLOMBRADA (402)", "spillway_cms": null, "start": 1991.0, "system": "ALTO DUERO - RIAZA - ADAJA - CEGA", "timeline": "In operation", "use_elec": false, "use_fcon": false, "use_fish": true, "use_ind": false, "use_irri": false, "use_live": false, "use_mine": false, "use_navi": true, "use_othr": false, "use_pcon": true, "use_recr": true, "use_supp": true, "users": "UNION FENOSA", "x_etrs89": "425922", "y_etrs89": "4576587", "years_annual": 64.0, "years_monthly": 78.0, "level": 0, "storage": 1, "outflow": 1, "inflow": 1, "years_daily": 30, "dod_m": 0.018072289156626505, "dor_d": 66.0 }, "geometry": { "type": "Point", "coordinates": [ -3.885341437933965, 41.337365780887978 ] } },
{ "type": "Feature", "properties": { "id": 2038, "active": 1, "administration": "C.H. DUERO", "area_skm": 25.398186719683924, "basin": "DUERO", "cap_mcm": 496.0, "catch_skm": 1830.0, "category": "A", "comment": "LOS DATOS DE 2004-05 Y 2008-09 ESTAN PENDIENTES DE REVISION                                                             ", "dam_elev_masl": 887.2, "dam_hgt_m": 59.0, "dam_len_m": 517.0, "dam_type": "Gravity dam: vibrated concrete", "dis_avg_mcm": null, "elev_masl": 885.7, "end": 2021.0, "estate": "Castilla y León", "id_basin": 2330.0, "id_gdw": 1476.0, "id_idr_dam": 370.0, "id_idr_res": 2091.0, "id_municipality": 37200.0, "id_saih": null, "id_sheet": 528.0, "lat_wgs84": 40.4001, "lon_wgs84": -5.3606, "main_use": "Water supply", "municipality": "Montejo", "mwl_elev_masl": null, "name": "Santa Teresa", "operator": "ISIDRO LAZARO MARTÍN", "outlet_cms": 3048.0, "owner": "ESTADO", "owner_type": "Estado\nEstado", "province": "Salamanca", "reservoir_type": "Dam reservoir", "river": "Tormes", "river_elev_masl": 60.0, "sheet": "GUIJUELO (528)", "spillway_cms": null, "start": 1980.0, "system": "TORMES - ÁGUEDA", "timeline": "In operation", "use_elec": false, "use_fcon": true, "use_fish": true, "use_ind": false, "use_irri": false, "use_live": true, "use_mine": false, "use_navi": true, "use_othr": false, "use_pcon": true, "use_recr": true, "use_supp": true, "users": "-\n-\n-", "x_etrs89": "280086", "y_etrs89": "4505032", "years_annual": 64.0, "years_monthly": 68.0, "level": 0, "storage": 1, "outflow": 1, "inflow": 1, "years_daily": 41, "dod_m": 0.2710382513661202, "dor_d": 223.0 }, "geometry": { "type": "Point", "coordinates": [ -5.601671037299528, 40.666866166993707 ] } },
{ "type": "Feature", "properties": { "id": 2039, "active": 1, "administration": "C.H. DUERO", "area_skm": 0.90538674174991063, "basin": "DUERO", "cap_mcm": 22.4, "catch_skm": 789.0, "category": "A", "comment": null, "dam_elev_masl": 662.12, "dam_hgt_m": 38.0, "dam_len_m": 195.7, "dam_type": "Gravity dam: vibrated concrete", "dis_avg_mcm": null, "elev_masl": 636.5, "end": 2021.0, "estate": "Castilla y León", "id_basin": 2370.0, "id_gdw": 6024.0, "id_idr_dam": 381.0, "id_idr_res": 33.0, "id_municipality": 37378.0, "id_saih": null, "id_sheet": 526.0, "lat_wgs84": 40.3147, "lon_wgs84": -6.2854, "main_use": "Water supply", "municipality": "Zamarra", "mwl_elev_masl": null, "name": "Agueda", "operator": "ISIDRO LAZARO MARTÍN", "outlet_cms": 32.0, "owner": "ESTADO", "owner_type": "Estado\nEstado", "province": "Salamanca", "reservoir_type": "Dam reservoir", "river": "Águeda", "river_elev_masl": 37.6, "sheet": "SERRADILLA DEL ARROYO (526)", "spillway_cms": null, "start": 1980.0, "system": "TORMES - ÁGUEDA", "timeline": "In operation", "use_elec": false, "use_fcon": true, "use_fish": true, "use_ind": false, "use_irri": false, "use_live": true, "use_mine": false, "use_navi": true, "use_othr": false, "use_pcon": true, "use_recr": true, "use_supp": true, "users": "-\n-\n-", "x_etrs89": "205082", "y_etrs89": "4492373", "years_annual": 64.0, "years_monthly": 78.0, "level": 0, "storage": 1, "outflow": 1, "inflow": 1, "years_daily": 41, "dod_m": 0.028390367553865651, "dor_d": 22.0 }, "geometry": { "type": "Point", "coordinates": [ -6.481718149486932, 40.529651642960886 ] } },
{ "type": "Feature", "properties": { "id": 2040, "active": 1, "administration": "C.H. DUERO", "area_skm": 0.43106507979831049, "basin": "DUERO", "cap_mcm": 4.5, "catch_skm": 1131.0, "category": "A", "comment": "LOS DATOS DE 2004-05 A 2007-08 Y 2010-11 SON PROVISIONALES SUJETOS A REVISION                                           ", "dam_elev_masl": null, "dam_hgt_m": null, "dam_len_m": null, "dam_type": "Arch-gravity dam", "dis_avg_mcm": null, "elev_masl": 823.4, "end": 2021.0, "estate": "Castilla y León", "id_basin": 2110.0, "id_gdw": 16094.0, "id_idr_dam": 428.0, "id_idr_res": 2450.0, "id_municipality": 40092.0, "id_saih": null, "id_sheet": 402.0, "lat_wgs84": 41.2543, "lon_wgs84": -3.5753, "main_use": "Water supply", "municipality": "Fuentidueña", "mwl_elev_masl": null, "name": "Vencias, Las", "operator": "DAVID ALEJANDRO PÉREZ RODRÍGUEZ", "outlet_cms": null, "owner": "PARTICULAR", "owner_type": "Privado", "province": "Segovia", "reservoir_type": "Dam reservoir", "river": "Duratón", "river_elev_masl": null, "sheet": "OLOMBRADA (402)", "spillway_cms": null, "start": 1991.0, "system": "ALTO DUERO - RIAZA - ADAJA - CEGA", "timeline": "In operation", "use_elec": false, "use_fcon": true, "use_fish": true, "use_ind": false, "use_irri": false, "use_live": true, "use_mine": false, "use_navi": true, "use_othr": false, "use_pcon": true, "use_recr": true, "use_supp": true, "users": "UNION FENOSA\n-\n-", "x_etrs89": "419397", "y_etrs89": "4586779", "years_annual": 53.0, "years_monthly": 53.0, "level": 0, "storage": 1, "outflow": 1, "inflow": 1, "years_daily": 30, "dod_m": 0.0039787798408488064, "dor_d": 21.0 }, "geometry": { "type": "Point", "coordinates": [ -3.964670403148822, 41.428532367661631 ] } },
{ "type": "Feature", "properties": { "id": 2041, "active": 1, "administration": "C.H. DUERO", "area_skm": 82.167312965924012, "basin": "DUERO", "cap_mcm": 2649.0, "catch_skm": 6944.0, "category": "A", "comment": "LAS RESERVAS ANTERIORES A 1995/96 SE REFIEREN AL VOLUMEN UTIL                                                           ", "dam_elev_masl": null, "dam_hgt_m": 202.0, "dam_len_m": null, "dam_type": "Arch dam", "dis_avg_mcm": null, "elev_masl": 730.0, "end": 2021.0, "estate": "Castilla y León", "id_basin": 2340.0, "id_gdw": 1460.0, "id_idr_dam": 391.0, "id_idr_res": 116.0, "id_municipality": 37028.0, "id_saih": null, "id_sheet": 423.0, "lat_wgs84": 41.1621, "lon_wgs84": -6.1907, "main_use": "Water supply", "municipality": "Almendra", "mwl_elev_masl": null, "name": "Almendra", "operator": "EDUARDO ROJO MARTÍNEZ\nALBERTO VAQUERO MATEOS", "outlet_cms": 2448.0, "owner": "PARTICULAR", "owner_type": "Privado", "province": "Salamanca", "reservoir_type": "Dam reservoir", "river": "Tormes", "river_elev_masl": null, "sheet": "FERMOSELLE (423)", "spillway_cms": null, "start": 1980.0, "system": "TORMES - ÁGUEDA", "timeline": "In operation", "use_elec": false, "use_fcon": false, "use_fish": true, "use_ind": false, "use_irri": false, "use_live": false, "use_mine": false, "use_navi": true, "use_othr": false, "use_pcon": true, "use_recr": true, "use_supp": true, "users": "IBERDROLA", "x_etrs89": "222036", "y_etrs89": "4574323", "years_annual": 48.0, "years_monthly": 48.0, "level": 0, "storage": 1, "outflow": 1, "inflow": 1, "years_daily": 41, "dod_m": 0.38148041474654376, "dor_d": 761.0 }, "geometry": { "type": "Point", "coordinates": [ -6.318563643296911, 41.272517632270279 ] } },
{ "type": "Feature", "properties": { "id": 2042, "active": 1, "administration": "C.H. DUERO", "area_skm": 3.5995333334598585, "basin": "DUERO", "cap_mcm": 58.6, "catch_skm": 849.0, "category": "A", "comment": "LOS DATOS DE 2005-06 A 2006-07 SON PROVISIONALES SUJETOS A REVISION                                                     ", "dam_elev_masl": null, "dam_hgt_m": 67.0, "dam_len_m": null, "dam_type": "Arch dam", "dis_avg_mcm": null, "elev_masl": 1050.5, "end": 2021.0, "estate": "Castilla y León", "id_basin": 2214.0, "id_gdw": 4139.0, "id_idr_dam": 223.0, "id_idr_res": 594.0, "id_municipality": 5049.0, "id_saih": null, "id_sheet": 506.0, "lat_wgs84": 40.4332, "lon_wgs84": -4.4152, "main_use": "Water supply", "municipality": "Cardeñosa", "mwl_elev_masl": null, "name": "Castro De Las Cogotas", "operator": "ENRIQUE BENITO MARTIN", "outlet_cms": 448.0, "owner": "ESTADO", "owner_type": "Estado\nEstado", "province": "Ávila", "reservoir_type": "Dam reservoir", "river": "Adaja", "river_elev_masl": null, "sheet": "Cardeñosa (506)", "spillway_cms": 1490.7, "start": 1995.0, "system": "Alto Duero - Riaza - Adaja - Cega", "timeline": "In operation", "use_elec": true, "use_fcon": true, "use_fish": true, "use_ind": false, "use_irri": false, "use_live": true, "use_mine": false, "use_navi": true, "use_othr": false, "use_pcon": true, "use_recr": true, "use_supp": true, "users": "CARDEÑOSA\nMCO. TIERRAS DE ARÉVALO Y MEDINA DEL CAMPO-OLMEDO\nCOMUNIDAD DE LA MORAÑA\nAQUALIA", "x_etrs89": "356625", "y_etrs89": "4509667", "years_annual": 27.0, "years_monthly": 28.0, "level": 0, "storage": 1, "outflow": 1, "inflow": 1, "years_daily": 26, "dod_m": 0.069022379269729095, "dor_d": 222.0 }, "geometry": { "type": "Point", "coordinates": [ -4.697722105208987, 40.72545691888152 ] } },
{ "type": "Feature", "properties": { "id": 2043, "active": 1, "administration": "C.H. DUERO", "area_skm": 0.70473431848379264, "basin": "DUERO", "cap_mcm": 7.4, "catch_skm": 153.0, "category": "A", "comment": "LOS DATOS DE 2008-09 ESTAN PENDIENTES DE REVISION                                                                       ", "dam_elev_masl": 1104.5, "dam_hgt_m": null, "dam_len_m": 248.0, "dam_type": "Arch dam", "dis_avg_mcm": null, "elev_masl": 1102.0, "end": 2021.0, "estate": "Castilla y León", "id_basin": 2217.0, "id_gdw": 16134.0, "id_idr_dam": 421.0, "id_idr_res": 1761.0, "id_municipality": 40181.0, "id_saih": null, "id_sheet": 483.0, "lat_wgs84": 40.5453, "lon_wgs84": -4.0212, "main_use": "Water supply", "municipality": "San Ildefonso o La Granja", "mwl_elev_masl": 1103.5, "name": "Ponton Alto", "operator": "ENRIQUE BENITO MARTIN", "outlet_cms": 39.64, "owner": "ESTADO", "owner_type": "Estado\nEstado", "province": "Segovia", "reservoir_type": "Dam reservoir", "river": "Eresma", "river_elev_masl": 48.0, "sheet": "SEGOVIA (483)", "spillway_cms": 629.0, "start": 1995.0, "system": "ALTO DUERO - RIAZA - ADAJA - CEGA", "timeline": "In operation", "use_elec": false, "use_fcon": false, "use_fish": true, "use_ind": false, "use_irri": false, "use_live": false, "use_mine": false, "use_navi": true, "use_othr": false, "use_pcon": true, "use_recr": true, "use_supp": true, "users": "-", "x_etrs89": "412702", "y_etrs89": "4529817", "years_annual": 27.0, "years_monthly": 28.0, "level": 0, "storage": 1, "outflow": 1, "inflow": 1, "years_daily": 26, "dod_m": 0.048366013071895426, "dor_d": 29.0 }, "geometry": { "type": "Point", "coordinates": [ -4.036665411420513, 40.914805488968248 ] } },
{ "type": "Feature", "properties": { "id": 2047, "active": 1, "administration": "C.H. DUERO", "area_skm": 6.9370677787138186, "basin": "DUERO", "cap_mcm": 110.0, "catch_skm": 448.0, "category": "A", "comment": null, "dam_elev_masl": 777.5, "dam_hgt_m": 69.0, "dam_len_m": 420.0, "dam_type": "Arch-gravity dam", "dis_avg_mcm": null, "elev_masl": 772.5, "end": 2021.0, "estate": "Castilla y León", "id_basin": 2364.0, "id_gdw": 7231.0, "id_idr_dam": 384.0, "id_idr_res": 1157.0, "id_municipality": 37136.0, "id_saih": null, "id_sheet": 550.0, "lat_wgs84": 40.2645, "lon_wgs84": -6.3441, "main_use": "Water supply", "municipality": "Fuenteguinaldo", "mwl_elev_masl": 772.0, "name": "Irueña", "operator": "ISIDRO LAZARO MARTÍN", "outlet_cms": 164.0, "owner": "Estado", "owner_type": "Estado\nEstado", "province": "Salamanca", "reservoir_type": "Dam reservoir", "river": "Águeda", "river_elev_masl": 75.45, "sheet": "Fuenteguinaldo (550)", "spillway_cms": null, "start": 2014.0, "system": "Tormes - Águeda", "timeline": "In operation", "use_elec": true, "use_fcon": true, "use_fish": true, "use_ind": false, "use_irri": false, "use_live": true, "use_mine": false, "use_navi": true, "use_othr": false, "use_pcon": true, "use_recr": true, "use_supp": true, "users": "-\n-\n-\n-", "x_etrs89": "196543", "y_etrs89": "4483383", "years_annual": 8.0, "years_monthly": 8.0, "level": 0, "storage": 1, "outflow": 1, "inflow": 1, "years_daily": 7, "dod_m": 0.24553571428571427, "dor_d": 207.0 }, "geometry": { "type": "Point", "coordinates": [ -6.57804198182262, 40.445739084387107 ] } },
{ "type": "Feature", "properties": { "id": 2125, "active": 1, "administration": "C.H. DUERO", "area_skm": 1.0050975415428463, "basin": "DUERO", "cap_mcm": 37.0, "catch_skm": 20.0, "category": "A", "comment": "LOS DATOS DE 2011-12 ESTAN PENDIENTES DE REVISION                                                                       ", "dam_elev_masl": null, "dam_hgt_m": null, "dam_len_m": null, "dam_type": "Arch-gravity dam", "dis_avg_mcm": null, "elev_masl": 1297.6, "end": 2021.0, "estate": "Castilla y León", "id_basin": 2274.0, "id_gdw": 15989.0, "id_idr_dam": 293.0, "id_idr_res": 549.0, "id_municipality": 24901.0, "id_saih": null, "id_sheet": 103.0, "lat_wgs84": 42.5539, "lon_wgs84": -5.4533, "main_use": "Water supply", "municipality": "Villamanín", "mwl_elev_masl": null, "name": "Casares De Arbas", "operator": "PABLO GIMENEZ OLAVARRÍA", "outlet_cms": 74.8, "owner": "PARTICULAR", "owner_type": "Sociedades Estatales", "province": "León", "reservoir_type": "Dam reservoir", "river": "Casares", "river_elev_masl": null, "sheet": "LA POLA DE GORDÓN (103)", "spillway_cms": null, "start": 2009.0, "system": null, "timeline": "In operation", "use_elec": false, "use_fcon": true, "use_fish": true, "use_ind": false, "use_irri": false, "use_live": false, "use_mine": false, "use_navi": true, "use_othr": false, "use_pcon": true, "use_recr": true, "use_supp": true, "users": "CAUDAL ECOLÓGICO, UNIÓN FENOSA\nCAUDAL ECOLÓGICO, UNIÓN FENOSA", "x_etrs89": "274836", "y_etrs89": "4756460", "years_annual": 13.0, "years_monthly": 13.0, "level": 0, "storage": 1, "outflow": 1, "inflow": 1, "years_daily": 12, "dod_m": 1.85, "dor_d": 389.0 }, "geometry": { "type": "Point", "coordinates": [ -5.759145606768923, 42.927519969561899 ] } },
{ "type": "Feature", "properties": { "id": 3006, "active": 1, "administration": "C.H. TAJO", "area_skm": 33.88487467384094, "basin": "TAJO", "cap_mcm": 835.0, "catch_skm": 3843.0, "category": "A", "comment": null, "dam_elev_masl": null, "dam_hgt_m": 87.0, "dam_len_m": null, "dam_type": "Gravity dam: vibrated concrete", "dis_avg_mcm": null, "elev_masl": 718.0, "end": 2021.0, "estate": "Castilla - La Mancha", "id_basin": 3029.0, "id_gdw": 1480.0, "id_idr_dam": 752.0, "id_idr_res": 869.0, "id_municipality": 19245.0, "id_saih": null, "id_sheet": 562.0, "lat_wgs84": 40.2934, "lon_wgs84": -2.4501, "main_use": "Water supply", "municipality": "Sacedón", "mwl_elev_masl": null, "name": "Entrepeñas", "operator": "LUÍS RABASA DIAZ", "outlet_cms": 3540.24, "owner": "ESTADO", "owner_type": "Estado\nEstado", "province": "Guadalajara", "reservoir_type": "Dam reservoir", "river": "Tajo", "river_elev_masl": null, "sheet": "SACEDÓN (562)", "spillway_cms": 1536.2, "start": 1980.0, "system": "MACROSISTEMA", "timeline": "In operation", "use_elec": true, "use_fcon": true, "use_fish": true, "use_ind": false, "use_irri": false, "use_live": true, "use_mine": false, "use_navi": true, "use_othr": false, "use_pcon": true, "use_recr": true, "use_supp": true, "users": "ESTADO (ALTO-TAJO)\n-\n-\nESTADO (ALTO-TAJO)", "x_etrs89": "521168", "y_etrs89": "4482467", "years_annual": 64.0, "years_monthly": 68.0, "level": 0, "storage": 1, "outflow": 1, "inflow": 1, "years_daily": 41, "dod_m": 0.21727816809784023, "dor_d": 741.0 }, "geometry": { "type": "Point", "coordinates": [ -2.7502099489407, 40.492633367147164 ] } },
{ "type": "Feature", "properties": { "id": 3007, "active": 1, "administration": "C.H. TAJO", "area_skm": 3.8737994383060945, "basin": "TAJO", "cap_mcm": 31.0, "catch_skm": 7406.0, "category": "A", "comment": null, "dam_elev_masl": null, "dam_hgt_m": 46.0, "dam_len_m": null, "dam_type": "Masonry dam", "dis_avg_mcm": null, "elev_masl": 642.0, "end": 2021.0, "estate": "Castilla - La Mancha", "id_basin": 3057.0, "id_gdw": 4163.0, "id_idr_dam": 744.0, "id_idr_res": 356.0, "id_municipality": 19022.0, "id_saih": null, "id_sheet": 562.0, "lat_wgs84": 40.2144, "lon_wgs84": -2.4907, "main_use": "Water supply", "municipality": "Almonacid de Zorita", "mwl_elev_masl": 586.0, "name": "Bolarque", "operator": "DAVID ALEJANDRO PÉREZ RODRÍGUEZ", "outlet_cms": 70.0, "owner": "PARTICULAR", "owner_type": "Privado", "province": "Guadalajara", "reservoir_type": "Dam reservoir", "river": "Tajo", "river_elev_masl": null, "sheet": "SACEDÓN (562)", "spillway_cms": 1984.0, "start": 1980.0, "system": "MACROSISTEMA", "timeline": "In operation", "use_elec": false, "use_fcon": true, "use_fish": true, "use_ind": false, "use_irri": false, "use_live": false, "use_mine": false, "use_navi": true, "use_othr": false, "use_pcon": true, "use_recr": true, "use_supp": true, "users": "UNION FENOSA: C.H. BOLARQUE I Y II\n-", "x_etrs89": "515396", "y_etrs89": "4467972", "years_annual": 64.0, "years_monthly": 67.0, "level": 0, "storage": 1, "outflow": 1, "inflow": 1, "years_daily": 41, "dod_m": 0.0041857953011072103, "dor_d": 13.0 }, "geometry": { "type": "Point", "coordinates": [ -2.818672288064778, 40.36217374382251 ] } },
{ "type": "Feature", "properties": { "id": 3008, "active": 1, "administration": "C.H. TAJO", "area_skm": 0.40025218845897587, "basin": "TAJO", "cap_mcm": 3.0, "catch_skm": 7462.0, "category": "A", "comment": null, "dam_elev_masl": null, "dam_hgt_m": null, "dam_len_m": null, "dam_type": "Gravity dam: vibrated concrete", "dis_avg_mcm": null, "elev_masl": 600.0, "end": 2021.0, "estate": "Castilla - La Mancha", "id_basin": 3057.0, "id_gdw": 35504.0, "id_idr_dam": 748.0, "id_idr_res": 2556.0, "id_municipality": 19335.0, "id_saih": null, "id_sheet": 561.0, "lat_wgs84": 40.2047, "lon_wgs84": -2.535, "main_use": "Water supply", "municipality": "Zorita de los Canes", "mwl_elev_masl": null, "name": "Zorita", "operator": "DAVID ALEJANDRO PÉREZ RODRÍGUEZ", "outlet_cms": 290.0, "owner": "PARTICULAR", "owner_type": "Privado", "province": "Guadalajara", "reservoir_type": "Dam reservoir", "river": "Tajo", "river_elev_masl": null, "sheet": "PASTRANA (561)", "spillway_cms": null, "start": 1980.0, "system": "MACROSISTEMA", "timeline": "In operation", "use_elec": true, "use_fcon": true, "use_fish": true, "use_ind": false, "use_irri": false, "use_live": true, "use_mine": false, "use_navi": true, "use_othr": false, "use_pcon": true, "use_recr": true, "use_supp": true, "users": "UNION FENOSA\nRIEGO TIERRAS DE ARANJUEZ\nMUNICIPIO DE SAYATÓN\nCENTRAL NUCLEAR JOSE CABRERA", "x_etrs89": "508729", "y_etrs89": "4466212", "years_annual": 55.0, "years_monthly": 55.0, "level": 0, "storage": 1, "outflow": 1, "inflow": 1, "years_daily": 41, "dod_m": 0.00040203698740284106, "dor_d": 3.0 }, "geometry": { "type": "Point", "coordinates": [ -2.89721736515252, 40.346413941004755 ] } },
{ "type": "Feature", "properties": { "id": 3009, "active": 1, "administration": "C.H. TAJO", "area_skm": 1.2652359143183594, "basin": "TAJO", "cap_mcm": 7.0, "catch_skm": 7789.0, "category": "A", "comment": null, "dam_elev_masl": null, "dam_hgt_m": null, "dam_len_m": null, "dam_type": "Gravity dam: vibrated concrete", "dis_avg_mcm": null, "elev_masl": 585.0, "end": 2021.0, "estate": "Castilla - La Mancha", "id_basin": 3059.0, "id_gdw": 16188.0, "id_idr_dam": 737.0, "id_idr_res": 122.0, "id_municipality": 19021.0, "id_saih": null, "id_sheet": 584.0, "lat_wgs84": 40.1627, "lon_wgs84": -2.5732, "main_use": "Water supply", "municipality": "Almoguera", "mwl_elev_masl": null, "name": "Almoguera", "operator": "DAVID ALEJANDRO PÉREZ RODRÍGUEZ", "outlet_cms": 290.0, "owner": "PARTICULAR", "owner_type": "Privado", "province": "Guadalajara", "reservoir_type": "Dam reservoir", "river": "Tajo", "river_elev_masl": null, "sheet": "MONDÉJAR (584)", "spillway_cms": 1900.0, "start": 1980.0, "system": "MACROSISTEMA", "timeline": "In operation", "use_elec": false, "use_fcon": true, "use_fish": true, "use_ind": false, "use_irri": false, "use_live": true, "use_mine": false, "use_navi": true, "use_othr": false, "use_pcon": true, "use_recr": true, "use_supp": true, "users": "UNION FENOSA: C. H. ALMOGUERA\nRIEGO DE LAS TIERRAS DE ALMOGUERA\nREGULACIÓN DE CAUDAL DEL TAJO HASTA ARANJUEZ", "x_etrs89": "503505", "y_etrs89": "4458195", "years_annual": 55.0, "years_monthly": 55.0, "level": 0, "storage": 1, "outflow": 1, "inflow": 1, "years_daily": 41, "dod_m": 0.00089870329952497106, "dor_d": 6.0 }, "geometry": { "type": "Point", "coordinates": [ -2.958773078863372, 40.274224556564384 ] } },
{ "type": "Feature", "properties": { "id": 3013, "active": 1, "administration": "C.H. TAJO", "area_skm": 0.87109405212809721, "basin": "TAJO", "cap_mcm": 5.0, "catch_skm": 19.9, "category": "A", "comment": null, "dam_elev_masl": 412.5, "dam_hgt_m": null, "dam_len_m": 232.0, "dam_type": "Gravity dam: vibrated concrete", "dis_avg_mcm": 33.14, "elev_masl": 411.0, "end": 2021.0, "estate": "Castilla - La Mancha", "id_basin": 3989.0, "id_gdw": null, "id_idr_dam": 861.0, "id_idr_res": 1772.0, "id_municipality": 45165.0, "id_saih": null, "id_sheet": 627.0, "lat_wgs84": 39.5947, "lon_wgs84": -4.5029, "main_use": "Water supply", "municipality": "Talavera de la Reina", "mwl_elev_masl": null, "name": "Portiña, La", "operator": "ANTONIO MARTÍN MARTÍN", "outlet_cms": null, "owner": "AYUNTAMIENTO", "owner_type": "Ayuntamientos y/o Diputaciones", "province": "Toledo", "reservoir_type": "Dam reservoir", "river": "Portiña", "river_elev_masl": 23.3, "sheet": "TALAVERA DE LA REINA (627)", "spillway_cms": null, "start": 1988.0, "system": "MACROSISTEMA", "timeline": "In operation", "use_elec": false, "use_fcon": false, "use_fish": true, "use_ind": false, "use_irri": false, "use_live": false, "use_mine": false, "use_navi": true, "use_othr": false, "use_pcon": true, "use_recr": true, "use_supp": true, "users": "AYUNTAMIENTO DE TALAVERA DE LA REINA", "x_etrs89": "342810", "y_etrs89": "4428993", "years_annual": 51.0, "years_monthly": 52.0, "level": 0, "storage": 1, "outflow": 1, "inflow": 1, "years_daily": 33, "dod_m": 0.25125628140703521, "dor_d": 1227.0 }, "geometry": { "type": "Point", "coordinates": [ -4.841351658816286, 39.996504220490479 ] } },
{ "type": "Feature", "properties": { "id": 3016, "active": 1, "administration": "C.H. TAJO", "area_skm": 9.4148681592522809, "basin": "TAJO", "cap_mcm": 166.0, "catch_skm": 36744.0, "category": "B", "comment": null, "dam_elev_masl": null, "dam_hgt_m": 62.0, "dam_len_m": null, "dam_type": "Gravity dam: vibrated concrete", "dis_avg_mcm": null, "elev_masl": 243.5, "end": 2021.0, "estate": "Extremadura", "id_basin": 3261.0, "id_gdw": 4205.0, "id_idr_dam": 697.0, "id_idr_res": 2280.0, "id_municipality": 10190.0, "id_saih": null, "id_sheet": 651.0, "lat_wgs84": 39.5, "lon_wgs84": -5.5914, "main_use": "Water supply", "municipality": "Torrejón el Rubio", "mwl_elev_masl": 243.5, "name": "Torrejon-Tajo", "operator": "EDUARDO ROJO MARTÍNEZ\nALBERTO VAQUERO MATEOS", "outlet_cms": 2688.0, "owner": "PARTICULAR", "owner_type": "Privado", "province": "Cáceres", "reservoir_type": "Dam reservoir", "river": "Tajo", "river_elev_masl": null, "sheet": "SERRADILLA (651)", "spillway_cms": null, "start": 1980.0, "system": "BAJO TAJO - EXTREMADURA", "timeline": "In operation", "use_elec": false, "use_fcon": false, "use_fish": true, "use_ind": false, "use_irri": false, "use_live": false, "use_mine": false, "use_navi": true, "use_othr": false, "use_pcon": true, "use_recr": true, "use_supp": true, "users": "IBERDROLA", "x_etrs89": "244376", "y_etrs89": "4413534", "years_annual": 54.0, "years_monthly": 54.0, "level": 0, "storage": 1, "outflow": 1, "inflow": 1, "years_daily": 41, "dod_m": 0.0045177443936424994, "dor_d": 23.0 }, "geometry": { "type": "Point", "coordinates": [ -5.987174316747195, 39.833372416858154 ] } },
{ "type": "Feature", "properties": { "id": 3019, "active": 1, "administration": "C.H. TAJO", "area_skm": 101.72475649401149, "basin": "TAJO", "cap_mcm": 3160.0, "catch_skm": 51916.0, "category": "A", "comment": null, "dam_elev_masl": 223.0, "dam_hgt_m": 135.0, "dam_len_m": 570.0, "dam_type": "Buttress dam", "dis_avg_mcm": 6435.0, "elev_masl": 218.0, "end": 2021.0, "estate": "Extremadura", "id_basin": 3371.0, "id_gdw": 1505.0, "id_idr_dam": 664.0, "id_idr_res": 1197.0, "id_municipality": 10008.0, "id_saih": null, "id_sheet": 648.0, "lat_wgs84": 39.435, "lon_wgs84": -6.5304, "main_use": "Water supply", "municipality": "Alcántara", "mwl_elev_masl": null, "name": "Alcantara", "operator": "EDUARDO ROJO MARTÍNEZ\nALBERTO VAQUERO MATEOS", "outlet_cms": 677.0, "owner": "PARTICULAR", "owner_type": "Privado", "province": "Cáceres", "reservoir_type": "Dam reservoir", "river": "Tajo", "river_elev_masl": 130.0, "sheet": "ALCÁNTARA (648)", "spillway_cms": null, "start": 1980.0, "system": "ÁRRAGO", "timeline": null, "use_elec": false, "use_fcon": false, "use_fish": true, "use_ind": false, "use_irri": false, "use_live": false, "use_mine": false, "use_navi": true, "use_othr": false, "use_pcon": true, "use_recr": true, "use_supp": true, "users": "IBERDROLA", "x_etrs89": "167086", "y_etrs89": "4405067", "years_annual": 52.0, "years_monthly": 53.0, "level": 0, "storage": 1, "outflow": 1, "inflow": 1, "years_daily": 41, "dod_m": 0.060867555281608754, "dor_d": 231.0 }, "geometry": { "type": "Point", "coordinates": [ -6.884352773568621, 39.730516268996901 ] } },
{ "type": "Feature", "properties": { "id": 3043, "active": 1, "administration": "C.H. TAJO", "area_skm": 83.264315955073258, "basin": "TAJO", "cap_mcm": 1639.0, "catch_skm": 3331.0, "category": "A", "comment": null, "dam_elev_masl": null, "dam_hgt_m": 79.0, "dam_len_m": null, "dam_type": "Gravity dam: vibrated concrete", "dis_avg_mcm": null, "elev_masl": 712.0, "end": 2021.0, "estate": "Castilla - La Mancha", "id_basin": 3054.0, "id_gdw": 1483.0, "id_idr_dam": 743.0, "id_idr_res": 391.0, "id_municipality": 16041.0, "id_saih": null, "id_sheet": 562.0, "lat_wgs84": 40.2355, "lon_wgs84": -2.4702, "main_use": "Water supply", "municipality": "Buendía", "mwl_elev_masl": 712.0, "name": "Buendia", "operator": "LUÍS RABASA DIAZ", "outlet_cms": 2328.0, "owner": "ESTADO", "owner_type": "Estado\nEstado", "province": "Cuenca", "reservoir_type": "Dam reservoir", "river": "Guadiela", "river_elev_masl": null, "sheet": "SACEDÓN (562)", "spillway_cms": null, "start": 1980.0, "system": "MACROSISTEMA", "timeline": "In operation", "use_elec": true, "use_fcon": true, "use_fish": true, "use_ind": false, "use_irri": false, "use_live": true, "use_mine": false, "use_navi": true, "use_othr": false, "use_pcon": true, "use_recr": true, "use_supp": true, "users": "ESTADO (SISTEMA ALTO-TAJO)\n-\n-\nALCOCER Y BUENDÍA", "x_etrs89": "518346", "y_etrs89": "4472034", "years_annual": 64.0, "years_monthly": 68.0, "level": 0, "storage": 1, "outflow": 1, "inflow": 1, "years_daily": 41, "dod_m": 0.49204443110177126, "dor_d": 1756.0 }, "geometry": { "type": "Point", "coordinates": [ -2.783811679112402, 40.39870920015985 ] } },
{ "type": "Feature", "properties": { "id": 3050, "active": 1, "administration": "C.H. TAJO", "area_skm": 2.4341401617735765, "basin": "TAJO", "cap_mcm": 57.0, "catch_skm": 376.0, "category": "A", "comment": null, "dam_elev_masl": null, "dam_hgt_m": 69.0, "dam_len_m": null, "dam_type": "Gravity dam: vibrated concrete", "dis_avg_mcm": null, "elev_masl": 923.5, "end": 2021.0, "estate": "Castilla - La Mancha", "id_basin": 3070.0, "id_gdw": 4116.0, "id_idr_dam": 767.0, "id_idr_res": 2348.0, "id_municipality": 19307.0, "id_saih": null, "id_sheet": 459.0, "lat_wgs84": 41.0013, "lon_wgs84": -3.1803, "main_use": "Water supply", "municipality": "Valdesotos", "mwl_elev_masl": null, "name": "Vado, El", "operator": "JUAN PABLO DE FRANCISCO DIAZ", "outlet_cms": 1092.0, "owner": "PARTICULAR", "owner_type": "Privado", "province": "Guadalajara", "reservoir_type": "Dam reservoir", "river": "Jarama", "river_elev_masl": null, "sheet": "TAMAJÓN (459)", "spillway_cms": null, "start": 1980.0, "system": "MACROSISTEMA", "timeline": "In operation", "use_elec": false, "use_fcon": false, "use_fish": true, "use_ind": false, "use_irri": false, "use_live": false, "use_mine": false, "use_navi": true, "use_othr": false, "use_pcon": true, "use_recr": true, "use_supp": true, "users": "COMUNIDAD DE MADRID: CANAL DE ISABEL II", "x_etrs89": "474706", "y_etrs89": "4539190", "years_annual": 64.0, "years_monthly": 73.0, "level": 0, "storage": 1, "outflow": 1, "inflow": 1, "years_daily": 41, "dod_m": 0.15159574468085107, "dor_d": 148.0 }, "geometry": { "type": "Point", "coordinates": [ -3.300771274069703, 41.003507620811916 ] } },
{ "type": "Feature", "properties": { "id": 3065, "active": 1, "administration": "C.H. TAJO", "area_skm": 2.5383787788530912, "basin": "TAJO", "cap_mcm": 32.0, "catch_skm": 282.0, "category": "A", "comment": null, "dam_elev_masl": null, "dam_hgt_m": 40.0, "dam_len_m": null, "dam_type": "Gravity dam: vibrated concrete", "dis_avg_mcm": null, "elev_masl": 885.0, "end": 2021.0, "estate": "Castilla - La Mancha", "id_basin": 3094.0, "id_gdw": 4109.0, "id_idr_dam": 763.0, "id_idr_res": 1590.0, "id_municipality": 19208.0, "id_saih": null, "id_sheet": 460.0, "lat_wgs84": 41.0302, "lon_wgs84": -2.5624, "main_use": "Water supply", "municipality": "Pálmaces de Jadraque", "mwl_elev_masl": 885.0, "name": "Palmaces", "operator": "LUÍS RABASA DIAZ", "outlet_cms": null, "owner": "ESTADO", "owner_type": "Estado\nEstado", "province": "Guadalajara", "reservoir_type": "Dam reservoir", "river": "Cañamares", "river_elev_masl": null, "sheet": "HIENDELAENCINA (460)", "spillway_cms": null, "start": 1980.0, "system": "MACROSISTEMA", "timeline": "In operation", "use_elec": false, "use_fcon": false, "use_fish": true, "use_ind": false, "use_irri": false, "use_live": false, "use_mine": false, "use_navi": true, "use_othr": false, "use_pcon": true, "use_recr": true, "use_supp": true, "users": "-", "x_etrs89": "505041", "y_etrs89": "4544367", "years_annual": 64.0, "years_monthly": 74.0, "level": 0, "storage": 1, "outflow": 1, "inflow": 1, "years_daily": 41, "dod_m": 0.11347517730496454, "dor_d": 431.0 }, "geometry": { "type": "Point", "coordinates": [ -2.940014720480147, 41.050519831737866 ] } },
{ "type": "Feature", "properties": { "id": 3066, "active": 1, "administration": "C.H. TAJO", "area_skm": 3.0588128858133157, "basin": "TAJO", "cap_mcm": 35.0, "catch_skm": 359.0, "category": "A", "comment": null, "dam_elev_masl": null, "dam_hgt_m": null, "dam_len_m": null, "dam_type": "Gravity dam: Roller-Compacted Concrete", "dis_avg_mcm": null, "elev_masl": 907.0, "end": 2021.0, "estate": "Castilla - La Mancha", "id_basin": 3088.0, "id_gdw": 27919.0, "id_idr_dam": 753.0, "id_idr_res": 216.0, "id_municipality": 19257.0, "id_saih": null, "id_sheet": 461.0, "lat_wgs84": 41.0432, "lon_wgs84": -2.4708, "main_use": "Water supply", "municipality": "Sigüenza", "mwl_elev_masl": 909.7, "name": "Atance, El", "operator": null, "outlet_cms": 272.4, "owner": "ESTADO", "owner_type": "Estado\nEstado", "province": "Guadalajara", "reservoir_type": "Dam reservoir", "river": "Salado", "river_elev_masl": null, "sheet": "SIGÜENZA (461)", "spillway_cms": 390.0, "start": 2007.0, "system": "MACROSISTEMA", "timeline": "In operation", "use_elec": false, "use_fcon": true, "use_fish": true, "use_ind": false, "use_irri": false, "use_live": true, "use_mine": false, "use_navi": true, "use_othr": false, "use_pcon": true, "use_recr": true, "use_supp": true, "users": "MANCOMUNIDAD DE REGANTES DEL HENARES\nPERMISO DE CANOAS AL ALBERGUE RURAL EL MOLINO\nMANCOMUNIDAD DE AGUAS DEL SORBE (EN CASO D", "x_etrs89": "518011", "y_etrs89": "4547164", "years_annual": 15.0, "years_monthly": 16.0, "level": 0, "storage": 1, "outflow": 1, "inflow": 1, "years_daily": 14, "dod_m": 0.097493036211699163, "dor_d": 883.0 }, "geometry": { "type": "Point", "coordinates": [ -2.785597311063981, 41.075531752661668 ] } },
{ "type": "Feature", "properties": { "id": 3069, "active": 1, "administration": "C.H. TAJO", "area_skm": 9.6111418916196865, "basin": "TAJO", "cap_mcm": 91.0, "catch_skm": 241.0, "category": null, "comment": null, "dam_elev_masl": null, "dam_hgt_m": 40.0, "dam_len_m": null, "dam_type": "Masonry dam", "dis_avg_mcm": null, "elev_masl": 894.0, "end": 2021.0, "estate": "Comunidad de Madrid", "id_basin": 3119.0, "id_gdw": 4141.0, "id_idr_dam": 814.0, "id_idr_res": 1324.0, "id_municipality": 28082.0, "id_saih": null, "id_sheet": 509.0, "lat_wgs84": 40.4224, "lon_wgs84": -3.4907, "main_use": "Water supply", "municipality": "Manzanares el Real", "mwl_elev_masl": null, "name": "Santillana", "operator": "JUAN PABLO DE FRANCISCO DIAZ", "outlet_cms": null, "owner": "PARTICULAR", "owner_type": "Privado", "province": "Madrid", "reservoir_type": "Dam reservoir", "river": "Manzanares", "river_elev_masl": null, "sheet": "TORRELAGUNA (509)", "spillway_cms": null, "start": 1980.0, "system": "MACROSISTEMA", "timeline": "Inundated", "use_elec": false, "use_fcon": true, "use_fish": true, "use_ind": false, "use_irri": false, "use_live": false, "use_mine": false, "use_navi": true, "use_othr": false, "use_pcon": true, "use_recr": true, "use_supp": true, "users": "-", "x_etrs89": "430841", "y_etrs89": "4506528", "years_annual": 64.0, "years_monthly": 77.0, "level": 0, "storage": 1, "outflow": 1, "inflow": 1, "years_daily": 41, "dod_m": 0.37759336099585061, "dor_d": 396.0 }, "geometry": { "type": "Point", "coordinates": [ -3.818705555943483, 40.706762388318289 ] } },
{ "type": "Feature", "properties": { "id": 3073, "active": 1, "administration": "C.H. TAJO", "area_skm": 12.21415150034769, "basin": "TAJO", "cap_mcm": 133.0, "catch_skm": 751.6, "category": "A", "comment": "DATOS 2013-14 PROVISIONALES PENDIENTES DE REVISION                                                                      ", "dam_elev_masl": 689.88, "dam_hgt_m": 34.0, "dam_len_m": 712.0, "dam_type": "Embankment dam: homogeneous", "dis_avg_mcm": 67.5, "elev_masl": 685.4, "end": 2021.0, "estate": "Castilla - La Mancha", "id_basin": 3158.0, "id_gdw": 4219.0, "id_idr_dam": 878.0, "id_idr_res": 918.0, "id_municipality": 45166.0, "id_saih": null, "id_sheet": 686.0, "lat_wgs84": 39.3903, "lon_wgs84": -3.3905, "main_use": "Water supply", "municipality": "Tembleque", "mwl_elev_masl": null, "name": "Finisterre", "operator": "JOSÉ MANUEL RODRIGUEZ HERNANDE", "outlet_cms": 39.8, "owner": "ESTADO", "owner_type": "Estado\nEstado", "province": "Toledo", "reservoir_type": "Dam reservoir", "river": "Algodor", "river_elev_masl": 46.9, "sheet": "TURLEQUE (686)", "spillway_cms": null, "start": 2008.0, "system": "MACROSISTEMA", "timeline": "In operation", "use_elec": false, "use_fcon": true, "use_fish": true, "use_ind": false, "use_irri": false, "use_live": false, "use_mine": false, "use_navi": true, "use_othr": false, "use_pcon": true, "use_recr": true, "use_supp": true, "users": "MANCOMUNIDAD DEL ALGODOR Y REGANTES DE ALGODOR\nMANCOMUNIDAD DEL ALGORDOR Y REGANTES EL ALGODOR", "x_etrs89": "444116", "y_etrs89": "4389190", "years_annual": 28.0, "years_monthly": 29.0, "level": 0, "storage": 1, "outflow": 1, "inflow": 1, "years_daily": 13, "dod_m": 0.17695582756785525, "dor_d": 18738.0 }, "geometry": { "type": "Point", "coordinates": [ -3.651378666994832, 39.650680048543038 ] } },
{ "type": "Feature", "properties": { "id": 3074, "active": 1, "administration": "C.H. TAJO", "area_skm": 0.94910436659218833, "basin": "TAJO", "cap_mcm": 8.0, "catch_skm": 1156.0, "category": "A", "comment": "DATOS 2013-14 PROVISIONALES PENDIENTES DE REVISION                                                                      ", "dam_elev_masl": null, "dam_hgt_m": null, "dam_len_m": null, "dam_type": "Gravity dam: vibrated concrete", "dis_avg_mcm": null, "elev_masl": 552.0, "end": 2021.0, "estate": "Castilla - La Mancha", "id_basin": 3158.0, "id_gdw": 16250.0, "id_idr_dam": 900.0, "id_idr_res": 598.0, "id_municipality": 45191.0, "id_saih": null, "id_sheet": 658.0, "lat_wgs84": 39.4822, "lon_wgs84": -3.451, "main_use": "Water supply", "municipality": "Villamuelas", "mwl_elev_masl": 561.0, "name": "Castro, El", "operator": null, "outlet_cms": 27.95, "owner": "ESTADO", "owner_type": "Estado\nEstado", "province": "Toledo", "reservoir_type": "Dam reservoir", "river": "Algodor", "river_elev_masl": null, "sheet": "MORA (658)", "spillway_cms": 1130.0, "start": 2008.0, "system": "MACROSISTEMA", "timeline": "In operation", "use_elec": false, "use_fcon": false, "use_fish": true, "use_ind": false, "use_irri": false, "use_live": false, "use_mine": false, "use_navi": true, "use_othr": false, "use_pcon": true, "use_recr": true, "use_supp": true, "users": "ESTADO", "x_etrs89": "435574", "y_etrs89": "4406499", "years_annual": 28.0, "years_monthly": 29.0, "level": 0, "storage": 1, "outflow": 1, "inflow": 1, "years_daily": 13, "dod_m": 0.006920415224913495, "dor_d": 801.0 }, "geometry": { "type": "Point", "coordinates": [ -3.752629711992227, 39.806023607316661 ] } },
{ "type": "Feature", "properties": { "id": 3079, "active": 1, "administration": "C.H. TAJO", "area_skm": 4.3335667798841788, "basin": "TAJO", "cap_mcm": 64.0, "catch_skm": 555.0, "category": "A", "comment": null, "dam_elev_masl": null, "dam_hgt_m": 62.0, "dam_len_m": null, "dam_type": "Arch dam", "dis_avg_mcm": null, "elev_masl": 959.5, "end": 2013.0, "estate": "Castilla - La Mancha", "id_basin": 3131.0, "id_gdw": 4130.0, "id_idr_dam": 766.0, "id_idr_res": 2190.0, "id_municipality": 19260.0, "id_saih": null, "id_sheet": 487.0, "lat_wgs84": 40.5021, "lon_wgs84": -2.3703, "main_use": "Water supply", "municipality": "El Sotillo", "mwl_elev_masl": 962.1, "name": "Tajera, La", "operator": null, "outlet_cms": 57.07, "owner": "PARTICULAR", "owner_type": "Estado\nEstado", "province": "Guadalajara", "reservoir_type": "Dam reservoir", "river": "Tajuña", "river_elev_masl": null, "sheet": "LEDANCA (487)", "spillway_cms": null, "start": 1994.0, "system": "MACROSISTEMA", "timeline": "In operation", "use_elec": false, "use_fcon": true, "use_fish": true, "use_ind": false, "use_irri": false, "use_live": true, "use_mine": false, "use_navi": true, "use_othr": false, "use_pcon": true, "use_recr": true, "use_supp": true, "users": "RIEGO DE LA VEGA DE TAJUÑA, ABASTECIMIENTO MANCOMUNIDAD ALMOGUERA-MONDEJAR\nESTADO\nESTADO", "x_etrs89": "532251", "y_etrs89": "4520967", "years_annual": 28.0, "years_monthly": 29.0, "level": 0, "storage": 1, "outflow": 1, "inflow": 1, "years_daily": 19, "dod_m": 0.11531531531531532, "dor_d": 753.0 }, "geometry": { "type": "Point", "coordinates": [ -2.617452188315597, 40.839106373729024 ] } },
{ "type": "Feature", "properties": { "id": 3111, "active": 1, "administration": "C.H. TAJO", "area_skm": 8.7966076736937531, "basin": "TAJO", "cap_mcm": 201.0, "catch_skm": 1057.0, "category": "A", "comment": null, "dam_elev_masl": null, "dam_hgt_m": 91.0, "dam_len_m": null, "dam_type": "Gravity dam: vibrated concrete", "dis_avg_mcm": null, "elev_masl": 729.1, "end": 2021.0, "estate": "Castilla y León", "id_basin": 3210.0, "id_gdw": 4157.0, "id_idr_dam": 504.0, "id_idr_res": 401.0, "id_municipality": 5241.0, "id_saih": null, "id_sheet": 556.0, "lat_wgs84": 40.2529, "lon_wgs84": -4.3202, "main_use": "Water supply", "municipality": "El Tiemblo", "mwl_elev_masl": null, "name": "Burguillo, El", "operator": "SANTIAGO BUJAN", "outlet_cms": 1017.6, "owner": "ESTADO", "owner_type": "Estado\nEstado", "province": "Ávila", "reservoir_type": "Dam reservoir", "river": "Alberche", "river_elev_masl": null, "sheet": "NAVALUENGA (556)", "spillway_cms": 1313.7, "start": 1980.0, "system": "MACROSISTEMA", "timeline": "In operation", "use_elec": false, "use_fcon": true, "use_fish": true, "use_ind": false, "use_irri": false, "use_live": true, "use_mine": false, "use_navi": true, "use_othr": false, "use_pcon": true, "use_recr": true, "use_supp": true, "users": "BARRACO\nCOMUNIDAD DE REGANTES DEL CANAL BAJO DEL ALBERCHE\nFENOSA", "x_etrs89": "369875", "y_etrs89": "4476038", "years_annual": 64.0, "years_monthly": 82.0, "level": 0, "storage": 1, "outflow": 1, "inflow": 1, "years_daily": 41, "dod_m": 0.19016083254493851, "dor_d": 218.0 }, "geometry": { "type": "Point", "coordinates": [ -4.53394982397026, 40.424806584986932 ] } },
{ "type": "Feature", "properties": { "id": 3112, "active": 1, "administration": "C.H. TAJO", "area_skm": 6.2681949774884886, "basin": "TAJO", "cap_mcm": 138.0, "catch_skm": 1923.1, "category": "A", "comment": null, "dam_elev_masl": 583.0, "dam_hgt_m": 78.0, "dam_len_m": 234.6, "dam_type": "Gravity dam: vibrated concrete", "dis_avg_mcm": 576.0, "elev_masl": 580.0, "end": 2021.0, "estate": "Comunidad de Madrid", "id_basin": 3220.0, "id_gdw": 4162.0, "id_idr_dam": 807.0, "id_idr_res": 2017.0, "id_municipality": 28133.0, "id_saih": null, "id_sheet": 557.0, "lat_wgs84": 40.2222, "lon_wgs84": -4.1843, "main_use": "Water supply", "municipality": "San Martín de Valdeiglesias", "mwl_elev_masl": null, "name": "San Juan", "operator": "SANTIAGO BUJAN", "outlet_cms": 87.53, "owner": "ESTADO", "owner_type": "Estado\nEstado", "province": "Madrid", "reservoir_type": "Dam reservoir", "river": "Alberche", "river_elev_masl": 78.0, "sheet": "SAN MARTÍN DE VALDEIGLESIAS (557)", "spillway_cms": null, "start": 1980.0, "system": "MACROSISTEMA", "timeline": "In operation", "use_elec": false, "use_fcon": true, "use_fish": true, "use_ind": false, "use_irri": false, "use_live": true, "use_mine": false, "use_navi": true, "use_othr": false, "use_pcon": true, "use_recr": true, "use_supp": true, "users": "CANAL DE ISABEL II\nC.R. DEL CANAL BAJO ALBERCHE\nUNION FENOSA", "x_etrs89": "388620", "y_etrs89": "4469968", "years_annual": 64.0, "years_monthly": 67.0, "level": 0, "storage": 1, "outflow": 1, "inflow": 1, "years_daily": 41, "dod_m": 0.071759138890333321, "dor_d": 118.0 }, "geometry": { "type": "Point", "coordinates": [ -4.311976288550405, 40.372855737295275 ] } },
{ "type": "Feature", "properties": { "id": 3113, "active": 1, "administration": "C.H. TAJO", "area_skm": 0.33153190537879779, "basin": "TAJO", "cap_mcm": 15.0, "catch_skm": 2019.7, "category": "A", "comment": null, "dam_elev_masl": 519.5, "dam_hgt_m": 59.0, "dam_len_m": 145.0, "dam_type": "Gravity dam: vibrated concrete", "dis_avg_mcm": 479.0, "elev_masl": 518.5, "end": 2021.0, "estate": "Comunidad de Madrid", "id_basin": 3220.0, "id_gdw": 6029.0, "id_idr_dam": 840.0, "id_idr_res": 1699.0, "id_municipality": 28133.0, "id_saih": null, "id_sheet": 580.0, "lat_wgs84": 40.196, "lon_wgs84": -4.1457, "main_use": "Water supply", "municipality": "San Martín de Valdeiglesias", "mwl_elev_masl": null, "name": "Picadas", "operator": "MANUEL MENENDEZ PRIETO", "outlet_cms": 44.3, "owner": "ESTADO", "owner_type": "Estado\nEstado", "province": "Madrid", "reservoir_type": "Dam reservoir", "river": "Alberche", "river_elev_masl": 58.5, "sheet": "MÉNTRIDA (580)", "spillway_cms": null, "start": 1980.0, "system": "MACROSISTEMA", "timeline": "In operation", "use_elec": false, "use_fcon": true, "use_fish": true, "use_ind": false, "use_irri": false, "use_live": true, "use_mine": false, "use_navi": true, "use_othr": false, "use_pcon": true, "use_recr": true, "use_supp": true, "users": "CANAL DE ISABEL II\nC. REGANTES BAJO ALBERCHE\nUNION FENOSA", "x_etrs89": "393885", "y_etrs89": "4465503", "years_annual": 55.0, "years_monthly": 55.0, "level": 0, "storage": 1, "outflow": 1, "inflow": 1, "years_daily": 41, "dod_m": 0.0074268455711244243, "dor_d": 13.0 }, "geometry": { "type": "Point", "coordinates": [ -4.249230245737381, 40.333325904033813 ] } },
{ "type": "Feature", "properties": { "id": 3114, "active": 1, "administration": "C.H. TAJO", "area_skm": 0.34501530620863269, "basin": "TAJO", "cap_mcm": 4.0, "catch_skm": 1076.0, "category": "A", "comment": null, "dam_elev_masl": null, "dam_hgt_m": null, "dam_len_m": null, "dam_type": "Gravity dam: vibrated concrete", "dis_avg_mcm": null, "elev_masl": 647.5, "end": 2021.0, "estate": "Castilla y León", "id_basin": 3210.0, "id_gdw": 16173.0, "id_idr_dam": 525.0, "id_idr_res": 658.0, "id_municipality": 5241.0, "id_saih": null, "id_sheet": 557.0, "lat_wgs84": 40.2521, "lon_wgs84": -4.301, "main_use": "Water supply", "municipality": "El Tiemblo", "mwl_elev_masl": null, "name": "Charco Del Cura", "operator": "SANTIAGO BUJAN", "outlet_cms": 25.0, "owner": "ESTADO", "owner_type": "Estado\nEstado", "province": "Ávila", "reservoir_type": "Dam reservoir", "river": "Alberche", "river_elev_masl": null, "sheet": "SAN MARTÍN DE VALDEIGLESIAS (557)", "spillway_cms": null, "start": 1980.0, "system": "MACROSISTEMA", "timeline": "In operation", "use_elec": false, "use_fcon": true, "use_fish": true, "use_ind": false, "use_irri": false, "use_live": true, "use_mine": false, "use_navi": true, "use_othr": false, "use_pcon": true, "use_recr": true, "use_supp": true, "users": "UNION FENOSA\n-\n-", "x_etrs89": "372520", "y_etrs89": "4475743", "years_annual": 55.0, "years_monthly": 55.0, "level": 0, "storage": 1, "outflow": 1, "inflow": 1, "years_daily": 41, "dod_m": 0.0037174721189591076, "dor_d": 5.0 }, "geometry": { "type": "Point", "coordinates": [ -4.502720966789414, 40.422559244300402 ] } },
{ "type": "Feature", "properties": { "id": 3115, "active": 1, "administration": "C.H. TAJO", "area_skm": 3.053125314085829, "basin": "TAJO", "cap_mcm": 7.0, "catch_skm": 4002.0, "category": "A", "comment": null, "dam_elev_masl": null, "dam_hgt_m": null, "dam_len_m": null, "dam_type": "Embankment dam: concrete-face", "dis_avg_mcm": null, "elev_masl": 384.1, "end": 2021.0, "estate": "Castilla - La Mancha", "id_basin": 3238.0, "id_gdw": 8911.0, "id_idr_dam": 902.0, "id_idr_res": 604.0, "id_municipality": 45045.0, "id_saih": null, "id_sheet": 602.0, "lat_wgs84": 40.0047, "lon_wgs84": -4.4223, "main_use": "Water supply", "municipality": "Cazalegas", "mwl_elev_masl": 385.4, "name": "Cazalegas", "operator": null, "outlet_cms": 180.0, "owner": "ESTADO", "owner_type": "Estado\nEstado", "province": "Toledo", "reservoir_type": "Dam reservoir", "river": "Alberche", "river_elev_masl": null, "sheet": "NAVAMORCUENDE (602)", "spillway_cms": 2410.0, "start": 1980.0, "system": "MACROSISTEMA", "timeline": "In operation", "use_elec": false, "use_fcon": true, "use_fish": true, "use_ind": false, "use_irri": false, "use_live": false, "use_mine": false, "use_navi": true, "use_othr": false, "use_pcon": true, "use_recr": true, "use_supp": true, "users": "TALAVERA DE LA REINA\nCOMUNIDAD DE REGANTES DEL CANAL DEL ALBERCHE", "x_etrs89": "354380", "y_etrs89": "4430603", "years_annual": 64.0, "years_monthly": 64.0, "level": 0, "storage": 1, "outflow": 1, "inflow": 1, "years_daily": 41, "dod_m": 0.0017491254372813594, "dor_d": 6.0 }, "geometry": { "type": "Point", "coordinates": [ -4.706238578578882, 40.013077320547431 ] } },
{ "type": "Feature", "properties": { "id": 3127, "active": 1, "administration": "C.H. TAJO", "area_skm": 12.537480257623541, "basin": "TAJO", "cap_mcm": 82.0, "catch_skm": 1754.0, "category": "A", "comment": null, "dam_elev_masl": 308.8, "dam_hgt_m": 38.0, "dam_len_m": 123.35, "dam_type": "Gravity dam: vibrated concrete", "dis_avg_mcm": 824.0, "elev_masl": 307.3, "end": 2021.0, "estate": "Castilla y León", "id_basin": 3280.0, "id_gdw": 1494.0, "id_idr_dam": 867.0, "id_idr_res": 1951.0, "id_municipality": 45125.0, "id_saih": null, "id_sheet": 600.0, "lat_wgs84": 40.0636, "lon_wgs84": -5.1926, "main_use": "Water supply", "municipality": "Oropesa", "mwl_elev_masl": null, "name": "Rosarito", "operator": "MARIANO PASCUAL LAGUNA", "outlet_cms": 1800.0, "owner": "ESTADO", "owner_type": "Estado\nEstado", "province": "Toledo", "reservoir_type": "Dam reservoir", "river": "Tiétar", "river_elev_masl": 37.5, "sheet": "VILLANUEVA DE LA VERA (600)", "spillway_cms": 1782.3, "start": 1980.0, "system": "TIÉTAR", "timeline": "In operation", "use_elec": false, "use_fcon": true, "use_fish": true, "use_ind": false, "use_irri": false, "use_live": false, "use_mine": false, "use_navi": true, "use_othr": false, "use_pcon": true, "use_recr": true, "use_supp": true, "users": "ESTADO/ZONA REGABLE DEL TIÉTAR\n-", "x_etrs89": "301954", "y_etrs89": "4442549", "years_annual": 64.0, "years_monthly": 64.0, "level": 0, "storage": 1, "outflow": 1, "inflow": 1, "years_daily": 41, "dod_m": 0.046750285062713795, "dor_d": 52.0 }, "geometry": { "type": "Point", "coordinates": [ -5.323756676728521, 40.109951074123892 ] } },
{ "type": "Feature", "properties": { "id": 3128, "active": 1, "administration": "C.H. TAJO", "area_skm": 3.5469892367086269, "basin": "TAJO", "cap_mcm": 22.0, "catch_skm": 4468.0, "category": "C", "comment": null, "dam_elev_masl": null, "dam_hgt_m": 30.0, "dam_len_m": null, "dam_type": "Gravity dam: vibrated concrete", "dis_avg_mcm": null, "elev_masl": 222.0, "end": 2021.0, "estate": "Extremadura", "id_basin": 3296.0, "id_gdw": 4203.0, "id_idr_dam": 696.0, "id_idr_res": 2281.0, "id_municipality": 10182.0, "id_saih": null, "id_sheet": 623.0, "lat_wgs84": 39.5013, "lon_wgs84": -5.5929, "main_use": "Water supply", "municipality": "Toril", "mwl_elev_masl": 223.0, "name": "Torrejon-Tietar", "operator": "EDUARDO ROJO MARTÍNEZ\nALBERTO VAQUERO MATEOS", "outlet_cms": 970.0, "owner": "PARTICULAR", "owner_type": "Privado", "province": "Cáceres", "reservoir_type": "Dam reservoir", "river": "Tiétar", "river_elev_masl": null, "sheet": "MALPARTIDA DE PLASENCIA (623)", "spillway_cms": null, "start": 1980.0, "system": "TIÉTAR", "timeline": "In operation", "use_elec": false, "use_fcon": false, "use_fish": true, "use_ind": false, "use_irri": false, "use_live": false, "use_mine": false, "use_navi": true, "use_othr": false, "use_pcon": true, "use_recr": true, "use_supp": true, "users": "IBERDROLA", "x_etrs89": "244041", "y_etrs89": "4413944", "years_annual": 54.0, "years_monthly": 54.0, "level": 0, "storage": 1, "outflow": 1, "inflow": 1, "years_daily": 41, "dod_m": 0.0049239033124440466, "dor_d": 5.0 }, "geometry": { "type": "Point", "coordinates": [ -5.991244215209551, 39.836960674485454 ] } },
{ "type": "Feature", "properties": { "id": 3141, "active": 1, "administration": "C.H. TAJO", "area_skm": 1.0453201056553576, "basin": "TAJO", "cap_mcm": 13.0, "catch_skm": 1860.0, "category": null, "comment": null, "dam_elev_masl": 332.0, "dam_hgt_m": null, "dam_len_m": 210.0, "dam_type": "Arch dam", "dis_avg_mcm": 699.0, "elev_masl": 329.0, "end": 2021.0, "estate": "Extremadura", "id_basin": 3346.0, "id_gdw": null, "id_idr_dam": 672.0, "id_idr_res": 1091.0, "id_municipality": 10090.0, "id_saih": null, "id_sheet": 575.0, "lat_wgs84": 40.1049, "lon_wgs84": -6.0832, "main_use": "Water supply", "municipality": "Guijo de Granadilla", "mwl_elev_masl": null, "name": "Guijo De Granadilla", "operator": "EDUARDO ROJO MARTÍNEZ\nALBERTO VAQUERO MATEOS", "outlet_cms": 186.0, "owner": "PARTICULAR", "owner_type": "Privado", "province": "Cáceres", "reservoir_type": "Dam reservoir", "river": "Alagón", "river_elev_masl": 48.0, "sheet": "HERVÁS (575)", "spillway_cms": null, "start": 1989.0, "system": "ALAGÓN", "timeline": "In operation", "use_elec": false, "use_fcon": false, "use_fish": true, "use_ind": false, "use_irri": false, "use_live": false, "use_mine": false, "use_navi": true, "use_othr": false, "use_pcon": true, "use_recr": true, "use_supp": true, "users": "IBERDROLA", "x_etrs89": "232469", "y_etrs89": "4452511", "years_annual": 33.0, "years_monthly": 33.0, "level": 0, "storage": 1, "outflow": 1, "inflow": 1, "years_daily": 32, "dod_m": 0.0069892473118279572, "dor_d": 7.0 }, "geometry": { "type": "Point", "coordinates": [ -6.142176924372315, 40.180356426978094 ] } },
{ "type": "Feature", "properties": { "id": 3142, "active": 1, "administration": "C.H. TAJO", "area_skm": 40.562387096525256, "basin": "TAJO", "cap_mcm": 911.0, "catch_skm": 1861.0, "category": "A", "comment": null, "dam_elev_masl": null, "dam_hgt_m": 73.0, "dam_len_m": null, "dam_type": "Gravity dam: vibrated concrete", "dis_avg_mcm": null, "elev_masl": 386.0, "end": 2021.0, "estate": "Extremadura", "id_basin": 3346.0, "id_gdw": 1491.0, "id_idr_dam": 607.0, "id_idr_res": 970.0, "id_municipality": 10090.0, "id_saih": null, "id_sheet": 575.0, "lat_wgs84": 40.1317, "lon_wgs84": -6.0759, "main_use": "Water supply", "municipality": "Guijo de Granadilla", "mwl_elev_masl": null, "name": "Gabriel Y Galan", "operator": "JOSÉ MARÍA MACÍAS MÁRQUEZ", "outlet_cms": 228.0, "owner": "ESTADO", "owner_type": "Estado\nEstado", "province": "Cáceres", "reservoir_type": "Dam reservoir", "river": "Alagón", "river_elev_masl": null, "sheet": "HERVÁS (575)", "spillway_cms": 3536.0, "start": 1980.0, "system": "ALAGÓN", "timeline": "In operation", "use_elec": false, "use_fcon": true, "use_fish": true, "use_ind": false, "use_irri": false, "use_live": false, "use_mine": false, "use_navi": true, "use_othr": false, "use_pcon": true, "use_recr": true, "use_supp": true, "users": "IBERDROLA\nCOMUNIDAD DE REGANTES DEL ALAGON", "x_etrs89": "233411", "y_etrs89": "4457028", "years_annual": 64.0, "years_monthly": 66.0, "level": 0, "storage": 1, "outflow": 1, "inflow": 1, "years_daily": 41, "dod_m": 0.48952176249328316, "dor_d": 447.0 }, "geometry": { "type": "Point", "coordinates": [ -6.133000432936027, 40.221290983759928 ] } },
{ "type": "Feature", "properties": { "id": 3143, "active": 1, "administration": "C.H. TAJO", "area_skm": 3.4206084783435755, "basin": "TAJO", "cap_mcm": 53.0, "catch_skm": 2440.0, "category": "A", "comment": null, "dam_elev_masl": 312.0, "dam_hgt_m": 57.0, "dam_len_m": 135.0, "dam_type": "Gravity dam: vibrated concrete", "dis_avg_mcm": 914.0, "elev_masl": 308.0, "end": 2021.0, "estate": "Extremadura", "id_basin": 3350.0, "id_gdw": 4182.0, "id_idr_dam": 555.0, "id_idr_res": 2380.0, "id_municipality": 10202.0, "id_saih": null, "id_sheet": 597.0, "lat_wgs84": 40.0557, "lon_wgs84": -6.1503, "main_use": "Water supply", "municipality": "Valdeobispo", "mwl_elev_masl": null, "name": "Valdeobispo", "operator": null, "outlet_cms": 288.0, "owner": "ESTADO", "owner_type": "Estado\nEstado", "province": "Cáceres", "reservoir_type": "Dam reservoir", "river": "Alagón", "river_elev_masl": 57.0, "sheet": "MONTEHERMOSO (597)", "spillway_cms": null, "start": 1980.0, "system": "ALAGÓN", "timeline": "In operation", "use_elec": false, "use_fcon": true, "use_fish": true, "use_ind": false, "use_irri": false, "use_live": false, "use_mine": false, "use_navi": true, "use_othr": false, "use_pcon": true, "use_recr": true, "use_supp": true, "users": "IBERDROLA\nCOMUNIDAD DE REGANTES DEL ALAGON", "x_etrs89": "222898", "y_etrs89": "4443830", "years_annual": 56.0, "years_monthly": 56.0, "level": 0, "storage": 1, "outflow": 1, "inflow": 1, "years_daily": 41, "dod_m": 0.021721311475409837, "dor_d": 22.0 }, "geometry": { "type": "Point", "coordinates": [ -6.250693538326005, 40.099166566924389 ] } },
{ "type": "Feature", "properties": { "id": 3145, "active": 1, "administration": "C.H. TAJO", "area_skm": 4.8338194400237109, "basin": "TAJO", "cap_mcm": 59.0, "catch_skm": 379.41, "category": "A", "comment": null, "dam_elev_masl": 372.5, "dam_hgt_m": 43.0, "dam_len_m": 503.0, "dam_type": "Embankment dam: zonified", "dis_avg_mcm": 200.0, "elev_masl": 367.0, "end": 2021.0, "estate": "Extremadura", "id_basin": 3353.0, "id_gdw": 4187.0, "id_idr_dam": 634.0, "id_idr_res": 1188.0, "id_municipality": 10148.0, "id_saih": null, "id_sheet": 598.0, "lat_wgs84": 40.0337, "lon_wgs84": -6.023, "main_use": "Water supply", "municipality": "Plasencia", "mwl_elev_masl": null, "name": "Jerte-Plasencia", "operator": "JUAN TORRES AREZO", "outlet_cms": 3180.0, "owner": "ESTADO", "owner_type": "Estado\nEstado", "province": "Cáceres", "reservoir_type": "Dam reservoir", "river": "Jerte", "river_elev_masl": 42.5, "sheet": "PLASENCIA (598)", "spillway_cms": null, "start": 1987.0, "system": "ALAGÓN", "timeline": "In operation", "use_elec": false, "use_fcon": true, "use_fish": true, "use_ind": false, "use_irri": false, "use_live": false, "use_mine": false, "use_navi": true, "use_othr": false, "use_pcon": true, "use_recr": true, "use_supp": true, "users": "PLASENCIA\nRIEGOS EN PLASENCIA Y EN LA CABECERA DEL JERTE", "x_etrs89": "240561", "y_etrs89": "4438884", "years_annual": 35.0, "years_monthly": 35.0, "level": 0, "storage": 1, "outflow": 1, "inflow": 1, "years_daily": 34, "dod_m": 0.15550459924619803, "dor_d": 75.0 }, "geometry": { "type": "Point", "coordinates": [ -6.041791060527455, 40.060295622364571 ] } },
{ "type": "Feature", "properties": { "id": 3148, "active": 1, "administration": "C.H. TAJO", "area_skm": 9.436084441416833, "basin": "TAJO", "cap_mcm": 88.0, "catch_skm": 342.0, "category": "A", "comment": "DATO RESERVA MODIFICADO 01/09/1959 (ANUARIO 13-14)                                                                      ", "dam_elev_masl": 315.05, "dam_hgt_m": 35.0, "dam_len_m": 225.0, "dam_type": "Gravity dam: vibrated concrete", "dis_avg_mcm": null, "elev_masl": 313.5, "end": 2021.0, "estate": "Extremadura", "id_basin": 3363.0, "id_gdw": 4180.0, "id_idr_dam": 625.0, "id_idr_res": 365.0, "id_municipality": 10171.0, "id_saih": null, "id_sheet": 596.0, "lat_wgs84": 40.073, "lon_wgs84": -6.3438, "main_use": "Water supply", "municipality": "Santibáñez el Alto", "mwl_elev_masl": null, "name": "Borbollon", "operator": null, "outlet_cms": 320.4, "owner": "ESTADO", "owner_type": "Estado\nEstado", "province": "Cáceres", "reservoir_type": "Dam reservoir", "river": "Árrago", "river_elev_masl": 35.0, "sheet": "MORALEJA (596)", "spillway_cms": null, "start": 1980.0, "system": "ÁRRAGO", "timeline": "In operation", "use_elec": false, "use_fcon": true, "use_fish": true, "use_ind": false, "use_irri": false, "use_live": true, "use_mine": false, "use_navi": true, "use_othr": false, "use_pcon": true, "use_recr": true, "use_supp": true, "users": "IBERDROLA\n-\nMANCOMUNIDAD DE REGANTES DE BORBOLLON Y RIVERA DE GATA", "x_etrs89": "195170", "y_etrs89": "4447770", "years_annual": 64.0, "years_monthly": 65.0, "level": 0, "storage": 1, "outflow": 1, "inflow": 1, "years_daily": 41, "dod_m": 0.25730994152046782, "dor_d": 248.0 }, "geometry": { "type": "Point", "coordinates": [ -6.577258349994358, 40.125016445212204 ] } },
{ "type": "Feature", "properties": { "id": 3151, "active": 1, "administration": "C.H. TAJO", "area_skm": 6.8450242416756319, "basin": "TAJO", "cap_mcm": 44.0, "catch_skm": 27092.0, "category": "A", "comment": null, "dam_elev_masl": null, "dam_hgt_m": 26.0, "dam_len_m": null, "dam_type": "Embankment dam: homogeneous", "dis_avg_mcm": null, "elev_masl": 425.0, "end": 2021.0, "estate": "Castilla - La Mancha", "id_basin": 3183.0, "id_gdw": 4202.0, "id_idr_dam": 888.0, "id_idr_res": 587.0, "id_municipality": 45136.0, "id_saih": null, "id_sheet": 656.0, "lat_wgs84": 39.5, "lon_wgs84": -4.1743, "main_use": "Water supply", "municipality": "La Puebla de Montalbán", "mwl_elev_masl": null, "name": "Castrejon", "operator": "DAVID ALEJANDRO PÉREZ RODRÍGUEZ", "outlet_cms": null, "owner": "PARTICULAR", "owner_type": "Privado", "province": "Toledo", "reservoir_type": "Dam reservoir", "river": "Tajo", "river_elev_masl": null, "sheet": "GÁLVEZ (656)", "spillway_cms": null, "start": 1980.0, "system": "MACROSISTEMA", "timeline": "In operation", "use_elec": false, "use_fcon": true, "use_fish": true, "use_ind": false, "use_irri": false, "use_live": false, "use_mine": false, "use_navi": true, "use_othr": false, "use_pcon": true, "use_recr": true, "use_supp": true, "users": "UNION FENOSA : C.H. CASTREJON\n-", "x_etrs89": "389170", "y_etrs89": "4410063", "years_annual": 55.0, "years_monthly": 55.0, "level": 0, "storage": 1, "outflow": 1, "inflow": 1, "years_daily": 41, "dod_m": 0.0016240956739997047, "dor_d": 12.0 }, "geometry": { "type": "Point", "coordinates": [ -4.295224559279895, 39.83334575837609 ] } },
{ "type": "Feature", "properties": { "id": 3152, "active": 1, "administration": "C.H. TAJO", "area_skm": 63.670729486417791, "basin": "TAJO", "cap_mcm": 1446.0, "catch_skm": 36160.0, "category": "A", "comment": null, "dam_elev_masl": null, "dam_hgt_m": 98.0, "dam_len_m": null, "dam_type": "Arch dam", "dis_avg_mcm": null, "elev_masl": 315.0, "end": 2021.0, "estate": "Extremadura", "id_basin": 3259.0, "id_gdw": 1503.0, "id_idr_dam": 541.0, "id_idr_res": 2362.0, "id_municipality": 10026.0, "id_saih": null, "id_sheet": 652.0, "lat_wgs84": 39.4641, "lon_wgs84": -5.3643, "main_use": "Water supply", "municipality": "Belvis de Monroy", "mwl_elev_masl": 315.0, "name": "Valdecañas", "operator": "EDUARDO ROJO MARTÍNEZ\nALBERTO VAQUERO MATEOS", "outlet_cms": 300.0, "owner": "PARTICULAR", "owner_type": "Privado", "province": "Cáceres", "reservoir_type": "Dam reservoir", "river": "Tajo", "river_elev_masl": null, "sheet": "JARAICEJO (652)", "spillway_cms": 6000.0, "start": 1980.0, "system": "BAJO TAJO - EXTREMADURA", "timeline": "In operation", "use_elec": false, "use_fcon": true, "use_fish": true, "use_ind": false, "use_irri": false, "use_live": false, "use_mine": false, "use_navi": true, "use_othr": false, "use_pcon": true, "use_recr": true, "use_supp": true, "users": "IBERDROLA\n-", "x_etrs89": "276321", "y_etrs89": "4406374", "years_annual": 57.0, "years_monthly": 58.0, "level": 0, "storage": 1, "outflow": 1, "inflow": 1, "years_daily": 41, "dod_m": 0.039988938053097348, "dor_d": 256.0 }, "geometry": { "type": "Point", "coordinates": [ -5.611821437226694, 39.777936948455498 ] } },
{ "type": "Feature", "properties": { "id": 3154, "active": 1, "administration": "C.H. TAJO", "area_skm": 3.0487998200996573, "basin": "TAJO", "cap_mcm": 50.0, "catch_skm": 395.0, "category": "A", "comment": null, "dam_elev_masl": null, "dam_hgt_m": 56.0, "dam_len_m": null, "dam_type": "Gravity dam: vibrated concrete", "dis_avg_mcm": null, "elev_masl": 1005.0, "end": 2021.0, "estate": "Comunidad de Madrid", "id_basin": 3071.0, "id_gdw": 4119.0, "id_idr_dam": 782.0, "id_idr_res": 1924.0, "id_municipality": 28027.0, "id_saih": null, "id_sheet": 484.0, "lat_wgs84": 40.5905, "lon_wgs84": -3.3855, "main_use": "Water supply", "municipality": "Buitrago del Lozoya", "mwl_elev_masl": 1010.0, "name": "Riosequillo", "operator": "JUAN PABLO DE FRANCISCO DIAZ", "outlet_cms": 3948.0, "owner": "PARTICULAR", "owner_type": "Privado", "province": "Madrid", "reservoir_type": "Dam reservoir", "river": "Lozoya", "river_elev_masl": null, "sheet": "BUITRAGO DE LOZOYA (484)", "spillway_cms": null, "start": 1980.0, "system": "MACROSISTEMA", "timeline": "In operation", "use_elec": false, "use_fcon": true, "use_fish": true, "use_ind": false, "use_irri": false, "use_live": false, "use_mine": false, "use_navi": true, "use_othr": false, "use_pcon": true, "use_recr": true, "use_supp": true, "users": "COMUNIDAD DE MADRID: CANAL DE ISABEL II\nMINICENTRAL ELÉCTRICA", "x_etrs89": "445449", "y_etrs89": "4537266", "years_annual": 64.0, "years_monthly": 64.0, "level": 0, "storage": 1, "outflow": 1, "inflow": 1, "years_daily": 41, "dod_m": 0.12658227848101267, "dor_d": 114.0 }, "geometry": { "type": "Point", "coordinates": [ -3.648481197755739, 40.984744212419585 ] } },
{ "type": "Feature", "properties": { "id": 3155, "active": 1, "administration": "C.H. TAJO", "area_skm": 2.5300558908939084, "basin": "TAJO", "cap_mcm": 53.0, "catch_skm": 660.7, "category": "A", "comment": null, "dam_elev_masl": 955.22, "dam_hgt_m": 66.0, "dam_len_m": 324.28, "dam_type": "Gravity dam: vibrated concrete", "dis_avg_mcm": 0.0, "elev_masl": 950.5, "end": 2021.0, "estate": "Comunidad de Madrid", "id_basin": 3073.0, "id_gdw": 4117.0, "id_idr_dam": 808.0, "id_idr_res": 1808.0, "id_municipality": 28902.0, "id_saih": null, "id_sheet": 484.0, "lat_wgs84": 40.5936, "lon_wgs84": -3.3417, "main_use": "Water supply", "municipality": "Puentes Viejas", "mwl_elev_masl": null, "name": "Puentes Viejas", "operator": "JUAN PABLO DE FRANCISCO DIAZ", "outlet_cms": 1056.0, "owner": "PARTICULAR", "owner_type": "Privado", "province": "Madrid", "reservoir_type": "Dam reservoir", "river": "Lozoya", "river_elev_masl": 66.22, "sheet": "BUITRAGO DE LOZOYA (484)", "spillway_cms": null, "start": 1980.0, "system": "MACROSISTEMA", "timeline": "In operation", "use_elec": false, "use_fcon": false, "use_fish": true, "use_ind": false, "use_irri": false, "use_live": false, "use_mine": false, "use_navi": true, "use_othr": false, "use_pcon": true, "use_recr": true, "use_supp": true, "users": "COMUNIDAD DE MADRID: CANAL DE ISABEL II", "x_etrs89": "451951", "y_etrs89": "4538167", "years_annual": 64.0, "years_monthly": 64.0, "level": 0, "storage": 1, "outflow": 1, "inflow": 1, "years_daily": 41, "dod_m": 0.080217950658392614, "dor_d": 87.0 }, "geometry": { "type": "Point", "coordinates": [ -3.571261896391526, 40.993269114164164 ] } },
{ "type": "Feature", "properties": { "id": 3156, "active": 1, "administration": "C.H. TAJO", "area_skm": 10.691398234289576, "basin": "TAJO", "cap_mcm": 426.0, "catch_skm": 913.0, "category": "A", "comment": null, "dam_elev_masl": null, "dam_hgt_m": 134.0, "dam_len_m": null, "dam_type": "Arch dam", "dis_avg_mcm": null, "elev_masl": 870.0, "end": 2021.0, "estate": "Comunidad de Madrid", "id_basin": 3075.0, "id_gdw": 4124.0, "id_idr_dam": 825.0, "id_idr_res": 217.0, "id_municipality": 28016.0, "id_saih": null, "id_sheet": 485.0, "lat_wgs84": 40.5444, "lon_wgs84": -3.2825, "main_use": "Water supply", "municipality": "El Atazar", "mwl_elev_masl": null, "name": "Atazar, El", "operator": "JUAN PABLO DE FRANCISCO DIAZ", "outlet_cms": 490.01, "owner": "PARTICULAR", "owner_type": "Privado", "province": "Madrid", "reservoir_type": "Dam reservoir", "river": "Lozoya", "river_elev_masl": null, "sheet": "VALDEPEÑAS DE LA SIERRA (485)", "spillway_cms": null, "start": 1980.0, "system": "MACROSISTEMA", "timeline": "In operation", "use_elec": false, "use_fcon": true, "use_fish": true, "use_ind": false, "use_irri": false, "use_live": true, "use_mine": false, "use_navi": true, "use_othr": false, "use_pcon": true, "use_recr": true, "use_supp": true, "users": "COMUNIDAD DE MADRID: CANAL DE ISABEL II\n-\nCANAL ISABEL II", "x_etrs89": "460126", "y_etrs89": "4529108", "years_annual": 51.0, "years_monthly": 51.0, "level": 0, "storage": 1, "outflow": 1, "inflow": 1, "years_daily": 41, "dod_m": 0.46659364731653891, "dor_d": 669.0 }, "geometry": { "type": "Point", "coordinates": [ -3.473488200222757, 40.912106270163768 ] } },
{ "type": "Feature", "properties": { "id": 3157, "active": 1, "administration": "C.H. TAJO", "area_skm": 4.5156554769933797, "basin": "TAJO", "cap_mcm": 41.0, "catch_skm": 216.0, "category": "A", "comment": null, "dam_elev_masl": 830.5, "dam_hgt_m": 53.0, "dam_len_m": 218.0, "dam_type": "Arch dam", "dis_avg_mcm": 67.0, "elev_masl": 828.0, "end": 2021.0, "estate": "Comunidad de Madrid", "id_basin": 3077.0, "id_gdw": 4137.0, "id_idr_dam": 790.0, "id_idr_res": 1645.0, "id_municipality": 28108.0, "id_saih": null, "id_sheet": 509.0, "lat_wgs84": 40.4523, "lon_wgs84": -3.3729, "main_use": "Water supply", "municipality": "Pedrezuela", "mwl_elev_masl": null, "name": "Vellon, El", "operator": "JUAN PABLO DE FRANCISCO DIAZ", "outlet_cms": 104.0, "owner": "PARTICULAR", "owner_type": "Privado", "province": "Madrid", "reservoir_type": "Dam reservoir", "river": "Guadalix", "river_elev_masl": 52.5, "sheet": "TORRELAGUNA (509)", "spillway_cms": null, "start": 1980.0, "system": "MACROSISTEMA", "timeline": null, "use_elec": false, "use_fcon": false, "use_fish": true, "use_ind": false, "use_irri": false, "use_live": false, "use_mine": false, "use_navi": true, "use_othr": false, "use_pcon": true, "use_recr": true, "use_supp": true, "users": "COMUNIDAD DE MADRID: CANAL DE ISABEL II", "x_etrs89": "447271", "y_etrs89": "4511903", "years_annual": 54.0, "years_monthly": 55.0, "level": 0, "storage": 1, "outflow": 1, "inflow": 1, "years_daily": 41, "dod_m": 0.18981481481481483, "dor_d": 325.0 }, "geometry": { "type": "Point", "coordinates": [ -3.624672274576493, 40.756396555098277 ] } },
{ "type": "Feature", "properties": { "id": 3160, "active": 1, "administration": "C.H. TAJO", "area_skm": 2.9673845830903041, "basin": "TAJO", "cap_mcm": 49.0, "catch_skm": 181.9, "category": "A", "comment": null, "dam_elev_masl": 345.5, "dam_hgt_m": 61.0, "dam_len_m": 356.0, "dam_type": "Embankment dam: zonified", "dis_avg_mcm": 99.2, "elev_masl": 339.5, "end": 2021.0, "estate": "Extremadura", "id_basin": 3366.0, "id_gdw": 4178.0, "id_idr_dam": 546.0, "id_idr_res": 1934.0, "id_municipality": 10215.0, "id_saih": null, "id_sheet": 596.0, "lat_wgs84": 40.0803, "lon_wgs84": -6.3759, "main_use": "Water supply", "municipality": "Villasbuenas de Gata", "mwl_elev_masl": 349.5, "name": "Rivera De Gata", "operator": "LUÍS PÉREZ SÁNCHEZ", "outlet_cms": 60.0, "owner": "ESTADO", "owner_type": "Estado\nEstado", "province": "Cáceres", "reservoir_type": "Dam reservoir", "river": "Rivera De Gata", "river_elev_masl": 56.5, "sheet": "MORALEJA (596)", "spillway_cms": null, "start": 1990.0, "system": "ÁRRAGO", "timeline": "In operation", "use_elec": false, "use_fcon": true, "use_fish": true, "use_ind": false, "use_irri": false, "use_live": false, "use_mine": false, "use_navi": true, "use_othr": false, "use_pcon": true, "use_recr": true, "use_supp": true, "users": "ESTADO\nESTADO", "x_etrs89": "190457", "y_etrs89": "4448982", "years_annual": 32.0, "years_monthly": 33.0, "level": 0, "storage": 1, "outflow": 1, "inflow": 1, "years_daily": 31, "dod_m": 0.26937877954920286, "dor_d": 190.0 }, "geometry": { "type": "Point", "coordinates": [ -6.633043296454555, 40.134193525679784 ] } },
{ "type": "Feature", "properties": { "id": 3166, "active": 1, "administration": "C.H. TAJO", "area_skm": 1.236796131101876, "basin": "TAJO", "cap_mcm": 7.0, "catch_skm": 205.1, "category": "A", "comment": "DATOS 2013-14 PROVISIONALES PENDIENTES DE REVISION                                                                      ", "dam_elev_masl": null, "dam_hgt_m": null, "dam_len_m": null, "dam_type": "Gravity dam: vibrated concrete", "dis_avg_mcm": null, "elev_masl": 700.0, "end": 2021.0, "estate": "Castilla - La Mancha", "id_basin": 3190.0, "id_gdw": null, "id_idr_dam": 882.0, "id_idr_res": 2250.0, "id_municipality": 45109.0, "id_saih": null, "id_sheet": 684.0, "lat_wgs84": 39.3731, "lon_wgs84": -4.2308, "main_use": "Water supply", "municipality": "Navahermosa", "mwl_elev_masl": null, "name": "Torcon", "operator": "JOSE MARIA MINGUELA ARJONA", "outlet_cms": 217.2, "owner": "AYUNTAMIENTO", "owner_type": "Ayuntamientos y/o Diputaciones", "province": "Toledo", "reservoir_type": "Dam reservoir", "river": "Torcón", "river_elev_masl": null, "sheet": "NAVAHERMOSA (684)", "spillway_cms": null, "start": 1992.0, "system": "MACROSISTEMA", "timeline": "In operation", "use_elec": false, "use_fcon": false, "use_fish": true, "use_ind": false, "use_irri": false, "use_live": false, "use_mine": false, "use_navi": true, "use_othr": false, "use_pcon": true, "use_recr": true, "use_supp": true, "users": "FACSA-GRAVESA (TAGUS SERVICIO INTEGRALES)", "x_etrs89": "381093", "y_etrs89": "4387084", "years_annual": 62.0, "years_monthly": 63.0, "level": 0, "storage": 1, "outflow": 1, "inflow": 1, "years_daily": 29, "dod_m": 0.034129692832764506, "dor_d": 401.0 }, "geometry": { "type": "Point", "coordinates": [ -4.385441879426225, 39.625268559986438 ] } },
{ "type": "Feature", "properties": { "id": 3181, "active": 1, "administration": "C.H. TAJO", "area_skm": 7.3770173405926203, "basin": "TAJO", "cap_mcm": 124.0, "catch_skm": 101.4, "category": "A", "comment": null, "dam_elev_masl": 834.0, "dam_hgt_m": 60.0, "dam_len_m": 1215.1, "dam_type": "Embankment dam: ssphalt-face", "dis_avg_mcm": 35.0, "elev_masl": 828.0, "end": 2021.0, "estate": "Comunidad de Madrid", "id_basin": 3167.0, "id_gdw": 4151.0, "id_idr_dam": 786.0, "id_idr_res": 2430.0, "id_municipality": 28160.0, "id_saih": null, "id_sheet": 533.0, "lat_wgs84": 40.3208, "lon_wgs84": -4.0251, "main_use": "Water supply", "municipality": "Valdemorillo", "mwl_elev_masl": 831.0, "name": "Valmayor", "operator": "JUAN PABLO DE FRANCISCO DIAZ", "outlet_cms": 468.0, "owner": "PARTICULAR", "owner_type": "Privado", "province": "Madrid", "reservoir_type": "Dam reservoir", "river": "Aulencia", "river_elev_masl": 60.0, "sheet": "SAN LORENZO DE EL ESCORIAL (533)", "spillway_cms": 298.0, "start": 1982.0, "system": "MACROSISTEMA", "timeline": "In operation", "use_elec": false, "use_fcon": false, "use_fish": true, "use_ind": false, "use_irri": false, "use_live": false, "use_mine": false, "use_navi": true, "use_othr": false, "use_pcon": true, "use_recr": true, "use_supp": true, "users": "COMUNIDAD DE MADRID: CANAL DE ISABEL II", "x_etrs89": "411288", "y_etrs89": "4487725", "years_annual": 40.0, "years_monthly": 40.0, "level": 0, "storage": 1, "outflow": 1, "inflow": 1, "years_daily": 39, "dod_m": 1.222879684418146, "dor_d": 409.0 }, "geometry": { "type": "Point", "coordinates": [ -4.047492251281371, 40.535524272803372 ] } },
{ "type": "Feature", "properties": { "id": 3189, "active": 1, "administration": "C.H. TAJO", "area_skm": 0.91172855229660354, "basin": "TAJO", "cap_mcm": 11.0, "catch_skm": 21.0, "category": "A", "comment": null, "dam_elev_masl": null, "dam_hgt_m": null, "dam_len_m": null, "dam_type": "Gravity dam: vibrated concrete", "dis_avg_mcm": null, "elev_masl": 1156.0, "end": 2021.0, "estate": "Comunidad de Madrid", "id_basin": 3118.0, "id_gdw": 6016.0, "id_idr_dam": 827.0, "id_idr_res": 1498.0, "id_municipality": 28093.0, "id_saih": null, "id_sheet": 508.0, "lat_wgs84": 40.4254, "lon_wgs84": -4.0019, "main_use": "Water supply", "municipality": "Navacerrada", "mwl_elev_masl": 1156.0, "name": "Navacerrada", "operator": "JUAN PABLO DE FRANCISCO DIAZ", "outlet_cms": 186.0, "owner": "PARTICULAR", "owner_type": "Privado", "province": "Madrid", "reservoir_type": "Dam reservoir", "river": "Navacerrada", "river_elev_masl": null, "sheet": "CERCEDILLA (508)", "spillway_cms": 340.0, "start": 1980.0, "system": "MACROSISTEMA", "timeline": "In operation", "use_elec": false, "use_fcon": false, "use_fish": true, "use_ind": false, "use_irri": false, "use_live": false, "use_mine": false, "use_navi": true, "use_othr": false, "use_pcon": true, "use_recr": true, "use_supp": true, "users": "COMUNIDAD DE MADRID: CANAL DE ISABEL II", "x_etrs89": "415086", "y_etrs89": "4507593", "years_annual": 52.0, "years_monthly": 52.0, "level": 0, "storage": 1, "outflow": 1, "inflow": 1, "years_daily": 41, "dod_m": 0.52380952380952384, "dor_d": 292.0 }, "geometry": { "type": "Point", "coordinates": [ -4.00533303709101, 40.714881918553161 ] } },
{ "type": "Feature", "properties": { "id": 3190, "active": 1, "administration": "C.H. TAJO", "area_skm": 0.54920217950129546, "basin": "TAJO", "cap_mcm": 7.0, "catch_skm": 18.0, "category": "A", "comment": null, "dam_elev_masl": 1088.0, "dam_hgt_m": null, "dam_len_m": 213.0, "dam_type": "Gravity dam: vibrated concrete", "dis_avg_mcm": 11.5, "elev_masl": 1087.0, "end": 2021.0, "estate": "Comunidad de Madrid", "id_basin": 3993.0, "id_gdw": 16159.0, "id_idr_dam": 795.0, "id_idr_res": 1184.0, "id_municipality": 28068.0, "id_saih": null, "id_sheet": 533.0, "lat_wgs84": 40.3954, "lon_wgs84": -4.0704, "main_use": "Water supply", "municipality": "Guadarrama", "mwl_elev_masl": 1087.0, "name": "Jarosa, La", "operator": "JUAN PABLO DE FRANCISCO DIAZ", "outlet_cms": 186.0, "owner": "PARTICULAR", "owner_type": "Privado", "province": "Madrid", "reservoir_type": "Dam reservoir", "river": "Guatel", "river_elev_masl": 54.0, "sheet": "SAN LORENZO DE EL ESCORIAL (533)", "spillway_cms": 320.0, "start": 1980.0, "system": "MACROSISTEMA", "timeline": "In operation", "use_elec": false, "use_fcon": true, "use_fish": true, "use_ind": false, "use_irri": false, "use_live": false, "use_mine": false, "use_navi": true, "use_othr": false, "use_pcon": true, "use_recr": true, "use_supp": true, "users": "COMUNIDAD DE MADRID: CANAL DE ISABEL II\nALMACENAMIENTO EMBALSE LA ACEÑA", "x_etrs89": "405531", "y_etrs89": "4502173", "years_annual": 52.0, "years_monthly": 52.0, "level": 0, "storage": 1, "outflow": 1, "inflow": 1, "years_daily": 41, "dod_m": 0.3888888888888889, "dor_d": 162.0 }, "geometry": { "type": "Point", "coordinates": [ -4.117623274124767, 40.665023392417851 ] } },
{ "type": "Feature", "properties": { "id": 3195, "active": 1, "administration": "C.H. TAJO", "area_skm": 1.3667875895537558, "basin": "TAJO", "cap_mcm": 23.0, "catch_skm": 702.0, "category": "A", "comment": null, "dam_elev_masl": 906.0, "dam_hgt_m": 50.0, "dam_len_m": 107.0, "dam_type": "Masonry dam", "dis_avg_mcm": 0.0, "elev_masl": 903.5, "end": 2021.0, "estate": "Comunidad de Madrid", "id_basin": 3073.0, "id_gdw": 6007.0, "id_idr_dam": 817.0, "id_idr_res": 2496.0, "id_municipality": 28902.0, "id_saih": null, "id_sheet": 484.0, "lat_wgs84": 40.5651, "lon_wgs84": -3.3347, "main_use": "Water supply", "municipality": "Puentes Viejas", "mwl_elev_masl": null, "name": "Villar, El", "operator": "JUAN PABLO DE FRANCISCO DIAZ", "outlet_cms": 209.0, "owner": "PARTICULAR", "owner_type": "Privado", "province": "Madrid", "reservoir_type": "Dam reservoir", "river": "Lozoya", "river_elev_masl": 50.5, "sheet": "BUITRAGO DE LOZOYA (484)", "spillway_cms": null, "start": 1980.0, "system": "MACROSISTEMA", "timeline": "In operation", "use_elec": false, "use_fcon": true, "use_fish": true, "use_ind": false, "use_irri": false, "use_live": false, "use_mine": false, "use_navi": true, "use_othr": false, "use_pcon": true, "use_recr": true, "use_supp": true, "users": "COMUNIDAD DE MADRID: CANAL DE ISABEL II\nCANAL DE ISABEL II", "x_etrs89": "452617", "y_etrs89": "4533077", "years_annual": 64.0, "years_monthly": 64.0, "level": 0, "storage": 1, "outflow": 1, "inflow": 1, "years_daily": 41, "dod_m": 0.032763532763532763, "dor_d": 40.0 }, "geometry": { "type": "Point", "coordinates": [ -3.56295423837634, 40.947458126065662 ] } },
{ "type": "Feature", "properties": { "id": 3196, "active": 1, "administration": "C.H. TAJO", "area_skm": 4.3880267530523502, "basin": "TAJO", "cap_mcm": 38.0, "catch_skm": 226.0, "category": "A", "comment": null, "dam_elev_masl": null, "dam_hgt_m": 33.0, "dam_len_m": null, "dam_type": "Gravity dam: vibrated concrete", "dis_avg_mcm": null, "elev_masl": 1088.8, "end": 2021.0, "estate": "Comunidad de Madrid", "id_basin": 3071.0, "id_gdw": 4121.0, "id_idr_dam": 823.0, "id_idr_res": 1727.0, "id_municipality": 28076.0, "id_saih": null, "id_sheet": 484.0, "lat_wgs84": 40.5642, "lon_wgs84": -3.4627, "main_use": "Water supply", "municipality": "Lozoya", "mwl_elev_masl": 1090.0, "name": "Pinilla", "operator": "JUAN PABLO DE FRANCISCO DIAZ", "outlet_cms": 46.0, "owner": "PARTICULAR", "owner_type": "Privado", "province": "Madrid", "reservoir_type": "Dam reservoir", "river": "Lozoya", "river_elev_masl": null, "sheet": "BUITRAGO DE LOZOYA (484)", "spillway_cms": null, "start": 1980.0, "system": "MACROSISTEMA", "timeline": "In operation", "use_elec": false, "use_fcon": true, "use_fish": true, "use_ind": false, "use_irri": false, "use_live": false, "use_mine": false, "use_navi": true, "use_othr": false, "use_pcon": true, "use_recr": true, "use_supp": true, "users": "COMUNIDAD DE MADRID: CANAL DE ISABEL II\nHIDROELECTRICA SANTILLANA", "x_etrs89": "434846", "y_etrs89": "4532930", "years_annual": 55.0, "years_monthly": 55.0, "level": 0, "storage": 1, "outflow": 1, "inflow": 1, "years_daily": 41, "dod_m": 0.16814159292035399, "dor_d": 110.0 }, "geometry": { "type": "Point", "coordinates": [ -3.774058949753233, 40.944909932926464 ] } },
{ "type": "Feature", "properties": { "id": 3199, "active": 1, "administration": "C.H. TAJO", "area_skm": 7.1785086051046836, "basin": "TAJO", "cap_mcm": 34.0, "catch_skm": 359.0, "category": null, "comment": null, "dam_elev_masl": 375.0, "dam_hgt_m": 26.0, "dam_len_m": 378.0, "dam_type": "Gravity dam: vibrated concrete", "dis_avg_mcm": 73.9, "elev_masl": 370.0, "end": 2021.0, "estate": "Castilla - La Mancha", "id_basin": 3275.0, "id_gdw": 4189.0, "id_idr_dam": 866.0, "id_idr_res": 1502.0, "id_municipality": 45110.0, "id_saih": null, "id_sheet": 601.0, "lat_wgs84": 40.0253, "lon_wgs84": -5.0832, "main_use": "Water supply", "municipality": "Navalcán", "mwl_elev_masl": null, "name": "Navalcan", "operator": "MARIANO PASCUAL LAGUNA", "outlet_cms": null, "owner": "ESTADO", "owner_type": "Estado\nEstado", "province": "Toledo", "reservoir_type": "Dam reservoir", "river": "Guayerbas", "river_elev_masl": 28.5, "sheet": "NAVALCÁN (601)", "spillway_cms": null, "start": 1982.0, "system": "TIÉTAR", "timeline": "Abandoned project", "use_elec": false, "use_fcon": true, "use_fish": true, "use_ind": false, "use_irri": false, "use_live": true, "use_mine": false, "use_navi": true, "use_othr": false, "use_pcon": true, "use_recr": true, "use_supp": true, "users": "MUNICIPIOS DE CAMPANA DE OROPESA Y PARRILLAS\n-\nZona Regable del Tietar", "x_etrs89": "317254", "y_etrs89": "4435302", "years_annual": 40.0, "years_monthly": 40.0, "level": 0, "storage": 1, "outflow": 1, "inflow": 1, "years_daily": 39, "dod_m": 0.094707520891364902, "dor_d": 239.0 }, "geometry": { "type": "Point", "coordinates": [ -5.142312313340176, 40.048165797850579 ] } },
{ "type": "Feature", "properties": { "id": 3201, "active": 1, "administration": "C.H. TAJO", "area_skm": 0.41273780655373582, "basin": "TAJO", "cap_mcm": 6.0, "catch_skm": 362.0, "category": "B", "comment": "DATOS 2015-16 PROVISIONALES PENDIENTES DE REVISION                                                                      ", "dam_elev_masl": null, "dam_hgt_m": null, "dam_len_m": null, "dam_type": "Arch dam", "dis_avg_mcm": null, "elev_masl": 939.3, "end": 2021.0, "estate": "Castilla - La Mancha", "id_basin": 3032.0, "id_gdw": 16165.0, "id_idr_dam": 730.0, "id_idr_res": 1412.0, "id_municipality": 16057.0, "id_saih": null, "id_sheet": 539.0, "lat_wgs84": 40.3307, "lon_wgs84": -2.1041, "main_use": "Water supply", "municipality": "Carrascosa", "mwl_elev_masl": null, "name": "Molino De Chincha", "operator": "MIGUEL ÁNGEL GONZÁLEZ MARTÍN", "outlet_cms": null, "owner": "PARTICULAR", "owner_type": "Privado", "province": "Cuenca", "reservoir_type": "Dam reservoir", "river": "Guadiela", "river_elev_masl": null, "sheet": "PARALEJOS DE LAS TRUCHAS (539)", "spillway_cms": null, "start": 1993.0, "system": "MACROSISTEMA", "timeline": "In operation", "use_elec": false, "use_fcon": false, "use_fish": true, "use_ind": false, "use_irri": false, "use_live": false, "use_mine": false, "use_navi": true, "use_othr": false, "use_pcon": true, "use_recr": true, "use_supp": true, "users": "NAVARRO SALTOS DE AGUA, S.A.", "x_etrs89": "569606", "y_etrs89": "4489353", "years_annual": 61.0, "years_monthly": 74.0, "level": 0, "storage": 1, "outflow": 1, "inflow": 1, "years_daily": 28, "dod_m": 0.016574585635359115, "dor_d": 27.0 }, "geometry": { "type": "Point", "coordinates": [ -2.177902929699072, 40.552014261644587 ] } },
{ "type": "Feature", "properties": { "id": 3203, "active": 1, "administration": "C.H. TAJO", "area_skm": 11.882322228658673, "basin": "TAJO", "cap_mcm": 113.0, "catch_skm": 34722.0, "category": "A", "comment": null, "dam_elev_masl": null, "dam_hgt_m": 55.0, "dam_len_m": null, "dam_type": "Buttress dam", "dis_avg_mcm": null, "elev_masl": 354.0, "end": 2021.0, "estate": "Castilla - La Mancha", "id_basin": 3249.0, "id_gdw": 4211.0, "id_idr_dam": 885.0, "id_idr_res": 231.0, "id_municipality": 45017.0, "id_saih": null, "id_sheet": 654.0, "lat_wgs84": 39.4641, "lon_wgs84": -5.052, "main_use": "Water supply", "municipality": "Azután", "mwl_elev_masl": null, "name": "Azutan", "operator": "EDUARDO ROJO MARTÍNEZ\nALBERTO VAQUERO MATEOS", "outlet_cms": 196.0, "owner": "PARTICULAR", "owner_type": "Privado", "province": "Toledo", "reservoir_type": "Dam reservoir", "river": "Tajo", "river_elev_masl": null, "sheet": "PUENTE DEL ARZOBISPO (654)", "spillway_cms": null, "start": 1980.0, "system": "BAJO TAJO - EXTREMADURA", "timeline": "In operation", "use_elec": false, "use_fcon": true, "use_fish": true, "use_ind": false, "use_irri": false, "use_live": false, "use_mine": false, "use_navi": true, "use_othr": false, "use_pcon": true, "use_recr": true, "use_supp": true, "users": "IBERDROLA\n-", "x_etrs89": "321105", "y_etrs89": "4405198", "years_annual": 51.0, "years_monthly": 51.0, "level": 0, "storage": 1, "outflow": 1, "inflow": 1, "years_daily": 41, "dod_m": 0.0032544208282933012, "dor_d": 23.0 }, "geometry": { "type": "Point", "coordinates": [ -5.088942114346461, 39.777937776612511 ] } },
{ "type": "Feature", "properties": { "id": 3208, "active": 1, "administration": "C.H. TAJO", "area_skm": 2.7800671720932897, "basin": "TAJO", "cap_mcm": 14.0, "catch_skm": 164.0, "category": "A", "comment": null, "dam_elev_masl": null, "dam_hgt_m": null, "dam_len_m": null, "dam_type": "Gravity dam: vibrated concrete", "dis_avg_mcm": null, "elev_masl": 395.9, "end": 2021.0, "estate": "Extremadura", "id_basin": 3380.0, "id_gdw": 8940.0, "id_idr_dam": 608.0, "id_idr_res": 1984.0, "id_municipality": 10037.0, "id_saih": null, "id_sheet": 704.0, "lat_wgs84": 39.2149, "lon_wgs84": -6.1817, "main_use": "Water supply", "municipality": "Cáceres", "mwl_elev_masl": null, "name": "Salor", "operator": "SIDER -ESTEBAN DELGADO NIETO", "outlet_cms": 4.55, "owner": "JUNTA DE EXTREMADURA.C.A.C", "owner_type": "Comunidades Autónomas", "province": "Cáceres", "reservoir_type": "Dam reservoir", "river": "Salor", "river_elev_masl": null, "sheet": "CÁCERES (704)", "spillway_cms": null, "start": 2006.0, "system": "BAJO TAJO - EXTREMADURA", "timeline": "In operation", "use_elec": false, "use_fcon": false, "use_fish": true, "use_ind": false, "use_irri": false, "use_live": false, "use_mine": false, "use_navi": true, "use_othr": false, "use_pcon": true, "use_recr": true, "use_supp": true, "users": "SERVICIO DE INFRAESTRUCTURAS Y DESARROLLO LOCAL", "x_etrs89": "215272", "y_etrs89": "4362327", "years_annual": 44.0, "years_monthly": 44.0, "level": 0, "storage": 1, "outflow": 1, "inflow": 1, "years_daily": 15, "dod_m": 0.085365853658536592, "dor_d": 334.0 }, "geometry": { "type": "Point", "coordinates": [ -6.3047813760426, 39.363499582085694 ] } },
{ "type": "Feature", "properties": { "id": 3227, "active": 1, "administration": "C.H. TAJO", "area_skm": 1.0787151106554784, "basin": "TAJO", "cap_mcm": 24.0, "catch_skm": 44.0, "category": "A", "comment": null, "dam_elev_masl": null, "dam_hgt_m": null, "dam_len_m": null, "dam_type": "Arch-gravity dam", "dis_avg_mcm": null, "elev_masl": 1316.1, "end": 2021.0, "estate": "Castilla y León", "id_basin": 3214.0, "id_gdw": 6019.0, "id_idr_dam": 500.0, "id_idr_res": 10.0, "id_municipality": 5184.0, "id_saih": null, "id_sheet": 532.0, "lat_wgs84": 40.3645, "lon_wgs84": -4.1317, "main_use": "Water supply", "municipality": "Peguerinos", "mwl_elev_masl": 1317.5, "name": "Aceña", "operator": "JUAN PABLO DE FRANCISCO DIAZ", "outlet_cms": 33.53, "owner": "ESTADO", "owner_type": "Privado", "province": "Ávila", "reservoir_type": "Dam reservoir", "river": "Aceña", "river_elev_masl": null, "sheet": "LAS NAVAS DEL MARQUÉS (532)", "spillway_cms": null, "start": 1993.0, "system": "MACROSISTEMA", "timeline": "In operation", "use_elec": false, "use_fcon": true, "use_fish": true, "use_ind": false, "use_irri": false, "use_live": false, "use_mine": false, "use_navi": true, "use_othr": false, "use_pcon": true, "use_recr": true, "use_supp": true, "users": "CANAL ISABEL II\nCANAL ISABEL II (TRASVASE A LA JAROSA)", "x_etrs89": "396671", "y_etrs89": "4496468", "years_annual": 30.0, "years_monthly": 31.0, "level": 0, "storage": 1, "outflow": 1, "inflow": 1, "years_daily": 28, "dod_m": 0.54545454545454541, "dor_d": 490.0 }, "geometry": { "type": "Point", "coordinates": [ -4.221483468773453, 40.612577830381575 ] } },
{ "type": "Feature", "properties": { "id": 3247, "active": 1, "administration": "C.H. TAJO", "area_skm": 0.7059004731581856, "basin": "TAJO", "cap_mcm": 14.0, "catch_skm": 10.89, "category": "C", "comment": null, "dam_elev_masl": 1249.0, "dam_hgt_m": null, "dam_len_m": 62.45, "dam_type": "Gravity dam: vibrated concrete", "dis_avg_mcm": 0.0, "elev_masl": 1241.0, "end": 2021.0, "estate": "Castilla y León", "id_basin": 3996.0, "id_gdw": 16178.0, "id_idr_dam": 855.0, "id_idr_res": 305.0, "id_municipality": 37078.0, "id_saih": null, "id_sheet": 553.0, "lat_wgs84": 40.2053, "lon_wgs84": -5.4628, "main_use": "Water supply", "municipality": "Candelario", "mwl_elev_masl": null, "name": "Navamuño", "operator": null, "outlet_cms": null, "owner": "ESTADO", "owner_type": "Estado\nEstado", "province": "Salamanca", "reservoir_type": "Dam reservoir", "river": "Fuensanta", "river_elev_masl": 11.5, "sheet": "BÉJAR (553)", "spillway_cms": null, "start": 1990.0, "system": "ALAGÓN", "timeline": "In operation", "use_elec": false, "use_fcon": false, "use_fish": true, "use_ind": false, "use_irri": false, "use_live": false, "use_mine": false, "use_navi": true, "use_othr": false, "use_pcon": true, "use_recr": true, "use_supp": true, "users": "-\n-", "x_etrs89": "264359", "y_etrs89": "4470073", "years_annual": 32.0, "years_monthly": 32.0, "level": 0, "storage": 1, "outflow": 1, "inflow": 1, "years_daily": 31, "dod_m": 1.2855831037649219, "dor_d": 277.0 }, "geometry": { "type": "Point", "coordinates": [ -5.774522393066946, 40.347951447025373 ] } },
{ "type": "Feature", "properties": { "id": 3252, "active": 1, "administration": "C.H. TAJO", "area_skm": 1.6502565883378832, "basin": "TAJO", "cap_mcm": 18.0, "catch_skm": 375.0, "category": "A", "comment": "DATOS 2013-14 PROVISIONALES PENDIENTES DE REVISION                                                                      ", "dam_elev_masl": 607.6, "dam_hgt_m": 47.0, "dam_len_m": 332.0, "dam_type": "Embankment dam: ssphalt-face", "dis_avg_mcm": 23.0, "elev_masl": 605.0, "end": 2021.0, "estate": "Castilla - La Mancha", "id_basin": 3164.0, "id_gdw": 6046.0, "id_idr_dam": 871.0, "id_idr_res": 1085.0, "id_municipality": 45016.0, "id_saih": null, "id_sheet": 657.0, "lat_wgs84": 39.4759, "lon_wgs84": -4.0515, "main_use": "Water supply", "municipality": "Argés", "mwl_elev_masl": 606.1, "name": "Guajaraz", "operator": "JOSE MARIA MINGUELA ARJONA", "outlet_cms": 13.3, "owner": "AYUNTAMIENTO", "owner_type": "Ayuntamientos y/o Diputaciones", "province": "Toledo", "reservoir_type": "Dam reservoir", "river": "Guajaraz", "river_elev_masl": 46.4, "sheet": "SONSECA (657)", "spillway_cms": null, "start": 1998.0, "system": "MACROSISTEMA", "timeline": "In operation", "use_elec": false, "use_fcon": false, "use_fish": true, "use_ind": false, "use_irri": false, "use_live": false, "use_mine": false, "use_navi": true, "use_othr": false, "use_pcon": true, "use_recr": true, "use_supp": true, "users": "AYUNTAMIENTO DE TOLEDO", "x_etrs89": "406899", "y_etrs89": "4406109", "years_annual": 44.0, "years_monthly": 45.0, "level": 0, "storage": 1, "outflow": 1, "inflow": 1, "years_daily": 23, "dod_m": 0.048, "dor_d": 906.0 }, "geometry": { "type": "Point", "coordinates": [ -4.087509951237181, 39.799854320917234 ] } },
{ "type": "Feature", "properties": { "id": 3263, "active": 1, "administration": "C.H. TAJO", "area_skm": 5.5911640411220276, "basin": "TAJO", "cap_mcm": 43.0, "catch_skm": 528.0, "category": "A", "comment": null, "dam_elev_masl": 632.0, "dam_hgt_m": 35.0, "dam_len_m": 830.0, "dam_type": "Embankment dam: homogeneous", "dis_avg_mcm": 153.18, "elev_masl": 629.0, "end": 2021.0, "estate": "Comunidad de Madrid", "id_basin": 3121.0, "id_gdw": 4149.0, "id_idr_dam": 789.0, "id_idr_res": 1611.0, "id_municipality": 28079.0, "id_saih": null, "id_sheet": 534.0, "lat_wgs84": 40.322, "lon_wgs84": -3.472, "main_use": "Flood control", "municipality": "Madrid", "mwl_elev_masl": null, "name": "Pardo, El", "operator": "JUAN HERRERA MARIN", "outlet_cms": 28.11, "owner": "ESTADO", "owner_type": "Estado\nEstado", "province": "Madrid", "reservoir_type": "Dam reservoir", "river": "Manzanares", "river_elev_masl": 35.0, "sheet": "COLMENAR VIEJO (534)", "spillway_cms": 960.0, "start": 1980.0, "system": "MACROSISTEMA", "timeline": "In operation", "use_elec": false, "use_fcon": true, "use_fish": true, "use_ind": false, "use_irri": true, "use_live": false, "use_mine": false, "use_navi": true, "use_othr": true, "use_pcon": true, "use_recr": true, "use_supp": false, "users": "-\n-\n-", "x_etrs89": "433190", "y_etrs89": "4487868", "years_annual": 49.0, "years_monthly": 49.0, "level": 0, "storage": 1, "outflow": 1, "inflow": 1, "years_daily": 41, "dod_m": 0.081439393939393936, "dor_d": 250.0 }, "geometry": { "type": "Point", "coordinates": [ -3.788920347816198, 40.538867487517393 ] } },
{ "type": "Feature", "properties": { "id": 3264, "active": 1, "administration": "C.H. TAJO", "area_skm": 2.306560632369016, "basin": "TAJO", "cap_mcm": 20.0, "catch_skm": 135.0, "category": "A", "comment": null, "dam_elev_masl": 360.65, "dam_hgt_m": 32.0, "dam_len_m": 534.2, "dam_type": "Gravity dam: vibrated concrete", "dis_avg_mcm": 0.0, "elev_masl": 359.4, "end": 2021.0, "estate": "Extremadura", "id_basin": 3317.0, "id_gdw": 4227.0, "id_idr_dam": 677.0, "id_idr_res": 1083.0, "id_municipality": 10037.0, "id_saih": null, "id_sheet": 704.0, "lat_wgs84": 39.2913, "lon_wgs84": -6.1752, "main_use": "Water supply", "municipality": "Cáceres", "mwl_elev_masl": 359.7, "name": "Guadiloba", "operator": null, "outlet_cms": 10.0, "owner": "AYUNTAMIENTO", "owner_type": "Ayuntamientos y/o Diputaciones", "province": "Cáceres", "reservoir_type": "Dam reservoir", "river": "Guadiloba", "river_elev_masl": 31.75, "sheet": "CÁCERES (704)", "spillway_cms": null, "start": 1996.0, "system": "BAJO TAJO - EXTREMADURA", "timeline": "In operation", "use_elec": false, "use_fcon": false, "use_fish": true, "use_ind": false, "use_irri": false, "use_live": false, "use_mine": false, "use_navi": true, "use_othr": false, "use_pcon": true, "use_recr": true, "use_supp": true, "users": "CIUDAD DE CÁCERES", "x_etrs89": "216386", "y_etrs89": "4375994", "years_annual": 43.0, "years_monthly": 43.0, "level": 0, "storage": 1, "outflow": 1, "inflow": 1, "years_daily": 25, "dod_m": 0.14814814814814814, "dor_d": 340.0 }, "geometry": { "type": "Point", "coordinates": [ -6.297667105983871, 39.486811037040894 ] } },
{ "type": "Feature", "properties": { "id": 3285, "active": 1, "administration": "C.H. TAJO", "area_skm": 10.955254528136603, "basin": "TAJO", "cap_mcm": 260.0, "catch_skm": 58059.0, "category": "A", "comment": null, "dam_elev_masl": 286.6, "dam_hgt_m": 66.0, "dam_len_m": 203.31, "dam_type": "Gravity dam: vibrated concrete", "dis_avg_mcm": 7277.0, "elev_masl": 115.0, "end": 2021.0, "estate": "Extremadura", "id_basin": 3399.0, "id_gdw": 4216.0, "id_idr_dam": 651.0, "id_idr_res": 611.0, "id_municipality": 10062.0, "id_saih": null, "id_sheet": 674.0, "lat_wgs84": 39.3951, "lon_wgs84": -7.3225, "main_use": "Water supply", "municipality": "Cedillo", "mwl_elev_masl": null, "name": "Cedillo", "operator": "EDUARDO ROJO MARTÍNEZ\nALBERTO VAQUERO MATEOS", "outlet_cms": null, "owner": "PARTICULAR", "owner_type": "Privado", "province": "Cáceres", "reservoir_type": "Dam reservoir", "river": "Tajo", "river_elev_masl": 11.15, "sheet": "SEVER (674)", "spillway_cms": null, "start": 1980.0, "system": "BAJO TAJO - EXTREMADURA", "timeline": "In operation", "use_elec": false, "use_fcon": false, "use_fish": true, "use_ind": false, "use_irri": false, "use_live": false, "use_mine": false, "use_navi": true, "use_othr": false, "use_pcon": true, "use_recr": true, "use_supp": true, "users": "Ayuntamiento de Cedillo", "x_etrs89": "110468", "y_etrs89": "4400332", "years_annual": 46.0, "years_monthly": 47.0, "level": 0, "storage": 1, "outflow": 1, "inflow": 1, "years_daily": 41, "dod_m": 0.0044782032070824502, "dor_d": 16.0 }, "geometry": { "type": "Point", "coordinates": [ -7.54035310624353, 39.66403354530464 ] } },
{ "type": "Feature", "properties": { "id": 3287, "active": 1, "administration": "C.H. TAJO", "area_skm": 5.5487481373410876, "basin": "TAJO", "cap_mcm": 180.0, "catch_skm": 365.0, "category": "A", "comment": null, "dam_elev_masl": null, "dam_hgt_m": 73.0, "dam_len_m": null, "dam_type": "Embankment dam: zonified", "dis_avg_mcm": null, "elev_masl": 920.0, "end": 2021.0, "estate": "Castilla - La Mancha", "id_basin": 3098.0, "id_gdw": 4115.0, "id_idr_dam": 768.0, "id_idr_res": 79.0, "id_municipality": 19269.0, "id_saih": null, "id_sheet": 460.0, "lat_wgs84": 41.0031, "lon_wgs84": -3.0131, "main_use": "Water supply", "municipality": "La Toba", "mwl_elev_masl": 922.5, "name": "Alcorlo", "operator": "SALVADOR MADRIGAL SANCHEZ", "outlet_cms": 46.71, "owner": "ESTADO", "owner_type": "Estado\nEstado", "province": "Guadalajara", "reservoir_type": "Dam reservoir", "river": "Bornova", "river_elev_masl": null, "sheet": "HIENDELAENCINA (460)", "spillway_cms": null, "start": 1982.0, "system": "MACROSISTEMA", "timeline": "In operation", "use_elec": false, "use_fcon": true, "use_fish": true, "use_ind": false, "use_irri": false, "use_live": false, "use_mine": false, "use_navi": true, "use_othr": false, "use_pcon": true, "use_recr": true, "use_supp": true, "users": "-\n-", "x_etrs89": "497889", "y_etrs89": "4539721", "years_annual": 40.0, "years_monthly": 41.0, "level": 0, "storage": 1, "outflow": 1, "inflow": 1, "years_daily": 39, "dod_m": 0.49315068493150682, "dor_d": 1002.0 }, "geometry": { "type": "Point", "coordinates": [ -3.025103906966252, 41.008680645683476 ] } },
{ "type": "Feature", "properties": { "id": 4001, "active": 1, "administration": "C.H. GUADIANA", "area_skm": 3.9053580694935484, "basin": "GUADIANA", "cap_mcm": 51.0, "catch_skm": 951.0, "category": "A", "comment": null, "dam_elev_masl": null, "dam_hgt_m": 50.0, "dam_len_m": null, "dam_type": "Gravity dam: vibrated concrete", "dis_avg_mcm": null, "elev_masl": 735.0, "end": 2021.0, "estate": "Castilla - La Mancha", "id_basin": 4001.0, "id_gdw": 4253.0, "id_idr_dam": 1106.0, "id_idr_res": 1673.0, "id_municipality": 13019.0, "id_saih": "E1-01", "id_sheet": 762.0, "lat_wgs84": 39.034, "lon_wgs84": -3.0025, "main_use": "Water supply", "municipality": "Argamasilla de Alba", "mwl_elev_masl": 736.5, "name": "Peñarroya", "operator": "JUAN FRANCO CABRERO", "outlet_cms": 12.0, "owner": "ESTADO", "owner_type": "Estado\nEstado", "province": "Ciudad Real", "reservoir_type": "Dam reservoir", "river": "Guadiana", "river_elev_masl": null, "sheet": "TOMELLOSO (762)", "spillway_cms": null, "start": 1980.0, "system": "ORIENTAL - ALTO GUADIANA", "timeline": "In operation", "use_elec": false, "use_fcon": true, "use_fish": true, "use_ind": false, "use_irri": false, "use_live": false, "use_mine": false, "use_navi": true, "use_othr": false, "use_pcon": true, "use_recr": true, "use_supp": true, "users": "AYUNTAMIENTO ARGAMASILLA DE ALBA Y TOMELLOSO\nAYUNTAMIENTO ARGAMASILLA DE ALBA Y TOMELLOSO", "x_etrs89": "499408", "y_etrs89": "4323546", "years_annual": 63.0, "years_monthly": 63.0, "level": 0, "storage": 1, "outflow": 1, "inflow": 1, "years_daily": 41, "dod_m": 0.05362776025236593, "dor_d": 299.0 }, "geometry": { "type": "Point", "coordinates": [ -3.006842558054788, 39.061001113475506 ] } },
{ "type": "Feature", "properties": { "id": 4002, "active": 1, "administration": "C.H. GUADIANA", "area_skm": 70.671982328909891, "basin": "GUADIANA", "cap_mcm": 1505.0, "catch_skm": 24436.0, "category": "A", "comment": null, "dam_elev_masl": null, "dam_hgt_m": 81.0, "dam_len_m": null, "dam_type": "Gravity dam: vibrated concrete", "dis_avg_mcm": null, "elev_masl": 427.5, "end": 2021.0, "estate": "Extremadura", "id_basin": 4059.0, "id_gdw": 1514.0, "id_idr_dam": 1065.0, "id_idr_res": 686.0, "id_municipality": 10017.0, "id_saih": "E2-01", "id_sheet": 708.0, "lat_wgs84": 39.2223, "lon_wgs84": -5.0053, "main_use": "Water supply", "municipality": "Alía", "mwl_elev_masl": 429.5, "name": "Cijara", "operator": "JOSE MARIA PADILLA JIMÉNEZ", "outlet_cms": 2880.0, "owner": "ESTADO", "owner_type": "Estado\nEstado", "province": "Cáceres", "reservoir_type": "Dam reservoir", "river": "Guadiana", "river_elev_masl": null, "sheet": "SANTA QUITERIA (708)", "spillway_cms": null, "start": 1980.0, "system": "CENTRAL", "timeline": "In operation", "use_elec": true, "use_fcon": true, "use_fish": true, "use_ind": false, "use_irri": false, "use_live": true, "use_mine": false, "use_navi": true, "use_othr": false, "use_pcon": true, "use_recr": true, "use_supp": true, "users": "ENDESA GENERACIÓN, S.A. OTROS\nENDESA GENERACIÓN, S.A. OTROS\nENDESA GENERACIÓN, S.A. OTROS\nENDESA GENERACIÓN, S.A. OTROS", "x_etrs89": "326451", "y_etrs89": "4360124", "years_annual": 64.0, "years_monthly": 64.0, "level": 0, "storage": 1, "outflow": 1, "inflow": 1, "years_daily": 41, "dod_m": 0.061589458176460957, "dor_d": 931.0 }, "geometry": { "type": "Point", "coordinates": [ -5.014764996666107, 39.37315992349415 ] } },
{ "type": "Feature", "properties": { "id": 4003, "active": 1, "administration": "C.H. GUADIANA", "area_skm": 35.290667763957273, "basin": "GUADIANA", "cap_mcm": 554.0, "catch_skm": 25815.0, "category": "A", "comment": "LOS DATOS DE 2008-09 ESTAN PENDIENTES DE REVISION                                                                       ", "dam_elev_masl": null, "dam_hgt_m": 65.0, "dam_len_m": null, "dam_type": "Gravity dam: vibrated concrete", "dis_avg_mcm": null, "elev_masl": 362.6, "end": 2021.0, "estate": "Extremadura", "id_basin": 4065.0, "id_gdw": 1520.0, "id_idr_dam": 989.0, "id_idr_res": 993.0, "id_municipality": 6127.0, "id_saih": "E2-03", "id_sheet": 756.0, "lat_wgs84": 39.084, "lon_wgs84": -5.1105, "main_use": "Water supply", "municipality": "Talarrubias", "mwl_elev_masl": 363.0, "name": "Garcia De Sola", "operator": "JOSE MARIA PADILLA JIMÉNEZ", "outlet_cms": 75.6, "owner": "ESTADO", "owner_type": "Estado\nEstado", "province": "Badajoz", "reservoir_type": "Dam reservoir", "river": "Guadiana", "river_elev_masl": null, "sheet": "HERRERA DEL DUQUE (756)", "spillway_cms": null, "start": 1980.0, "system": "CENTRAL", "timeline": "In operation", "use_elec": true, "use_fcon": true, "use_fish": true, "use_ind": false, "use_irri": false, "use_live": true, "use_mine": false, "use_navi": true, "use_othr": false, "use_pcon": true, "use_recr": true, "use_supp": true, "users": "ENDESA GENERACIÓN S.A - OTROS\nENDESA GENERACIÓN S.A - OTROS\nENDESA GENERACIÓN S.A - OTROS\nENDESA GENERACIÓN S.A - OTROS", "x_etrs89": "311200", "y_etrs89": "4335067", "years_annual": 60.0, "years_monthly": 60.0, "level": 0, "storage": 1, "outflow": 1, "inflow": 1, "years_daily": 41, "dod_m": 0.02146039124539996, "dor_d": 276.0 }, "geometry": { "type": "Point", "coordinates": [ -5.184683377562147, 39.144338070171884 ] } },
{ "type": "Feature", "properties": { "id": 4004, "active": 1, "administration": "C.H. GUADIANA", "area_skm": 48.828847413306882, "basin": "GUADIANA", "cap_mcm": 808.0, "catch_skm": 26255.0, "category": "A", "comment": "LOS DATOS DE 2004-05 SON PROVISIONALES SUJETOS A REVISION                                                               ", "dam_elev_masl": null, "dam_hgt_m": 63.0, "dam_len_m": null, "dam_type": "Gravity dam: vibrated concrete", "dis_avg_mcm": null, "elev_masl": 318.0, "end": 2021.0, "estate": "Extremadura", "id_basin": 4065.0, "id_gdw": 1524.0, "id_idr_dam": 1020.0, "id_idr_res": 1565.0, "id_municipality": 6097.0, "id_saih": "E2-04", "id_sheet": 779.0, "lat_wgs84": 38.5909, "lon_wgs84": -5.3216, "main_use": "Water supply", "municipality": "Orellana la Vieja", "mwl_elev_masl": 320.0, "name": "Orellana", "operator": "JOSE MARIA PADILLA JIMÉNEZ", "outlet_cms": 443.0, "owner": "ESTADO", "owner_type": "Estado\nEstado", "province": "Badajoz", "reservoir_type": "Dam reservoir", "river": "Guadiana", "river_elev_masl": null, "sheet": "VILLANUEVA DE LA SERENA (779)", "spillway_cms": null, "start": 1980.0, "system": "CENTRAL", "timeline": "In operation", "use_elec": true, "use_fcon": true, "use_fish": true, "use_ind": false, "use_irri": false, "use_live": true, "use_mine": false, "use_navi": true, "use_othr": false, "use_pcon": true, "use_recr": true, "use_supp": true, "users": "ENDESA GENERACIÓN, S.A  Y OTROS\nENDESA GENERACIÓN, S.A  Y OTROS\nENDESA GENERACIÓN, S.A  Y OTROS\nENDESA GENERACIÓN, S.A  Y OTR", "x_etrs89": "280187", "y_etrs89": "4318279", "years_annual": 62.0, "years_monthly": 63.0, "level": 0, "storage": 1, "outflow": 1, "inflow": 1, "years_daily": 41, "dod_m": 0.030775090458960198, "dor_d": 380.0 }, "geometry": { "type": "Point", "coordinates": [ -5.53782072512962, 38.985929839925433 ] } },
{ "type": "Feature", "properties": { "id": 4005, "active": 1, "administration": "C.H. GUADIANA", "area_skm": 6.9337797285677834, "basin": "GUADIANA", "cap_mcm": 42.0, "catch_skm": 163.0, "category": "A", "comment": null, "dam_elev_masl": null, "dam_hgt_m": 15.0, "dam_len_m": null, "dam_type": "Embankment dam: zonified", "dis_avg_mcm": null, "elev_masl": 625.5, "end": 2021.0, "estate": "Castilla - La Mancha", "id_basin": 4027.0, "id_gdw": 4248.0, "id_idr_dam": 1127.0, "id_idr_res": 1019.0, "id_municipality": 13040.0, "id_saih": "E1-05", "id_sheet": 759.0, "lat_wgs84": 39.0743, "lon_wgs84": -3.5616, "main_use": "Water supply", "municipality": "Fernancaballero", "mwl_elev_masl": 624.0, "name": "Gasset", "operator": "JUAN FRANCO CABRERO", "outlet_cms": 8.05, "owner": "ESTADO", "owner_type": "Estado\nEstado", "province": "Ciudad Real", "reservoir_type": "Dam reservoir", "river": "Becea", "river_elev_masl": null, "sheet": "PIEDRABUENA (759)", "spillway_cms": null, "start": 1980.0, "system": "ORIENTAL - ALTO GUADIANA", "timeline": "In operation", "use_elec": false, "use_fcon": true, "use_fish": true, "use_ind": false, "use_irri": false, "use_live": false, "use_mine": false, "use_navi": true, "use_othr": false, "use_pcon": true, "use_recr": true, "use_supp": true, "users": "AYTO.MALAGÓN,FERNÁN CABALLERO,CIUDAD REAL,FUENTE EL FRESNO Y COMUNIDAD DE REGANTES DE GASSET\nAYTO.MALAGÓN,FERNÁN CABALLERO,CI", "x_etrs89": "418941", "y_etrs89": "4331474", "years_annual": 63.0, "years_monthly": 78.0, "level": 0, "storage": 1, "outflow": 1, "inflow": 1, "years_daily": 41, "dod_m": 0.25766871165644173, "dor_d": 412.0 }, "geometry": { "type": "Point", "coordinates": [ -3.93779758225706, 39.128669632428796 ] } },
{ "type": "Feature", "properties": { "id": 4006, "active": 1, "administration": "C.H. GUADIANA", "area_skm": 14.469522128154841, "basin": "GUADIANA", "cap_mcm": 302.0, "catch_skm": 7651.0, "category": "A", "comment": "DATOS DE 2003-04 SUJETOS A REVISION. DATOS MODIFICADOS DE SALIDAS 2012-13 (ANUARIO 13-14)                               ", "dam_elev_masl": null, "dam_hgt_m": 61.0, "dam_len_m": null, "dam_type": "Gravity dam: vibrated concrete", "dis_avg_mcm": null, "elev_masl": 318.0, "end": 2021.0, "estate": "Extremadura", "id_basin": 4082.0, "id_gdw": 1526.0, "id_idr_dam": 945.0, "id_idr_res": 2561.0, "id_municipality": 6048.0, "id_saih": "E2-07", "id_sheet": 780.0, "lat_wgs84": 38.5501, "lon_wgs84": -5.2843, "main_use": "Water supply", "municipality": "Esparragosa de Lares", "mwl_elev_masl": 320.0, "name": "Zujar", "operator": "JOSE MARIA PADILLA JIMÉNEZ", "outlet_cms": 230.34, "owner": "ESTADO", "owner_type": "Estado\nEstado", "province": "Badajoz", "reservoir_type": "Dam reservoir", "river": "Zújar", "river_elev_masl": null, "sheet": "PUEBLA DE ALCOCER (780)", "spillway_cms": null, "start": 1980.0, "system": "CENTRAL", "timeline": "In operation", "use_elec": true, "use_fcon": true, "use_fish": true, "use_ind": false, "use_irri": false, "use_live": true, "use_mine": false, "use_navi": true, "use_othr": false, "use_pcon": true, "use_recr": true, "use_supp": true, "users": "ENDESA GENERACIÓN, S.A MANCOMUNIDAD DE MUNICIPIOS DE LA SERENA Y OTROS\nENDESA GENERACIÓN, S.A MANCOMUNIDAD DE MUNICIPIOS DE L", "x_etrs89": "285117", "y_etrs89": "4310470", "years_annual": 59.0, "years_monthly": 59.0, "level": 0, "storage": 1, "outflow": 1, "inflow": 1, "years_daily": 41, "dod_m": 0.039471964449091623, "dor_d": 192.0 }, "geometry": { "type": "Point", "coordinates": [ -5.478501110340031, 38.916849373714314 ] } },
{ "type": "Feature", "properties": { "id": 4007, "active": 1, "administration": "C.H. GUADIANA", "area_skm": 17.262353693722126, "basin": "GUADIANA", "cap_mcm": 183.0, "catch_skm": 744.0, "category": "A", "comment": null, "dam_elev_masl": null, "dam_hgt_m": 51.0, "dam_len_m": null, "dam_type": "Gravity dam: vibrated concrete", "dis_avg_mcm": null, "elev_masl": 673.5, "end": 2021.0, "estate": "Castilla - La Mancha", "id_basin": 4036.0, "id_gdw": 1515.0, "id_idr_dam": 1102.0, "id_idr_res": 2261.0, "id_municipality": 13072.0, "id_saih": "E1-09", "id_sheet": 710.0, "lat_wgs84": 39.2206, "lon_wgs84": -4.1516, "main_use": "Water supply", "municipality": "Retuerta del Bullaque", "mwl_elev_masl": 673.7, "name": "Torre De Abraham", "operator": "JUAN FRANCO CABRERO", "outlet_cms": 85.3, "owner": "ESTADO", "owner_type": "Estado\nEstado", "province": "Ciudad Real", "reservoir_type": "Dam reservoir", "river": "Bullaque", "river_elev_masl": null, "sheet": "RETUERTA DE BULLAQUE (710)", "spillway_cms": null, "start": 1980.0, "system": "ORIENTAL - BULLAQUE", "timeline": "In operation", "use_elec": false, "use_fcon": true, "use_fish": true, "use_ind": false, "use_irri": false, "use_live": false, "use_mine": false, "use_navi": true, "use_othr": false, "use_pcon": true, "use_recr": true, "use_supp": true, "users": "MANCOMUNIDAD DEL BULLAQUE, MANCOMUNIDAD DE LOS MOLINOS Y COMUNIDAD DE REGANTES DE TORRE DE ABRAHAM\nMANCOMUNIDAD DEL BULLAQUE,", "x_etrs89": "391932", "y_etrs89": "4358410", "years_annual": 44.0, "years_monthly": 44.0, "level": 0, "storage": 1, "outflow": 1, "inflow": 1, "years_daily": 41, "dod_m": 0.24596774193548387, "dor_d": 939.0 }, "geometry": { "type": "Point", "coordinates": [ -4.254529015434969, 39.368398731485961 ] } },
{ "type": "Feature", "properties": { "id": 4008, "active": 1, "administration": "C.H. GUADIANA", "area_skm": 9.7496834108381361, "basin": "GUADIANA", "cap_mcm": 32.0, "catch_skm": 16163.0, "category": "B", "comment": null, "dam_elev_masl": null, "dam_hgt_m": 22.0, "dam_len_m": null, "dam_type": "Gravity dam: vibrated concrete", "dis_avg_mcm": null, "elev_masl": 595.0, "end": 2021.0, "estate": "Castilla - La Mancha", "id_basin": 4029.0, "id_gdw": 4252.0, "id_idr_dam": 1156.0, "id_idr_res": 2463.0, "id_municipality": 13034.0, "id_saih": "E1-06", "id_sheet": 759.0, "lat_wgs84": 39.0334, "lon_wgs84": -3.595, "main_use": "Water supply", "municipality": "Ciudad Real", "mwl_elev_masl": 601.0, "name": "Vicario, El", "operator": "JUAN FRANCO CABRERO", "outlet_cms": 23.5, "owner": "ESTADO", "owner_type": "Estado\nEstado", "province": "Ciudad Real", "reservoir_type": "Dam reservoir", "river": "Guadiana", "river_elev_masl": null, "sheet": "PIEDRABUENA (759)", "spillway_cms": 2500.0, "start": 1980.0, "system": "ORIENTAL - ALTO GUADIANA", "timeline": "In operation", "use_elec": false, "use_fcon": false, "use_fish": true, "use_ind": false, "use_irri": false, "use_live": false, "use_mine": false, "use_navi": true, "use_othr": false, "use_pcon": true, "use_recr": true, "use_supp": true, "users": "COMUNIDAD DE REGANTES DE VICARIO", "x_etrs89": "413717", "y_etrs89": "4323841", "years_annual": 44.0, "years_monthly": 44.0, "level": 0, "storage": 1, "outflow": 1, "inflow": 1, "years_daily": 41, "dod_m": 0.0019798304770154056, "dor_d": 220.0 }, "geometry": { "type": "Point", "coordinates": [ -3.997258204145508, 39.059395634162605 ] } },
{ "type": "Feature", "properties": { "id": 4010, "active": 1, "administration": "C.H. GUADIANA", "area_skm": 137.94652879800145, "basin": "GUADIANA", "cap_mcm": 3219.0, "catch_skm": 7426.0, "category": "A", "comment": "LOS DATOS DE 2003-04 A 2005-06, 2008-09 ESTAN PENDIENTES DE REVISION                                                    ", "dam_elev_masl": null, "dam_hgt_m": 88.0, "dam_len_m": null, "dam_type": "Gravity dam: vibrated concrete", "dis_avg_mcm": null, "elev_masl": 352.1, "end": 2021.0, "estate": "Extremadura", "id_basin": 4082.0, "id_gdw": 1527.0, "id_idr_dam": 1019.0, "id_idr_res": 2127.0, "id_municipality": 6036.0, "id_saih": "E2-06", "id_sheet": 780.0, "lat_wgs84": 38.5444, "lon_wgs84": -5.2451, "main_use": "Water supply", "municipality": "Castuera", "mwl_elev_masl": 354.0, "name": "Serena, La", "operator": "JOSE MARIA PADILLA JIMÉNEZ", "outlet_cms": 5629.44, "owner": "ESTADO", "owner_type": "Estado\nEstado", "province": "Badajoz", "reservoir_type": "Dam reservoir", "river": "Zújar", "river_elev_masl": null, "sheet": "PUEBLA DE ALCOCER (780)", "spillway_cms": null, "start": 1989.0, "system": "CENTRAL", "timeline": "In operation", "use_elec": true, "use_fcon": true, "use_fish": true, "use_ind": false, "use_irri": false, "use_live": true, "use_mine": false, "use_navi": true, "use_othr": false, "use_pcon": true, "use_recr": true, "use_supp": true, "users": "ENDESA GENERACIÓN, S.A -MANCOMUNIDAD SIBERIA Y OTROS\nENDESA GENERACIÓN, S.A -MANCOMUNIDAD SIBERIA Y OTROS\nENDESA GENERACIÓN,", "x_etrs89": "290685", "y_etrs89": "4309795", "years_annual": 33.0, "years_monthly": 34.0, "level": 0, "storage": 1, "outflow": 1, "inflow": 1, "years_daily": 32, "dod_m": 0.43347697279827635, "dor_d": 1443.0 }, "geometry": { "type": "Point", "coordinates": [ -5.414126535108509, 38.912117492276323 ] } },
{ "type": "Feature", "properties": { "id": 4011, "active": 1, "administration": "C.H. GUADIANA", "area_skm": 44.806022223604238, "basin": "GUADIANA", "cap_mcm": 852.0, "catch_skm": 2525.0, "category": "A", "comment": "LOS DATOS DE 2003-04 A 2005-06, 2011-12, 2012-13 SON PROVISIONALES SUJETOS A REVISION                                   ", "dam_elev_masl": null, "dam_hgt_m": 67.0, "dam_len_m": null, "dam_type": "Gravity dam: vibrated concrete", "dis_avg_mcm": null, "elev_masl": 275.6, "end": 2021.0, "estate": "Extremadura", "id_basin": 4109.0, "id_gdw": 1529.0, "id_idr_dam": 978.0, "id_idr_res": 52.0, "id_municipality": 6004.0, "id_saih": "E2-16", "id_sheet": 803.0, "lat_wgs84": 38.4715, "lon_wgs84": -6.1605, "main_use": "Water supply", "municipality": "Alange", "mwl_elev_masl": 275.6, "name": "Alange", "operator": "ALVARO PANIAGUA DE LA CALLE", "outlet_cms": 274.77, "owner": "ESTADO", "owner_type": "Estado\nEstado", "province": "Badajoz", "reservoir_type": "Dam reservoir", "river": "Matachel", "river_elev_masl": null, "sheet": "ALMENDRALEJO (803)", "spillway_cms": null, "start": 1991.0, "system": "CENTRAL", "timeline": "In operation", "use_elec": false, "use_fcon": true, "use_fish": true, "use_ind": false, "use_irri": false, "use_live": true, "use_mine": false, "use_navi": true, "use_othr": false, "use_pcon": true, "use_recr": true, "use_supp": true, "users": "Varios\nSuministro V. Bajas. Ocasional\n-", "x_etrs89": "216139", "y_etrs89": "4298256", "years_annual": 32.0, "years_monthly": 33.0, "level": 0, "storage": 1, "outflow": 1, "inflow": 1, "years_daily": 30, "dod_m": 0.33742574257425745, "dor_d": 1752.0 }, "geometry": { "type": "Point", "coordinates": [ -6.26800832917224, 38.787374505910925 ] } },
{ "type": "Feature", "properties": { "id": 4012, "active": 1, "administration": "C.H. GUADIANA", "area_skm": 17.088282310145612, "basin": "GUADIANA", "cap_mcm": 341.0, "catch_skm": 2136.0, "category": "A", "comment": "LOS DATOS DE 2003-04, 2005-06  Y 2016-17 SON PROVISIONALES SUJETOS A REVISION                                           ", "dam_elev_masl": null, "dam_hgt_m": 85.0, "dam_len_m": null, "dam_type": "Gravity dam: vibrated concrete", "dis_avg_mcm": null, "elev_masl": 63.0, "end": 2020.0, "estate": "Andalucía", "id_basin": 4162.0, "id_gdw": 4354.0, "id_idr_dam": 1249.0, "id_idr_res": 648.0, "id_municipality": 21037.0, "id_saih": "E3-01", "id_sheet": 958.0, "lat_wgs84": 37.3329, "lon_wgs84": -7.3115, "main_use": "Water supply", "municipality": "El Granado", "mwl_elev_masl": 63.2, "name": "Chanza", "operator": "PABLO MURGA RODRIGUEZ", "outlet_cms": null, "owner": "ESTADO", "owner_type": "Comunidades Autónomas\nComunidades Autónomas", "province": "Huelva", "reservoir_type": "Dam reservoir", "river": "Chanza", "river_elev_masl": null, "sheet": "PUEBLA DE GUZMÁN (958)", "spillway_cms": null, "start": 2005.0, "system": "SUR", "timeline": "In operation", "use_elec": false, "use_fcon": true, "use_fish": true, "use_ind": false, "use_irri": false, "use_live": true, "use_mine": false, "use_navi": true, "use_othr": false, "use_pcon": true, "use_recr": true, "use_supp": true, "users": "-\n-\n-", "x_etrs89": "100608", "y_etrs89": "4166412", "years_annual": 28.0, "years_monthly": 28.0, "level": 0, "storage": 1, "outflow": 1, "inflow": 1, "years_daily": 15, "dod_m": 0.15964419475655431, "dor_d": 357.0 }, "geometry": { "type": "Point", "coordinates": [ -7.52081298919957, 37.558179226816179 ] } },
{ "type": "Feature", "properties": { "id": 4015, "active": 1, "administration": "C.H. GUADIANA", "area_skm": 14.231195322795525, "basin": "GUADIANA", "cap_mcm": 131.0, "catch_skm": 1019.0, "category": "A", "comment": "LOS DATOS DE 2008-09 Y DE 2011-12 A 2016-17 ESTAN PENDIENTES DE REVISION                                                ", "dam_elev_masl": null, "dam_hgt_m": 50.0, "dam_len_m": null, "dam_type": "Gravity dam: vibrated concrete", "dis_avg_mcm": null, "elev_masl": 242.9, "end": 2021.0, "estate": "Extremadura", "id_basin": 4138.0, "id_gdw": 4245.0, "id_idr_dam": 963.0, "id_idr_res": 2495.0, "id_municipality": 6155.0, "id_saih": "E2-24", "id_sheet": 750.0, "lat_wgs84": 39.0907, "lon_wgs84": -6.52, "main_use": "Water supply", "municipality": "Villar del Rey", "mwl_elev_masl": 245.9, "name": "Villar Del Rey", "operator": "ALVARO PANIAGUA DE LA CALLE", "outlet_cms": 930.96, "owner": "ESTADO", "owner_type": "Estado\nEstado", "province": "Badajoz", "reservoir_type": "Dam reservoir", "river": "Zapatón", "river_elev_masl": null, "sheet": "BOTOA (750)", "spillway_cms": null, "start": 2009.0, "system": "CENTRAL", "timeline": "In operation", "use_elec": false, "use_fcon": true, "use_fish": true, "use_ind": false, "use_irri": false, "use_live": true, "use_mine": false, "use_navi": true, "use_othr": false, "use_pcon": true, "use_recr": true, "use_supp": true, "users": "BADAJOZ, ALBURQUERQUE Y VILLAR DEL REY\nRIEGOS COMUNIDAD DE REGANTES TOMAS DIRECTAS RIO ZAPATÓN\nCONCESIONARIO HIDROELÉCTRICO:", "x_etrs89": "165847", "y_etrs89": "4340763", "years_annual": 26.0, "years_monthly": 27.0, "level": 0, "storage": 1, "outflow": 1, "inflow": 1, "years_daily": 12, "dod_m": 0.12855740922473013, "dor_d": 278.0 }, "geometry": { "type": "Point", "coordinates": [ -6.866631346213026, 39.151942726313976 ] } },
{ "type": "Feature", "properties": { "id": 4016, "active": 1, "administration": "C.H. GUADIANA", "area_skm": 1.283995929320511, "basin": "GUADIANA", "cap_mcm": 11.0, "catch_skm": 42658.0, "category": "A", "comment": "LOS DATOS DE 2003-04 A 2005-06, 2008-09, 2011-12, 2015-16 Y 2016-17 ESTAN PENDIENTES DE REVISION                        ", "dam_elev_masl": null, "dam_hgt_m": null, "dam_len_m": null, "dam_type": "Gravity dam: vibrated concrete", "dis_avg_mcm": null, "elev_masl": 202.1, "end": 2021.0, "estate": "Extremadura", "id_basin": 4114.0, "id_gdw": 27766.0, "id_idr_dam": 1027.0, "id_idr_res": 1462.0, "id_municipality": 6083.0, "id_saih": "E2-19", "id_sheet": 777.0, "lat_wgs84": 38.5525, "lon_wgs84": -6.2544, "main_use": "Water supply", "municipality": "Mérida", "mwl_elev_masl": 204.1, "name": "Montijo", "operator": "ALVARO PANIEGUA DE LA CALLE", "outlet_cms": 35.0, "owner": "ESTADO", "owner_type": "Estado\nEstado", "province": "Badajoz", "reservoir_type": "Dam reservoir", "river": "Guadiana", "river_elev_masl": null, "sheet": "MÉRIDA (777)", "spillway_cms": null, "start": 1996.0, "system": "CENTRAL", "timeline": "In operation", "use_elec": false, "use_fcon": true, "use_fish": true, "use_ind": false, "use_irri": false, "use_live": false, "use_mine": false, "use_navi": true, "use_othr": false, "use_pcon": true, "use_recr": true, "use_supp": true, "users": "-\n-", "x_etrs89": "202727", "y_etrs89": "4313887", "years_annual": 26.0, "years_monthly": 27.0, "level": 0, "storage": 1, "outflow": 1, "inflow": 1, "years_daily": 25, "dod_m": 0.00025786487880350697, "dor_d": 3.0 }, "geometry": { "type": "Point", "coordinates": [ -6.428918839085256, 38.923564614293944 ] } },
{ "type": "Feature", "properties": { "id": 4017, "active": 1, "administration": "C.H. GUADIANA", "area_skm": 3.4577155254109098, "basin": "GUADIANA", "cap_mcm": 34.0, "catch_skm": 1221.0, "category": "A", "comment": "LOS DATOS DE 2011-12 ESTAN PENDIENTES DE REVISION                                                                       ", "dam_elev_masl": null, "dam_hgt_m": 35.0, "dam_len_m": null, "dam_type": "Embankment dam: zonified", "dis_avg_mcm": null, "elev_masl": 350.0, "end": 2021.0, "estate": "Extremadura", "id_basin": 4104.0, "id_gdw": 4280.0, "id_idr_dam": 1007.0, "id_idr_res": 1421.0, "id_municipality": 6069.0, "id_saih": "E2-15", "id_sheet": 830.0, "lat_wgs84": 38.3159, "lon_wgs84": -6.0716, "main_use": "Water supply", "municipality": "Hornachos", "mwl_elev_masl": 351.8, "name": "Molinos De Matachel, Los", "operator": "ALVARO PANIAGUA DE LA CALLE", "outlet_cms": 205.68, "owner": "ESTADO", "owner_type": "Estado\nEstado", "province": "Badajoz", "reservoir_type": "Dam reservoir", "river": "Matachel", "river_elev_masl": null, "sheet": "HORNACHOS (830)", "spillway_cms": 3389.0, "start": 1996.0, "system": "CENTRAL", "timeline": "In operation", "use_elec": false, "use_fcon": true, "use_fish": true, "use_ind": false, "use_irri": false, "use_live": false, "use_mine": false, "use_navi": true, "use_othr": false, "use_pcon": true, "use_recr": true, "use_supp": true, "users": "-\n-", "x_etrs89": "227934", "y_etrs89": "4269593", "years_annual": 26.0, "years_monthly": 27.0, "level": 0, "storage": 1, "outflow": 1, "inflow": 1, "years_daily": 25, "dod_m": 0.027846027846027847, "dor_d": 103.0 }, "geometry": { "type": "Point", "coordinates": [ -6.121182221357007, 38.53316979896676 ] } },
{ "type": "Feature", "properties": { "id": 4018, "active": 1, "administration": "C.H. GUADIANA", "area_skm": 1.1250143887574917, "basin": "GUADIANA", "cap_mcm": 6.0, "catch_skm": 21.2, "category": "A", "comment": "LOS DATOS DE 2013-14 A 2015-16 ESTAN PENDIENTES DE REVISION                                                             ", "dam_elev_masl": null, "dam_hgt_m": null, "dam_len_m": null, "dam_type": "Gravity dam: vibrated concrete", "dis_avg_mcm": null, "elev_masl": 330.0, "end": 2021.0, "estate": "Extremadura", "id_basin": 4998.0, "id_gdw": null, "id_idr_dam": 937.0, "id_idr_res": 363.0, "id_municipality": 6038.0, "id_saih": "E2-21", "id_sheet": 752.0, "lat_wgs84": 39.0904, "lon_wgs84": -6.2506, "main_use": "Water supply", "municipality": "Cordobilla de Lácara", "mwl_elev_masl": 330.7, "name": "Boqueron, El", "operator": "ALVARO PANIAGUA DE LA CALLE", "outlet_cms": 11.3, "owner": "ESTADO", "owner_type": "Estado\nEstado", "province": "Badajoz", "reservoir_type": "Dam reservoir", "river": "Boquerón", "river_elev_masl": null, "sheet": "MIRANDILLA (752)", "spillway_cms": null, "start": 2009.0, "system": "CENTRAL", "timeline": "In operation", "use_elec": false, "use_fcon": false, "use_fish": true, "use_ind": false, "use_irri": false, "use_live": false, "use_mine": false, "use_navi": true, "use_othr": false, "use_pcon": true, "use_recr": true, "use_supp": true, "users": "APORTE A LOS CANCHALES", "x_etrs89": "204601", "y_etrs89": "4339113", "years_annual": 26.0, "years_monthly": 27.0, "level": 0, "storage": 1, "outflow": 1, "inflow": 1, "years_daily": 12, "dod_m": 0.28301886792452829, "dor_d": 545.0 }, "geometry": { "type": "Point", "coordinates": [ -6.418267251517121, 39.151112121847717 ] } },
{ "type": "Feature", "properties": { "id": 4019, "active": 1, "administration": "C.H. GUADIANA", "area_skm": 3.2961631359517067, "basin": "GUADIANA", "cap_mcm": 24.0, "catch_skm": 83.0, "category": "A", "comment": "LOS DATOS DE 2008-09, 2009-10, 2012-13 Y 2013-14, 2015-16 Y 2016-17 ESTAN PENDIENTES DE REVISION                        ", "dam_elev_masl": null, "dam_hgt_m": null, "dam_len_m": null, "dam_type": "Embankment dam: zonified", "dis_avg_mcm": null, "elev_masl": 324.0, "end": 2021.0, "estate": "Extremadura", "id_basin": 4115.0, "id_gdw": 8947.0, "id_idr_dam": 996.0, "id_idr_res": 1125.0, "id_municipality": 6038.0, "id_saih": "E2-20", "id_sheet": 752.0, "lat_wgs84": 39.0909, "lon_wgs84": -6.2559, "main_use": "Water supply", "municipality": "Cordobilla de Lácara", "mwl_elev_masl": 324.8, "name": "Horno Tejero", "operator": "ALVARO PANIAGUA DE LA CALLE", "outlet_cms": 132.96, "owner": "ESTADO", "owner_type": "Estado\nEstado", "province": "Badajoz", "reservoir_type": "Dam reservoir", "river": "Lácara", "river_elev_masl": null, "sheet": "MIRANDILLA (752)", "spillway_cms": null, "start": 2009.0, "system": "CENTRAL", "timeline": "In operation", "use_elec": false, "use_fcon": false, "use_fish": true, "use_ind": false, "use_irri": false, "use_live": false, "use_mine": false, "use_navi": true, "use_othr": false, "use_pcon": true, "use_recr": true, "use_supp": true, "users": "-", "x_etrs89": "203326", "y_etrs89": "4339315", "years_annual": 26.0, "years_monthly": 27.0, "level": 0, "storage": 1, "outflow": 1, "inflow": 1, "years_daily": 12, "dod_m": 0.28915662650602408, "dor_d": 875.0 }, "geometry": { "type": "Point", "coordinates": [ -6.43308486752126, 39.152495652333506 ] } },
{ "type": "Feature", "properties": { "id": 4020, "active": 1, "administration": "C.H. GUADIANA", "area_skm": 0.6584906887096067, "basin": "GUADIANA", "cap_mcm": 5.0, "catch_skm": 17.0, "category": "A", "comment": "LOS DATOS DE 2008-09, 2014-15, 2015-16, 2016-17 Y 2018-19 ESTAN PENDIENTES DE REVISION                                  ", "dam_elev_masl": null, "dam_hgt_m": null, "dam_len_m": null, "dam_type": "Gravity dam: vibrated concrete", "dis_avg_mcm": null, "elev_masl": 668.0, "end": 2021.0, "estate": "Extremadura", "id_basin": 4997.0, "id_gdw": 16395.0, "id_idr_dam": 950.0, "id_idr_res": 2220.0, "id_municipality": 6026.0, "id_saih": "E2-28", "id_sheet": 897.0, "lat_wgs84": 38.0556, "lon_wgs84": -6.1857, "main_use": "Water supply", "municipality": "Calera de León", "mwl_elev_masl": 669.5, "name": "Tentudia", "operator": "ALVARO PANIAGUA DE LA CALLE", "outlet_cms": 78.48, "owner": "ESTADO", "owner_type": "Estado\nEstado", "province": "Badajoz", "reservoir_type": "Dam reservoir", "river": "Bodión", "river_elev_masl": null, "sheet": "MONESTERIO (897)", "spillway_cms": 93215.0, "start": 2009.0, "system": "ARDILA", "timeline": "In operation", "use_elec": false, "use_fcon": true, "use_fish": true, "use_ind": false, "use_irri": false, "use_live": false, "use_mine": false, "use_navi": true, "use_othr": false, "use_pcon": true, "use_recr": true, "use_supp": true, "users": "-\n-", "x_etrs89": "209222", "y_etrs89": "4221986", "years_annual": 26.0, "years_monthly": 27.0, "level": 0, "storage": 1, "outflow": 1, "inflow": 1, "years_daily": 12, "dod_m": 0.29411764705882354, "dor_d": 333.0 }, "geometry": { "type": "Point", "coordinates": [ -6.315937293968645, 38.098924217887365 ] } },
{ "type": "Feature", "properties": { "id": 4021, "active": 1, "administration": "C.H. GUADIANA", "area_skm": 5.3032444834654351, "basin": "GUADIANA", "cap_mcm": 26.0, "catch_skm": 384.0, "category": "A", "comment": "LOS DATOS DE 2008-09, 2013-14, 2015-16 Y 2016-17 ESTAN PENDIENTES DE REVISION                                           ", "dam_elev_masl": null, "dam_hgt_m": null, "dam_len_m": null, "dam_type": "Gravity dam: Roller-Compacted Concrete", "dis_avg_mcm": null, "elev_masl": 222.1, "end": 2021.0, "estate": "Extremadura", "id_basin": 4115.0, "id_gdw": 8951.0, "id_idr_dam": 953.0, "id_idr_res": 481.0, "id_municipality": 6088.0, "id_saih": "E2-22", "id_sheet": 776.0, "lat_wgs84": 38.5751, "lon_wgs84": -6.3122, "main_use": "Water supply", "municipality": "Montijo", "mwl_elev_masl": 224.6, "name": "Canchales, Los", "operator": "ALVARO PANIAGUA DE LA CALLE", "outlet_cms": 7.54, "owner": "ESTADO", "owner_type": "Estado\nEstado", "province": "Badajoz", "reservoir_type": "Dam reservoir", "river": "Lácara", "river_elev_masl": null, "sheet": "MONTIJO (776) Y MÉRIDA (777)", "spillway_cms": null, "start": 2009.0, "system": "CENTRAL", "timeline": "In operation", "use_elec": false, "use_fcon": true, "use_fish": true, "use_ind": false, "use_irri": false, "use_live": false, "use_mine": false, "use_navi": true, "use_othr": false, "use_pcon": true, "use_recr": true, "use_supp": true, "users": "MANCOMUNIDAD DE VEGAS BAJAS\nUSOS CIENTÍFICOS ORNITOFAUNA", "x_etrs89": "194773", "y_etrs89": "4318706", "years_annual": 26.0, "years_monthly": 27.0, "level": 0, "storage": 1, "outflow": 1, "inflow": 1, "years_daily": 12, "dod_m": 0.067708333333333329, "dor_d": 195.0 }, "geometry": { "type": "Point", "coordinates": [ -6.522652534245387, 38.964179240804519 ] } },
{ "type": "Feature", "properties": { "id": 4038, "active": 1, "administration": "C.H. GUADIANA", "area_skm": 0.92043429916901864, "basin": "GUADIANA", "cap_mcm": 15.0, "catch_skm": 29.0, "category": "A", "comment": "LOS DATOS DE 2018-19 ESTAN PENDIENTES DE REVISION                                                                       ", "dam_elev_masl": null, "dam_hgt_m": null, "dam_len_m": null, "dam_type": "Gravity dam: vibrated concrete", "dis_avg_mcm": null, "elev_masl": 626.0, "end": 2021.0, "estate": "Extremadura", "id_basin": 4086.0, "id_gdw": 16279.0, "id_idr_dam": 1074.0, "id_idr_res": 484.0, "id_municipality": 10044.0, "id_saih": "E2-08", "id_sheet": 707.0, "lat_wgs84": 39.2335, "lon_wgs84": -5.2325, "main_use": "Water supply", "municipality": "Cañamero", "mwl_elev_masl": 628.5, "name": "Cancho Del Fresno", "operator": "FRANCISCO GALVEZ PONCE", "outlet_cms": 64.0, "owner": "ESTADO", "owner_type": "Estado\nEstado", "province": "Cáceres", "reservoir_type": "Dam reservoir", "river": "Ruecas", "river_elev_masl": null, "sheet": "LOGROSÁN (707)", "spillway_cms": null, "start": 2007.0, "system": "CENTRAL", "timeline": "In operation", "use_elec": true, "use_fcon": true, "use_fish": true, "use_ind": false, "use_irri": false, "use_live": true, "use_mine": false, "use_navi": true, "use_othr": false, "use_pcon": true, "use_recr": true, "use_supp": true, "users": "-\n-\n-\n-", "x_etrs89": "294152", "y_etrs89": "4363120", "years_annual": 15.0, "years_monthly": 15.0, "level": 0, "storage": 1, "outflow": 1, "inflow": 1, "years_daily": 14, "dod_m": 0.51724137931034486, "dor_d": 333.0 }, "geometry": { "type": "Point", "coordinates": [ -5.390369426844591, 39.393038969100871 ] } },
{ "type": "Feature", "properties": { "id": 4041, "active": 1, "administration": "C.H. GUADIANA", "area_skm": 5.0516387247163719, "basin": "GUADIANA", "cap_mcm": 43.0, "catch_skm": 550.0, "category": "A", "comment": "LOS DATOS DE 2009-10 ESTAN PENDIENTES DE REVISION                                                                       ", "dam_elev_masl": null, "dam_hgt_m": 30.0, "dam_len_m": null, "dam_type": "Embankment dam: homogeneous", "dis_avg_mcm": null, "elev_masl": 763.0, "end": 2021.0, "estate": "Castilla - La Mancha", "id_basin": 4030.0, "id_gdw": 4269.0, "id_idr_dam": 1093.0, "id_idr_res": 1336.0, "id_municipality": 13087.0, "id_saih": "E1-07", "id_sheet": 812.0, "lat_wgs84": 38.413, "lon_wgs84": -3.1636, "main_use": "Water supply", "municipality": "Valdepeñas", "mwl_elev_masl": 763.6, "name": "Marisanchez", "operator": "ALBERTO BENITEZ NAVIO", "outlet_cms": 13.5, "owner": "ESTADO", "owner_type": "Estado\nEstado", "province": "Ciudad Real", "reservoir_type": "Dam reservoir", "river": "Jabalón", "river_elev_masl": null, "sheet": "VALDEPEÑAS (812)", "spillway_cms": null, "start": 2000.0, "system": "ORIENTAL - ALTO GUADIANA", "timeline": "In operation", "use_elec": false, "use_fcon": false, "use_fish": true, "use_ind": false, "use_irri": false, "use_live": false, "use_mine": false, "use_navi": true, "use_othr": false, "use_pcon": true, "use_recr": true, "use_supp": true, "users": "AYUNTAMIENTO VALDEPEÑAS, CASTELAR DE SANTIAGO Y TORRENUEVA", "x_etrs89": "475939", "y_etrs89": "4282584", "years_annual": 22.0, "years_monthly": 22.0, "level": 0, "storage": 1, "outflow": 1, "inflow": 1, "years_daily": 21, "dod_m": 0.078181818181818186, "dor_d": 442.0 }, "geometry": { "type": "Point", "coordinates": [ -3.276669634797944, 38.691542995354602 ] } },
{ "type": "Feature", "properties": { "id": 4043, "active": 1, "administration": "C.H. GUADIANA", "area_skm": 3.0002639585805628, "basin": "GUADIANA", "cap_mcm": 43.8, "catch_skm": 139.0, "category": "A", "comment": null, "dam_elev_masl": null, "dam_hgt_m": 43.0, "dam_len_m": null, "dam_type": "Gravity dam: vibrated concrete", "dis_avg_mcm": null, "elev_masl": 389.1, "end": 2021.0, "estate": "Extremadura", "id_basin": 4086.0, "id_gdw": 4237.0, "id_idr_dam": 1062.0, "id_idr_res": 1960.0, "id_municipality": 10109.0, "id_saih": "E2-09", "id_sheet": 732.0, "lat_wgs84": 39.1604, "lon_wgs84": -5.2947, "main_use": "Water supply", "municipality": "Logrosán", "mwl_elev_masl": 390.6, "name": "Ruecas", "operator": "FRANCISCO GALVEZ PONCE", "outlet_cms": 107.4, "owner": "ESTADO", "owner_type": "Estado\nEstado", "province": "Cáceres", "reservoir_type": "Dam reservoir", "river": "Ruecas", "river_elev_masl": null, "sheet": "VALDECABALLEROS (732)", "spillway_cms": null, "start": 2007.0, "system": "CENTRAL", "timeline": "In operation", "use_elec": true, "use_fcon": true, "use_fish": true, "use_ind": false, "use_irri": false, "use_live": true, "use_mine": false, "use_navi": true, "use_othr": false, "use_pcon": true, "use_recr": true, "use_supp": true, "users": "-\n-\n-\n-", "x_etrs89": "284633", "y_etrs89": "4349455", "years_annual": 15.0, "years_monthly": 15.0, "level": 0, "storage": 1, "outflow": 1, "inflow": 1, "years_daily": 14, "dod_m": 0.31510791366906471, "dor_d": 389.0 }, "geometry": { "type": "Point", "coordinates": [ -5.496429885344301, 39.267700377103097 ] } },
{ "type": "Feature", "properties": { "id": 4044, "active": 1, "administration": "C.H. GUADIANA", "area_skm": 15.208790889007927, "basin": "GUADIANA", "cap_mcm": 232.0, "catch_skm": 210.0, "category": "A", "comment": "LOS DATOS DE 2018-19 ESTAN PENDIENTES DE REVISION                                                                       ", "dam_elev_masl": null, "dam_hgt_m": null, "dam_len_m": null, "dam_type": "Gravity dam: Roller-Compacted Concrete", "dis_avg_mcm": null, "elev_masl": 331.6, "end": 2021.0, "estate": "Extremadura", "id_basin": 4087.0, "id_gdw": 1518.0, "id_idr_dam": 1057.0, "id_idr_res": 2141.0, "id_municipality": 10219.0, "id_saih": "E2-11", "id_sheet": 731.0, "lat_wgs84": 39.1134, "lon_wgs84": -5.3843, "main_use": "Water supply", "municipality": "Zorita", "mwl_elev_masl": 331.6, "name": "Sierra Brava", "operator": "FRANCISCO GALVEZ PONCE", "outlet_cms": 74885.0, "owner": "ESTADO", "owner_type": "Estado\nEstado", "province": "Cáceres", "reservoir_type": "Dam reservoir", "river": "Arroyo Pizarroso", "river_elev_masl": null, "sheet": "ZORITA (731)", "spillway_cms": null, "start": 2007.0, "system": "CENTRAL", "timeline": "In operation", "use_elec": true, "use_fcon": true, "use_fish": true, "use_ind": false, "use_irri": false, "use_live": true, "use_mine": false, "use_navi": true, "use_othr": false, "use_pcon": true, "use_recr": true, "use_supp": true, "users": "-\n-\n-\n-", "x_etrs89": "271543", "y_etrs89": "4341515", "years_annual": 15.0, "years_monthly": 15.0, "level": 0, "storage": 1, "outflow": 1, "inflow": 1, "years_daily": 14, "dod_m": 1.1047619047619048, "dor_d": 613.0 }, "geometry": { "type": "Point", "coordinates": [ -5.645329167851511, 39.192879083287281 ] } },
{ "type": "Feature", "properties": { "id": 4045, "active": 1, "administration": "C.H. GUADIANA", "area_skm": 5.8518866204081039, "basin": "GUADIANA", "cap_mcm": 34.0, "catch_skm": 1806.0, "category": "A", "comment": null, "dam_elev_masl": null, "dam_hgt_m": 25.0, "dam_len_m": null, "dam_type": "Embankment dam: zonified", "dis_avg_mcm": null, "elev_masl": 639.0, "end": 2021.0, "estate": "Castilla - La Mancha", "id_basin": 4030.0, "id_gdw": 4265.0, "id_idr_dam": 1134.0, "id_idr_res": 2441.0, "id_municipality": 13027.0, "id_saih": "E1-08", "id_sheet": 811.0, "lat_wgs84": 38.4536, "lon_wgs84": -3.4704, "main_use": "Water supply", "municipality": "Calzada de Calatrava", "mwl_elev_masl": 640.3, "name": "Vega Del Jabalon, La", "operator": "ALBERTO BENITEZ NAVIO", "outlet_cms": 22.3, "owner": "ESTADO", "owner_type": "Estado\nEstado", "province": "Ciudad Real", "reservoir_type": "Dam reservoir", "river": "Jabalón", "river_elev_masl": null, "sheet": "MORAL DE CALATRAVA (811)", "spillway_cms": null, "start": 2000.0, "system": "ORIENTAL - ALTO GUADIANA", "timeline": "In operation", "use_elec": false, "use_fcon": false, "use_fish": true, "use_ind": false, "use_irri": false, "use_live": false, "use_mine": false, "use_navi": true, "use_othr": false, "use_pcon": true, "use_recr": true, "use_supp": true, "users": "CONSORCIO CAMPO DE CALATRAVA", "x_etrs89": "431854", "y_etrs89": "4290433", "years_annual": 22.0, "years_monthly": 22.0, "level": 0, "storage": 1, "outflow": 1, "inflow": 1, "years_daily": 21, "dod_m": 0.018826135105204873, "dor_d": 203.0 }, "geometry": { "type": "Point", "coordinates": [ -3.784331809386238, 38.759972083196502 ] } },
{ "type": "Feature", "properties": { "id": 4047, "active": 1, "administration": "C.H. GUADIANA", "area_skm": 1.0922943947770123, "basin": "GUADIANA", "cap_mcm": 10.2, "catch_skm": 70.0, "category": "A", "comment": "LOS DATOS DE 2013-14, 2016-17 Y 2018-19 ESTAN PENDIENTES DE REVISION                                                    ", "dam_elev_masl": null, "dam_hgt_m": null, "dam_len_m": null, "dam_type": "Embankment dam: homogeneous", "dis_avg_mcm": null, "elev_masl": 350.5, "end": 2021.0, "estate": "Extremadura", "id_basin": 4988.0, "id_gdw": 8943.0, "id_idr_dam": 1075.0, "id_idr_res": 781.0, "id_municipality": 10109.0, "id_saih": "E2-13", "id_sheet": 732.0, "lat_wgs84": 39.1416, "lon_wgs84": -5.2835, "main_use": "Water supply", "municipality": "Logrosán", "mwl_elev_masl": 352.0, "name": "Cubilar", "operator": "FRANCISCO GALVEZ PONCE", "outlet_cms": 36.64, "owner": "ESTADO", "owner_type": "Estado\nEstado", "province": "Cáceres", "reservoir_type": "Dam reservoir", "river": "Cubilar", "river_elev_masl": null, "sheet": "VALDECABALLEROS (732)", "spillway_cms": null, "start": 2007.0, "system": "CENTRAL", "timeline": "In operation", "use_elec": false, "use_fcon": true, "use_fish": true, "use_ind": false, "use_irri": false, "use_live": false, "use_mine": false, "use_navi": true, "use_othr": false, "use_pcon": true, "use_recr": true, "use_supp": true, "users": "-\n-", "x_etrs89": "286263", "y_etrs89": "4346093", "years_annual": 15.0, "years_monthly": 15.0, "level": 0, "storage": 1, "outflow": 1, "inflow": 1, "years_daily": 14, "dod_m": 0.14571428571428571, "dor_d": 248.0 }, "geometry": { "type": "Point", "coordinates": [ -5.476486744713081, 39.237837292805139 ] } },
{ "type": "Feature", "properties": { "id": 4048, "active": 1, "administration": "C.H. GUADIANA", "area_skm": 2.6815727612198117, "basin": "GUADIANA", "cap_mcm": 21.1, "catch_skm": 164.85, "category": "A", "comment": "LOS DATOS DE 2011-12, 2013-14 Y 2016-17 ESTAN PENDIENTES DE REVISION                                                    ", "dam_elev_masl": null, "dam_hgt_m": null, "dam_len_m": null, "dam_type": "Embankment dam: homogeneous", "dis_avg_mcm": null, "elev_masl": 355.6, "end": 2021.0, "estate": "Extremadura", "id_basin": 4089.0, "id_gdw": null, "id_idr_dam": 988.0, "id_idr_res": 996.0, "id_municipality": 6102.0, "id_saih": "E2-12", "id_sheet": 732.0, "lat_wgs84": 39.1114, "lon_wgs84": -5.2123, "main_use": "Water supply", "municipality": "Puebla de Alcocer", "mwl_elev_masl": 357.2, "name": "Gargaligas", "operator": "FRANCISCO GALVEZ PONCE", "outlet_cms": 38.8, "owner": "ESTADO", "owner_type": "Estado\nEstado", "province": "Badajoz", "reservoir_type": "Dam reservoir", "river": "Gargáligas", "river_elev_masl": null, "sheet": "VALDECABALLEROS (732)", "spillway_cms": null, "start": 2007.0, "system": "CENTRAL", "timeline": "In operation", "use_elec": false, "use_fcon": true, "use_fish": true, "use_ind": false, "use_irri": false, "use_live": false, "use_mine": false, "use_navi": true, "use_othr": false, "use_pcon": true, "use_recr": true, "use_supp": true, "users": "-\n-", "x_etrs89": "296485", "y_etrs89": "4340205", "years_annual": 15.0, "years_monthly": 15.0, "level": 0, "storage": 1, "outflow": 1, "inflow": 1, "years_daily": 14, "dod_m": 0.12799514710342738, "dor_d": 243.0 }, "geometry": { "type": "Point", "coordinates": [ -5.356371089302489, 39.1872828658326 ] } },
{ "type": "Feature", "properties": { "id": 4050, "active": 1, "administration": "C.H. GUADIANA", "area_skm": 1.1966307922873869, "basin": "GUADIANA", "cap_mcm": 7.0, "catch_skm": 507.0, "category": "A", "comment": null, "dam_elev_masl": null, "dam_hgt_m": null, "dam_len_m": null, "dam_type": "Embankment dam: homogeneous", "dis_avg_mcm": null, "elev_masl": 749.5, "end": 2021.0, "estate": "Castilla - La Mancha", "id_basin": 4004.0, "id_gdw": 16331.0, "id_idr_dam": 1143.0, "id_idr_res": 1811.0, "id_municipality": 13010.0, "id_saih": "E1-02", "id_sheet": 787.0, "lat_wgs84": 38.5208, "lon_wgs84": -3.1008, "main_use": "Water supply", "municipality": "Alhambra", "mwl_elev_masl": 750.0, "name": "Puerto Vallehermoso", "operator": "ALBERTO BENITEZ NAVIO", "outlet_cms": 8.7, "owner": "ESTADO", "owner_type": "Estado\nEstado", "province": "Ciudad Real", "reservoir_type": "Dam reservoir", "river": "Azuer", "river_elev_masl": null, "sheet": "ALHAMBRA (787)", "spillway_cms": null, "start": 2000.0, "system": "ORIENTAL - ALTO GUADIANA", "timeline": "In operation", "use_elec": false, "use_fcon": false, "use_fish": true, "use_ind": false, "use_irri": false, "use_live": false, "use_mine": false, "use_navi": true, "use_othr": false, "use_pcon": true, "use_recr": true, "use_supp": true, "users": "LA SOLANA, SAN CARLOS DEL VALLE, ALHAMBRA, CARRIZOSA", "x_etrs89": "485339", "y_etrs89": "4302248", "years_annual": 22.0, "years_monthly": 22.0, "level": 0, "storage": 1, "outflow": 1, "inflow": 1, "years_daily": 21, "dod_m": 0.013806706114398421, "dor_d": 97.0 }, "geometry": { "type": "Point", "coordinates": [ -3.169000385327553, 38.868953998658178 ] } },
{ "type": "Feature", "properties": { "id": 4051, "active": 1, "administration": "C.H. GUADIANA", "area_skm": 17.602840343736496, "basin": "GUADIANA", "cap_mcm": 2.2, "catch_skm": 13943.1, "category": "C", "comment": "LOS DATOS DE 2012-13 ESTAN PENDIENTES DE REVISION                                                                       ", "dam_elev_masl": null, "dam_hgt_m": null, "dam_len_m": null, "dam_type": "Mixed/Composite dam", "dis_avg_mcm": null, "elev_masl": 606.0, "end": 2021.0, "estate": "Castilla - La Mancha", "id_basin": 4025.0, "id_gdw": null, "id_idr_dam": 1148.0, "id_idr_res": 1802.0, "id_municipality": 13039.0, "id_saih": "E1-03", "id_sheet": 760.0, "lat_wgs84": 39.0645, "lon_wgs84": -3.4539, "main_use": "Water supply", "municipality": "Daimiel", "mwl_elev_masl": 606.3, "name": "Puente Navarro", "operator": "ALBERTO BENITEZ NAVIO", "outlet_cms": null, "owner": "Estado", "owner_type": "Estado\nEstado", "province": "Ciudad Real", "reservoir_type": "Dam reservoir", "river": "Guadiana", "river_elev_masl": null, "sheet": "Daimiel (760)", "spillway_cms": null, "start": 2010.0, "system": "Mancha Occidental", "timeline": "In operation", "use_elec": false, "use_fcon": false, "use_fish": true, "use_ind": false, "use_irri": false, "use_live": false, "use_mine": false, "use_navi": true, "use_othr": false, "use_pcon": true, "use_recr": true, "use_supp": true, "users": "-", "x_etrs89": "434225", "y_etrs89": "4329527", "years_annual": 12.0, "years_monthly": 12.0, "level": 0, "storage": 1, "outflow": 1, "inflow": 1, "years_daily": 11, "dod_m": 0.00015778413695663088, "dor_d": 24.0 }, "geometry": { "type": "Point", "coordinates": [ -3.760799614682291, 39.1124148863409 ] } },
{ "type": "Feature", "properties": { "id": 4083, "active": 1, "administration": "C.H. GUADIANA", "area_skm": 45.843499923236081, "basin": "GUADIANA", "cap_mcm": 634.4, "catch_skm": 634.0, "category": "A", "comment": "LOS DATOS DE 2011-12 ESTAN PENDIENTES DE REVISION                                                                       ", "dam_elev_masl": null, "dam_hgt_m": 70.0, "dam_len_m": null, "dam_type": "Embankment dam: zonified", "dis_avg_mcm": null, "elev_masl": 112.0, "end": 2020.0, "estate": "Andalucía", "id_basin": 4157.0, "id_gdw": 7003.0, "id_idr_dam": 1272.0, "id_idr_res": 143.0, "id_municipality": 21003.0, "id_saih": "E3-10", "id_sheet": 958.0, "lat_wgs84": 37.3658, "lon_wgs84": -7.2337, "main_use": "Water supply", "municipality": "El Almendro", "mwl_elev_masl": 113.5, "name": "Andevalo", "operator": null, "outlet_cms": 1620.0, "owner": "ESTADO", "owner_type": "Comunidades Autónomas\nComunidades Autónomas", "province": "Huelva", "reservoir_type": "Dam reservoir", "river": "Cobica", "river_elev_masl": null, "sheet": "PUEBLA DE GUZMÁN (958)", "spillway_cms": 74.9, "start": 2007.0, "system": "SUR", "timeline": "In operation", "use_elec": false, "use_fcon": false, "use_fish": true, "use_ind": false, "use_irri": false, "use_live": false, "use_mine": false, "use_navi": true, "use_othr": false, "use_pcon": true, "use_recr": true, "use_supp": true, "users": "-", "x_etrs89": "112148", "y_etrs89": "4172298", "years_annual": 14.0, "years_monthly": 14.0, "level": 0, "storage": 1, "outflow": 1, "inflow": 1, "years_daily": 13, "dod_m": 1.0006309148264985, "dor_d": 1671.0 }, "geometry": { "type": "Point", "coordinates": [ -7.39366010271952, 37.616002772908217 ] } },
{ "type": "Feature", "properties": { "id": 5001, "active": 1, "administration": "C.H. GUADALQUIVIR", "area_skm": 17.415095047214638, "basin": "GUADALQUIVIR", "cap_mcm": 498.2, "catch_skm": 570.0, "category": "A", "comment": null, "dam_elev_masl": null, "dam_hgt_m": 93.0, "dam_len_m": null, "dam_type": "Gravity dam: vibrated concrete", "dis_avg_mcm": null, "elev_masl": 641.5, "end": 2021.0, "estate": "Andalucía", "id_basin": 5003.0, "id_gdw": 4308.0, "id_idr_dam": 1541.0, "id_idr_res": 2303.0, "id_municipality": 23904.0, "id_saih": "E01", "id_sheet": 887.0, "lat_wgs84": 38.1026, "lon_wgs84": -2.4746, "main_use": "Water supply", "municipality": "Santiago - Pontones", "mwl_elev_masl": null, "name": "Tranco De Beas", "operator": "JOSÉ MARÍA ALMENDRAL", "outlet_cms": 1248.0, "owner": "Estado", "owner_type": "Estado\nEstado", "province": "Jaén", "reservoir_type": "Dam reservoir", "river": "Guadalquivir", "river_elev_masl": null, "sheet": "Orcera (887)", "spillway_cms": 943.0, "start": 1980.0, "system": "Regulación General", "timeline": "In operation", "use_elec": false, "use_fcon": true, "use_fish": true, "use_ind": false, "use_irri": false, "use_live": false, "use_mine": false, "use_navi": true, "use_othr": false, "use_pcon": true, "use_recr": true, "use_supp": true, "users": "-\n-", "x_etrs89": "517861", "y_etrs89": "4225127", "years_annual": 64.0, "years_monthly": 78.0, "level": 0, "storage": 1, "outflow": 1, "inflow": 1, "years_daily": 41, "dod_m": 0.87403508771929828, "dor_d": 1058.0 }, "geometry": { "type": "Point", "coordinates": [ -2.796083253898119, 38.173877320540747 ] } },
{ "type": "Feature", "properties": { "id": 5002, "active": 0, "administration": "C.H. GUADALQUIVIR", "area_skm": 2.0398198633726947, "basin": "GUADALQUIVIR", "cap_mcm": 23.0, "catch_skm": 8087.0, "category": "C", "comment": "INT 2008                                                                                                                ", "dam_elev_masl": null, "dam_hgt_m": null, "dam_len_m": null, "dam_type": "Gravity dam: vibrated concrete", "dis_avg_mcm": null, "elev_masl": 341.5, "end": 2008.0, "estate": "Andalucía", "id_basin": 5051.0, "id_gdw": 27698.0, "id_idr_dam": 1540.0, "id_idr_res": 834.0, "id_municipality": 23092.0, "id_saih": null, "id_sheet": 927.0, "lat_wgs84": 37.5531, "lon_wgs84": -3.1849, "main_use": "Water supply", "municipality": "Úbeda", "mwl_elev_masl": null, "name": "Doña Aldonza", "operator": "MANUEL JESUS CRUZ MUÑOZ", "outlet_cms": 20.0, "owner": "Endesa Generación", "owner_type": "Privado", "province": "Jaén", "reservoir_type": "Dam reservoir", "river": "Guadalquivir", "river_elev_masl": null, "sheet": "Baeza (927)", "spillway_cms": null, "start": 1989.0, "system": "Regulación General", "timeline": "In operation", "use_elec": false, "use_fcon": false, "use_fish": true, "use_ind": false, "use_irri": false, "use_live": false, "use_mine": false, "use_navi": true, "use_othr": false, "use_pcon": true, "use_recr": true, "use_supp": true, "users": "ENDESA", "x_etrs89": "472432", "y_etrs89": "4197579", "years_annual": 38.0, "years_monthly": 38.0, "level": 0, "storage": 1, "outflow": 1, "inflow": 1, "years_daily": 19, "dod_m": 0.0028440707308025224, "dor_d": 28.0 }, "geometry": { "type": "Point", "coordinates": [ -3.313677801703535, 37.925351058463924 ] } },
{ "type": "Feature", "properties": { "id": 5003, "active": 0, "administration": "C.H. GUADALQUIVIR", "area_skm": 2.6784846726976137, "basin": "GUADALQUIVIR", "cap_mcm": 19.0, "catch_skm": 8552.0, "category": "C", "comment": "CENTRAL FLUYENTE DESDE 2010-11.LOS DATOS DE 2009-10 ESTAN PENDIENTES DE REVISION                                        ", "dam_elev_masl": 324.6, "dam_hgt_m": null, "dam_len_m": 296.91, "dam_type": "Embankment dam: homogeneous", "dis_avg_mcm": null, "elev_masl": 320.0, "end": 2011.0, "estate": "Andalucía", "id_basin": 5053.0, "id_gdw": 27697.0, "id_idr_dam": 1616.0, "id_idr_res": 1649.0, "id_municipality": 23009.0, "id_saih": "E10", "id_sheet": 927.0, "lat_wgs84": 37.5433, "lon_wgs84": -3.2446, "main_use": "Hydroelectricity", "municipality": "Baeza", "mwl_elev_masl": null, "name": "Pedro Marin", "operator": "MANUEL JESUS CRUZ MUÑOZ", "outlet_cms": 540.0, "owner": "Particular", "owner_type": "Privado\nPrivado\nPrivado", "province": "Jaén", "reservoir_type": "Dam reservoir", "river": "Guadalquivir", "river_elev_masl": 5.65, "sheet": "Baeza (927)", "spillway_cms": null, "start": 1989.0, "system": "Regulación General", "timeline": null, "use_elec": true, "use_fcon": true, "use_fish": true, "use_ind": false, "use_irri": false, "use_live": true, "use_mine": false, "use_navi": true, "use_othr": false, "use_pcon": true, "use_recr": true, "use_supp": false, "users": "RIEGO OLIVAR POR GOTEO", "x_etrs89": "463712", "y_etrs89": "4195803", "years_annual": 41.0, "years_monthly": 41.0, "level": 0, "storage": 1, "outflow": 1, "inflow": 1, "years_daily": 22, "dod_m": 0.0022217025257249765, "dor_d": 18.0 }, "geometry": { "type": "Point", "coordinates": [ -3.412805283872391, 37.909038053341291 ] } },
{ "type": "Feature", "properties": { "id": 5004, "active": 1, "administration": "C.H. GUADALQUIVIR", "area_skm": 14.087723874369347, "basin": "GUADALQUIVIR", "cap_mcm": 168.0, "catch_skm": 1379.0, "category": "A", "comment": null, "dam_elev_masl": null, "dam_hgt_m": 59.0, "dam_len_m": null, "dam_type": "Gravity dam: vibrated concrete", "dis_avg_mcm": null, "elev_masl": 349.5, "end": 2021.0, "estate": "Andalucía", "id_basin": 5081.0, "id_gdw": 4311.0, "id_idr_dam": 1584.0, "id_idr_res": 1064.0, "id_municipality": 23094.0, "id_saih": "E13", "id_sheet": 906.0, "lat_wgs84": 38.0942, "lon_wgs84": -3.2839, "main_use": "Water supply", "municipality": "Vilches", "mwl_elev_masl": null, "name": "Guadalen", "operator": "JOSE VISEDO NAVARRO", "outlet_cms": 29.25, "owner": "Estado", "owner_type": "Estado\nEstado", "province": "Jaén", "reservoir_type": "Dam reservoir", "river": "Guadalén", "river_elev_masl": null, "sheet": "Úbeda (906)", "spillway_cms": null, "start": 1980.0, "system": "Regulación General", "timeline": "In operation", "use_elec": false, "use_fcon": true, "use_fish": true, "use_ind": false, "use_irri": false, "use_live": true, "use_mine": false, "use_navi": true, "use_othr": false, "use_pcon": true, "use_recr": true, "use_supp": true, "users": "-\n-\n-", "x_etrs89": "458161", "y_etrs89": "4223866", "years_annual": 64.0, "years_monthly": 68.0, "level": 0, "storage": 1, "outflow": 1, "inflow": 1, "years_daily": 41, "dod_m": 0.12182741116751269, "dor_d": 421.0 }, "geometry": { "type": "Point", "coordinates": [ -3.477590075670681, 38.161718358842094 ] } },
{ "type": "Feature", "properties": { "id": 5005, "active": 1, "administration": "C.H. GUADALQUIVIR", "area_skm": 6.3458268773038879, "basin": "GUADALQUIVIR", "cap_mcm": 126.0, "catch_skm": 580.0, "category": null, "comment": null, "dam_elev_masl": null, "dam_hgt_m": 68.0, "dam_len_m": 220.0, "dam_type": "Gravity dam: vibrated concrete", "dis_avg_mcm": 0.0, "elev_masl": 342.0, "end": 2021.0, "estate": "Andalucía", "id_basin": 5106.0, "id_gdw": 4312.0, "id_idr_dam": 1556.0, "id_idr_res": 1965.0, "id_municipality": 23011.0, "id_saih": "E19", "id_sheet": 905.0, "lat_wgs84": 38.0937, "lon_wgs84": -3.482, "main_use": "Water supply", "municipality": "Baños de la Encina", "mwl_elev_masl": 343.7, "name": "Rumblar", "operator": "JOSÉ MARÍA ALMENDRAL", "outlet_cms": null, "owner": "Estado", "owner_type": "Estado\nEstado", "province": "Jaén", "reservoir_type": "Dam reservoir", "river": "Rumblar", "river_elev_masl": 68.0, "sheet": "Linares (905)", "spillway_cms": null, "start": 1980.0, "system": "Rumblar", "timeline": null, "use_elec": false, "use_fcon": true, "use_fish": true, "use_ind": false, "use_irri": false, "use_live": false, "use_mine": false, "use_navi": true, "use_othr": false, "use_pcon": true, "use_recr": true, "use_supp": true, "users": "-\n-", "x_etrs89": "429424", "y_etrs89": "4223896", "years_annual": 64.0, "years_monthly": 78.0, "level": 0, "storage": 1, "outflow": 1, "inflow": 1, "years_daily": 41, "dod_m": 0.21724137931034482, "dor_d": 526.0 }, "geometry": { "type": "Point", "coordinates": [ -3.805600624094885, 38.160196780066684 ] } },
{ "type": "Feature", "properties": { "id": 5006, "active": 1, "administration": "C.H. GUADALQUIVIR", "area_skm": 3.17740703834796, "basin": "GUADALQUIVIR", "cap_mcm": 105.4, "catch_skm": 557.48, "category": "A", "comment": "LOS DATOS DE 2008-09 Y 2009-10 ESTAN PENDIENTES DE REVISION                                                             ", "dam_elev_masl": 571.3, "dam_hgt_m": 60.0, "dam_len_m": 255.4, "dam_type": "Arch-gravity dam", "dis_avg_mcm": 70.24, "elev_masl": 565.6, "end": 2021.0, "estate": "Castilla - La Mancha", "id_basin": 5113.0, "id_gdw": 4281.0, "id_idr_dam": 1418.0, "id_idr_res": 1463.0, "id_municipality": 13055.0, "id_saih": "E22", "id_sheet": 836.0, "lat_wgs84": 38.3131, "lon_wgs84": -4.0601, "main_use": "Water supply", "municipality": "Mestanza", "mwl_elev_masl": 569.14, "name": "Montoro Iii", "operator": "NICOLÁS GUTIÉRREZ CARMONA\nJUAN CARLOS CHICA PULIDO", "outlet_cms": 110.2, "owner": "AcuaSur", "owner_type": "Sociedades Estatales\nEstado\nEstado\nEstado", "province": "Ciudad Real", "reservoir_type": "Dam reservoir", "river": "Montoro", "river_elev_masl": 60.3, "sheet": "Mestanza (836)", "spillway_cms": 586.0, "start": 1980.0, "system": "Regulación General", "timeline": null, "use_elec": false, "use_fcon": false, "use_fish": true, "use_ind": false, "use_irri": false, "use_live": false, "use_mine": false, "use_navi": true, "use_othr": false, "use_pcon": true, "use_recr": true, "use_supp": true, "users": "-", "x_etrs89": "404090", "y_etrs89": "4264668", "years_annual": 63.0, "years_monthly": 67.0, "level": 0, "storage": 1, "outflow": 1, "inflow": 1, "years_daily": 41, "dod_m": 0.18906507856784099, "dor_d": 490.0 }, "geometry": { "type": "Point", "coordinates": [ -4.10028093611348, 38.525242375665762 ] } },
{ "type": "Feature", "properties": { "id": 5007, "active": 1, "administration": "C.H. GUADALQUIVIR", "area_skm": 13.626763721788492, "basin": "GUADALQUIVIR", "cap_mcm": 322.0, "catch_skm": 2245.0, "category": "A", "comment": null, "dam_elev_masl": null, "dam_hgt_m": 90.0, "dam_len_m": null, "dam_type": "Masonry dam", "dis_avg_mcm": null, "elev_masl": 360.0, "end": 2001.0, "estate": "Andalucía", "id_basin": 5118.0, "id_gdw": 4303.0, "id_idr_dam": 1575.0, "id_idr_res": 1172.0, "id_municipality": 23005.0, "id_saih": "E23", "id_sheet": 883.0, "lat_wgs84": 38.1329, "lon_wgs84": -3.5827, "main_use": "Water supply", "municipality": "Andújar", "mwl_elev_masl": null, "name": "Jandula", "operator": "JOSÉ MARÍA ALMENDRAL", "outlet_cms": 464.04, "owner": "Estado", "owner_type": "Estado\nEstado", "province": "Jaén", "reservoir_type": "Dam reservoir", "river": "Jándula O Fresneda", "river_elev_masl": null, "sheet": "Virgen de la Cabeza (883)", "spillway_cms": 2214065.0, "start": 1980.0, "system": "Regulación General", "timeline": "In operation", "use_elec": false, "use_fcon": true, "use_fish": true, "use_ind": false, "use_irri": false, "use_live": true, "use_mine": false, "use_navi": true, "use_othr": false, "use_pcon": true, "use_recr": true, "use_supp": true, "users": null, "x_etrs89": "414718", "y_etrs89": "4231200", "years_annual": 64.0, "years_monthly": 78.0, "level": 0, "storage": 1, "outflow": 1, "inflow": 1, "years_daily": 21, "dod_m": 0.14342984409799556, "dor_d": 647.0 }, "geometry": { "type": "Point", "coordinates": [ -3.974320641049591, 38.224744008480108 ] } },
{ "type": "Feature", "properties": { "id": 5008, "active": 0, "administration": "C.H. GUADALQUIVIR", "area_skm": 1.8082600229087711, "basin": "GUADALQUIVIR", "cap_mcm": 15.0, "catch_skm": 2428.0, "category": "A", "comment": "INT 2009                                                                                                                ", "dam_elev_masl": null, "dam_hgt_m": 33.0, "dam_len_m": null, "dam_type": "Masonry dam", "dis_avg_mcm": null, "elev_masl": 279.0, "end": 2009.0, "estate": "Andalucía", "id_basin": 5120.0, "id_gdw": 4310.0, "id_idr_dam": 1586.0, "id_idr_res": 863.0, "id_municipality": 23005.0, "id_saih": "E24", "id_sheet": 904.0, "lat_wgs84": 38.0953, "lon_wgs84": -3.5935, "main_use": "Hydroelectricity", "municipality": "Andújar", "mwl_elev_masl": null, "name": "Encinarejo", "operator": "MANUEL JESUS CRUZ MUÑOZ", "outlet_cms": 15.0, "owner": "Endesa - UPH Sur", "owner_type": "Privado\nPrivado\nPrivado", "province": "Jaén", "reservoir_type": "Dam reservoir", "river": "Jándula O Fresneda", "river_elev_masl": null, "sheet": "Andújar (904)", "spillway_cms": null, "start": 1980.0, "system": "Regulación General", "timeline": "In operation", "use_elec": true, "use_fcon": true, "use_fish": true, "use_ind": false, "use_irri": false, "use_live": false, "use_mine": false, "use_navi": true, "use_othr": false, "use_pcon": true, "use_recr": true, "use_supp": false, "users": "ENDESA GENERACIN\n-", "x_etrs89": "412994", "y_etrs89": "4224554", "years_annual": 52.0, "years_monthly": 65.0, "level": 0, "storage": 1, "outflow": 1, "inflow": 1, "years_daily": 29, "dod_m": 0.0061779242174629326, "dor_d": 34.0 }, "geometry": { "type": "Point", "coordinates": [ -3.993200286736442, 38.164690164104698 ] } },
{ "type": "Feature", "properties": { "id": 5010, "active": 1, "administration": "C.H. GUADALQUIVIR", "area_skm": 6.110001482041632, "basin": "GUADALQUIVIR", "cap_mcm": 823.4, "catch_skm": 1490.0, "category": "C", "comment": null, "dam_elev_masl": 184.0, "dam_hgt_m": 125.0, "dam_len_m": 685.0, "dam_type": "Gravity dam: vibrated concrete", "dis_avg_mcm": 223.86, "elev_masl": 121.0, "end": 2021.0, "estate": "Andalucía", "id_basin": 5206.0, "id_gdw": 4336.0, "id_idr_dam": 1452.0, "id_idr_res": 380.0, "id_municipality": 14005.0, "id_saih": "E36", "id_sheet": 943.0, "lat_wgs84": 37.4939, "lon_wgs84": -5.0236, "main_use": "Water supply", "municipality": "Almodóvar del Río", "mwl_elev_masl": 125.0, "name": "Breña Ii, La", "operator": "ANTONIO SANDOVAL ZÁBAL\nJUAN CARLOS CHICA PULIDO", "outlet_cms": 2533.44, "owner": "Estado - AcuaSur", "owner_type": "Sociedades Estatales\nEstado\nEstado", "province": "Córdoba", "reservoir_type": "Dam reservoir", "river": "Guadiato", "river_elev_masl": 124.0, "sheet": "Posadas (943)", "spillway_cms": 1205.9, "start": 1980.0, "system": "Regulación General", "timeline": "Initial impoundment", "use_elec": false, "use_fcon": true, "use_fish": true, "use_ind": false, "use_irri": false, "use_live": false, "use_mine": false, "use_navi": true, "use_othr": false, "use_pcon": true, "use_recr": true, "use_supp": true, "users": "-\n-", "x_etrs89": "320170", "y_etrs89": "4188658", "years_annual": 64.0, "years_monthly": 78.0, "level": 0, "storage": 1, "outflow": 1, "inflow": 1, "years_daily": 41, "dod_m": 0.55261744966442949, "dor_d": 1564.0 }, "geometry": { "type": "Point", "coordinates": [ -5.043357984574444, 37.827633833932211 ] } },
{ "type": "Feature", "properties": { "id": 5011, "active": 1, "administration": "C.H. GUADALQUIVIR", "area_skm": 11.003501783989796, "basin": "GUADALQUIVIR", "cap_mcm": 212.8, "catch_skm": 1137.0, "category": "A", "comment": null, "dam_elev_masl": null, "dam_hgt_m": 86.0, "dam_len_m": null, "dam_type": "Gravity dam: vibrated concrete", "dis_avg_mcm": null, "elev_masl": 340.5, "end": 2021.0, "estate": "Andalucía", "id_basin": 5346.0, "id_gdw": 4321.0, "id_idr_dam": 1749.0, "id_idr_res": 1730.0, "id_municipality": 41032.0, "id_saih": "E57", "id_sheet": 919.0, "lat_wgs84": 37.5902, "lon_wgs84": -5.5713, "main_use": "Water supply", "municipality": "Cazalla de la Sierra", "mwl_elev_masl": null, "name": "Pintado, El", "operator": "CARLOS GONZÁLEZ GAGERO", "outlet_cms": 1560.0, "owner": "Estado", "owner_type": "Estado\nEstado", "province": "Sevilla", "reservoir_type": "Dam reservoir", "river": "Viar", "river_elev_masl": null, "sheet": "Almadén de la Plata (919)", "spillway_cms": 1511.72, "start": 1980.0, "system": "Viar", "timeline": "In operation", "use_elec": false, "use_fcon": true, "use_fish": true, "use_ind": false, "use_irri": false, "use_live": false, "use_mine": false, "use_navi": true, "use_othr": false, "use_pcon": true, "use_recr": true, "use_supp": true, "users": "ENDESA\nZONA REGABLE DEL VIAR", "x_etrs89": "240601", "y_etrs89": "4208150", "years_annual": 64.0, "years_monthly": 74.0, "level": 0, "storage": 1, "outflow": 1, "inflow": 1, "years_daily": 41, "dod_m": 0.18715919085312227, "dor_d": 450.0 }, "geometry": { "type": "Point", "coordinates": [ -5.953556186994268, 37.983940208400192 ] } },
{ "type": "Feature", "properties": { "id": 5012, "active": 1, "administration": "C.H. GUADALQUIVIR", "area_skm": 10.85256715326412, "basin": "GUADALQUIVIR", "cap_mcm": 342.1, "catch_skm": 1726.0, "category": "A", "comment": null, "dam_elev_masl": null, "dam_hgt_m": 99.0, "dam_len_m": null, "dam_type": "Gravity dam: vibrated concrete", "dis_avg_mcm": null, "elev_masl": 182.5, "end": 2021.0, "estate": "Andalucía", "id_basin": 5222.0, "id_gdw": 4329.0, "id_idr_dam": 1462.0, "id_idr_res": 316.0, "id_municipality": 14036.0, "id_saih": "E37", "id_sheet": 921.0, "lat_wgs84": 37.5407, "lon_wgs84": -5.1239, "main_use": "Water supply", "municipality": "Hornachuelos", "mwl_elev_masl": null, "name": "Bembezar", "operator": "JUAN CHASTANG MARIN", "outlet_cms": 876.0, "owner": "Estado", "owner_type": "Estado\nEstado", "province": "Córdoba", "reservoir_type": "Dam reservoir", "river": "Bembézar", "river_elev_masl": null, "sheet": "Navas de la Concepción (921)", "spillway_cms": null, "start": 1980.0, "system": "Bembézar - Retortillo", "timeline": "In operation", "use_elec": false, "use_fcon": true, "use_fish": true, "use_ind": false, "use_irri": false, "use_live": true, "use_mine": false, "use_navi": true, "use_othr": false, "use_pcon": true, "use_recr": true, "use_supp": true, "users": "-\n-\n-", "x_etrs89": "305623", "y_etrs89": "4197227", "years_annual": 61.0, "years_monthly": 61.0, "level": 0, "storage": 1, "outflow": 1, "inflow": 1, "years_daily": 41, "dod_m": 0.19820393974507533, "dor_d": 464.0 }, "geometry": { "type": "Point", "coordinates": [ -5.210848297182225, 37.901826735400675 ] } },
{ "type": "Feature", "properties": { "id": 5013, "active": 1, "administration": "C.H. GUADALQUIVIR", "area_skm": 2.9043270664415557, "basin": "GUADALQUIVIR", "cap_mcm": 57.8, "catch_skm": 988.0, "category": "A", "comment": null, "dam_elev_masl": null, "dam_hgt_m": 62.0, "dam_len_m": null, "dam_type": "Gravity dam: vibrated concrete", "dis_avg_mcm": null, "elev_masl": 157.5, "end": 2021.0, "estate": "Andalucía", "id_basin": 5366.0, "id_gdw": 4349.0, "id_idr_dam": 1728.0, "id_idr_res": 1395.0, "id_municipality": 41083.0, "id_saih": "E63", "id_sheet": 962.0, "lat_wgs84": 37.3959, "lon_wgs84": -6.1107, "main_use": "Water supply", "municipality": "El Ronquillo", "mwl_elev_masl": null, "name": "Minilla, La", "operator": "EMASESA", "outlet_cms": 20.0, "owner": "EMASESA", "owner_type": "Ayuntamientos y/o Diputaciones", "province": "Sevilla", "reservoir_type": "Dam reservoir", "river": "Rivera De Huelva", "river_elev_masl": null, "sheet": "Alcala del Río (962)", "spillway_cms": 1900.0, "start": 1980.0, "system": "Sevilla", "timeline": "In operation", "use_elec": false, "use_fcon": true, "use_fish": true, "use_ind": false, "use_irri": false, "use_live": false, "use_mine": false, "use_navi": true, "use_othr": false, "use_pcon": true, "use_recr": true, "use_supp": true, "users": "-\n-", "x_etrs89": "219049", "y_etrs89": "4173576", "years_annual": 64.0, "years_monthly": 69.0, "level": 0, "storage": 1, "outflow": 1, "inflow": 1, "years_daily": 41, "dod_m": 0.058502024291497971, "dor_d": 102.0 }, "geometry": { "type": "Point", "coordinates": [ -6.185198547723133, 37.666388730254376 ] } },
{ "type": "Feature", "properties": { "id": 5014, "active": 1, "administration": "C.H. GUADALQUIVIR", "area_skm": 4.8859156909218937, "basin": "GUADALQUIVIR", "cap_mcm": 58.8, "catch_skm": 521.0, "category": "A", "comment": null, "dam_elev_masl": null, "dam_hgt_m": 53.0, "dam_len_m": null, "dam_type": "Gravity dam: vibrated concrete", "dis_avg_mcm": null, "elev_masl": 278.0, "end": 2021.0, "estate": "Andalucía", "id_basin": 5367.0, "id_gdw": 4346.0, "id_idr_dam": 1688.0, "id_idr_res": 427.0, "id_municipality": 41083.0, "id_saih": "E64", "id_sheet": 940.0, "lat_wgs84": 37.4304, "lon_wgs84": -6.0517, "main_use": "Water supply", "municipality": "El Ronquillo", "mwl_elev_masl": 278.7, "name": "Cala", "operator": "S. TAMAYO Y LOPEZ MACHUCA", "outlet_cms": null, "owner": "Endesa - UPH Sur", "owner_type": "Privado\nPrivado\nPrivado", "province": "Sevilla", "reservoir_type": "Dam reservoir", "river": "Rivera De Cala", "river_elev_masl": null, "sheet": "Castiblanco de los Arroyos (940)", "spillway_cms": null, "start": 1980.0, "system": "Sevilla", "timeline": "In operation", "use_elec": true, "use_fcon": false, "use_fish": true, "use_ind": false, "use_irri": false, "use_live": true, "use_mine": false, "use_navi": true, "use_othr": false, "use_pcon": true, "use_recr": true, "use_supp": true, "users": "-\n-\n-", "x_etrs89": "227785", "y_etrs89": "4178993", "years_annual": 64.0, "years_monthly": 78.0, "level": 0, "storage": 1, "outflow": 1, "inflow": 1, "years_daily": 41, "dod_m": 0.11285988483685221, "dor_d": 179.0 }, "geometry": { "type": "Point", "coordinates": [ -6.088314050440895, 37.717775215126807 ] } },
{ "type": "Feature", "properties": { "id": 5015, "active": 1, "administration": "C.H. GUADALQUIVIR", "area_skm": 1.0838933906852162, "basin": "GUADALQUIVIR", "cap_mcm": 12.0, "catch_skm": 110.0, "category": "A", "comment": null, "dam_elev_masl": 97.5, "dam_hgt_m": null, "dam_len_m": 182.0, "dam_type": "Gravity dam: vibrated concrete", "dis_avg_mcm": 13.0, "elev_masl": 96.5, "end": 2008.0, "estate": "Andalucía", "id_basin": 5222.0, "id_gdw": 16430.0, "id_idr_dam": 1459.0, "id_idr_res": 317.0, "id_municipality": 14036.0, "id_saih": "E38", "id_sheet": 942.0, "lat_wgs84": 37.4935, "lon_wgs84": -5.1419, "main_use": "Water supply", "municipality": "Hornachuelos", "mwl_elev_masl": null, "name": "Hornachuelos", "operator": "JUAN CHASTANG MARIN", "outlet_cms": 175.08, "owner": "Estado", "owner_type": "Estado\nEstado", "province": "Córdoba", "reservoir_type": "Dam reservoir", "river": "Bembézar", "river_elev_masl": 37.0, "sheet": "Palma del Río (942)", "spillway_cms": null, "start": 1993.0, "system": "Bembézar - Retortillo", "timeline": "In operation", "use_elec": false, "use_fcon": false, "use_fish": true, "use_ind": false, "use_irri": false, "use_live": false, "use_mine": false, "use_navi": true, "use_othr": false, "use_pcon": true, "use_recr": true, "use_supp": true, "users": "-", "x_etrs89": "302979", "y_etrs89": "4188920", "years_annual": 45.0, "years_monthly": 46.0, "level": 0, "storage": 1, "outflow": 1, "inflow": 1, "years_daily": 15, "dod_m": 0.10909090909090909, "dor_d": 25.0 }, "geometry": { "type": "Point", "coordinates": [ -5.238634764264303, 37.826443611285335 ] } },
{ "type": "Feature", "properties": { "id": 5016, "active": 1, "administration": "C.H. GUADALQUIVIR", "area_skm": 9.219999777133058, "basin": "GUADALQUIVIR", "cap_mcm": 128.7, "catch_skm": 405.0, "category": "A", "comment": null, "dam_elev_masl": null, "dam_hgt_m": 60.0, "dam_len_m": null, "dam_type": "Buttress dam", "dis_avg_mcm": null, "elev_masl": 344.0, "end": 2021.0, "estate": "Andalucía", "id_basin": 5362.0, "id_gdw": 4328.0, "id_idr_dam": 1531.0, "id_idr_res": 153.0, "id_municipality": 21059.0, "id_saih": "E61", "id_sheet": 918.0, "lat_wgs84": 37.5429, "lon_wgs84": -6.2706, "main_use": "Water supply", "municipality": "Puerto - Moral", "mwl_elev_masl": 345.5, "name": "Aracena", "operator": "FRANCISCO JOSÉ NOMBELA NOMBELA", "outlet_cms": 76.0, "owner": "Estado", "owner_type": "Estado\nEstado", "province": "Huelva", "reservoir_type": "Dam reservoir", "river": "Rivera De Huelva", "river_elev_masl": null, "sheet": "Santa Olalla del Cala (918)", "spillway_cms": null, "start": 1980.0, "system": "Sevilla", "timeline": "In operation", "use_elec": false, "use_fcon": false, "use_fish": true, "use_ind": false, "use_irri": false, "use_live": false, "use_mine": false, "use_navi": true, "use_othr": false, "use_pcon": true, "use_recr": true, "use_supp": true, "users": "-", "x_etrs89": "196522", "y_etrs89": "4201226", "years_annual": 52.0, "years_monthly": 52.0, "level": 0, "storage": 1, "outflow": 1, "inflow": 1, "years_daily": 41, "dod_m": 0.31777777777777777, "dor_d": 516.0 }, "geometry": { "type": "Point", "coordinates": [ -6.451749035133562, 37.907983757238988 ] } },
{ "type": "Feature", "properties": { "id": 5017, "active": 1, "administration": "C.H. GUADALQUIVIR", "area_skm": 3.9602813386913667, "basin": "GUADALQUIVIR", "cap_mcm": 61.2, "catch_skm": 303.0, "category": "A", "comment": "LOS DATOS DE 2009-10 ESTAN PENDIENTES DE REVISION                                                                       ", "dam_elev_masl": null, "dam_hgt_m": 53.0, "dam_len_m": null, "dam_type": "Gravity dam: vibrated concrete", "dis_avg_mcm": null, "elev_masl": 187.0, "end": 2021.0, "estate": "Andalucía", "id_basin": 5228.0, "id_gdw": 4334.0, "id_idr_dam": 1469.0, "id_idr_res": 1887.0, "id_municipality": 14036.0, "id_saih": "E39", "id_sheet": 921.0, "lat_wgs84": 37.5028, "lon_wgs84": -5.2057, "main_use": "Water supply", "municipality": "Hornachuelos", "mwl_elev_masl": null, "name": "Retortillo", "operator": "JUAN CHASTANG MARIN", "outlet_cms": 350.64, "owner": "Estado", "owner_type": "Estado\nEstado", "province": "Córdoba", "reservoir_type": "Dam reservoir", "river": "Retortillo", "river_elev_masl": null, "sheet": "Navas de la Concepción (921)", "spillway_cms": 791.6, "start": 1980.0, "system": "Bembézar - Retortillo", "timeline": "In operation", "use_elec": false, "use_fcon": true, "use_fish": true, "use_ind": false, "use_irri": false, "use_live": false, "use_mine": false, "use_navi": true, "use_othr": false, "use_pcon": true, "use_recr": true, "use_supp": true, "users": "-\n-", "x_etrs89": "293283", "y_etrs89": "4190802", "years_annual": 52.0, "years_monthly": 52.0, "level": 0, "storage": 1, "outflow": 1, "inflow": 1, "years_daily": 41, "dod_m": 0.20198019801980199, "dor_d": 324.0 }, "geometry": { "type": "Point", "coordinates": [ -5.349259333521378, 37.841247179908763 ] } },
{ "type": "Feature", "properties": { "id": 5018, "active": 1, "administration": "C.H. GUADALQUIVIR", "area_skm": 13.463054121668749, "basin": "GUADALQUIVIR", "cap_mcm": 346.5, "catch_skm": 1236.0, "category": "A", "comment": null, "dam_elev_masl": null, "dam_hgt_m": 96.0, "dam_len_m": null, "dam_type": "Gravity dam: vibrated concrete", "dis_avg_mcm": null, "elev_masl": 600.7, "end": 2021.0, "estate": "Andalucía", "id_basin": 5071.0, "id_gdw": 4292.0, "id_idr_dam": 1582.0, "id_idr_res": 1070.0, "id_municipality": 23029.0, "id_saih": "E15", "id_sheet": 864.0, "lat_wgs84": 38.2149, "lon_wgs84": -2.545, "main_use": "Water supply", "municipality": "Chiclana de Segura", "mwl_elev_masl": 600.7, "name": "Guadalmena", "operator": "JOSÉ MARÍA ALMENDRAL", "outlet_cms": 209.0, "owner": "Estado", "owner_type": "Estado\nEstado", "province": "Jaén", "reservoir_type": "Dam reservoir", "river": "Guadalmena", "river_elev_masl": null, "sheet": "Venta de los Santos (864)", "spillway_cms": 1297.0, "start": 1980.0, "system": "Regulación General", "timeline": "In operation", "use_elec": false, "use_fcon": true, "use_fish": true, "use_ind": false, "use_irri": false, "use_live": true, "use_mine": false, "use_navi": true, "use_othr": false, "use_pcon": true, "use_recr": true, "use_supp": true, "users": "-\n-\n-", "x_etrs89": "507515", "y_etrs89": "4246156", "years_annual": 52.0, "years_monthly": 52.0, "level": 0, "storage": 1, "outflow": 1, "inflow": 1, "years_daily": 41, "dod_m": 0.2803398058252427, "dor_d": 841.0 }, "geometry": { "type": "Point", "coordinates": [ -2.913978754968564, 38.363546390779106 ] } },
{ "type": "Feature", "properties": { "id": 5019, "active": 0, "administration": "C.H. GUADALQUIVIR", "area_skm": 0.14155047783371788, "basin": "GUADALQUIVIR", "cap_mcm": 6.0, "catch_skm": 5099.0, "category": "A", "comment": "INT 2008                                                                                                                ", "dam_elev_masl": 250.0, "dam_hgt_m": null, "dam_len_m": 222.9, "dam_type": "Buttress dam", "dis_avg_mcm": null, "elev_masl": 241.0, "end": 2008.0, "estate": "Andalucía", "id_basin": 5288.0, "id_gdw": 27660.0, "id_idr_dam": 1423.0, "id_idr_res": 1186.0, "id_municipality": 14038.0, "id_saih": null, "id_sheet": 1006.0, "lat_wgs84": 37.1757, "lon_wgs84": -4.4036, "main_use": "Hydroelectricity", "municipality": "Lucena", "mwl_elev_masl": null, "name": "Malpasillo-Jauja", "operator": "MANUEL JESUS CRUZ MUÑOZ", "outlet_cms": null, "owner": "Particular", "owner_type": "Privado\nPrivado\nPrivado", "province": "Córdoba", "reservoir_type": "Dam reservoir", "river": "Genil", "river_elev_masl": 36.0, "sheet": "Benamejí (1006)", "spillway_cms": null, "start": 1980.0, "system": "Regulación General", "timeline": "In operation", "use_elec": true, "use_fcon": true, "use_fish": true, "use_ind": false, "use_irri": false, "use_live": true, "use_mine": false, "use_navi": true, "use_othr": false, "use_pcon": true, "use_recr": true, "use_supp": false, "users": "ENDESA GENERACION\n-\n-", "x_etrs89": "351387", "y_etrs89": "4129388", "years_annual": 50.0, "years_monthly": 55.0, "level": 0, "storage": 1, "outflow": 1, "inflow": 1, "years_daily": 28, "dod_m": 0.001176701313983134, "dor_d": 6.0 }, "geometry": { "type": "Point", "coordinates": [ -4.676788261725331, 37.299250277329257 ] } },
{ "type": "Feature", "properties": { "id": 5020, "active": 1, "administration": "C.H. GUADALQUIVIR", "area_skm": 1.8304248892579413, "basin": "GUADALQUIVIR", "cap_mcm": 18.7, "catch_skm": 637.0, "category": "A", "comment": null, "dam_elev_masl": null, "dam_hgt_m": null, "dam_len_m": null, "dam_type": "Embankment dam: homogeneous", "dis_avg_mcm": null, "elev_masl": 641.5, "end": 2021.0, "estate": "Andalucía", "id_basin": 5247.0, "id_gdw": 9001.0, "id_idr_dam": 1515.0, "id_idr_res": 782.0, "id_municipality": 18003.0, "id_saih": "E45", "id_sheet": 1009.0, "lat_wgs84": 37.1632, "lon_wgs84": -3.4056, "main_use": "Water supply", "municipality": "Albolote", "mwl_elev_masl": 643.0, "name": "Cubillas", "operator": "JUAN LUIS FERNANDEZ MADRID", "outlet_cms": 27.4, "owner": "Estado", "owner_type": "Estado\nEstado", "province": "Granada", "reservoir_type": "Dam reservoir", "river": "Cubillas", "river_elev_masl": null, "sheet": "Granada (1009)", "spillway_cms": 1268.4, "start": 1980.0, "system": "Alto Genil", "timeline": "In operation", "use_elec": false, "use_fcon": false, "use_fish": true, "use_ind": false, "use_irri": false, "use_live": false, "use_mine": false, "use_navi": true, "use_othr": false, "use_pcon": true, "use_recr": true, "use_supp": true, "users": "-", "x_etrs89": "439511", "y_etrs89": "4125651", "years_annual": 64.0, "years_monthly": 67.0, "level": 0, "storage": 1, "outflow": 1, "inflow": 1, "years_daily": 41, "dod_m": 0.029356357927786497, "dor_d": 164.0 }, "geometry": { "type": "Point", "coordinates": [ -3.682299535007465, 37.275478993639247 ] } },
{ "type": "Feature", "properties": { "id": 5021, "active": 1, "administration": "C.H. GUADALQUIVIR", "area_skm": 5.7869292846337164, "basin": "GUADALQUIVIR", "cap_mcm": 102.6, "catch_skm": 272.0, "category": "A", "comment": null, "dam_elev_masl": null, "dam_hgt_m": 67.0, "dam_len_m": null, "dam_type": "Gravity dam: vibrated concrete", "dis_avg_mcm": null, "elev_masl": 829.0, "end": 2021.0, "estate": "Andalucía", "id_basin": 5269.0, "id_gdw": 4387.0, "id_idr_dam": 1526.0, "id_idr_res": 333.0, "id_municipality": 18020.0, "id_saih": "E46", "id_sheet": 1040.0, "lat_wgs84": 36.5946, "lon_wgs84": -3.5336, "main_use": "Water supply", "municipality": "Arenas del Rey", "mwl_elev_masl": null, "name": "Bermejales, Los", "operator": "JAIME RIERA RICO", "outlet_cms": 102.0, "owner": "Estado", "owner_type": "Estado\nEstado", "province": "Granada", "reservoir_type": "Dam reservoir", "river": "Cacín", "river_elev_masl": null, "sheet": "Zafarraya (1040)", "spillway_cms": 733.96, "start": 1980.0, "system": "Alto Genil", "timeline": "In operation", "use_elec": false, "use_fcon": true, "use_fish": true, "use_ind": false, "use_irri": false, "use_live": true, "use_mine": false, "use_navi": true, "use_othr": false, "use_pcon": true, "use_recr": true, "use_supp": true, "users": "-\n-\n-", "x_etrs89": "420502", "y_etrs89": "4094809", "years_annual": 64.0, "years_monthly": 68.0, "level": 0, "storage": 1, "outflow": 1, "inflow": 1, "years_daily": 41, "dod_m": 0.37720588235294117, "dor_d": 857.0 }, "geometry": { "type": "Point", "coordinates": [ -3.893420115346524, 36.996066414397824 ] } },
{ "type": "Feature", "properties": { "id": 5022, "active": 1, "administration": "C.H. GUADALQUIVIR", "area_skm": 10.753722312794524, "basin": "GUADALQUIVIR", "cap_mcm": 48.2, "catch_skm": 446.0, "category": "A", "comment": "SALTO DE RESERVA ENTRE 30/09/2016 Y 01/10/2016 POR CAMBIO DE CURVA DE CAPACIDAD                                         ", "dam_elev_masl": null, "dam_hgt_m": 42.0, "dam_len_m": null, "dam_type": "Embankment dam: zonified", "dis_avg_mcm": null, "elev_masl": 51.0, "end": 2021.0, "estate": "Andalucía", "id_basin": 5414.0, "id_gdw": 4384.0, "id_idr_dam": 1781.0, "id_idr_res": 2262.0, "id_municipality": 41095.0, "id_saih": "E68", "id_sheet": 1020.0, "lat_wgs84": 37.023, "lon_wgs84": -5.4529, "main_use": "Water supply", "municipality": "Utrera", "mwl_elev_masl": null, "name": "Torre Del Aguila", "operator": "JOSÉ MANUEL MARCOS MÉNDEZ", "outlet_cms": 45.0, "owner": "Estado", "owner_type": "Estado\nEstado", "province": "Sevilla", "reservoir_type": "Dam reservoir", "river": "Arroyo De Salado De Morón", "river_elev_masl": null, "sheet": "El Coronil (1020)", "spillway_cms": 689.4, "start": 1980.0, "system": "Salado de Morón", "timeline": "In operation", "use_elec": false, "use_fcon": false, "use_fish": true, "use_ind": false, "use_irri": false, "use_live": false, "use_mine": false, "use_navi": true, "use_othr": false, "use_pcon": true, "use_recr": true, "use_supp": true, "users": "-", "x_etrs89": "254697", "y_etrs89": "4103062", "years_annual": 64.0, "years_monthly": 74.0, "level": 0, "storage": 1, "outflow": 1, "inflow": 1, "years_daily": 41, "dod_m": 0.10807174887892378, "dor_d": 251.0 }, "geometry": { "type": "Point", "coordinates": [ -5.75816890569689, 37.04174838466502 ] } },
{ "type": "Feature", "properties": { "id": 5025, "active": 0, "administration": "C.H. GUADALQUIVIR", "area_skm": 2.0693011700201929, "basin": "GUADALQUIVIR", "cap_mcm": 34.0, "catch_skm": 5651.0, "category": "A", "comment": "INT 2008                                                                                                                ", "dam_elev_masl": 218.25, "dam_hgt_m": null, "dam_len_m": 165.0, "dam_type": "Gravity dam: vibrated concrete", "dis_avg_mcm": null, "elev_masl": 212.5, "end": 2001.0, "estate": "Andalucía", "id_basin": 5292.0, "id_gdw": 16473.0, "id_idr_dam": 1458.0, "id_idr_res": 735.0, "id_municipality": 14056.0, "id_saih": "E50", "id_sheet": 988.0, "lat_wgs84": 37.2058, "lon_wgs84": -4.4317, "main_use": "Hydroelectricity", "municipality": "Puente - Genil", "mwl_elev_masl": null, "name": "Cordobilla", "operator": "MANUEL JESUS CRUZ MUÑOZ", "outlet_cms": 16.0, "owner": "Endesa - UPH Sur", "owner_type": "Privado\nPrivado\nPrivado", "province": "Córdoba", "reservoir_type": "Dam reservoir", "river": "Genil", "river_elev_masl": 45.25, "sheet": "Puente - Genil (988)", "spillway_cms": null, "start": 1980.0, "system": "Regulación General", "timeline": "In operation", "use_elec": true, "use_fcon": true, "use_fish": true, "use_ind": false, "use_irri": false, "use_live": false, "use_mine": false, "use_navi": true, "use_othr": false, "use_pcon": true, "use_recr": true, "use_supp": false, "users": "ENDESA GENERACION\n-", "x_etrs89": "347514", "y_etrs89": "4135011", "years_annual": 50.0, "years_monthly": 55.0, "level": 0, "storage": 1, "outflow": 1, "inflow": 1, "years_daily": 21, "dod_m": 0.0060166342240311451, "dor_d": 31.0 }, "geometry": { "type": "Point", "coordinates": [ -4.721624967944718, 37.349285621696751 ] } },
{ "type": "Feature", "properties": { "id": 5026, "active": 1, "administration": "C.H. GUADALQUIVIR", "area_skm": 23.350670693129828, "basin": "GUADALQUIVIR", "cap_mcm": 981.1, "catch_skm": 5000.0, "category": "A", "comment": null, "dam_elev_masl": 426.0, "dam_hgt_m": 122.0, "dam_len_m": 406.89, "dam_type": "Gravity dam: vibrated concrete", "dis_avg_mcm": 600.0, "elev_masl": 421.1, "end": 2021.0, "estate": "Andalucía", "id_basin": 5286.0, "id_gdw": 1570.0, "id_idr_dam": 1450.0, "id_idr_res": 1167.0, "id_municipality": 14058.0, "id_saih": "E48", "id_sheet": 1007.0, "lat_wgs84": 37.1633, "lon_wgs84": -4.2312, "main_use": "Water supply", "municipality": "Rute", "mwl_elev_masl": null, "name": "Iznajar", "operator": "JAIME RIERA RICO", "outlet_cms": 431.9, "owner": "Estado", "owner_type": "Estado\nEstado", "province": "Córdoba", "reservoir_type": "Dam reservoir", "river": "Genil", "river_elev_masl": 121.6, "sheet": "Rute (1007)", "spillway_cms": null, "start": 1980.0, "system": "Regulación General", "timeline": "In operation", "use_elec": false, "use_fcon": true, "use_fish": true, "use_ind": false, "use_irri": false, "use_live": true, "use_mine": false, "use_navi": true, "use_othr": false, "use_pcon": true, "use_recr": true, "use_supp": true, "users": "-\n-\n-", "x_etrs89": "377043", "y_etrs89": "4126384", "years_annual": 55.0, "years_monthly": 55.0, "level": 0, "storage": 1, "outflow": 1, "inflow": 1, "years_daily": 41, "dod_m": 0.19622, "dor_d": 944.0 }, "geometry": { "type": "Point", "coordinates": [ -4.38690226454035, 37.275927291105845 ] } },
{ "type": "Feature", "properties": { "id": 5029, "active": 1, "administration": "C.H. GUADALQUIVIR", "area_skm": 2.5131418815669946, "basin": "GUADALQUIVIR", "cap_mcm": 53.2, "catch_skm": 166.0, "category": "A", "comment": null, "dam_elev_masl": null, "dam_hgt_m": 48.0, "dam_len_m": null, "dam_type": "Gravity dam: vibrated concrete", "dis_avg_mcm": null, "elev_masl": 971.4, "end": 2021.0, "estate": "Andalucía", "id_basin": 5027.0, "id_gdw": 4341.0, "id_idr_dam": 1538.0, "id_idr_res": 358.0, "id_municipality": 23070.0, "id_saih": "E05", "id_sheet": 949.0, "lat_wgs84": 37.4544, "lon_wgs84": -2.5411, "main_use": "Water supply", "municipality": "Pozo Alcón", "mwl_elev_masl": 971.4, "name": "Bolera, La", "operator": "JOAQUIN DELGADO GARCÍA", "outlet_cms": 1032.0, "owner": "Estado", "owner_type": "Estado\nEstado", "province": "Jaén", "reservoir_type": "Dam reservoir", "river": "Guadalentín", "river_elev_masl": null, "sheet": "Pozo - Alcón (949)", "spillway_cms": 740.0, "start": 1980.0, "system": "Alto Guadiana Menor", "timeline": "In operation", "use_elec": false, "use_fcon": true, "use_fish": true, "use_ind": false, "use_irri": false, "use_live": false, "use_mine": false, "use_navi": true, "use_othr": false, "use_pcon": true, "use_recr": true, "use_supp": true, "users": "-\n-", "x_etrs89": "508537", "y_etrs89": "4179439", "years_annual": 55.0, "years_monthly": 55.0, "level": 0, "storage": 1, "outflow": 1, "inflow": 1, "years_daily": 41, "dod_m": 0.32048192771084338, "dor_d": 342.0 }, "geometry": { "type": "Point", "coordinates": [ -2.903076804874395, 37.76223089754582 ] } },
{ "type": "Feature", "properties": { "id": 5032, "active": 0, "administration": "C.H. GUADALQUIVIR", "area_skm": 0.46701301734502559, "basin": "GUADALQUIVIR", "cap_mcm": 10.0, "catch_skm": 19735.0, "category": "B", "comment": "INT 2009                                                                                                                ", "dam_elev_masl": null, "dam_hgt_m": null, "dam_len_m": null, "dam_type": "Gravity dam: vibrated concrete", "dis_avg_mcm": null, "elev_masl": 191.8, "end": 2009.0, "estate": "Andalucía", "id_basin": 5121.0, "id_gdw": 27715.0, "id_idr_dam": 1579.0, "id_idr_res": 1339.0, "id_municipality": 23059.0, "id_saih": "E25", "id_sheet": 904.0, "lat_wgs84": 38.0331, "lon_wgs84": -4.1112, "main_use": "Water supply", "municipality": "Marmolejo", "mwl_elev_masl": null, "name": "Marmolejo", "operator": "MANUEL JESUS CRUZ MUÑOZ", "outlet_cms": null, "owner": "Endesa - UHP Sur", "owner_type": "Privado", "province": "Jaén", "reservoir_type": "Dam reservoir", "river": "Guadalquivir", "river_elev_masl": null, "sheet": "Andújar (904)", "spillway_cms": null, "start": 1980.0, "system": "Regulación General", "timeline": "In operation", "use_elec": false, "use_fcon": true, "use_fish": true, "use_ind": false, "use_irri": false, "use_live": false, "use_mine": false, "use_navi": true, "use_othr": false, "use_pcon": true, "use_recr": true, "use_supp": true, "users": "SEVILLANA DE ELECTRICIDAD\n-", "x_etrs89": "395902", "y_etrs89": "4212978", "years_annual": 35.0, "years_monthly": 35.0, "level": 0, "storage": 1, "outflow": 1, "inflow": 1, "years_daily": 29, "dod_m": 0.00050671395996959719, "dor_d": 4.0 }, "geometry": { "type": "Point", "coordinates": [ -4.18658629671642, 38.058569325772702 ] } },
{ "type": "Feature", "properties": { "id": 5033, "active": 0, "administration": "C.H. GUADALQUIVIR", "area_skm": 2.6917454062104986, "basin": "GUADALQUIVIR", "cap_mcm": 18.0, "catch_skm": 23358.1, "category": "B", "comment": "CENTRAL FLUYENTE DESDE 2010-11                                                                                          ", "dam_elev_masl": 140.0, "dam_hgt_m": null, "dam_len_m": 252.5, "dam_type": "Gravity dam: vibrated concrete", "dis_avg_mcm": 0.0, "elev_masl": 137.3, "end": 2007.0, "estate": "Andalucía", "id_basin": 5149.0, "id_gdw": 16411.0, "id_idr_dam": 1454.0, "id_idr_res": 526.0, "id_municipality": 14018.0, "id_saih": "E78", "id_sheet": 924.0, "lat_wgs84": 37.5828, "lon_wgs84": -4.2932, "main_use": "Water supply", "municipality": "El Carpio", "mwl_elev_masl": 138.1, "name": "Carpio, El", "operator": "MANUEL JESUS CRUZ MUÑOZ", "outlet_cms": 0.4, "owner": "Endesa - UPH Sur", "owner_type": "Privado", "province": "Córdoba", "reservoir_type": "Dam reservoir", "river": "Guadalquivir", "river_elev_masl": 20.75, "sheet": "Bujalance (924)", "spillway_cms": null, "start": 1980.0, "system": "Regulación General", "timeline": "In operation", "use_elec": false, "use_fcon": true, "use_fish": true, "use_ind": false, "use_irri": false, "use_live": false, "use_mine": false, "use_navi": true, "use_othr": false, "use_pcon": true, "use_recr": true, "use_supp": true, "users": "ENDESA GENERACION, S.A.- U.P.H. SUR\n-", "x_etrs89": "368944", "y_etrs89": "4204044", "years_annual": 36.0, "years_monthly": 36.0, "level": 0, "storage": 1, "outflow": 1, "inflow": 1, "years_daily": 27, "dod_m": 0.00077061062329555918, "dor_d": 6.0 }, "geometry": { "type": "Point", "coordinates": [ -4.492154115712546, 37.974572645743187 ] } },
{ "type": "Feature", "properties": { "id": 5034, "active": 0, "administration": "C.H. GUADALQUIVIR", "area_skm": 0.74275436240137171, "basin": "GUADALQUIVIR", "cap_mcm": 14.0, "catch_skm": 44604.0, "category": "C", "comment": "CENTRAL FLUYENTE DESDE 2010-11                                                                                          ", "dam_elev_masl": null, "dam_hgt_m": null, "dam_len_m": null, "dam_type": "Gravity dam: vibrated concrete", "dis_avg_mcm": null, "elev_masl": 18.8, "end": 2008.0, "estate": "Andalucía", "id_basin": 5337.0, "id_gdw": 37321.0, "id_idr_dam": 1659.0, "id_idr_res": 500.0, "id_municipality": 41023.0, "id_saih": "E82", "id_sheet": 963.0, "lat_wgs84": 37.3532, "lon_wgs84": -5.4841, "main_use": "Water supply", "municipality": "Cantillana", "mwl_elev_masl": null, "name": "Cantillana", "operator": "MANUEL JESUS CRUZ MUÑOZ", "outlet_cms": null, "owner": "Endesa - UPH Sur", "owner_type": "Privado", "province": "Sevilla", "reservoir_type": "Dam reservoir", "river": "Guadalquivir", "river_elev_masl": null, "sheet": "Lora del Río (963)", "spillway_cms": null, "start": 1980.0, "system": "Regulación General", "timeline": "In operation", "use_elec": false, "use_fcon": true, "use_fish": true, "use_ind": false, "use_irri": false, "use_live": false, "use_mine": false, "use_navi": true, "use_othr": false, "use_pcon": true, "use_recr": true, "use_supp": true, "users": "ENDESA GENERACION, S.A.- UPH SUR\n-", "x_etrs89": "251764", "y_etrs89": "4164301", "years_annual": 34.0, "years_monthly": 34.0, "level": 0, "storage": 1, "outflow": 1, "inflow": 1, "years_daily": 28, "dod_m": 0.00031387319522912746, "dor_d": 3.0 }, "geometry": { "type": "Point", "coordinates": [ -5.811589230966734, 37.592321079804428 ] } },
{ "type": "Feature", "properties": { "id": 5035, "active": 0, "administration": "C.H. GUADALQUIVIR", "area_skm": 4.9479560286366517, "basin": "GUADALQUIVIR", "cap_mcm": 20.4, "catch_skm": 46825.0, "category": "C", "comment": "CENTRAL FLUYENTE DESDE 2010-11. LOS DATOS DE 2009-10 ESTAN PENDIENTES DE REVISION                                       ", "dam_elev_masl": null, "dam_hgt_m": null, "dam_len_m": null, "dam_type": "Gravity dam: vibrated concrete", "dis_avg_mcm": null, "elev_masl": 10.0, "end": 2011.0, "estate": "Andalucía", "id_basin": 5355.0, "id_gdw": 37337.0, "id_idr_dam": 1797.0, "id_idr_res": 68.0, "id_municipality": 41005.0, "id_saih": "E60", "id_sheet": 962.0, "lat_wgs84": 37.3107, "lon_wgs84": -5.5834, "main_use": "Water supply", "municipality": "Alcalá del Río", "mwl_elev_masl": 12.4, "name": "Alcala Del Rio", "operator": "MANUEL JESUS CRUZ MUÑOZ", "outlet_cms": null, "owner": "Endesa - UPH Sur", "owner_type": "Privado", "province": "Sevilla", "reservoir_type": "Dam reservoir", "river": "Guadalquivir", "river_elev_masl": null, "sheet": "Alcala del Río (962)", "spillway_cms": null, "start": 1980.0, "system": "Regulación General", "timeline": "In operation", "use_elec": false, "use_fcon": true, "use_fish": true, "use_ind": false, "use_irri": false, "use_live": false, "use_mine": false, "use_navi": true, "use_othr": false, "use_pcon": true, "use_recr": true, "use_supp": true, "users": "ENDESA GENERACION, S.A.-U.P.H. SUR\n-", "x_etrs89": "236965", "y_etrs89": "4156570", "years_annual": 37.0, "years_monthly": 37.0, "level": 0, "storage": 1, "outflow": 1, "inflow": 1, "years_daily": 31, "dod_m": 0.0004356647090229578, "dor_d": 3.0 }, "geometry": { "type": "Point", "coordinates": [ -5.976233761203701, 37.518621288812597 ] } },
{ "type": "Feature", "properties": { "id": 5036, "active": 1, "administration": "C.H. GUADALQUIVIR", "area_skm": 18.0582726581099, "basin": "GUADALQUIVIR", "cap_mcm": 281.7, "catch_skm": 985.0, "category": "A", "comment": null, "dam_elev_masl": 447.0, "dam_hgt_m": 55.0, "dam_len_m": 232.0, "dam_type": "Gravity dam: vibrated concrete", "dis_avg_mcm": 83.3, "elev_masl": 445.0, "end": 2021.0, "estate": "Andalucía", "id_basin": 5202.0, "id_gdw": 1550.0, "id_idr_dam": 1426.0, "id_idr_res": 1803.0, "id_municipality": 14073.0, "id_saih": "E34", "id_sheet": 901.0, "lat_wgs84": 38.0511, "lon_wgs84": -4.553, "main_use": "Water supply", "municipality": "Villaviciosa de Córdoba", "mwl_elev_masl": 445.8, "name": "Puente Nuevo", "operator": "RAFAEL CASTELLANOS", "outlet_cms": 99.42, "owner": "Estado", "owner_type": "Estado\nEstado", "province": "Córdoba", "reservoir_type": "Dam reservoir", "river": "Guadiato", "river_elev_masl": 56.0, "sheet": "Villaviciosa de Córdoba (901)", "spillway_cms": 1720.0, "start": 1980.0, "system": "Regulación General", "timeline": "In operation", "use_elec": false, "use_fcon": true, "use_fish": true, "use_ind": false, "use_irri": false, "use_live": true, "use_mine": false, "use_navi": true, "use_othr": false, "use_pcon": true, "use_recr": true, "use_supp": true, "users": "-\n-\n-", "x_etrs89": "331173", "y_etrs89": "4217133", "years_annual": 46.0, "years_monthly": 46.0, "level": 0, "storage": 1, "outflow": 1, "inflow": 1, "years_daily": 41, "dod_m": 0.28598984771573605, "dor_d": 745.0 }, "geometry": { "type": "Point", "coordinates": [ -4.925086414218326, 38.086235668568648 ] } },
{ "type": "Feature", "properties": { "id": 5037, "active": 1, "administration": "C.H. GUADALQUIVIR", "area_skm": 4.9672369650964541, "basin": "GUADALQUIVIR", "cap_mcm": 40.9, "catch_skm": 439.0, "category": "A", "comment": null, "dam_elev_masl": 503.0, "dam_hgt_m": 33.0, "dam_len_m": 510.0, "dam_type": "Mixed/Composite dam", "dis_avg_mcm": 41.24, "elev_masl": 501.0, "end": 2001.0, "estate": "Andalucía", "id_basin": 5202.0, "id_gdw": 4300.0, "id_idr_dam": 1433.0, "id_idr_res": 2140.0, "id_municipality": 14009.0, "id_saih": "E33", "id_sheet": 879.0, "lat_wgs84": 38.153, "lon_wgs84": -5.1322, "main_use": "Water supply", "municipality": "Bélmez", "mwl_elev_masl": null, "name": "Sierra Boyera", "operator": "RAFAEL CASTELLANOS", "outlet_cms": 50.64, "owner": "Estado", "owner_type": "Estado\nEstado", "province": "Córdoba", "reservoir_type": "Dam reservoir", "river": "Guadiato", "river_elev_masl": 33.0, "sheet": "Fuenteovejuna (879)", "spillway_cms": null, "start": 1980.0, "system": "Regulación General", "timeline": "In operation", "use_elec": false, "use_fcon": false, "use_fish": true, "use_ind": false, "use_irri": false, "use_live": false, "use_mine": false, "use_navi": true, "use_othr": false, "use_pcon": true, "use_recr": true, "use_supp": true, "users": "-", "x_etrs89": "305510", "y_etrs89": "4236806", "years_annual": 46.0, "years_monthly": 46.0, "level": 0, "storage": 1, "outflow": 1, "inflow": 1, "years_daily": 21, "dod_m": 0.093166287015945329, "dor_d": 238.0 }, "geometry": { "type": "Point", "coordinates": [ -5.222902581656921, 38.258251474476289 ] } },
{ "type": "Feature", "properties": { "id": 5038, "active": 1, "administration": "C.H. GUADALQUIVIR", "area_skm": 0.39812028433716867, "basin": "GUADALQUIVIR", "cap_mcm": 13.5, "catch_skm": 101.0, "category": "A", "comment": null, "dam_elev_masl": null, "dam_hgt_m": null, "dam_len_m": null, "dam_type": "Arch dam", "dis_avg_mcm": null, "elev_masl": 1040.0, "end": 2021.0, "estate": "Andalucía", "id_basin": 5231.0, "id_gdw": 16490.0, "id_idr_dam": 1523.0, "id_idr_res": 1828.0, "id_municipality": 18168.0, "id_saih": "E42", "id_sheet": 1010.0, "lat_wgs84": 37.1212, "lon_wgs84": -3.2617, "main_use": "Water supply", "municipality": "Quéntar", "mwl_elev_masl": null, "name": "Quentar", "operator": "JOSE LUIS FERNANDEZ MADRID", "outlet_cms": 95.6, "owner": "Estado", "owner_type": "Estado\nEstado", "province": "Granada", "reservoir_type": "Dam reservoir", "river": "Aguas Blancas", "river_elev_masl": null, "sheet": "La Peza (1010)", "spillway_cms": 613.0, "start": 1980.0, "system": "Alto Genil", "timeline": "In operation", "use_elec": false, "use_fcon": true, "use_fish": true, "use_ind": false, "use_irri": false, "use_live": true, "use_mine": false, "use_navi": true, "use_othr": false, "use_pcon": true, "use_recr": true, "use_supp": true, "users": "-\n-\n-", "x_etrs89": "461126", "y_etrs89": "4117514", "years_annual": 46.0, "years_monthly": 46.0, "level": 0, "storage": 1, "outflow": 1, "inflow": 1, "years_daily": 41, "dod_m": 0.13366336633663367, "dor_d": 261.0 }, "geometry": { "type": "Point", "coordinates": [ -3.438071845986391, 37.203287868740858 ] } },
{ "type": "Feature", "properties": { "id": 5039, "active": 1, "administration": "C.H. GUADALQUIVIR", "area_skm": 1.3077136925474904, "basin": "GUADALQUIVIR", "cap_mcm": 31.6, "catch_skm": 102.0, "category": "A", "comment": null, "dam_elev_masl": null, "dam_hgt_m": null, "dam_len_m": null, "dam_type": "Arch dam", "dis_avg_mcm": null, "elev_masl": 785.0, "end": 2021.0, "estate": "Andalucía", "id_basin": 5095.0, "id_gdw": 16450.0, "id_idr_dam": 1565.0, "id_idr_res": 1829.0, "id_municipality": 23093.0, "id_saih": "E17", "id_sheet": 969.0, "lat_wgs84": 37.3758, "lon_wgs84": -3.4342, "main_use": "Water supply", "municipality": "Valdepeñas de Jaén", "mwl_elev_masl": 787.7, "name": "Quiebrajano", "operator": "JOSE VISEDO NAVARRO", "outlet_cms": 36.4, "owner": "Estado", "owner_type": "Estado\nEstado", "province": "Jaén", "reservoir_type": "Dam reservoir", "river": "Quiebrajano", "river_elev_masl": null, "sheet": "Valdepeñas de Jaén (969)", "spillway_cms": 304.38, "start": 1980.0, "system": "Jaén", "timeline": "In operation", "use_elec": false, "use_fcon": false, "use_fish": true, "use_ind": false, "use_irri": false, "use_live": false, "use_mine": false, "use_navi": true, "use_othr": false, "use_pcon": true, "use_recr": true, "use_supp": true, "users": "-", "x_etrs89": "435716", "y_etrs89": "4165321", "years_annual": 45.0, "years_monthly": 45.0, "level": 0, "storage": 1, "outflow": 1, "inflow": 1, "years_daily": 41, "dod_m": 0.30980392156862746, "dor_d": 648.0 }, "geometry": { "type": "Point", "coordinates": [ -3.728563154702115, 37.632770642054695 ] } },
{ "type": "Feature", "properties": { "id": 5040, "active": 0, "administration": "C.H. GUADALQUIVIR", "area_skm": 2.9496626812010764, "basin": "GUADALQUIVIR", "cap_mcm": 6.0, "catch_skm": 23639.0, "category": "C", "comment": "INT 1999                                                                                                                ", "dam_elev_masl": 124.17, "dam_hgt_m": null, "dam_len_m": 277.0, "dam_type": "Gravity dam: vibrated concrete", "dis_avg_mcm": 0.0, "elev_masl": 118.8, "end": 1996.0, "estate": "Andalucía", "id_basin": 5151.0, "id_gdw": 37319.0, "id_idr_dam": 1471.0, "id_idr_res": 2477.0, "id_municipality": 14067.0, "id_saih": "E79", "id_sheet": 923.0, "lat_wgs84": 37.5721, "lon_wgs84": -4.3555, "main_use": "Water supply", "municipality": "Villafranca de Córdoba", "mwl_elev_masl": 121.5, "name": "Villafranca", "operator": "MANUEL JESUS CRUZ MUÑOZ", "outlet_cms": 30.0, "owner": "Particular", "owner_type": "Privado", "province": "Córdoba", "reservoir_type": "Dam reservoir", "river": "Guadalquivir", "river_elev_masl": 15.67, "sheet": "Córdoba (923)", "spillway_cms": null, "start": 1980.0, "system": "Guadalmellato", "timeline": "In operation", "use_elec": false, "use_fcon": true, "use_fish": true, "use_ind": false, "use_irri": false, "use_live": false, "use_mine": false, "use_navi": true, "use_othr": false, "use_pcon": true, "use_recr": true, "use_supp": true, "users": "ENDESA GENERACION, S.A.- U.P.H. SUR\n-", "x_etrs89": "359551", "y_etrs89": "4202111", "years_annual": 22.0, "years_monthly": 22.0, "level": 0, "storage": 1, "outflow": 1, "inflow": 1, "years_daily": 16, "dod_m": 0.00025381784339439061, "dor_d": 2.0 }, "geometry": { "type": "Point", "coordinates": [ -4.5986844735997, 37.955752380764892 ] } },
{ "type": "Feature", "properties": { "id": 5041, "active": 1, "administration": "C.H. GUADALQUIVIR", "area_skm": 0.41385041235311321, "basin": "GUADALQUIVIR", "cap_mcm": 4.0, "catch_skm": 349.1, "category": "A", "comment": null, "dam_elev_masl": null, "dam_hgt_m": null, "dam_len_m": null, "dam_type": "Gravity dam: vibrated concrete", "dis_avg_mcm": null, "elev_masl": 90.0, "end": 2008.0, "estate": "Andalucía", "id_basin": 5228.0, "id_gdw": null, "id_idr_dam": 1470.0, "id_idr_res": 1888.0, "id_municipality": 14036.0, "id_saih": "E40", "id_sheet": 942.0, "lat_wgs84": 37.4443, "lon_wgs84": -5.1836, "main_use": "Water supply", "municipality": "Hornachuelos", "mwl_elev_masl": null, "name": "Retortillo", "operator": "JUAN CHASTANG MARIN", "outlet_cms": 27.0, "owner": "Estado", "owner_type": "Estado\nEstado", "province": "Córdoba", "reservoir_type": "Dam reservoir", "river": "Retortillo", "river_elev_masl": null, "sheet": "Palma del Río (942)", "spillway_cms": null, "start": 1993.0, "system": "Bembézar - Retortillo", "timeline": "In operation", "use_elec": false, "use_fcon": false, "use_fish": true, "use_ind": false, "use_irri": false, "use_live": false, "use_mine": false, "use_navi": true, "use_othr": false, "use_pcon": true, "use_recr": true, "use_supp": true, "users": "-", "x_etrs89": "296486", "y_etrs89": "4180061", "years_annual": 37.0, "years_monthly": 38.0, "level": 0, "storage": 1, "outflow": 1, "inflow": 1, "years_daily": 15, "dod_m": 0.011458034947006588, "dor_d": 22.0 }, "geometry": { "type": "Point", "coordinates": [ -5.309870759320319, 37.745235545971902 ] } },
{ "type": "Feature", "properties": { "id": 5042, "active": 1, "administration": "C.H. GUADALQUIVIR", "area_skm": 2.9296450649733305, "basin": "GUADALQUIVIR", "cap_mcm": 35.0, "catch_skm": 1734.0, "category": "A", "comment": null, "dam_elev_masl": null, "dam_hgt_m": null, "dam_len_m": null, "dam_type": "Arch-gravity dam", "dis_avg_mcm": null, "elev_masl": 50.0, "end": 2021.0, "estate": "Andalucía", "id_basin": 5368.0, "id_gdw": 8987.0, "id_idr_dam": 1678.0, "id_idr_res": 1026.0, "id_municipality": 41049.0, "id_saih": "E65", "id_sheet": 962.0, "lat_wgs84": 37.3402, "lon_wgs84": -6.0259, "main_use": "Water supply", "municipality": "Guillena", "mwl_elev_masl": null, "name": "Gergal", "operator": "EMASESA", "outlet_cms": 99.0, "owner": "EMASESA", "owner_type": "Ayuntamientos y/o Diputaciones", "province": "Sevilla", "reservoir_type": "Dam reservoir", "river": "Rivera De Huelva", "river_elev_masl": null, "sheet": "Alcala del Río (962)", "spillway_cms": 3020.0, "start": 1990.0, "system": "Sevilla", "timeline": "In operation", "use_elec": false, "use_fcon": false, "use_fish": true, "use_ind": false, "use_irri": false, "use_live": false, "use_mine": false, "use_navi": true, "use_othr": false, "use_pcon": true, "use_recr": true, "use_supp": true, "users": "-", "x_etrs89": "230643", "y_etrs89": "4162179", "years_annual": 42.0, "years_monthly": 42.0, "level": 0, "storage": 1, "outflow": 1, "inflow": 1, "years_daily": 31, "dod_m": 0.020184544405997693, "dor_d": 53.0 }, "geometry": { "type": "Point", "coordinates": [ -6.04973311357065, 37.567283346702872 ] } },
{ "type": "Feature", "properties": { "id": 5043, "active": 1, "administration": "C.H. GUADALQUIVIR", "area_skm": 19.828858998574329, "basin": "GUADALQUIVIR", "cap_mcm": 567.1, "catch_skm": 3468.0, "category": "A", "comment": "REAJUSTE DE COTA EL 01/06/2009                                                                                          ", "dam_elev_masl": null, "dam_hgt_m": 75.0, "dam_len_m": null, "dam_type": "Mixed/Composite dam", "dis_avg_mcm": null, "elev_masl": 637.5, "end": 2021.0, "estate": "Andalucía", "id_basin": 5028.0, "id_gdw": 1562.0, "id_idr_dam": 1510.0, "id_idr_res": 1525.0, "id_municipality": 18078.0, "id_saih": "E06", "id_sheet": 971.0, "lat_wgs84": 37.334, "lon_wgs84": -2.5717, "main_use": "Water supply", "municipality": "Freila", "mwl_elev_masl": 639.5, "name": "Negratin", "operator": "JOAQUIN DELGADO GARCÍA", "outlet_cms": 255.0, "owner": "Estado", "owner_type": "Estado\nEstado", "province": "Granada", "reservoir_type": "Dam reservoir", "river": "Guadiana Menor", "river_elev_masl": null, "sheet": "Cuevas del Campo (971)", "spillway_cms": 3157.0, "start": 1984.0, "system": "Alto Guadiana Menor", "timeline": "In operation", "use_elec": false, "use_fcon": true, "use_fish": true, "use_ind": false, "use_irri": false, "use_live": false, "use_mine": false, "use_navi": true, "use_othr": false, "use_pcon": true, "use_recr": true, "use_supp": true, "users": "-\n-", "x_etrs89": "503987", "y_etrs89": "4157127", "years_annual": 38.0, "years_monthly": 38.0, "level": 0, "storage": 1, "outflow": 1, "inflow": 1, "years_daily": 37, "dod_m": 0.16352364475201847, "dor_d": 1480.0 }, "geometry": { "type": "Point", "coordinates": [ -2.954856283759454, 37.561154714632295 ] } },
{ "type": "Feature", "properties": { "id": 5044, "active": 1, "administration": "C.H. GUADALQUIVIR", "area_skm": 0.71329697940492187, "basin": "GUADALQUIVIR", "cap_mcm": 4.1, "catch_skm": 76.0, "category": "C", "comment": null, "dam_elev_masl": null, "dam_hgt_m": null, "dam_len_m": null, "dam_type": "Gravity dam: vibrated concrete", "dis_avg_mcm": null, "elev_masl": 713.7, "end": 2021.0, "estate": "Andalucía", "id_basin": 5078.0, "id_gdw": 16371.0, "id_idr_dam": 1571.0, "id_idr_res": 806.0, "id_municipality": 23062.0, "id_saih": "E12", "id_sheet": 864.0, "lat_wgs84": 38.2428, "lon_wgs84": -3.0221, "main_use": "Water supply", "municipality": "Montizón", "mwl_elev_masl": 716.7, "name": "Dañador", "operator": "JOSÉ MARÍA ALMENDRAL", "outlet_cms": 4.5, "owner": "Estado", "owner_type": "Estado\nEstado", "province": "Jaén", "reservoir_type": "Dam reservoir", "river": "Dañador", "river_elev_masl": null, "sheet": "Venta de los Santos (864)", "spillway_cms": null, "start": 1989.0, "system": "Regulación General", "timeline": "In operation", "use_elec": false, "use_fcon": false, "use_fish": true, "use_ind": false, "use_irri": false, "use_live": false, "use_mine": false, "use_navi": true, "use_othr": false, "use_pcon": true, "use_recr": true, "use_supp": true, "users": "-", "x_etrs89": "496572", "y_etrs89": "4251067", "years_annual": 33.0, "years_monthly": 33.0, "level": 0, "storage": 1, "outflow": 1, "inflow": 1, "years_daily": 32, "dod_m": 0.053947368421052626, "dor_d": 176.0 }, "geometry": { "type": "Point", "coordinates": [ -3.03926290219414, 38.40783080667115 ] } },
{ "type": "Feature", "properties": { "id": 5045, "active": 1, "administration": "C.H. GUADALQUIVIR", "area_skm": 0.25834278311892273, "basin": "GUADALQUIVIR", "cap_mcm": 6.4, "catch_skm": 21.0, "category": "A", "comment": null, "dam_elev_masl": null, "dam_hgt_m": null, "dam_len_m": null, "dam_type": "Gravity dam: vibrated concrete", "dis_avg_mcm": null, "elev_masl": 1016.0, "end": 2021.0, "estate": "Andalucía", "id_basin": 5996.0, "id_gdw": 16401.0, "id_idr_dam": 1549.0, "id_idr_res": 32.0, "id_municipality": 23095.0, "id_saih": "E02", "id_sheet": 907.0, "lat_wgs84": 38.0242, "lon_wgs84": -2.5707, "main_use": "Water supply", "municipality": "Villacarrillo", "mwl_elev_masl": 1016.9, "name": "Aguascebas", "operator": "JOSÉ MARÍA ALMENDRAL", "outlet_cms": 126.84, "owner": "Estado", "owner_type": "Estado\nEstado", "province": "Jaén", "reservoir_type": "Dam reservoir", "river": "Arroyo De Las Aguascebas Chico", "river_elev_masl": null, "sheet": "Villacarrillo (907)", "spillway_cms": null, "start": 1989.0, "system": "Regulación General", "timeline": "In operation", "use_elec": false, "use_fcon": false, "use_fish": true, "use_ind": false, "use_irri": false, "use_live": false, "use_mine": false, "use_navi": true, "use_othr": false, "use_pcon": true, "use_recr": true, "use_supp": true, "users": "Varios", "x_etrs89": "504207", "y_etrs89": "4210820", "years_annual": 33.0, "years_monthly": 33.0, "level": 0, "storage": 1, "outflow": 1, "inflow": 1, "years_daily": 32, "dod_m": 0.30476190476190479, "dor_d": 167.0 }, "geometry": { "type": "Point", "coordinates": [ -2.952053447586272, 38.045099435682793 ] } },
{ "type": "Feature", "properties": { "id": 5046, "active": 1, "administration": "C.H. GUADALQUIVIR", "area_skm": 0.47528919849943296, "basin": "GUADALQUIVIR", "cap_mcm": 1.6, "catch_skm": 28.0, "category": "C", "comment": null, "dam_elev_masl": 513.0, "dam_hgt_m": null, "dam_len_m": 150.74, "dam_type": "Gravity dam: vibrated concrete", "dis_avg_mcm": 10.0, "elev_masl": 512.0, "end": 2021.0, "estate": "Andalucía", "id_basin": 5995.0, "id_gdw": null, "id_idr_dam": 1455.0, "id_idr_res": 1077.0, "id_municipality": 14021.0, "id_saih": "E35", "id_sheet": 902.0, "lat_wgs84": 38.0114, "lon_wgs84": -4.4757, "main_use": "Water supply", "municipality": "Córdoba", "mwl_elev_masl": 513.0, "name": "Guadanuño-Cerro Muriano", "operator": "JUAN CHASTANG MARIN", "outlet_cms": 7.33, "owner": "Estado", "owner_type": "Estado\nEstado", "province": "Córdoba", "reservoir_type": "Dam reservoir", "river": "Guadanuño", "river_elev_masl": 25.5, "sheet": "Adamuz (902)", "spillway_cms": null, "start": 1989.0, "system": "Regulación General", "timeline": "In operation", "use_elec": false, "use_fcon": true, "use_fish": true, "use_ind": false, "use_irri": false, "use_live": false, "use_mine": false, "use_navi": true, "use_othr": false, "use_pcon": true, "use_recr": true, "use_supp": true, "users": "-\n-", "x_etrs89": "342078", "y_etrs89": "4209611", "years_annual": 33.0, "years_monthly": 33.0, "level": 0, "storage": 1, "outflow": 1, "inflow": 1, "years_daily": 32, "dod_m": 0.057142857142857148, "dor_d": 71.0 }, "geometry": { "type": "Point", "coordinates": [ -4.799138358179207, 38.020445731682926 ] } },
{ "type": "Feature", "properties": { "id": 5047, "active": 1, "administration": "C.H. GUADALQUIVIR", "area_skm": 0.61940607104054923, "basin": "GUADALQUIVIR", "cap_mcm": 18.0, "catch_skm": 48.26, "category": null, "comment": null, "dam_elev_masl": 286.07, "dam_hgt_m": null, "dam_len_m": 235.0, "dam_type": "Embankment dam: ssphalt-face", "dis_avg_mcm": 0.0, "elev_masl": 282.4, "end": 2021.0, "estate": "Andalucía", "id_basin": 5994.0, "id_gdw": 16397.0, "id_idr_dam": 1441.0, "id_idr_res": 1342.0, "id_municipality": 14043.0, "id_saih": "E27", "id_sheet": 903.0, "lat_wgs84": 38.0533, "lon_wgs84": -4.2024, "main_use": "Water supply", "municipality": "Montoro", "mwl_elev_masl": null, "name": "Martin Gonzalo", "operator": null, "outlet_cms": null, "owner": "Comunidad Usuarios", "owner_type": "Estado\nEstado", "province": "Córdoba", "reservoir_type": "Dam reservoir", "river": "Arroyo Martín Gonzalo", "river_elev_masl": 55.07, "sheet": "Montoro (903)", "spillway_cms": null, "start": 1989.0, "system": "Regulación General", "timeline": "In operation", "use_elec": false, "use_fcon": false, "use_fish": true, "use_ind": false, "use_irri": false, "use_live": false, "use_mine": false, "use_navi": true, "use_othr": false, "use_pcon": true, "use_recr": true, "use_supp": true, "users": "-", "x_etrs89": "382497", "y_etrs89": "4216933", "years_annual": 33.0, "years_monthly": 33.0, "level": 0, "storage": 1, "outflow": 1, "inflow": 1, "years_daily": 32, "dod_m": 0.37297969332780773, "dor_d": 406.0 }, "geometry": { "type": "Point", "coordinates": [ -4.340000298970985, 38.092563535924448 ] } },
{ "type": "Feature", "properties": { "id": 5048, "active": 1, "administration": "C.H. GUADALQUIVIR", "area_skm": 1.591308438960735, "basin": "GUADALQUIVIR", "cap_mcm": 70.0, "catch_skm": 181.0, "category": "A", "comment": "LOS DATOS DE 2009-10 ESTAN PENDIENTES DE REVISION                                                                       ", "dam_elev_masl": null, "dam_hgt_m": 158.0, "dam_len_m": null, "dam_type": "Embankment dam: zonified", "dis_avg_mcm": null, "elev_masl": 958.0, "end": 2021.0, "estate": "Andalucía", "id_basin": 5230.0, "id_gdw": 4378.0, "id_idr_dam": 1520.0, "id_idr_res": 474.0, "id_municipality": 18094.0, "id_saih": "E41", "id_sheet": 1027.0, "lat_wgs84": 37.0934, "lon_wgs84": -3.2834, "main_use": "Water supply", "municipality": "Güéjar - Sierra", "mwl_elev_masl": 962.5, "name": "Canales", "operator": "GUILLERMO BRAVO", "outlet_cms": 283.2, "owner": "Estado", "owner_type": "Estado\nEstado", "province": "Granada", "reservoir_type": "Dam reservoir", "river": "Genil", "river_elev_masl": null, "sheet": "Güéjar - Sierra (1027)", "spillway_cms": null, "start": 1988.0, "system": "Alto Genil", "timeline": "In operation", "use_elec": false, "use_fcon": true, "use_fish": true, "use_ind": false, "use_irri": false, "use_live": true, "use_mine": false, "use_navi": true, "use_othr": false, "use_pcon": true, "use_recr": true, "use_supp": true, "users": "-\n-\n-", "x_etrs89": "457726", "y_etrs89": "4112653", "years_annual": 34.0, "years_monthly": 34.0, "level": 0, "storage": 1, "outflow": 1, "inflow": 1, "years_daily": 33, "dod_m": 0.38674033149171272, "dor_d": 398.0 }, "geometry": { "type": "Point", "coordinates": [ -3.476110262974547, 37.159323706334582 ] } },
{ "type": "Feature", "properties": { "id": 5049, "active": 1, "administration": "C.H. GUADALQUIVIR", "area_skm": 7.8749798263275386, "basin": "GUADALQUIVIR", "cap_mcm": 228.7, "catch_skm": 798.0, "category": "A", "comment": null, "dam_elev_masl": null, "dam_hgt_m": 87.0, "dam_len_m": null, "dam_type": "Embankment dam: zonified", "dis_avg_mcm": null, "elev_masl": 248.5, "end": 2021.0, "estate": "Andalucía", "id_basin": 5136.0, "id_gdw": 4314.0, "id_idr_dam": 1465.0, "id_idr_res": 2534.0, "id_municipality": 14043.0, "id_saih": "E26", "id_sheet": 903.0, "lat_wgs84": 38.0401, "lon_wgs84": -4.1502, "main_use": "Water supply", "municipality": "Montoro", "mwl_elev_masl": null, "name": "Yeguas", "operator": "AGUSTIN PASTOR", "outlet_cms": 846.84, "owner": "Estado", "owner_type": "Estado\nEstado", "province": "Córdoba", "reservoir_type": "Dam reservoir", "river": "Yeguas O Pradillo", "river_elev_masl": null, "sheet": "Montoro (903)", "spillway_cms": 1573.0, "start": 1989.0, "system": "Regulación General", "timeline": "In operation", "use_elec": false, "use_fcon": true, "use_fish": true, "use_ind": false, "use_irri": false, "use_live": false, "use_mine": false, "use_navi": true, "use_othr": false, "use_pcon": true, "use_recr": true, "use_supp": true, "users": "-\n-", "x_etrs89": "390283", "y_etrs89": "4213979", "years_annual": 33.0, "years_monthly": 33.0, "level": 0, "storage": 1, "outflow": 1, "inflow": 1, "years_daily": 32, "dod_m": 0.28659147869674184, "dor_d": 479.0 }, "geometry": { "type": "Point", "coordinates": [ -4.250775682126423, 38.066925041094763 ] } },
{ "type": "Feature", "properties": { "id": 5050, "active": 1, "administration": "C.H. GUADALQUIVIR", "area_skm": 2.4731813340343467, "basin": "GUADALQUIVIR", "cap_mcm": 40.2, "catch_skm": 241.4, "category": "A", "comment": null, "dam_elev_masl": null, "dam_hgt_m": null, "dam_len_m": null, "dam_type": "Embankment dam: zonified", "dis_avg_mcm": null, "elev_masl": 812.0, "end": 2021.0, "estate": "Andalucía", "id_basin": 5250.0, "id_gdw": 8991.0, "id_idr_dam": 1513.0, "id_idr_res": 711.0, "id_municipality": 18051.0, "id_saih": "E44", "id_sheet": 991.0, "lat_wgs84": 37.2401, "lon_wgs84": -3.4316, "main_use": "Water supply", "municipality": "Colomera", "mwl_elev_masl": 814.4, "name": "Colomera", "operator": "JUAN LUIS FERNANDEZ MADRID", "outlet_cms": 421.2, "owner": "Estado", "owner_type": "Estado\nEstado", "province": "Granada", "reservoir_type": "Dam reservoir", "river": "Colomera", "river_elev_masl": null, "sheet": "Iznalloz (991)", "spillway_cms": null, "start": 1991.0, "system": "Alto Genil", "timeline": "In operation", "use_elec": false, "use_fcon": true, "use_fish": true, "use_ind": false, "use_irri": false, "use_live": true, "use_mine": false, "use_navi": true, "use_othr": false, "use_pcon": true, "use_recr": true, "use_supp": true, "users": "-\n-\n-", "x_etrs89": "436188", "y_etrs89": "4139532", "years_annual": 31.0, "years_monthly": 32.0, "level": 0, "storage": 1, "outflow": 1, "inflow": 1, "years_daily": 30, "dod_m": 0.16652858326429165, "dor_d": 594.0 }, "geometry": { "type": "Point", "coordinates": [ -3.720974387168549, 37.400369265465677 ] } },
{ "type": "Feature", "properties": { "id": 5051, "active": 1, "administration": "C.H. GUADALQUIVIR", "area_skm": 7.7923257603509866, "basin": "GUADALQUIVIR", "cap_mcm": 156.5, "catch_skm": 1287.0, "category": null, "comment": "LOS DATOS DE 2008-09 ESTAN PENDIENTES DE REVISION                                                                       ", "dam_elev_masl": 162.0, "dam_hgt_m": 64.0, "dam_len_m": 364.0, "dam_type": "Embankment dam: zonified", "dis_avg_mcm": 167.0, "elev_masl": 158.0, "end": 2021.0, "estate": "Andalucía", "id_basin": 5162.0, "id_gdw": 4324.0, "id_idr_dam": 1440.0, "id_idr_res": 2048.0, "id_municipality": 14021.0, "id_saih": "E30", "id_sheet": 923.0, "lat_wgs84": 37.5733, "lon_wgs84": -4.3731, "main_use": "Water supply", "municipality": "Córdoba", "mwl_elev_masl": 159.3, "name": "San Rafael De Navallana", "operator": "PEDRO ESCRIBANO", "outlet_cms": null, "owner": "Estado", "owner_type": "Estado\nEstado", "province": "Córdoba", "reservoir_type": "Dam reservoir", "river": "Cuzna O Gualdamellato", "river_elev_masl": 57.0, "sheet": "Córdoba (923)", "spillway_cms": null, "start": 1991.0, "system": "Guadalmellato", "timeline": "In operation", "use_elec": false, "use_fcon": true, "use_fish": true, "use_ind": false, "use_irri": false, "use_live": false, "use_mine": false, "use_navi": true, "use_othr": false, "use_pcon": true, "use_recr": true, "use_supp": true, "users": "-\n-", "x_etrs89": "357222", "y_etrs89": "4202531", "years_annual": 31.0, "years_monthly": 32.0, "level": 0, "storage": 1, "outflow": 1, "inflow": 1, "years_daily": 30, "dod_m": 0.1216006216006216, "dor_d": 295.0 }, "geometry": { "type": "Point", "coordinates": [ -4.62526837406192, 37.959173124658975 ] } },
{ "type": "Feature", "properties": { "id": 5052, "active": 1, "administration": "C.H. GUADALQUIVIR", "area_skm": 10.91332060971475, "basin": "GUADALQUIVIR", "cap_mcm": 244.5, "catch_skm": 648.0, "category": "A", "comment": null, "dam_elev_masl": null, "dam_hgt_m": 101.0, "dam_len_m": null, "dam_type": "Gravity dam: vibrated concrete", "dis_avg_mcm": null, "elev_masl": 452.5, "end": 2021.0, "estate": "Andalucía", "id_basin": 5084.0, "id_gdw": 4307.0, "id_idr_dam": 1572.0, "id_idr_res": 916.0, "id_municipality": 23094.0, "id_saih": "E14", "id_sheet": 884.0, "lat_wgs84": 38.1047, "lon_wgs84": -3.3414, "main_use": "Water supply", "municipality": "Vilches", "mwl_elev_masl": 454.4, "name": "Fernandina, La", "operator": "JOSÉ MARÍA ALMENDRAL", "outlet_cms": 1741.32, "owner": "Estado", "owner_type": "Estado\nEstado", "province": "Jaén", "reservoir_type": "Dam reservoir", "river": "Guarrizas", "river_elev_masl": null, "sheet": "La Carolina (884)", "spillway_cms": null, "start": 1991.0, "system": "Regulación General", "timeline": "In operation", "use_elec": false, "use_fcon": false, "use_fish": true, "use_ind": false, "use_irri": false, "use_live": false, "use_mine": false, "use_navi": true, "use_othr": false, "use_pcon": true, "use_recr": true, "use_supp": true, "users": "-", "x_etrs89": "450031", "y_etrs89": "4225892", "years_annual": 31.0, "years_monthly": 31.0, "level": 0, "storage": 1, "outflow": 1, "inflow": 1, "years_daily": 30, "dod_m": 0.37731481481481483, "dor_d": 766.0 }, "geometry": { "type": "Point", "coordinates": [ -3.570532032648466, 38.179563016603716 ] } },
{ "type": "Feature", "properties": { "id": 5054, "active": 1, "administration": "C.H. GUADALQUIVIR", "area_skm": 10.069426268129781, "basin": "GUADALQUIVIR", "cap_mcm": 175.3, "catch_skm": 831.0, "category": null, "comment": null, "dam_elev_masl": 254.0, "dam_hgt_m": 69.0, "dam_len_m": 495.0, "dam_type": "Embankment dam: zonified", "dis_avg_mcm": null, "elev_masl": 250.0, "end": 2021.0, "estate": "Andalucía", "id_basin": 5366.0, "id_gdw": 4338.0, "id_idr_dam": 1532.0, "id_idr_res": 2560.0, "id_municipality": 21079.0, "id_saih": "E62", "id_sheet": 939.0, "lat_wgs84": 37.4749, "lon_wgs84": -6.1651, "main_use": "Water supply", "municipality": "Zufre", "mwl_elev_masl": null, "name": "Zufre", "operator": null, "outlet_cms": null, "owner": "Comunidad Usuarios", "owner_type": "Comunidades Autónomas\nComunidades Autónomas", "province": "Huelva", "reservoir_type": "Dam reservoir", "river": "Rivera De Huelva", "river_elev_masl": 64.0, "sheet": "Castillo de las Guardas (939)", "spillway_cms": null, "start": 1991.0, "system": "Sevilla", "timeline": "In operation", "use_elec": false, "use_fcon": false, "use_fish": true, "use_ind": false, "use_irri": false, "use_live": false, "use_mine": false, "use_navi": true, "use_othr": false, "use_pcon": true, "use_recr": true, "use_supp": true, "users": "-", "x_etrs89": "211115", "y_etrs89": "4188355", "years_annual": 31.0, "years_monthly": 31.0, "level": 0, "storage": 1, "outflow": 1, "inflow": 1, "years_daily": 30, "dod_m": 0.21095066185318895, "dor_d": 405.0 }, "geometry": { "type": "Point", "coordinates": [ -6.280883647445911, 37.796915791394987 ] } },
{ "type": "Feature", "properties": { "id": 5055, "active": 1, "administration": "C.H. GUADALQUIVIR", "area_skm": 5.8574852839570877, "basin": "GUADALQUIVIR", "cap_mcm": 113.2, "catch_skm": 239.0, "category": "A", "comment": null, "dam_elev_masl": null, "dam_hgt_m": 77.0, "dam_len_m": null, "dam_type": "Arch dam", "dis_avg_mcm": null, "elev_masl": 147.3, "end": 2021.0, "estate": "Andalucía", "id_basin": 5310.0, "id_gdw": 4343.0, "id_idr_dam": 1682.0, "id_idr_res": 1198.0, "id_municipality": 41055.0, "id_saih": "E54", "id_sheet": 942.0, "lat_wgs84": 37.4452, "lon_wgs84": -5.2905, "main_use": "Water supply", "municipality": "Lora del Río", "mwl_elev_masl": 150.0, "name": "Jose Toran", "operator": "ANTONIO RAMÓN GUINEA", "outlet_cms": 36.24, "owner": "Estado", "owner_type": "Estado\nEstado", "province": "Sevilla", "reservoir_type": "Dam reservoir", "river": "Guadalbacar", "river_elev_masl": null, "sheet": "Palma del Río (942)", "spillway_cms": null, "start": 1992.0, "system": "Regulación General", "timeline": "In operation", "use_elec": false, "use_fcon": true, "use_fish": true, "use_ind": false, "use_irri": false, "use_live": false, "use_mine": false, "use_navi": true, "use_othr": false, "use_pcon": true, "use_recr": true, "use_supp": true, "users": "-\n-", "x_etrs89": "281076", "y_etrs89": "4180752", "years_annual": 30.0, "years_monthly": 31.0, "level": 0, "storage": 1, "outflow": 1, "inflow": 1, "years_daily": 29, "dod_m": 0.47364016736401676, "dor_d": 546.0 }, "geometry": { "type": "Point", "coordinates": [ -5.484835720444237, 37.747901605083356 ] } },
{ "type": "Feature", "properties": { "id": 5056, "active": 1, "administration": "C.H. GUADALQUIVIR", "area_skm": 10.509379930419909, "basin": "GUADALQUIVIR", "cap_mcm": 134.6, "catch_skm": 467.0, "category": "A", "comment": null, "dam_elev_masl": null, "dam_hgt_m": 73.0, "dam_len_m": null, "dam_type": "Embankment dam: ssphalt-face", "dis_avg_mcm": null, "elev_masl": 275.5, "end": 2021.0, "estate": "Andalucía", "id_basin": 5334.0, "id_gdw": 4340.0, "id_idr_dam": 1679.0, "id_idr_res": 1145.0, "id_municipality": 41033.0, "id_saih": "E56", "id_sheet": 941.0, "lat_wgs84": 37.4612, "lon_wgs84": -5.4108, "main_use": "Water supply", "municipality": "Constantina", "mwl_elev_masl": 277.6, "name": "Huesna", "operator": "BENIGNO BAYAN", "outlet_cms": 62.64, "owner": "Estado", "owner_type": "Estado\nEstado", "province": "Sevilla", "reservoir_type": "Dam reservoir", "river": "Rivera De Huesna", "river_elev_masl": null, "sheet": "Ventas Quemadas (941)", "spillway_cms": null, "start": 1992.0, "system": "Rivera de Huesna", "timeline": "In operation", "use_elec": false, "use_fcon": true, "use_fish": true, "use_ind": false, "use_irri": false, "use_live": true, "use_mine": false, "use_navi": true, "use_othr": false, "use_pcon": true, "use_recr": true, "use_supp": true, "users": "-\n-\n-", "x_etrs89": "263444", "y_etrs89": "4183683", "years_annual": 30.0, "years_monthly": 31.0, "level": 0, "storage": 1, "outflow": 1, "inflow": 1, "years_daily": 29, "dod_m": 0.28822269807280515, "dor_d": 383.0 }, "geometry": { "type": "Point", "coordinates": [ -5.685723091547518, 37.769903024113539 ] } },
{ "type": "Feature", "properties": { "id": 5058, "active": 1, "administration": "C.H. GUADALQUIVIR", "area_skm": 2.8865460919349912, "basin": "GUADALQUIVIR", "cap_mcm": 20.3, "catch_skm": 232.0, "category": "A", "comment": null, "dam_elev_masl": null, "dam_hgt_m": 45.0, "dam_len_m": null, "dam_type": "Embankment dam: ssphalt-face", "dis_avg_mcm": null, "elev_masl": 106.5, "end": 2021.0, "estate": "Andalucía", "id_basin": 5396.0, "id_gdw": 6120.0, "id_idr_dam": 1765.0, "id_idr_res": 25.0, "id_municipality": 41013.0, "id_saih": "E67", "id_sheet": 961.0, "lat_wgs84": 37.3156, "lon_wgs84": -6.1703, "main_use": "Water supply", "municipality": "Aznalcóllar", "mwl_elev_masl": 108.6, "name": "Agrio", "operator": null, "outlet_cms": 20.9, "owner": "Particular", "owner_type": "Privado", "province": "Sevilla", "reservoir_type": "Dam reservoir", "river": "Agrio", "river_elev_masl": null, "sheet": "Aznalcóllar (961)", "spillway_cms": null, "start": 1993.0, "system": "Almonte - Marismas", "timeline": "In operation", "use_elec": false, "use_fcon": true, "use_fish": true, "use_ind": false, "use_irri": false, "use_live": false, "use_mine": false, "use_navi": true, "use_othr": false, "use_pcon": true, "use_recr": true, "use_supp": true, "users": "-\n-", "x_etrs89": "209779", "y_etrs89": "4158988", "years_annual": 29.0, "years_monthly": 30.0, "level": 0, "storage": 1, "outflow": 1, "inflow": 1, "years_daily": 28, "dod_m": 0.0875, "dor_d": 101.0 }, "geometry": { "type": "Point", "coordinates": [ -6.284356433370618, 37.532232962265766 ] } },
{ "type": "Feature", "properties": { "id": 5060, "active": 1, "administration": "C.H. GUADALQUIVIR", "area_skm": 3.3278993776508594, "basin": "GUADALQUIVIR", "cap_mcm": 117.9, "catch_skm": 159.0, "category": "A", "comment": null, "dam_elev_masl": null, "dam_hgt_m": 92.0, "dam_len_m": null, "dam_type": "Embankment dam: zonified", "dis_avg_mcm": null, "elev_masl": 1061.0, "end": 2021.0, "estate": "Andalucía", "id_basin": 5015.0, "id_gdw": 6105.0, "id_idr_dam": 1508.0, "id_idr_res": 2007.0, "id_municipality": 18098.0, "id_saih": "E03", "id_sheet": 929.0, "lat_wgs84": 37.513, "lon_wgs84": -2.3852, "main_use": "Water supply", "municipality": "Huéscar", "mwl_elev_masl": 1061.5, "name": "San Clemente", "operator": "JOAQUIN DELGADO GARCÍA", "outlet_cms": 50.0, "owner": "Estado", "owner_type": "Estado\nEstado", "province": "Granada", "reservoir_type": "Dam reservoir", "river": "Guardal", "river_elev_masl": null, "sheet": "San Clemente ( Huéscar ) (929)", "spillway_cms": null, "start": 1993.0, "system": "Alto Guadiana Menor", "timeline": "In operation", "use_elec": false, "use_fcon": false, "use_fish": true, "use_ind": false, "use_irri": false, "use_live": false, "use_mine": false, "use_navi": true, "use_othr": false, "use_pcon": true, "use_recr": true, "use_supp": true, "users": "-", "x_etrs89": "530983", "y_etrs89": "4190144", "years_annual": 29.0, "years_monthly": 30.0, "level": 0, "storage": 1, "outflow": 1, "inflow": 1, "years_daily": 28, "dod_m": 0.74150943396226421, "dor_d": 1611.0 }, "geometry": { "type": "Point", "coordinates": [ -2.647785238109252, 37.858230195042182 ] } },
{ "type": "Feature", "properties": { "id": 5061, "active": 1, "administration": "C.H. GUADALQUIVIR", "area_skm": 3.2976762681315894, "basin": "GUADALQUIVIR", "cap_mcm": 74.0, "catch_skm": 322.0, "category": "A", "comment": null, "dam_elev_masl": null, "dam_hgt_m": 71.0, "dam_len_m": null, "dam_type": "Gravity dam: Roller-Compacted Concrete", "dis_avg_mcm": null, "elev_masl": 271.6, "end": 2021.0, "estate": "Andalucía", "id_basin": 5316.0, "id_gdw": 4379.0, "id_idr_dam": 1773.0, "id_idr_res": 1796.0, "id_municipality": 41077.0, "id_saih": "E55", "id_sheet": 1021.0, "lat_wgs84": 37.0747, "lon_wgs84": -5.1437, "main_use": "Water supply", "municipality": "Puebla de Cazalla", "mwl_elev_masl": 274.1, "name": "Puebla De Cazalla", "operator": null, "outlet_cms": 28.84, "owner": "Estado", "owner_type": "Estado\nEstado", "province": "Sevilla", "reservoir_type": "Dam reservoir", "river": "Corbones", "river_elev_masl": null, "sheet": "Morón de la Frontera (1021)", "spillway_cms": null, "start": 1994.0, "system": "Campiña Sevillana", "timeline": "In operation", "use_elec": false, "use_fcon": true, "use_fish": true, "use_ind": false, "use_irri": false, "use_live": false, "use_mine": false, "use_navi": true, "use_othr": false, "use_pcon": true, "use_recr": true, "use_supp": true, "users": "-\n-", "x_etrs89": "300710", "y_etrs89": "4111617", "years_annual": 28.0, "years_monthly": 29.0, "level": 0, "storage": 1, "outflow": 1, "inflow": 1, "years_daily": 27, "dod_m": 0.22981366459627328, "dor_d": 565.0 }, "geometry": { "type": "Point", "coordinates": [ -5.243475556928546, 37.12970530342168 ] } },
{ "type": "Feature", "properties": { "id": 5062, "active": 1, "administration": "C.H. GUADALQUIVIR", "area_skm": 7.4048521205002684, "basin": "GUADALQUIVIR", "cap_mcm": 146.6, "catch_skm": 1220.6, "category": null, "comment": null, "dam_elev_masl": 150.66, "dam_hgt_m": 61.0, "dam_len_m": 164.6, "dam_type": "Gravity dam: vibrated concrete", "dis_avg_mcm": 0.0, "elev_masl": 211.5, "end": 2021.0, "estate": "Andalucía", "id_basin": 5162.0, "id_gdw": 4316.0, "id_idr_dam": 1451.0, "id_idr_res": 1068.0, "id_municipality": 14001.0, "id_saih": "E29", "id_sheet": 902.0, "lat_wgs84": 38.0249, "lon_wgs84": -4.4028, "main_use": "Water supply", "municipality": "Adamuz", "mwl_elev_masl": 211.5, "name": "Guadalmellato", "operator": "JUAN CHASTANG MARIN", "outlet_cms": null, "owner": "Estado", "owner_type": "Estado\nEstado", "province": "Córdoba", "reservoir_type": "Dam reservoir", "river": "Cuzna O Gualdamellato", "river_elev_masl": 12.0, "sheet": "Adamuz (902)", "spillway_cms": null, "start": 1980.0, "system": "Guadalmellato", "timeline": "In operation", "use_elec": false, "use_fcon": true, "use_fish": true, "use_ind": false, "use_irri": false, "use_live": true, "use_mine": false, "use_navi": true, "use_othr": false, "use_pcon": true, "use_recr": true, "use_supp": true, "users": "-", "x_etrs89": "353049", "y_etrs89": "4211774", "years_annual": 64.0, "years_monthly": 78.0, "level": 0, "storage": 1, "outflow": 1, "inflow": 1, "years_daily": 41, "dod_m": 0.12010486645911847, "dor_d": 233.0 }, "geometry": { "type": "Point", "coordinates": [ -4.674645113181179, 38.041777993346095 ] } },
{ "type": "Feature", "properties": { "id": 5066, "active": 1, "administration": "C.H. GUADALQUIVIR", "area_skm": 7.6065592612056667, "basin": "GUADALQUIVIR", "cap_mcm": 163.2, "catch_skm": 1185.0, "category": "A", "comment": "LOS DATOS DE 2008-09 ESTAN PENDIENTES DE REVISION                                                                       ", "dam_elev_masl": 369.0, "dam_hgt_m": 75.0, "dam_len_m": 427.0, "dam_type": "Embankment dam: zonified", "dis_avg_mcm": 185.0, "elev_masl": 363.5, "end": 2021.0, "estate": "Andalucía", "id_basin": 5178.0, "id_gdw": 4350.0, "id_idr_dam": 1424.0, "id_idr_res": 2350.0, "id_municipality": 14007.0, "id_saih": "E32", "id_sheet": 967.0, "lat_wgs84": 37.382, "lon_wgs84": -4.1336, "main_use": "Water supply", "municipality": "Baena", "mwl_elev_masl": 365.4, "name": "Vadomojon", "operator": "CARLOS M. ESCARTÍN HERNÁNDEZ", "outlet_cms": 111.81, "owner": "Estado", "owner_type": "Estado\nEstado", "province": "Córdoba", "reservoir_type": "Dam reservoir", "river": "Guadajoz", "river_elev_masl": 75.0, "sheet": "Baena (967)", "spillway_cms": 2426.0, "start": 1997.0, "system": "Guadajoz", "timeline": "In operation", "use_elec": false, "use_fcon": true, "use_fish": true, "use_ind": false, "use_irri": false, "use_live": false, "use_mine": false, "use_navi": true, "use_othr": false, "use_pcon": true, "use_recr": true, "use_supp": true, "users": "-\n-", "x_etrs89": "391774", "y_etrs89": "4166448", "years_annual": 26.0, "years_monthly": 27.0, "level": 0, "storage": 1, "outflow": 1, "inflow": 1, "years_daily": 24, "dod_m": 0.13772151898734175, "dor_d": 476.0 }, "geometry": { "type": "Point", "coordinates": [ -4.226663677661139, 37.638800796869639 ] } },
{ "type": "Feature", "properties": { "id": 5068, "active": 1, "administration": "C.H. GUADALQUIVIR", "area_skm": 2.1849811519585804, "basin": "GUADALQUIVIR", "cap_mcm": 58.2, "catch_skm": 197.0, "category": "A", "comment": null, "dam_elev_masl": null, "dam_hgt_m": 90.0, "dam_len_m": null, "dam_type": "Embankment dam: zonified", "dis_avg_mcm": null, "elev_masl": 955.0, "end": 2021.0, "estate": "Andalucía", "id_basin": 5033.0, "id_gdw": 4370.0, "id_idr_dam": 1525.0, "id_idr_res": 945.0, "id_municipality": 18154.0, "id_saih": "E07", "id_sheet": 1010.0, "lat_wgs84": 37.1846, "lon_wgs84": -3.1521, "main_use": "Water supply", "municipality": "La Peza", "mwl_elev_masl": 957.6, "name": "Francisco Abellan-Peñon De Los Gitanos", "operator": null, "outlet_cms": 714.96, "owner": "Estado", "owner_type": "Estado\nEstado", "province": "Granada", "reservoir_type": "Dam reservoir", "river": "Fardes", "river_elev_masl": null, "sheet": "La Peza (1010)", "spillway_cms": 649.44, "start": 1999.0, "system": "Hoya de Guadix", "timeline": "In operation", "use_elec": false, "use_fcon": false, "use_fish": true, "use_ind": false, "use_irri": false, "use_live": false, "use_mine": false, "use_navi": true, "use_othr": false, "use_pcon": true, "use_recr": true, "use_supp": true, "users": "-", "x_etrs89": "477342", "y_etrs89": "4129605", "years_annual": 23.0, "years_monthly": 25.0, "level": 0, "storage": 1, "outflow": 1, "inflow": 1, "years_daily": 22, "dod_m": 0.29543147208121828, "dor_d": 1248.0 }, "geometry": { "type": "Point", "coordinates": [ -3.25570382250032, 37.312810306372661 ] } },
{ "type": "Feature", "properties": { "id": 5070, "active": 1, "administration": "C.H. GUADALQUIVIR", "area_skm": 23.693900000226964, "basin": "GUADALQUIVIR", "cap_mcm": 475.1, "catch_skm": 2890.0, "category": "A", "comment": null, "dam_elev_masl": null, "dam_hgt_m": 89.0, "dam_len_m": null, "dam_type": "Embankment dam: zonified", "dis_avg_mcm": null, "elev_masl": 345.5, "end": 2021.0, "estate": "Andalucía", "id_basin": 5074.0, "id_gdw": 1549.0, "id_idr_dam": 1568.0, "id_idr_res": 1033.0, "id_municipality": 23046.0, "id_saih": "E16", "id_sheet": 906.0, "lat_wgs84": 38.0517, "lon_wgs84": -3.3037, "main_use": "Water supply", "municipality": "Ibros", "mwl_elev_masl": 349.7, "name": "Giribaile", "operator": null, "outlet_cms": 256.45, "owner": "Estado", "owner_type": "Estado\nEstado", "province": "Jaén", "reservoir_type": "Dam reservoir", "river": "Guadalimar", "river_elev_masl": null, "sheet": "Úbeda (906)", "spillway_cms": 2555.12, "start": 1997.0, "system": "Regulación General", "timeline": "In operation", "use_elec": false, "use_fcon": true, "use_fish": true, "use_ind": false, "use_irri": false, "use_live": false, "use_mine": false, "use_navi": true, "use_othr": false, "use_pcon": true, "use_recr": true, "use_supp": true, "users": "-\n-", "x_etrs89": "455254", "y_etrs89": "4215722", "years_annual": 26.0, "years_monthly": 27.0, "level": 0, "storage": 1, "outflow": 1, "inflow": 1, "years_daily": 24, "dod_m": 0.16439446366782007, "dor_d": 670.0 }, "geometry": { "type": "Point", "coordinates": [ -3.51026103187922, 38.088182160364873 ] } },
{ "type": "Feature", "properties": { "id": 5071, "active": 1, "administration": "C.H. GUADALQUIVIR", "area_skm": 1.1823136063330539, "basin": "GUADALQUIVIR", "cap_mcm": 32.9, "catch_skm": 122.0, "category": "A", "comment": null, "dam_elev_masl": null, "dam_hgt_m": 83.0, "dam_len_m": null, "dam_type": "Embankment dam: zonified", "dis_avg_mcm": null, "elev_masl": 915.5, "end": 2021.0, "estate": "Andalucía", "id_basin": 5025.0, "id_gdw": 4337.0, "id_idr_dam": 1521.0, "id_idr_res": 1771.0, "id_municipality": 18046.0, "id_saih": "E04", "id_sheet": 950.0, "lat_wgs84": 37.482, "lon_wgs84": -2.4715, "main_use": "Water supply", "municipality": "Castril", "mwl_elev_masl": null, "name": "Portillo, El", "operator": null, "outlet_cms": 35.0, "owner": "Estado", "owner_type": "Estado\nEstado", "province": "Granada", "reservoir_type": "Dam reservoir", "river": "Castril", "river_elev_masl": null, "sheet": "Huéscar (950)", "spillway_cms": null, "start": 2001.0, "system": "Alto Guadiana Menor", "timeline": "In operation", "use_elec": false, "use_fcon": true, "use_fish": true, "use_ind": false, "use_irri": false, "use_live": false, "use_mine": false, "use_navi": true, "use_othr": false, "use_pcon": true, "use_recr": true, "use_supp": true, "users": "-\n-", "x_etrs89": "518713", "y_etrs89": "4184249", "years_annual": 21.0, "years_monthly": 22.0, "level": 0, "storage": 1, "outflow": 1, "inflow": 1, "years_daily": 20, "dod_m": 0.26967213114754096, "dor_d": 162.0 }, "geometry": { "type": "Point", "coordinates": [ -2.787421932265953, 37.80543260313101 ] } },
{ "type": "Feature", "properties": { "id": 5108, "active": 1, "administration": "C.H. GUADALQUIVIR", "area_skm": 1.7153609161743626, "basin": "GUADALQUIVIR", "cap_mcm": 19.0, "catch_skm": 187.0, "category": "A", "comment": "LOS DATOS DE 2005-06 SON PROVISIONALES SUJETOS A REVISION                                                               ", "dam_elev_masl": null, "dam_hgt_m": null, "dam_len_m": null, "dam_type": "Arch-gravity dam", "dis_avg_mcm": null, "elev_masl": 544.0, "end": 2021.0, "estate": "Andalucía", "id_basin": 5177.0, "id_gdw": 37330.0, "id_idr_dam": 1557.0, "id_idr_res": 2461.0, "id_municipality": 23060.0, "id_saih": "E31", "id_sheet": 968.0, "lat_wgs84": 37.3821, "lon_wgs84": -4.0043, "main_use": "Water supply", "municipality": "Martos", "mwl_elev_masl": null, "name": "Viboras", "operator": null, "outlet_cms": 6.17, "owner": "Estado", "owner_type": "Estado\nEstado", "province": "Jaén", "reservoir_type": "Dam reservoir", "river": "Grande", "river_elev_masl": null, "sheet": "Alcaudete (968)", "spillway_cms": 559.08, "start": 2005.0, "system": "Guadajoz", "timeline": "In operation", "use_elec": false, "use_fcon": true, "use_fish": true, "use_ind": false, "use_irri": false, "use_live": false, "use_mine": false, "use_navi": true, "use_othr": false, "use_pcon": true, "use_recr": true, "use_supp": true, "users": "-\n-", "x_etrs89": "410729", "y_etrs89": "4166254", "years_annual": 17.0, "years_monthly": 18.0, "level": 0, "storage": 1, "outflow": 1, "inflow": 1, "years_daily": 16, "dod_m": 0.10160427807486631, "dor_d": 205.0 }, "geometry": { "type": "Point", "coordinates": [ -4.011832690820141, 37.639090540402137 ] } },
{ "type": "Feature", "properties": { "id": 5123, "active": 1, "administration": "C.H. GUADALQUIVIR", "area_skm": 2.0481094339053278, "basin": "GUADALQUIVIR", "cap_mcm": 13.2, "catch_skm": 135.125, "category": "A", "comment": null, "dam_elev_masl": 719.55, "dam_hgt_m": 39.0, "dam_len_m": 193.0, "dam_type": "Arch-gravity dam", "dis_avg_mcm": 14.0, "elev_masl": 717.0, "end": 2021.0, "estate": "Castilla - La Mancha", "id_basin": 5108.0, "id_gdw": 4278.0, "id_idr_dam": 1420.0, "id_idr_res": 949.0, "id_municipality": 13098.0, "id_saih": "E21", "id_sheet": 837.0, "lat_wgs84": 38.3331, "lon_wgs84": -3.3746, "main_use": "Water supply", "municipality": "Viso del Marqués", "mwl_elev_masl": 717.0, "name": "Fresneda", "operator": null, "outlet_cms": 178.62, "owner": "Estado", "owner_type": "Estado\nEstado", "province": "Ciudad Real", "reservoir_type": "Dam reservoir", "river": "Jándula O Fresneda", "river_elev_masl": 37.55, "sheet": "Viso del Marqués (837)", "spillway_cms": 228.0, "start": 2008.0, "system": null, "timeline": "In operation", "use_elec": false, "use_fcon": false, "use_fish": true, "use_ind": false, "use_irri": false, "use_live": false, "use_mine": false, "use_navi": true, "use_othr": false, "use_pcon": true, "use_recr": true, "use_supp": true, "users": "-", "x_etrs89": "445154", "y_etrs89": "4267977", "years_annual": 14.0, "years_monthly": 15.0, "level": 0, "storage": 1, "outflow": 1, "inflow": 1, "years_daily": 13, "dod_m": 0.097687326549491207, "dor_d": 173.0 }, "geometry": { "type": "Point", "coordinates": [ -3.629490201791045, 38.5585404515666 ] } },
{ "type": "Feature", "properties": { "id": 5125, "active": 1, "administration": "C.H. GUADALQUIVIR", "area_skm": 11.904940625574193, "basin": "GUADALQUIVIR", "cap_mcm": 185.6, "catch_skm": 1696.0, "category": "A", "comment": null, "dam_elev_masl": null, "dam_hgt_m": 50.0, "dam_len_m": null, "dam_type": "Arch-gravity dam", "dis_avg_mcm": null, "elev_masl": 82.0, "end": 2021.0, "estate": "Andalucía", "id_basin": 5350.0, "id_gdw": 7005.0, "id_idr_dam": 1790.0, "id_idr_res": 1367.0, "id_municipality": 41073.0, "id_saih": "E58", "id_sheet": 940.0, "lat_wgs84": 37.4321, "lon_wgs84": -5.5259, "main_use": "Water supply", "municipality": "El Pedroso", "mwl_elev_masl": null, "name": "Melonares, Los", "operator": null, "outlet_cms": 63.92, "owner": "Estado", "owner_type": "Estado\nEstado", "province": "Sevilla", "reservoir_type": "Dam reservoir", "river": "Viar", "river_elev_masl": null, "sheet": "Castiblanco de los Arroyos (940)", "spillway_cms": null, "start": 2009.0, "system": "Sevilla", "timeline": "Initial impoundment", "use_elec": false, "use_fcon": false, "use_fish": true, "use_ind": false, "use_irri": false, "use_live": false, "use_mine": false, "use_navi": true, "use_othr": false, "use_pcon": true, "use_recr": true, "use_supp": true, "users": "CASTILBLANCO DE LOS ARROYOS, EL PEDROSO, ALMADEN DE LA PLATA Y CAZALLA DE LA SIERRA", "x_etrs89": "245898", "y_etrs89": "4178952", "years_annual": 14.0, "years_monthly": 14.0, "level": 0, "storage": 1, "outflow": 1, "inflow": 1, "years_daily": 12, "dod_m": 0.10943396226415095, "dor_d": 259.0 }, "geometry": { "type": "Point", "coordinates": [ -5.883052738659739, 37.722608715978431 ] } },
{ "type": "Feature", "properties": { "id": 5139, "active": 1, "administration": "C.H. GUADALQUIVIR", "area_skm": 6.0309708529552779, "basin": "GUADALQUIVIR", "cap_mcm": 167.0, "catch_skm": 404.0, "category": "A", "comment": "LOS DATOS DE 2009-10 ESTAN PENDIENTES DE REVISION                                                                       ", "dam_elev_masl": 215.0, "dam_hgt_m": 78.0, "dam_len_m": 1333.0, "dam_type": "Embankment dam: zonified", "dis_avg_mcm": 0.0, "elev_masl": 209.0, "end": 2021.0, "estate": "Andalucía", "id_basin": 5148.0, "id_gdw": 7004.0, "id_idr_dam": 1463.0, "id_idr_res": 173.0, "id_municipality": 14043.0, "id_saih": "E28", "id_sheet": 903.0, "lat_wgs84": 38.012, "lon_wgs84": -4.2624, "main_use": "Water supply", "municipality": "Montoro", "mwl_elev_masl": 209.0, "name": "Arenoso", "operator": "JUAN CARLOS CHICA PULIDO", "outlet_cms": 468.1, "owner": "AquaSur", "owner_type": "Sociedades Estatales\nEstado\nEstado", "province": "Córdoba", "reservoir_type": "Dam reservoir", "river": "Arenoso", "river_elev_masl": 77.5, "sheet": "Montoro (903)", "spillway_cms": 468.1, "start": 2008.0, "system": "Regulación General", "timeline": "In operation", "use_elec": false, "use_fcon": true, "use_fish": true, "use_ind": false, "use_irri": false, "use_live": false, "use_mine": false, "use_navi": true, "use_othr": false, "use_pcon": true, "use_recr": true, "use_supp": true, "users": "-\n-", "x_etrs89": "373495", "y_etrs89": "4209126", "years_annual": 15.0, "years_monthly": 15.0, "level": 0, "storage": 1, "outflow": 1, "inflow": 1, "years_daily": 13, "dod_m": 0.41336633663366334, "dor_d": 529.0 }, "geometry": { "type": "Point", "coordinates": [ -4.441249483715184, 38.021007519387048 ] } },
{ "type": "Feature", "properties": { "id": 7001, "active": 1, "administration": "C.H. SEGURA", "area_skm": 0.53570214936643301, "basin": "SEGURA", "cap_mcm": 6.0, "catch_skm": 220.0, "category": null, "comment": null, "dam_elev_masl": 910.7, "dam_hgt_m": null, "dam_len_m": 193.0, "dam_type": "Buttress dam", "dis_avg_mcm": 132.0, "elev_masl": 909.5, "end": 2021.0, "estate": "Andalucía", "id_basin": 7014.0, "id_gdw": null, "id_idr_dam": 2035.0, "id_idr_res": 142.0, "id_municipality": 23904.0, "id_saih": "04E04E1", "id_sheet": 887.0, "lat_wgs84": 38.1217, "lon_wgs84": -2.3154, "main_use": "Water supply", "municipality": "Santiago - Pontones", "mwl_elev_masl": 910.2, "name": "Anchuricas", "operator": "JUAN CARLOS ELIPE SALMADOR", "outlet_cms": 27.8, "owner": "IBERDROLA", "owner_type": "Privado", "province": "Jaén", "reservoir_type": "Dam reservoir", "river": "Segura", "river_elev_masl": 52.2, "sheet": "ORCERA (887)", "spillway_cms": null, "start": 1980.0, "system": "SEGURA", "timeline": "In operation", "use_elec": false, "use_fcon": false, "use_fish": true, "use_ind": false, "use_irri": false, "use_live": false, "use_mine": false, "use_navi": true, "use_othr": false, "use_pcon": true, "use_recr": true, "use_supp": true, "users": "-", "x_etrs89": "540995", "y_etrs89": "4228622", "years_annual": 57.0, "years_monthly": 57.0, "level": 0, "storage": 1, "outflow": 1, "inflow": 1, "years_daily": 41, "dod_m": 0.027272727272727271, "dor_d": 34.0 }, "geometry": { "type": "Point", "coordinates": [ -2.531769581927557, 38.204619719685383 ] } },
{ "type": "Feature", "properties": { "id": 7002, "active": 1, "administration": "C.H. SEGURA", "area_skm": 8.8692083086431186, "basin": "SEGURA", "cap_mcm": 210.0, "catch_skm": 1220.6, "category": "A", "comment": null, "dam_elev_masl": 601.4, "dam_hgt_m": 82.0, "dam_len_m": 232.0, "dam_type": "Gravity dam: vibrated concrete", "dis_avg_mcm": 241.0, "elev_masl": 602.1, "end": 2021.0, "estate": "Castilla - La Mancha", "id_basin": 7018.0, "id_gdw": 4291.0, "id_idr_dam": 2004.0, "id_idr_res": 958.0, "id_municipality": 2086.0, "id_saih": "04S02E1", "id_sheet": 866.0, "lat_wgs84": 38.2329, "lon_wgs84": -2.1228, "main_use": "Water supply", "municipality": "Yeste", "mwl_elev_masl": null, "name": "Fuensanta", "operator": "JUAN GINES MUÑOZ LOPEZ", "outlet_cms": 1905.6, "owner": "ESTADO", "owner_type": "Estado\nEstado", "province": "Albacete", "reservoir_type": "Dam reservoir", "river": "Segura", "river_elev_masl": 82.0, "sheet": "YESTE (866)", "spillway_cms": null, "start": 1980.0, "system": "SEGURA", "timeline": "In operation", "use_elec": false, "use_fcon": true, "use_fish": true, "use_ind": false, "use_irri": false, "use_live": true, "use_mine": false, "use_navi": true, "use_othr": false, "use_pcon": true, "use_recr": true, "use_supp": true, "users": "-\n-\n-", "x_etrs89": "569177", "y_etrs89": "4249533", "years_annual": 64.0, "years_monthly": 78.0, "level": 0, "storage": 1, "outflow": 1, "inflow": 1, "years_daily": 41, "dod_m": 0.17204653449123383, "dor_d": 422.0 }, "geometry": { "type": "Point", "coordinates": [ -2.207860933632748, 38.391336001694917 ] } },
{ "type": "Feature", "properties": { "id": 7003, "active": 1, "administration": "C.H. SEGURA", "area_skm": 17.285010621112498, "basin": "SEGURA", "cap_mcm": 437.0, "catch_skm": 1381.8, "category": "A", "comment": null, "dam_elev_masl": 437.2, "dam_hgt_m": 102.0, "dam_len_m": 201.0, "dam_type": "Gravity dam: vibrated concrete", "dis_avg_mcm": 298.0, "elev_masl": 433.4, "end": 2021.0, "estate": "Región de Murcia", "id_basin": 7026.0, "id_gdw": 4293.0, "id_idr_dam": 2012.0, "id_idr_res": 620.0, "id_municipality": 2037.0, "id_saih": "04S03E1", "id_sheet": 868.0, "lat_wgs84": 38.2156, "lon_wgs84": -1.4634, "main_use": "Water supply", "municipality": "Hellín", "mwl_elev_masl": 435.0, "name": "Cenajo", "operator": "JUAN GINES MUÑOZ LOPEZ", "outlet_cms": 231.9, "owner": "ESTADO", "owner_type": "Estado\nEstado", "province": "Albacete", "reservoir_type": "Dam reservoir", "river": "Segura", "river_elev_masl": 102.2, "sheet": "ISSO (868)", "spillway_cms": null, "start": 1980.0, "system": "SEGURA", "timeline": "In operation", "use_elec": false, "use_fcon": true, "use_fish": true, "use_ind": false, "use_irri": false, "use_live": false, "use_mine": false, "use_navi": true, "use_othr": false, "use_pcon": true, "use_recr": true, "use_supp": true, "users": "-\n-", "x_etrs89": "606930", "y_etrs89": "4247078", "years_annual": 64.0, "years_monthly": 65.0, "level": 0, "storage": 1, "outflow": 1, "inflow": 1, "years_daily": 41, "dod_m": 0.31625416123896366, "dor_d": 690.0 }, "geometry": { "type": "Point", "coordinates": [ -1.776003037459284, 38.365497824859439 ] } },
{ "type": "Feature", "properties": { "id": 7004, "active": 1, "administration": "C.H. SEGURA", "area_skm": 0.060248055278377406, "basin": "SEGURA", "cap_mcm": 1.0, "catch_skm": 264.0, "category": null, "comment": null, "dam_elev_masl": 923.97, "dam_hgt_m": null, "dam_len_m": 46.0, "dam_type": "Gravity dam: vibrated concrete", "dis_avg_mcm": 27.0, "elev_masl": 918.4, "end": 2021.0, "estate": "Andalucía", "id_basin": 7015.0, "id_gdw": null, "id_idr_dam": 2034.0, "id_idr_res": 1543.0, "id_municipality": 23904.0, "id_saih": "04E05E1", "id_sheet": 888.0, "lat_wgs84": 38.1036, "lon_wgs84": -2.2728, "main_use": "Water supply", "municipality": "Santiago - Pontones", "mwl_elev_masl": null, "name": "Vieja, La O Novia, La", "operator": "JUAN CARLOS ELIPE SALMADOR", "outlet_cms": 212.4, "owner": "IBERDROLA", "owner_type": "Privado", "province": "Jaén", "reservoir_type": "Dam reservoir", "river": "Zumeta", "river_elev_masl": 41.73, "sheet": "YETAS DE ABAJO (888)", "spillway_cms": null, "start": 1980.0, "system": "SEGURA", "timeline": "In operation", "use_elec": false, "use_fcon": false, "use_fish": true, "use_ind": false, "use_irri": false, "use_live": false, "use_mine": false, "use_navi": true, "use_othr": false, "use_pcon": true, "use_recr": true, "use_supp": true, "users": "-", "x_etrs89": "547487", "y_etrs89": "4225569", "years_annual": 57.0, "years_monthly": 57.0, "level": 0, "storage": 1, "outflow": 1, "inflow": 1, "years_daily": 41, "dod_m": 0.003787878787878788, "dor_d": 13.0 }, "geometry": { "type": "Point", "coordinates": [ -2.457827116023666, 38.176786333548115 ] } },
{ "type": "Feature", "properties": { "id": 7005, "active": 1, "administration": "C.H. SEGURA", "area_skm": 2.7362639033271652, "basin": "SEGURA", "cap_mcm": 22.0, "catch_skm": 843.0, "category": "A", "comment": null, "dam_elev_masl": null, "dam_hgt_m": 47.0, "dam_len_m": null, "dam_type": "Masonry dam", "dis_avg_mcm": null, "elev_masl": 300.9, "end": 2021.0, "estate": "Región de Murcia", "id_basin": 7039.0, "id_gdw": 4304.0, "id_idr_dam": 2077.0, "id_idr_res": 93.0, "id_municipality": 30013.0, "id_saih": "02E03E1", "id_sheet": 890.0, "lat_wgs84": 38.1323, "lon_wgs84": -1.36, "main_use": "Water supply", "municipality": "Calasparra", "mwl_elev_masl": null, "name": "Alfonso Xiii", "operator": "JULIO MUÑOZ BRAVO\nMIGUEL ANGEL CÁNOVAS GARCÍA", "outlet_cms": 133.56, "owner": "ESTADO", "owner_type": "Estado\nEstado", "province": "Murcia", "reservoir_type": "Dam reservoir", "river": "Quípar", "river_elev_masl": null, "sheet": "CALASPARRA (890)", "spillway_cms": null, "start": 1980.0, "system": "SEGURA", "timeline": "In operation", "use_elec": false, "use_fcon": true, "use_fish": true, "use_ind": false, "use_irri": false, "use_live": false, "use_mine": false, "use_navi": true, "use_othr": false, "use_pcon": true, "use_recr": true, "use_supp": true, "users": "-\n-", "x_etrs89": "622537", "y_etrs89": "4231504", "years_annual": 64.0, "years_monthly": 78.0, "level": 0, "storage": 1, "outflow": 1, "inflow": 1, "years_daily": 41, "dod_m": 0.026097271648873072, "dor_d": 760.0 }, "geometry": { "type": "Point", "coordinates": [ -1.600099432196325, 38.223179173447747 ] } },
{ "type": "Feature", "properties": { "id": 7006, "active": 1, "administration": "C.H. SEGURA", "area_skm": 0.3579917283883825, "basin": "SEGURA", "cap_mcm": 7.0, "catch_skm": 168.0, "category": "A", "comment": null, "dam_elev_masl": null, "dam_hgt_m": null, "dam_len_m": null, "dam_type": "Masonry dam", "dis_avg_mcm": null, "elev_masl": 390.8, "end": 2021.0, "estate": "Región de Murcia", "id_basin": 7049.0, "id_gdw": 16399.0, "id_idr_dam": 2057.0, "id_idr_res": 680.0, "id_municipality": 30029.0, "id_saih": "01E01E1", "id_sheet": 912.0, "lat_wgs84": 38.0336, "lon_wgs84": -1.2917, "main_use": "Water supply", "municipality": "Mula", "mwl_elev_masl": 392.0, "name": "Cierva, La", "operator": "JUAN GINES MUÑOZ LOPEZ", "outlet_cms": 366000.0, "owner": "ESTADO", "owner_type": "Estado\nEstado", "province": "Murcia", "reservoir_type": "Dam reservoir", "river": "Mula", "river_elev_masl": null, "sheet": "MULA (912)", "spillway_cms": null, "start": 1980.0, "system": "SEGURA", "timeline": "In operation", "use_elec": false, "use_fcon": true, "use_fish": true, "use_ind": false, "use_irri": false, "use_live": false, "use_mine": false, "use_navi": true, "use_othr": false, "use_pcon": true, "use_recr": true, "use_supp": true, "users": null, "x_etrs89": "632644", "y_etrs89": "4213553", "years_annual": 64.0, "years_monthly": 78.0, "level": 0, "storage": 1, "outflow": 1, "inflow": 1, "years_daily": 41, "dod_m": 0.041666666666666664, "dor_d": 491.0 }, "geometry": { "type": "Point", "coordinates": [ -1.488011775623924, 38.060015465155026 ] } },
{ "type": "Feature", "properties": { "id": 7007, "active": 1, "administration": "C.H. SEGURA", "area_skm": 2.0863412635657719, "basin": "SEGURA", "cap_mcm": 25.7, "catch_skm": 1424.7, "category": "A", "comment": null, "dam_elev_masl": 474.0, "dam_hgt_m": 62.0, "dam_len_m": 382.6, "dam_type": "Gravity dam: vibrated concrete", "dis_avg_mcm": 29.12, "elev_masl": 464.0, "end": 2018.0, "estate": "Región de Murcia", "id_basin": 7062.0, "id_gdw": 4344.0, "id_idr_dam": 2037.0, "id_idr_res": 1807.0, "id_municipality": 30024.0, "id_saih": "05E03E1", "id_sheet": 953.0, "lat_wgs84": 37.4405, "lon_wgs84": -1.4909, "main_use": "Water supply", "municipality": "Lorca", "mwl_elev_masl": null, "name": "Puentes", "operator": "MIGUEL ANGEL CÁNOVAS GARCÍA", "outlet_cms": 1267.36, "owner": "ESTADO", "owner_type": "Estado\nEstado", "province": "Murcia", "reservoir_type": "Dam reservoir", "river": "Guadalentín", "river_elev_masl": 78.0, "sheet": "LORCA (953)", "spillway_cms": 1969.5, "start": 1980.0, "system": "SEGURA", "timeline": "In operation", "use_elec": false, "use_fcon": true, "use_fish": true, "use_ind": false, "use_irri": false, "use_live": false, "use_mine": false, "use_navi": true, "use_othr": false, "use_pcon": true, "use_recr": true, "use_supp": true, "users": "Confederación Hidrográfica del Segura\n-", "x_etrs89": "604043", "y_etrs89": "4177043", "years_annual": 64.0, "years_monthly": 78.0, "level": 0, "storage": 1, "outflow": 1, "inflow": 1, "years_daily": 38, "dod_m": 0.018038885379378113, "dor_d": 880.0 }, "geometry": { "type": "Point", "coordinates": [ -1.819225323378473, 37.734760642354949 ] } },
{ "type": "Feature", "properties": { "id": 7008, "active": 1, "administration": "C.H. SEGURA", "area_skm": 2.5823123573535285, "basin": "SEGURA", "cap_mcm": 35.0, "catch_skm": 766.5, "category": "A", "comment": null, "dam_elev_masl": 512.4, "dam_hgt_m": 46.0, "dam_len_m": 162.27, "dam_type": "Masonry dam", "dis_avg_mcm": 110.3, "elev_masl": 507.8, "end": 2021.0, "estate": "Castilla - La Mancha", "id_basin": 7031.0, "id_gdw": 4285.0, "id_idr_dam": 2007.0, "id_idr_res": 2197.0, "id_municipality": 2044.0, "id_saih": "03E02E1", "id_sheet": 842.0, "lat_wgs84": 38.3031, "lon_wgs84": -1.5152, "main_use": "Water supply", "municipality": "Liétor", "mwl_elev_masl": 509.0, "name": "Talave", "operator": "JUAN GINES MUÑOZ LOPEZ", "outlet_cms": 597.0, "owner": "ESTADO", "owner_type": "Estado\nEstado", "province": "Albacete", "reservoir_type": "Dam reservoir", "river": "Mundo", "river_elev_masl": 46.0, "sheet": "LIÉTOR (842)", "spillway_cms": null, "start": 1980.0, "system": "SEGURA", "timeline": "In operation", "use_elec": true, "use_fcon": true, "use_fish": true, "use_ind": false, "use_irri": false, "use_live": true, "use_mine": false, "use_navi": true, "use_othr": false, "use_pcon": true, "use_recr": true, "use_supp": true, "users": "-\n-\n-\n-", "x_etrs89": "599001", "y_etrs89": "4262853", "years_annual": 64.0, "years_monthly": 78.0, "level": 0, "storage": 1, "outflow": 1, "inflow": 1, "years_daily": 41, "dod_m": 0.045662100456621002, "dor_d": 32.0 }, "geometry": { "type": "Point", "coordinates": [ -1.864522378250174, 38.508550088616708 ] } },
{ "type": "Feature", "properties": { "id": 7009, "active": 1, "administration": "C.H. SEGURA", "area_skm": 2.5770777208032851, "basin": "SEGURA", "cap_mcm": 36.0, "catch_skm": 1616.4, "category": "A", "comment": null, "dam_elev_masl": 357.36, "dam_hgt_m": 49.0, "dam_len_m": 32.0, "dam_type": "Gravity dam: vibrated concrete", "dis_avg_mcm": 39.8, "elev_masl": 348.6, "end": 2021.0, "estate": "Castilla - La Mancha", "id_basin": 7033.0, "id_gdw": 4295.0, "id_idr_dam": 2005.0, "id_idr_res": 442.0, "id_municipality": 2037.0, "id_saih": "03E03E1", "id_sheet": 868.0, "lat_wgs84": 38.2024, "lon_wgs84": -1.3856, "main_use": "Water supply", "municipality": "Hellín", "mwl_elev_masl": 349.6, "name": "Camarillas", "operator": "JUAN GINES MUÑOZ LOPEZ", "outlet_cms": 61.1, "owner": "ESTADO", "owner_type": "Estado\nEstado", "province": "Albacete", "reservoir_type": "Dam reservoir", "river": "Mundo", "river_elev_masl": 43.5, "sheet": "ISSO (868)", "spillway_cms": null, "start": 1980.0, "system": "SEGURA", "timeline": "In operation", "use_elec": false, "use_fcon": true, "use_fish": true, "use_ind": false, "use_irri": false, "use_live": false, "use_mine": false, "use_navi": true, "use_othr": false, "use_pcon": true, "use_recr": true, "use_supp": true, "users": "VARIAS COMUNIDADES REGANTES\n-", "x_etrs89": "618083", "y_etrs89": "4244403", "years_annual": 62.0, "years_monthly": 62.0, "level": 0, "storage": 1, "outflow": 1, "inflow": 1, "years_daily": 41, "dod_m": 0.022271714922048998, "dor_d": 32.0 }, "geometry": { "type": "Point", "coordinates": [ -1.648817180883003, 38.339994380382663 ] } },
{ "type": "Feature", "properties": { "id": 7010, "active": 1, "administration": "C.H. SEGURA", "area_skm": 2.8281174979789996, "basin": "SEGURA", "cap_mcm": 26.0, "catch_skm": 146.0, "category": "A", "comment": null, "dam_elev_masl": null, "dam_hgt_m": 52.0, "dam_len_m": null, "dam_type": "Gravity dam: vibrated concrete", "dis_avg_mcm": null, "elev_masl": 100.4, "end": 2021.0, "estate": "Región de Murcia", "id_basin": 7068.0, "id_gdw": 6096.0, "id_idr_dam": 2053.0, "id_idr_res": 2101.0, "id_municipality": 30901.0, "id_saih": "01E02E1", "id_sheet": 913.0, "lat_wgs84": 38.0543, "lon_wgs84": -1.0519, "main_use": "Water supply", "municipality": "Santomera", "mwl_elev_masl": null, "name": "Santomera", "operator": "GABRIEL NAVARRO MARTINEZ\nMIGUEL ANGEL CÁNOVAS GARCÍA", "outlet_cms": 29.4, "owner": "ESTADO", "owner_type": "Estado\nEstado", "province": "Murcia", "reservoir_type": "Dam reservoir", "river": "Rambla Salada", "river_elev_masl": null, "sheet": "ORIHUELA (913)", "spillway_cms": null, "start": 1980.0, "system": "SEGURA", "timeline": "In operation", "use_elec": false, "use_fcon": true, "use_fish": true, "use_ind": false, "use_irri": false, "use_live": false, "use_mine": false, "use_navi": true, "use_othr": false, "use_pcon": true, "use_recr": true, "use_supp": true, "users": "-\n-", "x_etrs89": "667610", "y_etrs89": "4218122", "years_annual": 51.0, "years_monthly": 51.0, "level": 0, "storage": 1, "outflow": 1, "inflow": 1, "years_daily": 41, "dod_m": 0.17808219178082191, "dor_d": 3102.0 }, "geometry": { "type": "Point", "coordinates": [ -1.088551482945014, 38.095370784619689 ] } },
{ "type": "Feature", "properties": { "id": 7011, "active": 1, "administration": "C.H. SEGURA", "area_skm": 0.92974249831701339, "basin": "SEGURA", "cap_mcm": 10.0, "catch_skm": 451.87, "category": "A", "comment": null, "dam_elev_masl": 414.6, "dam_hgt_m": 31.0, "dam_len_m": 316.0, "dam_type": "Embankment dam: zonified", "dis_avg_mcm": 11.8, "elev_masl": 413.2, "end": 2021.0, "estate": "Región de Murcia", "id_basin": 7037.0, "id_gdw": 6092.0, "id_idr_dam": 2046.0, "id_idr_res": 174.0, "id_municipality": 30017.0, "id_saih": "02E02E1", "id_sheet": 890.0, "lat_wgs84": 38.1016, "lon_wgs84": -1.4402, "main_use": "Water supply", "municipality": "Cehegín", "mwl_elev_masl": 411.2, "name": "Argos", "operator": "JULIO MUÑOZ BRAVO\nMIGUEL ANGEL CÁNOVAS GARCÍA", "outlet_cms": 169.2, "owner": "ESTADO", "owner_type": "Estado\nEstado", "province": "Murcia", "reservoir_type": "Dam reservoir", "river": "Argos", "river_elev_masl": 36.5, "sheet": "CALASPARRA (890)", "spillway_cms": 1257.79, "start": 1980.0, "system": "SEGURA", "timeline": "In operation", "use_elec": false, "use_fcon": true, "use_fish": true, "use_ind": false, "use_irri": false, "use_live": false, "use_mine": false, "use_navi": true, "use_othr": false, "use_pcon": true, "use_recr": true, "use_supp": true, "users": "-\n-", "x_etrs89": "610914", "y_etrs89": "4225568", "years_annual": 49.0, "years_monthly": 49.0, "level": 0, "storage": 1, "outflow": 1, "inflow": 1, "years_daily": 41, "dod_m": 0.022130258702724236, "dor_d": 320.0 }, "geometry": { "type": "Point", "coordinates": [ -1.733779337543058, 38.171201894638187 ] } },
{ "type": "Feature", "properties": { "id": 7012, "active": 1, "administration": "C.H. SEGURA", "area_skm": 2.1033977014826837, "basin": "SEGURA", "cap_mcm": 13.0, "catch_skm": 435.0, "category": "A", "comment": "LOS DATOS DE 2012-13 ESTAN PENDIENTES DE REVISION                                                                       ", "dam_elev_masl": null, "dam_hgt_m": 49.0, "dam_len_m": null, "dam_type": "Arch-gravity dam", "dis_avg_mcm": null, "elev_masl": 697.4, "end": 2021.0, "estate": "Región de Murcia", "id_basin": 7059.0, "id_gdw": 6110.0, "id_idr_dam": 2073.0, "id_idr_res": 2366.0, "id_municipality": 30024.0, "id_saih": "05E02E1", "id_sheet": 952.0, "lat_wgs84": 37.4819, "lon_wgs84": -1.5754, "main_use": "Water supply", "municipality": "Lorca", "mwl_elev_masl": 689.7, "name": "Valdeinfierno", "operator": "SALVADOR BARNES MORA\nMIGUEL ANGEL CÁNOVAS GARCÍA", "outlet_cms": null, "owner": "ESTADO", "owner_type": "Estado\nEstado", "province": "Murcia", "reservoir_type": "Dam reservoir", "river": "Luchena", "river_elev_masl": null, "sheet": "VÉLEZ - BLANCO (952)", "spillway_cms": null, "start": 1980.0, "system": "SEGURA", "timeline": "In operation", "use_elec": false, "use_fcon": true, "use_fish": true, "use_ind": false, "use_irri": false, "use_live": false, "use_mine": false, "use_navi": true, "use_othr": false, "use_pcon": true, "use_recr": true, "use_supp": true, "users": null, "x_etrs89": "591118", "y_etrs89": "4184725", "years_annual": 51.0, "years_monthly": 51.0, "level": 0, "storage": 1, "outflow": 1, "inflow": 1, "years_daily": 41, "dod_m": 0.029885057471264367, "dor_d": 1346.0 }, "geometry": { "type": "Point", "coordinates": [ -1.964921825313325, 37.805367130566722 ] } },
{ "type": "Feature", "properties": { "id": 7013, "active": 1, "administration": "C.H. SEGURA", "area_skm": 0.44347539358121718, "basin": "SEGURA", "cap_mcm": 3.0, "catch_skm": 8834.0, "category": "A", "comment": null, "dam_elev_masl": null, "dam_hgt_m": null, "dam_len_m": null, "dam_type": "Gravity dam: vibrated concrete", "dis_avg_mcm": null, "elev_masl": 138.6, "end": 2021.0, "estate": "Región de Murcia", "id_basin": 7046.0, "id_gdw": 16390.0, "id_idr_dam": 2054.0, "id_idr_res": 1557.0, "id_municipality": 30011.0, "id_saih": "02S01E1", "id_sheet": 912.0, "lat_wgs84": 38.094, "lon_wgs84": -1.2107, "main_use": "Water supply", "municipality": "Blanca", "mwl_elev_masl": 139.8, "name": "Ojos", "operator": "CARLOS MARCO AYALA", "outlet_cms": 56.21, "owner": "ESTADO", "owner_type": "Estado\nEstado", "province": "Murcia", "reservoir_type": "Dam reservoir", "river": "Segura", "river_elev_masl": null, "sheet": "MULA (912)", "spillway_cms": null, "start": 1982.0, "system": "SEGURA", "timeline": "In operation", "use_elec": false, "use_fcon": true, "use_fish": true, "use_ind": false, "use_irri": false, "use_live": false, "use_mine": false, "use_navi": true, "use_othr": false, "use_pcon": true, "use_recr": true, "use_supp": true, "users": "-\n-", "x_etrs89": "644374", "y_etrs89": "4224979", "years_annual": 40.0, "years_monthly": 40.0, "level": 0, "storage": 1, "outflow": 1, "inflow": 1, "years_daily": 39, "dod_m": 0.00033959701154629839, "dor_d": 2.0 }, "geometry": { "type": "Point", "coordinates": [ -1.352040444192911, 38.161156615373692 ] } },
{ "type": "Feature", "properties": { "id": 7014, "active": 1, "administration": "C.H. SEGURA", "area_skm": 0.1285412526657195, "basin": "SEGURA", "cap_mcm": 2.0, "catch_skm": 12.65, "category": "A", "comment": null, "dam_elev_masl": 278.0, "dam_hgt_m": null, "dam_len_m": 300.0, "dam_type": "Embankment dam: homogeneous", "dis_avg_mcm": 46.02, "elev_masl": 276.3, "end": 2021.0, "estate": "Región de Murcia", "id_basin": 7997.0, "id_gdw": 16394.0, "id_idr_dam": 2044.0, "id_idr_res": 1360.0, "id_municipality": 30031.0, "id_saih": "02E01E1", "id_sheet": 912.0, "lat_wgs84": 38.0637, "lon_wgs84": -1.2238, "main_use": "Water supply", "municipality": "Ojós", "mwl_elev_masl": 276.9, "name": "Mayes", "operator": "JULIO MUÑOZ BRAVO\nCARLOS MARCO AYALA", "outlet_cms": 17.53, "owner": "ESTADO", "owner_type": "Estado\nEstado", "province": "Murcia", "reservoir_type": "Dam reservoir", "river": "Rambla Del Mayés", "river_elev_masl": 32.0, "sheet": "MULA (912)", "spillway_cms": 143.22, "start": 1982.0, "system": "SEGURA", "timeline": "In operation", "use_elec": false, "use_fcon": false, "use_fish": true, "use_ind": false, "use_irri": false, "use_live": false, "use_mine": false, "use_navi": true, "use_othr": false, "use_pcon": true, "use_recr": true, "use_supp": true, "users": "COMUNIDAD DE REGANTES DEL CANAL DE LA MARGEN DERECHA", "x_etrs89": "642262", "y_etrs89": "4219291", "years_annual": 40.0, "years_monthly": 40.0, "level": 0, "storage": 1, "outflow": 1, "inflow": 1, "years_daily": 39, "dod_m": 0.15810276679841898, "dor_d": 7.0 }, "geometry": { "type": "Point", "coordinates": [ -1.377274319934292, 38.110248812735655 ] } },
{ "type": "Feature", "properties": { "id": 7015, "active": 1, "administration": "C.H. SEGURA", "area_skm": 12.28367370086174, "basin": "SEGURA", "cap_mcm": 246.0, "catch_skm": 36.0, "category": "A", "comment": "LOS DATOS DE 2016-17  ESTAN PENDIENTES DE REVISION                                                                      ", "dam_elev_masl": 110.54, "dam_hgt_m": 65.0, "dam_len_m": 716.0, "dam_type": "Embankment dam: homogeneous", "dis_avg_mcm": null, "elev_masl": 105.0, "end": 2018.0, "estate": "Comunitat Valenciana", "id_basin": 7996.0, "id_gdw": 4318.0, "id_idr_dam": 2022.0, "id_idr_res": 1643.0, "id_municipality": 3099.0, "id_saih": "07E01E1", "id_sheet": 913.0, "lat_wgs84": 38.0157, "lon_wgs84": -0.5233, "main_use": "Water supply", "municipality": "Orihuela", "mwl_elev_masl": null, "name": "Pedrera, La", "operator": "ANTONIO MAURANDI\nCARLOS MARCO AYALA", "outlet_cms": 39.42, "owner": "ESTADO", "owner_type": "Estado\nEstado", "province": "Alicante", "reservoir_type": "Dam reservoir", "river": "Rambla De Alcoriza", "river_elev_masl": 65.54, "sheet": "ORIHUELA (913)", "spillway_cms": null, "start": 1985.0, "system": "SEGURA", "timeline": "In operation", "use_elec": false, "use_fcon": true, "use_fish": true, "use_ind": false, "use_irri": false, "use_live": true, "use_mine": false, "use_navi": true, "use_othr": false, "use_pcon": true, "use_recr": true, "use_supp": true, "users": "Campo de Cartagena\nCOMUNIDAD DE REGANTES DEL CAMPO DE CARTAGENA\nCanal de la Margen Derecha", "x_etrs89": "686419", "y_etrs89": "4211562", "years_annual": 37.0, "years_monthly": 37.0, "level": 0, "storage": 1, "outflow": 1, "inflow": 1, "years_daily": 33, "dod_m": 6.833333333333333, "dor_d": 643.0 }, "geometry": { "type": "Point", "coordinates": [ -0.875889705014101, 38.032603567443111 ] } },
{ "type": "Feature", "properties": { "id": 7016, "active": 1, "administration": "C.H. SEGURA", "area_skm": 0.81602062082519733, "basin": "SEGURA", "cap_mcm": 13.0, "catch_skm": 12.1, "category": "A", "comment": null, "dam_elev_masl": 147.5, "dam_hgt_m": null, "dam_len_m": 360.0, "dam_type": "Embankment dam: zonified", "dis_avg_mcm": null, "elev_masl": 145.0, "end": 2021.0, "estate": "Comunitat Valenciana", "id_basin": 7995.0, "id_gdw": null, "id_idr_dam": 2018.0, "id_idr_res": 772.0, "id_municipality": 3059.0, "id_saih": "07E02E1", "id_sheet": 893.0, "lat_wgs84": 38.1526, "lon_wgs84": -0.473, "main_use": "Water supply", "municipality": "Crevillente", "mwl_elev_masl": null, "name": "Crevillente", "operator": "ANTONIO MAURANDI\nCARLOS MARCO AYALA", "outlet_cms": 32.98, "owner": "ESTADO", "owner_type": "Estado\nEstado", "province": "Alicante", "reservoir_type": "Dam reservoir", "river": "Rambla De Bosch", "river_elev_masl": 58.0, "sheet": "ELCHE (893)", "spillway_cms": null, "start": 1992.0, "system": "SEGURA", "timeline": "In operation", "use_elec": false, "use_fcon": false, "use_fish": true, "use_ind": false, "use_irri": false, "use_live": false, "use_mine": false, "use_navi": true, "use_othr": false, "use_pcon": true, "use_recr": true, "use_supp": true, "users": "CANAL DE CREVILLENTE.", "x_etrs89": "693219", "y_etrs89": "4236662", "years_annual": 30.0, "years_monthly": 31.0, "level": 0, "storage": 1, "outflow": 1, "inflow": 1, "years_daily": 29, "dod_m": 1.0743801652892562, "dor_d": 434.0 }, "geometry": { "type": "Point", "coordinates": [ -0.791653445457845, 38.257228859702053 ] } },
{ "type": "Feature", "properties": { "id": 7017, "active": 1, "administration": "C.H. SEGURA", "area_skm": 0.70284884322128871, "basin": "SEGURA", "cap_mcm": 9.0, "catch_skm": 370.27, "category": "B", "comment": null, "dam_elev_masl": 822.0, "dam_hgt_m": 39.0, "dam_len_m": 56.7, "dam_type": "Gravity dam: vibrated concrete", "dis_avg_mcm": 32.4, "elev_masl": 951.3, "end": 2021.0, "estate": "Castilla - La Mancha", "id_basin": 7021.0, "id_gdw": 6090.0, "id_idr_dam": 2010.0, "id_idr_res": 2188.0, "id_municipality": 2055.0, "id_saih": "04E06E1", "id_sheet": 888.0, "lat_wgs84": 38.113, "lon_wgs84": -2.1544, "main_use": "Water supply", "municipality": "Nerpio", "mwl_elev_masl": null, "name": "Taibilla", "operator": "CARLOS CONRADI MONNER\nHELENA MONTERO MADRID", "outlet_cms": 29.11, "owner": "ESTADO - TAIBILLA", "owner_type": "Estado\nEstado", "province": "Albacete", "reservoir_type": "Dam reservoir", "river": "Taibilla", "river_elev_masl": 23.5, "sheet": "YETAS DE ABAJO (888)", "spillway_cms": null, "start": 1995.0, "system": "SEGURA", "timeline": null, "use_elec": false, "use_fcon": false, "use_fish": true, "use_ind": false, "use_irri": false, "use_live": false, "use_mine": false, "use_navi": true, "use_othr": false, "use_pcon": true, "use_recr": true, "use_supp": true, "users": "MANCOMUNIDAD DE CANALES DE TAIBILLA", "x_etrs89": "564600", "y_etrs89": "4227354", "years_annual": 27.0, "years_monthly": 28.0, "level": 0, "storage": 1, "outflow": 1, "inflow": 1, "years_daily": 26, "dod_m": 0.024306587085100063, "dor_d": 270.0 }, "geometry": { "type": "Point", "coordinates": [ -2.26229377844827, 38.191807942751176 ] } },
{ "type": "Feature", "properties": { "id": 7018, "active": 1, "administration": "C.H. SEGURA", "area_skm": 2.3370761963976534, "basin": "SEGURA", "cap_mcm": 45.0, "catch_skm": 45.0, "category": "A", "comment": null, "dam_elev_masl": null, "dam_hgt_m": 80.0, "dam_len_m": null, "dam_type": "Embankment dam: homogeneous", "dis_avg_mcm": null, "elev_masl": 265.0, "end": 2021.0, "estate": "Región de Murcia", "id_basin": 7065.0, "id_gdw": 6103.0, "id_idr_dam": 2071.0, "id_idr_res": 1840.0, "id_municipality": 30008.0, "id_saih": "01E05E1", "id_sheet": 933.0, "lat_wgs84": 37.5315, "lon_wgs84": -1.2317, "main_use": "Water supply", "municipality": "Alhama de Murcia", "mwl_elev_masl": 267.5, "name": "Algeciras", "operator": "CARLOS MARCO AYALA", "outlet_cms": 46.64, "owner": "ESTADO", "owner_type": "Estado\nEstado", "province": "Murcia", "reservoir_type": "Dam reservoir", "river": "Rambla De Algeciras", "river_elev_masl": null, "sheet": "ALCANTARILLA (933)", "spillway_cms": null, "start": 2002.0, "system": "SEGURA", "timeline": "In operation", "use_elec": false, "use_fcon": true, "use_fish": true, "use_ind": false, "use_irri": false, "use_live": false, "use_mine": false, "use_navi": true, "use_othr": false, "use_pcon": true, "use_recr": true, "use_supp": true, "users": null, "x_etrs89": "641735", "y_etrs89": "4194564", "years_annual": 21.0, "years_monthly": 22.0, "level": 0, "storage": 1, "outflow": 1, "inflow": 1, "years_daily": 19, "dod_m": 1.0, "dor_d": 1318.0 }, "geometry": { "type": "Point", "coordinates": [ -1.388167817068818, 37.887558327208033 ] } },
{ "type": "Feature", "properties": { "id": 8001, "active": 1, "administration": "C.H. JÚCAR", "area_skm": 79.85883309934583, "basin": "JUCAR", "cap_mcm": 1118.0, "catch_skm": 3033.0, "category": "A", "comment": "DESDE 06/95 SALIDAS NO INCLUYE EL TRASVASE TAJO-SEGURA.DATOS 2002-05, 2008-10, 2013-14, 2015-17 Y 2018-19 EN REVISION   ", "dam_elev_masl": 814.0, "dam_hgt_m": 71.0, "dam_len_m": 317.0, "dam_type": "Gravity dam: vibrated concrete", "dis_avg_mcm": 490.0, "elev_masl": 806.0, "end": 2021.0, "estate": "Castilla - La Mancha", "id_basin": 8048.0, "id_gdw": 1512.0, "id_idr_dam": 2281.0, "id_idr_res": 53.0, "id_municipality": 16003.0, "id_saih": "400.0", "id_sheet": 691.0, "lat_wgs84": 39.3353, "lon_wgs84": -2.0643, "main_use": "Water supply", "municipality": "Alarcón", "mwl_elev_masl": null, "name": "Alarcon", "operator": "JOSÉ LÓPEZ GARAULET", "outlet_cms": 78.5, "owner": "PARTICULAR", "owner_type": "Estado\nEstado", "province": "Cuenca", "reservoir_type": "Dam reservoir", "river": "Júcar", "river_elev_masl": 67.0, "sheet": "MOTILLA DEL PALANCAR (691)", "spillway_cms": 1753.41, "start": 1980.0, "system": "JÚCAR", "timeline": "In operation", "use_elec": true, "use_fcon": true, "use_fish": true, "use_ind": false, "use_irri": false, "use_live": true, "use_mine": false, "use_navi": true, "use_othr": false, "use_pcon": true, "use_recr": true, "use_supp": true, "users": "UNION SINDICAL. USUARIOS DEL JUCAR\nALBACETE\nIBERENOVA PROMOCIONES, S.A.\nUNION SINDICAL USUARIOS DEL JUCAR", "x_etrs89": "576272", "y_etrs89": "4379810", "years_annual": 64.0, "years_monthly": 78.0, "level": 0, "storage": 1, "outflow": 1, "inflow": 1, "years_daily": 41, "dod_m": 0.36861193537751402, "dor_d": 1034.0 }, "geometry": { "type": "Point", "coordinates": [ -2.112084102973684, 39.56459687798224 ] } },
{ "type": "Feature", "properties": { "id": 8002, "active": 1, "administration": "C.H. JÚCAR", "area_skm": 0.22263765983075673, "basin": "JUCAR", "cap_mcm": 2.2, "catch_skm": 109.9, "category": "A", "comment": "LOS DATOS DE 2002-03. 2004-05, 2005-06 Y 2016-17  SON PROVISIONALES SUJETOS A REVISION. ENTRADAS EN REVISION            ", "dam_elev_masl": 308.52, "dam_hgt_m": null, "dam_len_m": 108.0, "dam_type": "Gravity dam: vibrated concrete", "dis_avg_mcm": 15386.0, "elev_masl": 302.5, "end": 2021.0, "estate": "Comunitat Valenciana", "id_basin": 8200.0, "id_gdw": 27857.0, "id_idr_dam": 2262.0, "id_idr_res": 76.0, "id_municipality": 12005.0, "id_saih": "100.0", "id_sheet": 615.0, "lat_wgs84": 40.0552, "lon_wgs84": -0.1304, "main_use": "Water supply", "municipality": "Alcora", "mwl_elev_masl": 303.0, "name": "Alcora", "operator": "J. FERNANDO SOLANES PARDO", "outlet_cms": 187.8, "owner": "ESTADO", "owner_type": "Estado\nEstado", "province": "Castellón", "reservoir_type": "Dam reservoir", "river": "Lucena", "river_elev_masl": 32.65, "sheet": "ALCORA (615)", "spillway_cms": null, "start": 1980.0, "system": "MIJARES - PLANA CASTELLÓN/ CASTELLÓ", "timeline": "In operation", "use_elec": false, "use_fcon": true, "use_fish": true, "use_ind": false, "use_irri": false, "use_live": false, "use_mine": false, "use_navi": true, "use_othr": false, "use_pcon": true, "use_recr": true, "use_supp": true, "users": "C.R. HUERTA MAYOR O VILLA DE ALCORA\nC.R. HUERTA MAYOR O VILLA DE ALCORA", "x_etrs89": "737170", "y_etrs89": "4442331", "years_annual": 64.0, "years_monthly": 65.0, "level": 0, "storage": 1, "outflow": 1, "inflow": 1, "years_daily": 41, "dod_m": 0.020018198362147407, "dor_d": 64.0 }, "geometry": { "type": "Point", "coordinates": [ -0.2177342759675, 40.09787442314132 ] } },
{ "type": "Feature", "properties": { "id": 8003, "active": 1, "administration": "C.H. JÚCAR", "area_skm": 0.39378027051176895, "basin": "JUCAR", "cap_mcm": 2.85, "catch_skm": 319.1, "category": "A", "comment": "LOS DATOS DE 2002-03. 2004-06, 2016-17 Y 2018-19  SON PROVISIONALES SUJETOS A REVISION. ENTRADAS EN REVISION            ", "dam_elev_masl": 737.22, "dam_hgt_m": null, "dam_len_m": null, "dam_type": "Masonry dam", "dis_avg_mcm": null, "elev_masl": 739.0, "end": 2005.0, "estate": "Castilla - La Mancha", "id_basin": 8998.0, "id_gdw": null, "id_idr_dam": 2152.0, "id_idr_res": 115.0, "id_municipality": 2009.0, "id_saih": "700000000000.0", "id_sheet": 793.0, "lat_wgs84": 38.5229, "lon_wgs84": -1.0922, "main_use": "Water supply", "municipality": "Almansa", "mwl_elev_masl": null, "name": "Almansa", "operator": null, "outlet_cms": null, "owner": "PARTICULAR", "owner_type": "Ayuntamientos y/o Diputaciones", "province": "Albacete", "reservoir_type": "Dam reservoir", "river": "Belén Grande", "river_elev_masl": 25.0, "sheet": "ALMANSA (793)", "spillway_cms": null, "start": 1980.0, "system": "JÚCAR", "timeline": "In operation", "use_elec": false, "use_fcon": false, "use_fish": true, "use_ind": false, "use_irri": false, "use_live": false, "use_mine": false, "use_navi": true, "use_othr": false, "use_pcon": true, "use_recr": true, "use_supp": true, "users": "COMUNIDAD DE REGANTES DE ALMANSA", "x_etrs89": "659949", "y_etrs89": "4304491", "years_annual": 63.0, "years_monthly": 72.0, "level": 0, "storage": 1, "outflow": 1, "inflow": 1, "years_daily": 25, "dod_m": 0.0089313694766530866, "dor_d": 846.0 }, "geometry": { "type": "Point", "coordinates": [ -1.156153206782542, 38.87473012235818 ] } },
{ "type": "Feature", "properties": { "id": 8004, "active": 1, "administration": "C.H. JÚCAR", "area_skm": 1.0088233820289376, "basin": "JUCAR", "cap_mcm": 15.8, "catch_skm": 200.0, "category": "A", "comment": "ENTRADAS EN REVISION. DATOS 2018-19 PROVISIONALES SUJETOS A REVISION                                                    ", "dam_elev_masl": null, "dam_hgt_m": 68.0, "dam_len_m": null, "dam_type": "Gravity dam: vibrated concrete", "dis_avg_mcm": null, "elev_masl": 127.0, "end": 2021.0, "estate": "Comunitat Valenciana", "id_basin": 8017.0, "id_gdw": 6079.0, "id_idr_dam": 2183.0, "id_idr_res": 132.0, "id_municipality": 3139.0, "id_saih": "80.0", "id_sheet": 847.0, "lat_wgs84": 38.3201, "lon_wgs84": -0.1554, "main_use": "Water supply", "municipality": "Villajoyosa", "mwl_elev_masl": null, "name": "Amadorio", "operator": "JOSE ANTÓN", "outlet_cms": 826.8, "owner": "ESTADO", "owner_type": "Estado\nEstado", "province": "Alicante", "reservoir_type": "Dam reservoir", "river": "Amadorio", "river_elev_masl": null, "sheet": "VILLAJOYOSA (847)", "spillway_cms": null, "start": 1980.0, "system": "MARINA BAJA", "timeline": "In operation", "use_elec": false, "use_fcon": true, "use_fish": true, "use_ind": false, "use_irri": false, "use_live": false, "use_mine": false, "use_navi": true, "use_othr": false, "use_pcon": true, "use_recr": true, "use_supp": true, "users": "CONSORCIO ABAST. Y SAN. MARINA BAJA DE ALICANTE\nC.R. DE LAS HUERTAS DE VILLAJOYOSA", "x_etrs89": "738403", "y_etrs89": "4268573", "years_annual": 64.0, "years_monthly": 65.0, "level": 0, "storage": 1, "outflow": 1, "inflow": 1, "years_daily": 41, "dod_m": 0.079, "dor_d": 597.0 }, "geometry": { "type": "Point", "coordinates": [ -0.26491595739279, 38.533643972497202 ] } },
{ "type": "Feature", "properties": { "id": 8005, "active": 1, "administration": "C.H. JÚCAR", "area_skm": 3.9017148768910035, "basin": "JUCAR", "cap_mcm": 136.9, "catch_skm": 1435.0, "category": "A", "comment": "ENTRADAS EN REVISION. DATOS 2018-19 PROVISIONALES SUJETOS A REVISION                                                    ", "dam_elev_masl": 603.0, "dam_hgt_m": 107.0, "dam_len_m": 428.0, "dam_type": "Embankment dam: zonified", "dis_avg_mcm": 250.0, "elev_masl": 600.0, "end": 2021.0, "estate": "Comunitat Valenciana", "id_basin": 8184.0, "id_gdw": 4184.0, "id_idr_dam": 2267.0, "id_idr_res": 171.0, "id_municipality": 12079.0, "id_saih": "200.0", "id_sheet": 614.0, "lat_wgs84": 40.051, "lon_wgs84": -0.3257, "main_use": "Water supply", "municipality": "Montanejos", "mwl_elev_masl": null, "name": "Arenos", "operator": "J. FERNANDO SOLANES PARDO", "outlet_cms": 252.0, "owner": "ESTADO", "owner_type": "Estado\nEstado", "province": "Castellón", "reservoir_type": "Dam reservoir", "river": "Mijares", "river_elev_masl": 107.0, "sheet": "MANZANERA (614)", "spillway_cms": null, "start": 1982.0, "system": "MIJARES - PLANA CASTELLÓN/ CASTELLÓ", "timeline": "In operation", "use_elec": false, "use_fcon": true, "use_fish": true, "use_ind": false, "use_irri": false, "use_live": false, "use_mine": false, "use_navi": true, "use_othr": false, "use_pcon": true, "use_recr": true, "use_supp": true, "users": null, "x_etrs89": "708954", "y_etrs89": "4440177", "years_annual": 40.0, "years_monthly": 40.0, "level": 0, "storage": 1, "outflow": 1, "inflow": 1, "years_daily": 39, "dod_m": 0.095400696864111498, "dor_d": 358.0 }, "geometry": { "type": "Point", "coordinates": [ -0.549129575018748, 40.085962044828747 ] } },
{ "type": "Feature", "properties": { "id": 8006, "active": 1, "administration": "C.H. JÚCAR", "area_skm": 1.0808563041470913, "basin": "JUCAR", "cap_mcm": 21.0, "catch_skm": 813.83, "category": "A", "comment": "ENTRADAS EN REVISION. DATOS 2013-14 Y 2018-19 PROVISIONALES SUJETOS A REVISION                                          ", "dam_elev_masl": 978.96, "dam_hgt_m": 54.0, "dam_len_m": 167.0, "dam_type": "Gravity dam: vibrated concrete", "dis_avg_mcm": 46.8, "elev_masl": 974.2, "end": 2021.0, "estate": "Aragón", "id_basin": 8134.0, "id_gdw": 6028.0, "id_idr_dam": 2295.0, "id_idr_res": 183.0, "id_municipality": 44216.0, "id_saih": "30.0", "id_sheet": 566.0, "lat_wgs84": 40.2151, "lon_wgs84": -1.1218, "main_use": "Water supply", "municipality": "Teruel", "mwl_elev_masl": 977.0, "name": "Arquillo De San Blas", "operator": "VICENTE AYLLON PEREZ", "outlet_cms": 92.8, "owner": "ESTADO", "owner_type": "Estado\nEstado", "province": "Teruel", "reservoir_type": "Dam reservoir", "river": "Turia O Guadalaviar", "river_elev_masl": 54.0, "sheet": "CELLA (566)", "spillway_cms": null, "start": 1980.0, "system": "TURIA", "timeline": "In operation", "use_elec": true, "use_fcon": true, "use_fish": true, "use_ind": false, "use_irri": false, "use_live": true, "use_mine": false, "use_navi": true, "use_othr": false, "use_pcon": true, "use_recr": true, "use_supp": true, "users": "TERUEL\n-\nC.R. DE TERUEL\n-", "x_etrs89": "652411", "y_etrs89": "4469713", "years_annual": 55.0, "years_monthly": 55.0, "level": 0, "storage": 1, "outflow": 1, "inflow": 1, "years_daily": 41, "dod_m": 0.025803914822505929, "dor_d": 210.0 }, "geometry": { "type": "Point", "coordinates": [ -1.204963562759608, 40.36406819944802 ] } },
{ "type": "Feature", "properties": { "id": 8007, "active": 1, "administration": "C.H. JÚCAR", "area_skm": 2.2427780500070793, "basin": "JUCAR", "cap_mcm": 27.0, "catch_skm": 456.0, "category": "A", "comment": "LOS DATOS DE 2008-09, 2009-10, 2016-17 Y 2018-19 ESTAN PENDIENTES DE REVISION. ENTRADAS EN REVISION                     ", "dam_elev_masl": 320.65, "dam_hgt_m": 53.0, "dam_len_m": 395.3, "dam_type": "Gravity dam: vibrated concrete", "dis_avg_mcm": 83.0, "elev_masl": 318.0, "end": 2021.0, "estate": "Comunitat Valenciana", "id_basin": 8029.0, "id_gdw": 4260.0, "id_idr_dam": 2191.0, "id_idr_res": 324.0, "id_municipality": 3028.0, "id_saih": "90.0", "id_sheet": 821.0, "lat_wgs84": 38.4854, "lon_wgs84": -0.2123, "main_use": "Water supply", "municipality": "Beniarrés", "mwl_elev_masl": null, "name": "Beniarres", "operator": "JOSE ANTÓN", "outlet_cms": 127.2, "owner": "ESTADO", "owner_type": "Estado\nEstado", "province": "Alicante", "reservoir_type": "Dam reservoir", "river": "Serpis", "river_elev_masl": 53.0, "sheet": "ALCOY (821)", "spillway_cms": null, "start": 1980.0, "system": "SERPIS", "timeline": "In operation", "use_elec": false, "use_fcon": false, "use_fish": true, "use_ind": false, "use_irri": false, "use_live": false, "use_mine": false, "use_navi": true, "use_othr": false, "use_pcon": true, "use_recr": true, "use_supp": true, "users": "C-R. CANALES ALTOS DEL SERPIS- C-R. RIEGOS RIO ALCOY", "x_etrs89": "729532", "y_etrs89": "4299559", "years_annual": 64.0, "years_monthly": 65.0, "level": 0, "storage": 1, "outflow": 1, "inflow": 1, "years_daily": 41, "dod_m": 0.05921052631578947, "dor_d": 263.0 }, "geometry": { "type": "Point", "coordinates": [ -0.356339544628749, 38.814921160115247 ] } },
{ "type": "Feature", "properties": { "id": 8008, "active": 1, "administration": "C.H. JÚCAR", "area_skm": 0.61262589646372612, "basin": "JUCAR", "cap_mcm": 7.5, "catch_skm": 248.0, "category": "A", "comment": "DATOS 2003-05, 2008-09, 2012-13, 2016-17 Y 2018-19 PROVISIONALES. ENTRADAS EN REVISION. RESERVA 17-01-2015 EN REVISION  ", "dam_elev_masl": 480.0, "dam_hgt_m": null, "dam_len_m": 125.0, "dam_type": "Masonry dam", "dis_avg_mcm": 0.0, "elev_masl": 478.0, "end": 2021.0, "estate": "Comunitat Valenciana", "id_basin": 8157.0, "id_gdw": null, "id_idr_dam": 2309.0, "id_idr_res": 403.0, "id_municipality": 46234.0, "id_saih": "6000.0", "id_sheet": 694.0, "lat_wgs84": 39.3544, "lon_wgs84": -0.5622, "main_use": "Water supply", "municipality": "Chera", "mwl_elev_masl": null, "name": "Buseo", "operator": null, "outlet_cms": 60.0, "owner": "PARTICULAR", "owner_type": "Comunidades Autónomas", "province": "Valencia", "reservoir_type": "Dam reservoir", "river": "Sot", "river_elev_masl": 50.0, "sheet": "CHULILLA (694)", "spillway_cms": null, "start": 1980.0, "system": "TURIA", "timeline": null, "use_elec": false, "use_fcon": false, "use_fish": true, "use_ind": false, "use_irri": false, "use_live": false, "use_mine": false, "use_navi": true, "use_othr": false, "use_pcon": true, "use_recr": true, "use_supp": true, "users": "SINDICATO RIEGOS EMBALSE BUSEO", "x_etrs89": "676920", "y_etrs89": "4384893", "years_annual": 64.0, "years_monthly": 78.0, "level": 0, "storage": 1, "outflow": 1, "inflow": 1, "years_daily": 41, "dod_m": 0.030241935483870969, "dor_d": 255.0 }, "geometry": { "type": "Point", "coordinates": [ -0.939549652846692, 39.595515432103603 ] } },
{ "type": "Feature", "properties": { "id": 8009, "active": 1, "administration": "C.H. JÚCAR", "area_skm": 26.535815942882699, "basin": "JUCAR", "cap_mcm": 852.4, "catch_skm": 3330.0, "category": "A", "comment": "ENTRADAS EN REVISION                                                                                                    ", "dam_elev_masl": 679.0, "dam_hgt_m": 129.0, "dam_len_m": 234.0, "dam_type": "Gravity dam: vibrated concrete", "dis_avg_mcm": null, "elev_masl": 669.0, "end": 2021.0, "estate": "Castilla - La Mancha", "id_basin": 8089.0, "id_gdw": 4225.0, "id_idr_dam": 2315.0, "id_idr_res": 731.0, "id_municipality": 46259.0, "id_saih": "50.0", "id_sheet": 693.0, "lat_wgs84": 39.3237, "lon_wgs84": -1.301, "main_use": "Water supply", "municipality": "Villagordo del Cabriel", "mwl_elev_masl": 673.0, "name": "Contreras", "operator": "JUAN FULLANA MONTORO", "outlet_cms": null, "owner": "ESTADO", "owner_type": "Estado\nEstado", "province": "Valencia", "reservoir_type": "Dam reservoir", "river": "Cabriel", "river_elev_masl": 43.4, "sheet": "UTIEL (693)", "spillway_cms": null, "start": 1980.0, "system": "JÚCAR", "timeline": "In operation", "use_elec": false, "use_fcon": true, "use_fish": true, "use_ind": false, "use_irri": false, "use_live": true, "use_mine": false, "use_navi": true, "use_othr": false, "use_pcon": true, "use_recr": true, "use_supp": true, "users": "VARIOS\nSUBSISTEMA EMBALSE CONTRERAS- CANAL JÚCAR -TURIA\nIBERDROLA S.A.", "x_etrs89": "628646", "y_etrs89": "4378169", "years_annual": 49.0, "years_monthly": 49.0, "level": 0, "storage": 1, "outflow": 1, "inflow": 1, "years_daily": 41, "dod_m": 0.25597597597597599, "dor_d": 1817.0 }, "geometry": { "type": "Point", "coordinates": [ -1.502848821981613, 39.543559405586549 ] } },
{ "type": "Feature", "properties": { "id": 8012, "active": 0, "administration": "C.H. JÚCAR", "area_skm": 9.7256332325446244e-06, "basin": "JUCAR", "cap_mcm": 9.0, "catch_skm": 16792.0, "category": null, "comment": "INT 1988                                                                                                                ", "dam_elev_masl": 326.5, "dam_hgt_m": 32.0, "dam_len_m": 65.0, "dam_type": "Gravity dam: vibrated concrete", "dis_avg_mcm": 0.0, "elev_masl": 321.0, "end": 1988.0, "estate": "Comunitat Valenciana", "id_basin": 8098.0, "id_gdw": 6063.0, "id_idr_dam": 2316.0, "id_idr_res": 856.0, "id_municipality": 46097.0, "id_saih": null, "id_sheet": 745.0, "lat_wgs84": 39.1429, "lon_wgs84": -1.0205, "main_use": "Water supply", "municipality": "Cofrentes", "mwl_elev_masl": 325.5, "name": "Embarcaderos", "operator": "CARLOS ANDRES GONZÁLEZ FLORES", "outlet_cms": null, "owner": "PARTICULAR", "owner_type": "Privado", "province": "Valencia", "reservoir_type": "Dam reservoir", "river": "Júcar", "river_elev_masl": 32.0, "sheet": "JALANCE (745)", "spillway_cms": null, "start": 1980.0, "system": "JÚCAR", "timeline": "Inundated", "use_elec": false, "use_fcon": false, "use_fish": true, "use_ind": false, "use_irri": false, "use_live": false, "use_mine": false, "use_navi": true, "use_othr": false, "use_pcon": true, "use_recr": true, "use_supp": true, "users": "0", "x_etrs89": "669603", "y_etrs89": "4345393", "years_annual": 19.0, "years_monthly": 19.0, "level": 0, "storage": 1, "outflow": 1, "inflow": 1, "years_daily": 8, "dod_m": 0.00053596950929013813, "dor_d": 4.0 }, "geometry": { "type": "Point", "coordinates": [ -1.034734684294937, 39.241283061443859 ] } },
{ "type": "Feature", "properties": { "id": 8013, "active": 1, "administration": "C.H. JÚCAR", "area_skm": 2.0111287799739963, "basin": "JUCAR", "cap_mcm": 37.3, "catch_skm": 1058.0, "category": "A", "comment": "LOS DATOS DE 2003-04, 2004-05 Y 2018-19 SON PROVISIONALES SUJETOS A REVISION. ENTRADAS EN REVISION                      ", "dam_elev_masl": 389.2, "dam_hgt_m": 68.0, "dam_len_m": 445.0, "dam_type": "Gravity dam: vibrated concrete", "dis_avg_mcm": 28.6, "elev_masl": 384.0, "end": 2021.0, "estate": "Comunitat Valenciana", "id_basin": 8123.0, "id_gdw": 6057.0, "id_idr_dam": 2301.0, "id_idr_res": 938.0, "id_municipality": 46261.0, "id_saih": "7000.0", "id_sheet": 720.0, "lat_wgs84": 39.2027, "lon_wgs84": -0.5154, "main_use": "Water supply", "municipality": "Yátova", "mwl_elev_masl": 384.0, "name": "Forata", "operator": "JUAN FULLANA", "outlet_cms": 932.52, "owner": "ESTADO", "owner_type": "Estado\nEstado", "province": "Valencia", "reservoir_type": "Dam reservoir", "river": "Magro", "river_elev_masl": 68.4, "sheet": "REQUENA (720)", "spillway_cms": 1769.94, "start": 1980.0, "system": "JÚCAR", "timeline": "In operation", "use_elec": false, "use_fcon": false, "use_fish": true, "use_ind": false, "use_irri": false, "use_live": false, "use_mine": false, "use_navi": true, "use_othr": false, "use_pcon": true, "use_recr": true, "use_supp": true, "users": "SINDICATO CENTRAL DEL EMBALSE DE FORATA", "x_etrs89": "683995", "y_etrs89": "4356788", "years_annual": 54.0, "years_monthly": 54.0, "level": 0, "storage": 1, "outflow": 1, "inflow": 1, "years_daily": 41, "dod_m": 0.035255198487712663, "dor_d": 982.0 }, "geometry": { "type": "Point", "coordinates": [ -0.864956938557385, 39.340958479387972 ] } },
{ "type": "Feature", "properties": { "id": 8014, "active": 1, "administration": "C.H. JÚCAR", "area_skm": 7.4634887194478274, "basin": "JUCAR", "cap_mcm": 221.3, "catch_skm": 4173.0, "category": "A", "comment": "ENTRADAS EN REVISION. DATOS DE 2018-19 SON PROVISIONALES SUJETOS A REVISION                                             ", "dam_elev_masl": 530.0, "dam_hgt_m": 110.0, "dam_len_m": 227.0, "dam_type": "Gravity dam: vibrated concrete", "dis_avg_mcm": 251.0, "elev_masl": 527.2, "end": 2021.0, "estate": "Comunitat Valenciana", "id_basin": 8152.0, "id_gdw": 4213.0, "id_idr_dam": 2320.0, "id_idr_res": 319.0, "id_municipality": 46050.0, "id_saih": "60.0", "id_sheet": 666.0, "lat_wgs84": 39.4335, "lon_wgs84": -1.0556, "main_use": "Water supply", "municipality": "Benagéber", "mwl_elev_masl": null, "name": "Benageber", "operator": "VICENTE AYLLON PEREZ", "outlet_cms": 46.0, "owner": "ESTADO", "owner_type": "Estado\nEstado", "province": "Valencia", "reservoir_type": "Dam reservoir", "river": "Turia O Guadalaviar", "river_elev_masl": 110.0, "sheet": "CHELVA (666)", "spillway_cms": null, "start": 1980.0, "system": "TURIA", "timeline": null, "use_elec": false, "use_fcon": true, "use_fish": true, "use_ind": false, "use_irri": false, "use_live": true, "use_mine": false, "use_navi": true, "use_othr": false, "use_pcon": true, "use_recr": true, "use_supp": true, "users": "SUBSISTEMA, BENAGEBER-LORIGUILLA\nSUBSISTEMA, BENAGEBER-LORIGUILLA\nSUBSISTEMA, BENAGEBER-LORIGUILLA", "x_etrs89": "662933", "y_etrs89": "4399132", "years_annual": 64.0, "years_monthly": 78.0, "level": 0, "storage": 1, "outflow": 1, "inflow": 1, "years_daily": 41, "dod_m": 0.053031392283728732, "dor_d": 462.0 }, "geometry": { "type": "Point", "coordinates": [ -1.098846241538017, 39.726516919597422 ] } },
{ "type": "Feature", "properties": { "id": 8015, "active": 1, "administration": "C.H. JÚCAR", "area_skm": 0.57057263554210791, "basin": "JUCAR", "cap_mcm": 13.0, "catch_skm": 61.0, "category": "A", "comment": "LOS DATOS DE 2003-04, 2005-06 Y 2018-19 SON PROVISIONALES SUJETOS A REVISION. ENTRADAS EN REVISION                      ", "dam_elev_masl": null, "dam_hgt_m": 77.0, "dam_len_m": null, "dam_type": "Gravity dam: vibrated concrete", "dis_avg_mcm": null, "elev_masl": 380.0, "end": 2021.0, "estate": "Comunitat Valenciana", "id_basin": 8020.0, "id_gdw": 6074.0, "id_idr_dam": 2243.0, "id_idr_res": 1065.0, "id_municipality": 3075.0, "id_saih": "800.0", "id_sheet": 821.0, "lat_wgs84": 38.4047, "lon_wgs84": -0.1131, "main_use": "Water supply", "municipality": "Castell de Guadalest. El", "mwl_elev_masl": null, "name": "Guadalest", "operator": "JOSE ANTÓN", "outlet_cms": 936.0, "owner": "ESTADO", "owner_type": "Estado\nEstado", "province": "Alicante", "reservoir_type": "Dam reservoir", "river": "Guadalest", "river_elev_masl": null, "sheet": "ALCOY (821)", "spillway_cms": null, "start": 1980.0, "system": "MARINA BAJA", "timeline": "In operation", "use_elec": false, "use_fcon": true, "use_fish": true, "use_ind": false, "use_irri": false, "use_live": false, "use_mine": false, "use_navi": true, "use_othr": false, "use_pcon": true, "use_recr": true, "use_supp": true, "users": "C. DE ABAST. SANEA. DE LA MARINA BAJA DE ALICANTE\nC.G.R. USUARIOS DE CALLOSA D`EN SARRIA Y OTRAS", "x_etrs89": "744273", "y_etrs89": "4284986", "years_annual": 55.0, "years_monthly": 55.0, "level": 0, "storage": 1, "outflow": 1, "inflow": 1, "years_daily": 41, "dod_m": 0.21311475409836064, "dor_d": 258.0 }, "geometry": { "type": "Point", "coordinates": [ -0.191889628367706, 38.679787794991526 ] } },
{ "type": "Feature", "properties": { "id": 8016, "active": 1, "administration": "C.H. JÚCAR", "area_skm": 1.3793610160968399, "basin": "JUCAR", "cap_mcm": 73.2, "catch_skm": 579.0, "category": "C", "comment": "ENTRADAS EN REVISION. DATOS DE 2018-19 SON PROVISIONALES SUJETOS A REVISION                                             ", "dam_elev_masl": 314.35, "dam_hgt_m": 74.0, "dam_len_m": 126.5, "dam_type": "Gravity dam: vibrated concrete", "dis_avg_mcm": 197.0, "elev_masl": 320.0, "end": 2021.0, "estate": "Comunitat Valenciana", "id_basin": 8156.0, "id_gdw": 4215.0, "id_idr_dam": 2331.0, "id_idr_res": 1285.0, "id_municipality": 46148.0, "id_saih": "600.0", "id_sheet": 694.0, "lat_wgs84": 39.3956, "lon_wgs84": -0.5448, "main_use": "Water supply", "municipality": "Loriguilla", "mwl_elev_masl": null, "name": "Loriguilla", "operator": "VICENTE AYLLON PEREZ", "outlet_cms": 3.72, "owner": "ESTADO", "owner_type": "Estado\nEstado", "province": "Valencia", "reservoir_type": "Dam reservoir", "river": "Turia O Guadalaviar", "river_elev_masl": 7.35, "sheet": "CHULILLA (694)", "spillway_cms": null, "start": 1980.0, "system": "TURIA", "timeline": "In operation", "use_elec": true, "use_fcon": true, "use_fish": true, "use_ind": false, "use_irri": false, "use_live": true, "use_mine": false, "use_navi": true, "use_othr": false, "use_pcon": true, "use_recr": true, "use_supp": true, "users": "MUNICIPIOS ADYACENTES", "x_etrs89": "678997", "y_etrs89": "4392707", "years_annual": 53.0, "years_monthly": 53.0, "level": 0, "storage": 1, "outflow": 1, "inflow": 1, "years_daily": 41, "dod_m": 0.12642487046632125, "dor_d": 209.0 }, "geometry": { "type": "Point", "coordinates": [ -0.91326175709517, 39.665444405198926 ] } },
{ "type": "Feature", "properties": { "id": 8017, "active": 1, "administration": "C.H. JÚCAR", "area_skm": 2.7361019039481089, "basin": "JUCAR", "cap_mcm": 18.4, "catch_skm": 1560.0, "category": "A", "comment": "DATOS DE 2002-03 A 2004-05, 2008-09, 2009-10, 2013-14 Y 2018-19 PENDIENTES DE REVISION. ENTRADAS EN REVISION            ", "dam_elev_masl": 138.22, "dam_hgt_m": 59.0, "dam_len_m": 318.0, "dam_type": "Masonry dam", "dis_avg_mcm": 80.0, "elev_masl": 134.3, "end": 2021.0, "estate": "Comunitat Valenciana", "id_basin": 8201.0, "id_gdw": 6042.0, "id_idr_dam": 2261.0, "id_idr_res": 1333.0, "id_municipality": 12005.0, "id_saih": "1000000.0", "id_sheet": 616.0, "lat_wgs84": 40.0142, "lon_wgs84": -0.0951, "main_use": "Water supply", "municipality": "Alcora", "mwl_elev_masl": 318.2, "name": "Maria Cristina", "operator": "J. FERNANDO SOLANES PARDO", "outlet_cms": 65.0, "owner": "ESTADO", "owner_type": "Estado\nEstado", "province": "Castellón", "reservoir_type": "Dam reservoir", "river": "Rambla De La Viuda", "river_elev_masl": 56.5, "sheet": "VILLAFAMES (616)", "spillway_cms": null, "start": 1980.0, "system": "MIJARES - PLANA CASTELLÓN/ CASTELLÓ", "timeline": "In operation", "use_elec": false, "use_fcon": true, "use_fish": true, "use_ind": false, "use_irri": false, "use_live": false, "use_mine": false, "use_navi": true, "use_othr": false, "use_pcon": true, "use_recr": true, "use_supp": true, "users": "C.R. DEL EMBALSE DE MARIA CRISTINA\nC.R. DEL EMBALSE DE MARIA CRISTINA", "x_etrs89": "741993", "y_etrs89": "4434741", "years_annual": 63.0, "years_monthly": 78.0, "level": 0, "storage": 1, "outflow": 1, "inflow": 1, "years_daily": 41, "dod_m": 0.011794871794871794, "dor_d": 119.0 }, "geometry": { "type": "Point", "coordinates": [ -0.164055625230711, 40.028202447361302 ] } },
{ "type": "Feature", "properties": { "id": 8018, "active": 1, "administration": "C.H. JÚCAR", "area_skm": 0.071049742996020043, "basin": "JUCAR", "cap_mcm": 1.0, "catch_skm": 20.0, "category": "A", "comment": "DATOS DE 2004-05, 2009-10, 2013-14 Y 2018-19 PROVISIONALES SUJETOS A REVISION. ENTRADAS EN REVISION                     ", "dam_elev_masl": 306.5, "dam_hgt_m": null, "dam_len_m": 118.55, "dam_type": "Gravity dam: vibrated concrete", "dis_avg_mcm": 2.87, "elev_masl": 306.0, "end": 2021.0, "estate": "Comunitat Valenciana", "id_basin": 8172.0, "id_gdw": null, "id_idr_dam": 2259.0, "id_idr_res": 1562.0, "id_municipality": 12006.0, "id_saih": "10000.0", "id_sheet": 640.0, "lat_wgs84": 39.5612, "lon_wgs84": -0.1953, "main_use": "Water supply", "municipality": "Alcudia de Veo", "mwl_elev_masl": 307.7, "name": "Onda", "operator": null, "outlet_cms": 360.0, "owner": "ESTADO", "owner_type": "Privado", "province": "Castellón", "reservoir_type": "Dam reservoir", "river": "Veo", "river_elev_masl": 37.0, "sheet": "SEGORBE (640)", "spillway_cms": null, "start": 1980.0, "system": "MIJARES - PLANA CASTELLÓN/ CASTELLÓ", "timeline": "In operation", "use_elec": false, "use_fcon": false, "use_fish": true, "use_ind": false, "use_irri": false, "use_live": false, "use_mine": false, "use_navi": true, "use_othr": false, "use_pcon": true, "use_recr": true, "use_supp": true, "users": "COMUNIDAD DE REGANTES DE ONDA", "x_etrs89": "728010", "y_etrs89": "4424126", "years_annual": 64.0, "years_monthly": 68.0, "level": 0, "storage": 1, "outflow": 1, "inflow": 1, "years_daily": 41, "dod_m": 0.05, "dor_d": 138.0 }, "geometry": { "type": "Point", "coordinates": [ -0.3314727605773, 39.936560759607779 ] } },
{ "type": "Feature", "properties": { "id": 8019, "active": 1, "administration": "C.H. JÚCAR", "area_skm": 0.63874520452969918, "basin": "JUCAR", "cap_mcm": 6.0, "catch_skm": 466.04, "category": "A", "comment": "ENTRADAS EN REVISION. DATOS DE 2018-19 SON PROVISIONALES SUJETOS A REVISION                                             ", "dam_elev_masl": 406.53, "dam_hgt_m": null, "dam_len_m": 355.21, "dam_type": "Gravity dam: vibrated concrete", "dis_avg_mcm": 82.0, "elev_masl": 405.0, "end": 2021.0, "estate": "Comunitat Valenciana", "id_basin": 8168.0, "id_gdw": null, "id_idr_dam": 2260.0, "id_idr_res": 1868.0, "id_municipality": 12071.0, "id_saih": "0.0", "id_sheet": 639.0, "lat_wgs84": 39.5322, "lon_wgs84": -0.313, "main_use": "Water supply", "municipality": "Jérica", "mwl_elev_masl": null, "name": "Regajo", "operator": "FERNANDO SOLANES PARDO", "outlet_cms": 52.32, "owner": "ESTADO", "owner_type": "Estado\nEstado", "province": "Castellón", "reservoir_type": "Dam reservoir", "river": "Palancia", "river_elev_masl": 27.53, "sheet": "JÉRICA (639)", "spillway_cms": null, "start": 1980.0, "system": "PALANCIA Y LOS VALLES", "timeline": "In operation", "use_elec": false, "use_fcon": true, "use_fish": true, "use_ind": false, "use_irri": false, "use_live": false, "use_mine": false, "use_navi": true, "use_othr": false, "use_pcon": true, "use_recr": true, "use_supp": true, "users": "SINDICATO DE RIEGOS DE SEGORBE Y C.R. SAGUNTO\nSINDICATO DE RIEGOS DE SEGORBE Y C.R. SAGUNTO", "x_etrs89": "711606", "y_etrs89": "4418415", "years_annual": 63.0, "years_monthly": 63.0, "level": 0, "storage": 1, "outflow": 1, "inflow": 1, "years_daily": 41, "dod_m": 0.012874431379280748, "dor_d": 79.0 }, "geometry": { "type": "Point", "coordinates": [ -0.525134332214743, 39.889412004832643 ] } },
{ "type": "Feature", "properties": { "id": 8021, "active": 1, "administration": "C.H. JÚCAR", "area_skm": 3.1788532286512718, "basin": "JUCAR", "cap_mcm": 49.3, "catch_skm": 2334.0, "category": "A", "comment": "DATOS DE 2002-03, 2013-14 Y 2018-19 PROVISIONALES SUJETOS A REVISION. ENTRADAS EN REVISION                              ", "dam_elev_masl": 167.5, "dam_hgt_m": 58.0, "dam_len_m": 581.0, "dam_type": "Gravity dam: vibrated concrete", "dis_avg_mcm": 320.0, "elev_masl": 164.0, "end": 2021.0, "estate": "Comunitat Valenciana", "id_basin": 8194.0, "id_gdw": 4193.0, "id_idr_dam": 2258.0, "id_idr_res": 2138.0, "id_municipality": 12084.0, "id_saih": "100000.0", "id_sheet": 615.0, "lat_wgs84": 40.0036, "lon_wgs84": -0.1353, "main_use": "Water supply", "municipality": "Onda", "mwl_elev_masl": null, "name": "Sichar", "operator": "FERNANDO SOLANES PARDO", "outlet_cms": 1008.0, "owner": "ESTADO", "owner_type": "Estado\nEstado", "province": "Castellón", "reservoir_type": "Dam reservoir", "river": "Mijares", "river_elev_masl": 58.0, "sheet": "ALCORA (615)", "spillway_cms": null, "start": 1980.0, "system": "MIJARES - PLANA CASTELLÓN/ CASTELLÓ", "timeline": "In operation", "use_elec": false, "use_fcon": true, "use_fish": true, "use_ind": false, "use_irri": false, "use_live": false, "use_mine": false, "use_navi": true, "use_othr": false, "use_pcon": true, "use_recr": true, "use_supp": true, "users": null, "x_etrs89": "736313", "y_etrs89": "4432555", "years_annual": 63.0, "years_monthly": 63.0, "level": 0, "storage": 1, "outflow": 1, "inflow": 1, "years_daily": 41, "dod_m": 0.021122536418166239, "dor_d": 183.0 }, "geometry": { "type": "Point", "coordinates": [ -0.231341744844711, 40.010139568739021 ] } },
{ "type": "Feature", "properties": { "id": 8023, "active": 1, "administration": "C.H. JÚCAR", "area_skm": 0.97611913832879327, "basin": "JUCAR", "cap_mcm": 9.7, "catch_skm": 365.0, "category": "A", "comment": "LOS DATOS DE 2002-03 A 2005-06, 2008-09  Y 2015-16 ESTAN PENDIENTES DE REVISION                                         ", "dam_elev_masl": 1156.35, "dam_hgt_m": null, "dam_len_m": 180.0, "dam_type": "Masonry dam", "dis_avg_mcm": 169.0, "elev_masl": 1156.3, "end": 2021.0, "estate": "Castilla - La Mancha", "id_basin": 8036.0, "id_gdw": 16195.0, "id_idr_dam": 2282.0, "id_idr_res": 2235.0, "id_municipality": 16245.0, "id_saih": "40.0", "id_sheet": 587.0, "lat_wgs84": 40.1237, "lon_wgs84": -1.5519, "main_use": "Water supply", "municipality": "Villalba de la Sierra", "mwl_elev_masl": null, "name": "Toba, La", "operator": "DAVID ALEJANDRO PÉREZ RODRÍGUEZ", "outlet_cms": 37.78, "owner": "PARTICULAR", "owner_type": "Privado", "province": "Cuenca", "reservoir_type": "Dam reservoir", "river": "Júcar", "river_elev_masl": 40.0, "sheet": "LAS MAJADAS (587)", "spillway_cms": null, "start": 2001.0, "system": "JÚCAR", "timeline": "In operation", "use_elec": false, "use_fcon": false, "use_fish": true, "use_ind": false, "use_irri": false, "use_live": false, "use_mine": false, "use_navi": true, "use_othr": false, "use_pcon": true, "use_recr": true, "use_supp": true, "users": "UNIÓN FENOSA", "x_etrs89": "591727", "y_etrs89": "4451652", "years_annual": 64.0, "years_monthly": 78.0, "level": 0, "storage": 1, "outflow": 1, "inflow": 1, "years_daily": 20, "dod_m": 0.026575342465753424, "dor_d": 38.0 }, "geometry": { "type": "Point", "coordinates": [ -1.922103526403102, 40.210264357483091 ] } },
{ "type": "Feature", "properties": { "id": 8025, "active": 1, "administration": "C.H. JÚCAR", "area_skm": 0.61042824604955082, "basin": "JUCAR", "cap_mcm": 11.0, "catch_skm": 95.0, "category": "A", "comment": "DATOS DE 2004-05, 2005-06, 2009-10, 2013-14, 2014-15 Y 2016-17 PROVISIONALES SUJETOS A REVISION. ENTRADAS EN REVISION   ", "dam_elev_masl": 479.03, "dam_hgt_m": null, "dam_len_m": 167.0, "dam_type": "Gravity dam: vibrated concrete", "dis_avg_mcm": 37.6, "elev_masl": 477.1, "end": 2021.0, "estate": "Comunitat Valenciana", "id_basin": 8218.0, "id_gdw": null, "id_idr_dam": 2266.0, "id_idr_res": 2324.0, "id_municipality": 12093.0, "id_saih": "10.0", "id_sheet": 521.0, "lat_wgs84": 40.4015, "lon_wgs84": 0.1401, "main_use": "Water supply", "municipality": "Puebla de Benifasar", "mwl_elev_masl": null, "name": "Ulldecona", "operator": "FERNANDO SOLANES PARDO", "outlet_cms": 626.64, "owner": "ESTADO", "owner_type": "Estado\nEstado", "province": "Castellón", "reservoir_type": "Dam reservoir", "river": "Cenia", "river_elev_masl": 58.66, "sheet": "BECEITE (521)", "spillway_cms": null, "start": 1980.0, "system": "CENIA - MAESTRAZGO", "timeline": "In operation", "use_elec": false, "use_fcon": true, "use_fish": true, "use_ind": false, "use_irri": false, "use_live": false, "use_mine": false, "use_navi": true, "use_othr": false, "use_pcon": true, "use_recr": true, "use_supp": true, "users": "C.R. ULLDECONA\nABASTECIMIENTO A LA POBLACIÓN", "x_etrs89": "773325", "y_etrs89": "4507239", "years_annual": 63.0, "years_monthly": 63.0, "level": 0, "storage": 1, "outflow": 1, "inflow": 1, "years_daily": 41, "dod_m": 0.11578947368421053, "dor_d": 124.0 }, "geometry": { "type": "Point", "coordinates": [ 0.233640875457371, 40.670761516528223 ] } },
{ "type": "Feature", "properties": { "id": 8026, "active": 1, "administration": "C.H. JÚCAR", "area_skm": 0.21239438958277748, "basin": "JUCAR", "cap_mcm": 4.0, "catch_skm": 10655.5, "category": "C", "comment": "DATOS DE 2004-05, 2008-09, 2010-11, 2013-14, 2014-15 Y 2016-17 PENDIENTES DE REVISION                                   ", "dam_elev_masl": 480.25, "dam_hgt_m": null, "dam_len_m": 120.0, "dam_type": "Embankment dam: zonified", "dis_avg_mcm": null, "elev_masl": 476.0, "end": 2021.0, "estate": "Castilla - La Mancha", "id_basin": 8066.0, "id_gdw": null, "id_idr_dam": 2151.0, "id_idr_res": 1408.0, "id_municipality": 2077.0, "id_saih": "70.0", "id_sheet": 744.0, "lat_wgs84": 39.1228, "lon_wgs84": -1.1431, "main_use": "Hydroelectricity", "municipality": "Villa de Ves", "mwl_elev_masl": 478.0, "name": "Molinar, El", "operator": "JUAN CARLOS ELIPE SALMADOR", "outlet_cms": null, "owner": "PARTICULAR", "owner_type": "Privado", "province": "Albacete", "reservoir_type": "Dam reservoir", "river": "Júcar", "river_elev_masl": 28.0, "sheet": "CASAS - IBÁÑEZ (744)", "spillway_cms": null, "start": 1989.0, "system": "JÚCAR", "timeline": "In operation", "use_elec": true, "use_fcon": false, "use_fish": true, "use_ind": false, "use_irri": false, "use_live": false, "use_mine": false, "use_navi": true, "use_othr": false, "use_pcon": true, "use_recr": true, "use_supp": false, "users": "IBERDROLA", "x_etrs89": "651788", "y_etrs89": "4341319", "years_annual": 33.0, "years_monthly": 33.0, "level": 0, "storage": 1, "outflow": 1, "inflow": 1, "years_daily": 32, "dod_m": 0.00037539298953592043, "dor_d": 6.0 }, "geometry": { "type": "Point", "coordinates": [ -1.241984635878056, 39.207889432424018 ] } },
{ "type": "Feature", "properties": { "id": 8027, "active": 1, "administration": "C.H. JÚCAR", "area_skm": 5.3044190842059802, "basin": "JUCAR", "cap_mcm": 118.0, "catch_skm": 17149.0, "category": "A", "comment": "LOS DATOS DE 2002-03 A 2004-05, 2007-08, 2009-10, 2010-11, 2014-15 Y 2016-17 SON PROVISIONALES SUJETOS A REVISION       ", "dam_elev_masl": 332.0, "dam_hgt_m": 112.0, "dam_len_m": 312.0, "dam_type": "Arch-gravity dam", "dis_avg_mcm": 1028.0, "elev_masl": 326.0, "end": 2021.0, "estate": "Comunitat Valenciana", "id_basin": 8098.0, "id_gdw": 4240.0, "id_idr_dam": 2313.0, "id_idr_res": 741.0, "id_municipality": 46099.0, "id_saih": "7000000000000.0", "id_sheet": 745.0, "lat_wgs84": 39.1542, "lon_wgs84": -0.5507, "main_use": "Water supply", "municipality": "Cortes de Pallás", "mwl_elev_masl": 329.0, "name": "Cortes 2", "operator": "JUAN CARLOS ELIPE SALMADOR", "outlet_cms": 600.0, "owner": "PARTICULAR", "owner_type": "Privado", "province": "Valencia", "reservoir_type": "Dam reservoir", "river": "Júcar", "river_elev_masl": 116.0, "sheet": "JALANCE (745)", "spillway_cms": null, "start": 1989.0, "system": "JÚCAR", "timeline": "In operation", "use_elec": false, "use_fcon": false, "use_fish": true, "use_ind": false, "use_irri": false, "use_live": false, "use_mine": false, "use_navi": true, "use_othr": false, "use_pcon": true, "use_recr": true, "use_supp": true, "users": "IBERDROLA", "x_etrs89": "679582", "y_etrs89": "4347875", "years_annual": 33.0, "years_monthly": 33.0, "level": 0, "storage": 1, "outflow": 1, "inflow": 1, "years_daily": 32, "dod_m": 0.0068808676890780808, "dor_d": 36.0 }, "geometry": { "type": "Point", "coordinates": [ -0.918511968116162, 39.261625495676284 ] } },
{ "type": "Feature", "properties": { "id": 8029, "active": 1, "administration": "C.H. JÚCAR", "area_skm": 0.86073886253159149, "basin": "JUCAR", "cap_mcm": 29.0, "catch_skm": 17188.0, "category": "C", "comment": "DATOS DE 2002-03, 2004-06, 2007-08, 2012-13, 2015-17 Y 2018-19 SUJETOS A REVISION                                       ", "dam_elev_masl": 247.27, "dam_hgt_m": 84.0, "dam_len_m": 191.0, "dam_type": "Arch-gravity dam", "dis_avg_mcm": 1030.0, "elev_masl": 240.0, "end": 2021.0, "estate": "Comunitat Valenciana", "id_basin": 8098.0, "id_gdw": 6061.0, "id_idr_dam": 2311.0, "id_idr_res": 1494.0, "id_municipality": 46099.0, "id_saih": "700.0", "id_sheet": 746.0, "lat_wgs84": 39.164, "lon_wgs84": -0.5106, "main_use": "Water supply", "municipality": "Cortes de Pallás", "mwl_elev_masl": 243.0, "name": "Naranjero, El", "operator": "JUAN CARLOS ELIPE SALMADOR", "outlet_cms": 470.6, "owner": "PARTICULAR", "owner_type": "Privado", "province": "Valencia", "reservoir_type": "Dam reservoir", "river": "Júcar", "river_elev_masl": 84.2, "sheet": "LLOMBAY (746)", "spillway_cms": null, "start": 1989.0, "system": "JÚCAR", "timeline": "In operation", "use_elec": false, "use_fcon": false, "use_fish": true, "use_ind": false, "use_irri": false, "use_live": false, "use_mine": false, "use_navi": true, "use_othr": false, "use_pcon": true, "use_recr": true, "use_supp": true, "users": "IBERDROLA", "x_etrs89": "685292", "y_etrs89": "4349791", "years_annual": 33.0, "years_monthly": 33.0, "level": 0, "storage": 1, "outflow": 1, "inflow": 1, "years_daily": 32, "dod_m": 0.001687223644403072, "dor_d": 17.0 }, "geometry": { "type": "Point", "coordinates": [ -0.851844751885987, 39.277676836283419 ] } },
{ "type": "Feature", "properties": { "id": 8030, "active": 1, "administration": "C.H. JÚCAR", "area_skm": 10.416473706039399, "basin": "JUCAR", "cap_mcm": 378.6, "catch_skm": 17821.0, "category": "A", "comment": "ENTRADAS EN REVISION. DATOS DE 2018-19 SON PROVISIONALES SUJETOS A REVISION                                             ", "dam_elev_masl": 162.5, "dam_hgt_m": 136.0, "dam_len_m": 1024.0, "dam_type": "Embankment dam: zonified", "dis_avg_mcm": 1868.0, "elev_masl": 130.0, "end": 2021.0, "estate": "Comunitat Valenciana", "id_basin": 8104.0, "id_gdw": 4247.0, "id_idr_dam": 2305.0, "id_idr_res": 2299.0, "id_municipality": 46246.0, "id_saih": "70000.0", "id_sheet": 769.0, "lat_wgs84": 39.0759, "lon_wgs84": -0.3902, "main_use": "Water supply", "municipality": "Tous", "mwl_elev_masl": 145.0, "name": "Tous", "operator": "JOSE LUIS UTRILLAS SERRANO", "outlet_cms": 18840.0, "owner": "ESTADO", "owner_type": "Estado\nEstado", "province": "Valencia", "reservoir_type": "Dam reservoir", "river": "Júcar", "river_elev_masl": 135.5, "sheet": "NAVARRÉS (769)", "spillway_cms": 19704.0, "start": 1994.0, "system": "JÚCAR", "timeline": "In operation", "use_elec": false, "use_fcon": true, "use_fish": true, "use_ind": false, "use_irri": false, "use_live": true, "use_mine": false, "use_navi": true, "use_othr": false, "use_pcon": true, "use_recr": true, "use_supp": true, "users": "AREA METROPLOTANA DE VALENCIA\nCOMARCA DE LA RIBERA Y CANAL JUCAR -TURIA\nVARIOS", "x_etrs89": "703058", "y_etrs89": "4334156", "years_annual": 28.0, "years_monthly": 29.0, "level": 0, "storage": 1, "outflow": 1, "inflow": 1, "years_daily": 27, "dod_m": 0.021244599068514676, "dor_d": 244.0 }, "geometry": { "type": "Point", "coordinates": [ -0.650729118901078, 39.132927489879677 ] } },
{ "type": "Feature", "properties": { "id": 8031, "active": 1, "administration": "C.H. JÚCAR", "area_skm": 5.3135840988366301, "basin": "JUCAR", "cap_mcm": 98.7, "catch_skm": 507.4, "category": "A", "comment": "HASTA EL AÑO 2011/12 EL CODIGO ERA 8037. DATOS DE 2004-05 Y 2008-09 PENDIENTES DE REVISION. ENTRADAS EN REVISION        ", "dam_elev_masl": 190.0, "dam_hgt_m": null, "dam_len_m": 335.0, "dam_type": "Arch-gravity dam", "dis_avg_mcm": 58.6, "elev_masl": 143.0, "end": 2021.0, "estate": "Comunitat Valenciana", "id_basin": 8103.0, "id_gdw": null, "id_idr_dam": 2323.0, "id_idr_res": 881.0, "id_municipality": 46179.0, "id_saih": "7000000000.0", "id_sheet": 769.0, "lat_wgs84": 39.0743, "lon_wgs84": -0.4155, "main_use": "Water supply", "municipality": "Navarrés", "mwl_elev_masl": 190.9, "name": "Escalona", "operator": "JUAN FULLANA MONTORO", "outlet_cms": 1125.45, "owner": "ESTADO", "owner_type": "Estado\nEstado", "province": "Valencia", "reservoir_type": "Dam reservoir", "river": "Escalona", "river_elev_masl": 78.0, "sheet": "NAVARRÉS (769)", "spillway_cms": 4271.77, "start": 1998.0, "system": "JÚCAR", "timeline": "In operation", "use_elec": false, "use_fcon": false, "use_fish": true, "use_ind": false, "use_irri": false, "use_live": false, "use_mine": false, "use_navi": true, "use_othr": false, "use_pcon": true, "use_recr": true, "use_supp": true, "users": "-", "x_etrs89": "698932", "y_etrs89": "4333579", "years_annual": 25.0, "years_monthly": 26.0, "level": 0, "storage": 1, "outflow": 1, "inflow": 1, "years_daily": 23, "dod_m": 0.19452108789909342, "dor_d": 1491.0 }, "geometry": { "type": "Point", "coordinates": [ -0.698597551065299, 39.128684369683128 ] } },
{ "type": "Feature", "properties": { "id": 8032, "active": 1, "administration": "C.H. JÚCAR", "area_skm": 6.1159365082688444, "basin": "JUCAR", "cap_mcm": 69.2, "catch_skm": 494.0, "category": "A", "comment": "HASTA AÑO 11/12 EL CODIGO ERA 8036. DATOS DE 2002-03 A 2004-05, 2008-09, 2009-10 Y 2011-12 Y ENTRADAS EN REVISION       ", "dam_elev_masl": 159.0, "dam_hgt_m": 46.0, "dam_len_m": 704.0, "dam_type": "Gravity dam: vibrated concrete", "dis_avg_mcm": 74.0, "elev_masl": 155.0, "end": 2021.0, "estate": "Comunitat Valenciana", "id_basin": 8109.0, "id_gdw": 4258.0, "id_idr_dam": 2324.0, "id_idr_res": 314.0, "id_municipality": 46049.0, "id_saih": "70000000000.0", "id_sheet": 795.0, "lat_wgs84": 38.5622, "lon_wgs84": -0.2841, "main_use": "Water supply", "municipality": "Bellús", "mwl_elev_masl": 160.1, "name": "Bellus", "operator": "JUAN FULLANA MONTORO", "outlet_cms": 640.0, "owner": "ESTADO", "owner_type": "Estado\nEstado", "province": "Valencia", "reservoir_type": "Dam reservoir", "river": "Albaida", "river_elev_masl": 43.0, "sheet": "JÁTIVA (795)", "spillway_cms": null, "start": 1998.0, "system": "JÚCAR", "timeline": "In operation", "use_elec": false, "use_fcon": true, "use_fish": true, "use_ind": false, "use_irri": false, "use_live": false, "use_mine": false, "use_navi": true, "use_othr": false, "use_pcon": true, "use_recr": true, "use_supp": true, "users": "-\n-", "x_etrs89": "718581", "y_etrs89": "4313091", "years_annual": 25.0, "years_monthly": 26.0, "level": 0, "storage": 1, "outflow": 1, "inflow": 1, "years_daily": 23, "dod_m": 0.14008097165991903, "dor_d": 617.0 }, "geometry": { "type": "Point", "coordinates": [ -0.478047706604256, 38.939532450019662 ] } },
{ "type": "Feature", "properties": { "id": 8033, "active": 1, "administration": "C.H. JÚCAR", "area_skm": 0.6763805549005576, "basin": "JUCAR", "cap_mcm": 6.3, "catch_skm": 781.0, "category": "A", "comment": "HASTA EL AÑO 2011/12 EL CODIGO ERA 8057. LOS DATOS DE 2004-05 Y 2013-14 SUJETOS A REVISION. ENTRADAS EN REVISION        ", "dam_elev_masl": 217.0, "dam_hgt_m": null, "dam_len_m": 484.42, "dam_type": "Mixed/Composite dam", "dis_avg_mcm": 46.2, "elev_masl": 207.0, "end": 2021.0, "estate": "Comunitat Valenciana", "id_basin": 8168.0, "id_gdw": null, "id_idr_dam": 2307.0, "id_idr_res": 94.0, "id_municipality": 46028.0, "id_saih": "0.0", "id_sheet": 668.0, "lat_wgs84": 39.4717, "lon_wgs84": -0.2235, "main_use": "Water supply", "municipality": "Algar de Palancia", "mwl_elev_masl": null, "name": "Algar", "operator": "JUAN FULLANA", "outlet_cms": 190.0, "owner": "ESTADO", "owner_type": "Estado\nEstado", "province": "Valencia", "reservoir_type": "Dam reservoir", "river": "Palancia", "river_elev_masl": 49.0, "sheet": "SAGUNTO (668)", "spillway_cms": null, "start": 2006.0, "system": "PALANCIA Y LOS VALLES", "timeline": "In operation", "use_elec": false, "use_fcon": true, "use_fish": true, "use_ind": false, "use_irri": false, "use_live": false, "use_mine": false, "use_navi": true, "use_othr": false, "use_pcon": true, "use_recr": true, "use_supp": true, "users": "ACEQUIA MAYOR DE SAGUNTO Y OTROS\nRIEGO ACEQUÍA MAYOR DE SAGUNTO Y OTROS", "x_etrs89": "724649", "y_etrs89": "4407519", "years_annual": 17.0, "years_monthly": 17.0, "level": 0, "storage": 1, "outflow": 1, "inflow": 1, "years_daily": 15, "dod_m": 0.008066581306017926, "dor_d": 194.0 }, "geometry": { "type": "Point", "coordinates": [ -0.376471743264022, 39.787987355089598 ] } },
{ "type": "Feature", "properties": { "id": 8036, "active": 1, "administration": "C.H. JÚCAR", "area_skm": 0.11584751911727691, "basin": "JUCAR", "cap_mcm": 1.13, "catch_skm": 21.0, "category": "A", "comment": "DATOS DE 2013-14 PROVISIONALES SUJETOS A REVISION. ENTRADAS EN REVISION                                                 ", "dam_elev_masl": 1125.8, "dam_hgt_m": null, "dam_len_m": 218.0, "dam_type": "Mixed/Composite dam", "dis_avg_mcm": 0.0, "elev_masl": 1122.0, "end": 2021.0, "estate": "Aragón", "id_basin": 8179.0, "id_gdw": null, "id_idr_dam": 2297.0, "id_idr_res": 1465.0, "id_municipality": 44158.0, "id_saih": null, "id_sheet": 591.0, "lat_wgs84": 40.1648, "lon_wgs84": -0.4436, "main_use": "Water supply", "municipality": "Mora de Rubielos", "mwl_elev_masl": null, "name": "Mora De Rubielos", "operator": "J. FERNANDO SOLANES PARDO", "outlet_cms": 15.28, "owner": "Estado", "owner_type": "Estado\nEstado", "province": "Teruel", "reservoir_type": "Dam reservoir", "river": "Barranco De Las Tosquillas", "river_elev_masl": 35.0, "sheet": "Mora de Rubielos (591)", "spillway_cms": null, "start": 2013.0, "system": null, "timeline": "Initial impoundment", "use_elec": false, "use_fcon": true, "use_fish": true, "use_ind": false, "use_irri": false, "use_live": false, "use_mine": false, "use_navi": true, "use_othr": false, "use_pcon": true, "use_recr": true, "use_supp": true, "users": "-\n-", "x_etrs89": "691857", "y_etrs89": "4461284", "years_annual": 9.0, "years_monthly": 9.0, "level": 0, "storage": 1, "outflow": 1, "inflow": 1, "years_daily": 8, "dod_m": 0.053809523809523807, "dor_d": 313.0 }, "geometry": { "type": "Point", "coordinates": [ -0.743220463049753, 40.280046993886998 ] } },
{ "type": "Feature", "properties": { "id": 9001, "active": 1, "administration": "Administración Autonómica", "area_skm": 3.862854759708227, "basin": "CATALUNYA", "cap_mcm": 61.1, "catch_skm": 182.0, "category": "A", "comment": null, "dam_elev_masl": 160.0, "dam_hgt_m": 63.0, "dam_len_m": 250.0, "dam_type": "Gravity dam: vibrated concrete", "dis_avg_mcm": 64.3, "elev_masl": 158.2, "end": 2006.0, "estate": "Cataluña", "id_basin": null, "id_gdw": 4005.0, "id_idr_dam": 2898.0, "id_idr_res": 351.0, "id_municipality": null, "id_saih": "E01", "id_sheet": null, "lat_wgs84": 2.8332251649550702, "lon_wgs84": 2.8332251649550702, "main_use": "Water supply", "municipality": null, "mwl_elev_masl": null, "name": "DARNIUS BOADELLA", "operator": "JUAN ANTONIO TORNER PERALTA", "outlet_cms": 85.0, "owner": "GENERALITAT DE CATALUÑA\nAGENCIA CATALANA DEL AGUA", "owner_type": "Comunidades Autónomas\nComunidades Autónomas", "province": "Girona", "reservoir_type": "Dam reservoir", "river": "LA MUGA", "river_elev_masl": 63.0, "sheet": null, "spillway_cms": 1057.0, "start": 1980.0, "system": "LA MUGA", "timeline": null, "use_elec": false, "use_fcon": true, "use_fish": true, "use_ind": false, "use_irri": false, "use_live": true, "use_mine": false, "use_navi": true, "use_othr": false, "use_pcon": true, "use_recr": true, "use_supp": true, "users": "-\n-\n-", "x_etrs89": "486262", "y_etrs89": "4687606", "years_annual": null, "years_monthly": null, "level": 1, "storage": 1, "outflow": 0, "inflow": 0, "years_daily": 26, "dod_m": 0.33571428571428574, "dor_d": null }, "geometry": { "type": "Point", "coordinates": [ 2.83322516495507, 42.340588781962147 ] } },
{ "type": "Feature", "properties": { "id": 9006, "active": 1, "administration": "Administración Autonómica", "area_skm": 3.2870404062243921, "basin": "CATALUNYA", "cap_mcm": 165.3, "catch_skm": 1522.0, "category": "A", "comment": null, "dam_elev_masl": 426.5, "dam_hgt_m": 84.0, "dam_len_m": 260.0, "dam_type": "Arch-gravity dam", "dis_avg_mcm": 570.0, "elev_masl": 422.2, "end": 2006.0, "estate": "Cataluña", "id_basin": null, "id_gdw": 4046.0, "id_idr_dam": 2888.0, "id_idr_res": 2109.0, "id_municipality": null, "id_saih": "E06", "id_sheet": null, "lat_wgs84": 2.4135540590125846, "lon_wgs84": 2.4135540590125846, "main_use": "Water supply", "municipality": null, "mwl_elev_masl": null, "name": "SAU", "operator": "JUAN ANTONIO TORNER PERALTA", "outlet_cms": 108.7, "owner": "GENERALITAT DE CATALUÑA\nAGENCIA CATALANA DEL AGUA", "owner_type": "Comunidades Autónomas\nComunidades Autónomas", "province": "Barcelona", "reservoir_type": "Dam reservoir", "river": "RIU TER", "river_elev_masl": 83.0, "sheet": null, "spillway_cms": 2602.0, "start": 1980.0, "system": "EL TER", "timeline": "In operation", "use_elec": true, "use_fcon": true, "use_fish": true, "use_ind": false, "use_irri": false, "use_live": true, "use_mine": false, "use_navi": true, "use_othr": false, "use_pcon": true, "use_recr": true, "use_supp": true, "users": "-\n-\n-\n-", "x_etrs89": "451408", "y_etrs89": "4646459", "years_annual": null, "years_monthly": null, "level": 1, "storage": 1, "outflow": 0, "inflow": 0, "years_daily": 26, "dod_m": 0.10860709592641263, "dor_d": null }, "geometry": { "type": "Point", "coordinates": [ 2.413554059012585, 41.96862495561637 ] } },
{ "type": "Feature", "properties": { "id": 9007, "active": 1, "administration": "Administración Autonómica", "area_skm": 5.544141195127013, "basin": "CATALUNYA", "cap_mcm": 233.0, "catch_skm": 1773.4, "category": "A", "comment": null, "dam_elev_masl": 357.0, "dam_hgt_m": 135.0, "dam_len_m": 500.7, "dam_type": "Arch dam", "dis_avg_mcm": 0.0, "elev_masl": 351.0, "end": 2006.0, "estate": "Cataluña", "id_basin": null, "id_gdw": 4043.0, "id_idr_dam": 2908.0, "id_idr_res": 2180.0, "id_municipality": null, "id_saih": "E07", "id_sheet": null, "lat_wgs84": 2.5273574567266293, "lon_wgs84": 2.5273574567266293, "main_use": "Water supply", "municipality": null, "mwl_elev_masl": null, "name": "SUSQUEDA", "operator": "ARTURO REBOLLO ALONSO", "outlet_cms": 250.0, "owner": "ENDESA GENERACION S.A.", "owner_type": "Privado", "province": "Barcelona\nGirona", "reservoir_type": "Dam reservoir", "river": "RIU TER", "river_elev_masl": 135.0, "sheet": null, "spillway_cms": 4000.0, "start": 1980.0, "system": "EL TER", "timeline": "In operation", "use_elec": true, "use_fcon": true, "use_fish": true, "use_ind": false, "use_irri": false, "use_live": true, "use_mine": false, "use_navi": true, "use_othr": false, "use_pcon": true, "use_recr": true, "use_supp": true, "users": "-\n-\n-\n-", "x_etrs89": "460844", "y_etrs89": "4647561", "years_annual": null, "years_monthly": null, "level": 1, "storage": 1, "outflow": 0, "inflow": 0, "years_daily": 26, "dod_m": 0.1313860381188677, "dor_d": null }, "geometry": { "type": "Point", "coordinates": [ 2.527357456726629, 41.979075236736008 ] } },
{ "type": "Feature", "properties": { "id": 9008, "active": 1, "administration": "Administración Autonómica", "area_skm": 0.26256434941604134, "basin": "CATALUNYA", "cap_mcm": 1.43, "catch_skm": 23.0, "category": "A", "comment": null, "dam_elev_masl": 194.2, "dam_hgt_m": null, "dam_len_m": 150.0, "dam_type": "Gravity dam: vibrated concrete", "dis_avg_mcm": 0.0, "elev_masl": 189.0, "end": 2021.0, "estate": "Cataluña", "id_basin": null, "id_gdw": null, "id_idr_dam": 2909.0, "id_idr_res": 1628.0, "id_municipality": null, "id_saih": "E08", "id_sheet": null, "lat_wgs84": 2.6014141884239841, "lon_wgs84": 2.6014141884239841, "main_use": "Water supply", "municipality": null, "mwl_elev_masl": null, "name": "PASTERAL", "operator": "JOSE MIGUEL DEL CORRAL BELTRÁN", "outlet_cms": 100.0, "owner": "ENDESA GENERACION S.A.", "owner_type": "Privado", "province": "Girona", "reservoir_type": "Dam reservoir", "river": "RIU TER", "river_elev_masl": 33.0, "sheet": null, "spillway_cms": 3414.0, "start": 2015.0, "system": "EL TER", "timeline": null, "use_elec": false, "use_fcon": true, "use_fish": true, "use_ind": false, "use_irri": false, "use_live": true, "use_mine": false, "use_navi": true, "use_othr": false, "use_pcon": true, "use_recr": true, "use_supp": true, "users": "-\n-\n-", "x_etrs89": "466982", "y_etrs89": "4648125", "years_annual": null, "years_monthly": null, "level": 1, "storage": 1, "outflow": 0, "inflow": 0, "years_daily": 6, "dod_m": 0.06217391304347826, "dor_d": null }, "geometry": { "type": "Point", "coordinates": [ 2.601414188423984, 41.984436007801463 ] } },
{ "type": "Feature", "properties": { "id": 9012, "active": 1, "administration": "Administración Autonómica", "area_skm": 3.3522868981891545, "basin": "CATALUNYA", "cap_mcm": 80.0, "catch_skm": 196.0, "category": "A", "comment": null, "dam_elev_masl": 810.3, "dam_hgt_m": null, "dam_len_m": 326.0, "dam_type": "Arch dam", "dis_avg_mcm": 76.0, "elev_masl": 806.0, "end": 2021.0, "estate": "Cataluña", "id_basin": null, "id_gdw": 35790.0, "id_idr_dam": 2912.0, "id_idr_res": 1272.0, "id_municipality": null, "id_saih": "E12", "id_sheet": null, "lat_wgs84": 1.5828582701078731, "lon_wgs84": 1.5828582701078731, "main_use": "Water supply", "municipality": null, "mwl_elev_masl": null, "name": "LA LLOSA DEL CAVALL", "operator": null, "outlet_cms": 137.5, "owner": "GENERALITAT DE CATALUÑA\nAGENCIA CATALANA DEL AGUA", "owner_type": "Comunidades Autónomas\nComunidades Autónomas", "province": "Lleida", "reservoir_type": "Dam reservoir", "river": "RIU CARDENER", "river_elev_masl": 122.3, "sheet": null, "spillway_cms": 910.0, "start": 2008.0, "system": "EL LLOBREGAT", "timeline": "In operation", "use_elec": false, "use_fcon": true, "use_fish": true, "use_ind": false, "use_irri": false, "use_live": false, "use_mine": false, "use_navi": true, "use_othr": false, "use_pcon": true, "use_recr": true, "use_supp": true, "users": "-\n-", "x_etrs89": "382818", "y_etrs89": "4661827", "years_annual": null, "years_monthly": null, "level": 1, "storage": 1, "outflow": 0, "inflow": 0, "years_daily": 13, "dod_m": 0.40816326530612246, "dor_d": null }, "geometry": { "type": "Point", "coordinates": [ 1.582858270107873, 42.09978496885698 ] } },
{ "type": "Feature", "properties": { "id": 9013, "active": 1, "administration": "Administración Autonómica", "area_skm": 1.322312529581595, "basin": "CATALUNYA", "cap_mcm": 24.4, "catch_skm": 317.5, "category": "A", "comment": null, "dam_elev_masl": 531.5, "dam_hgt_m": 60.0, "dam_len_m": 311.0, "dam_type": "Gravity dam: vibrated concrete", "dis_avg_mcm": 435.0, "elev_masl": 530.0, "end": 2006.0, "estate": "Cataluña", "id_basin": null, "id_gdw": 5989.0, "id_idr_dam": 2911.0, "id_idr_res": 2044.0, "id_municipality": null, "id_saih": "E13", "id_sheet": null, "lat_wgs84": 1.605613258279063, "lon_wgs84": 1.605613258279063, "main_use": "Water supply", "municipality": null, "mwl_elev_masl": null, "name": "SANT PONÇ", "operator": "LUÍS CALONGE CIRIANO", "outlet_cms": 85.46, "owner": "GENERALITAT DE CATALUÑA\nAGENCIA CATALANA DEL AGUA", "owner_type": "Comunidades Autónomas\nComunidades Autónomas", "province": "Lleida", "reservoir_type": "Dam reservoir", "river": "RIU CARDENER", "river_elev_masl": 59.5, "sheet": null, "spillway_cms": 739.9, "start": 1980.0, "system": "EL LLOBREGAT", "timeline": "In operation", "use_elec": false, "use_fcon": true, "use_fish": true, "use_ind": false, "use_irri": false, "use_live": true, "use_mine": false, "use_navi": true, "use_othr": false, "use_pcon": true, "use_recr": true, "use_supp": true, "users": "-\n-\n-", "x_etrs89": "384452", "y_etrs89": "4646602", "years_annual": null, "years_monthly": null, "level": 1, "storage": 1, "outflow": 0, "inflow": 0, "years_daily": 26, "dod_m": 0.076850393700787403, "dor_d": null }, "geometry": { "type": "Point", "coordinates": [ 1.605613258279063, 41.962942292589204 ] } },
{ "type": "Feature", "properties": { "id": 9014, "active": 1, "administration": "Administración Autonómica", "area_skm": 3.3446132522352783, "basin": "CATALUNYA", "cap_mcm": 109.4, "catch_skm": 355.0, "category": "A", "comment": null, "dam_elev_masl": 632.35, "dam_hgt_m": 102.0, "dam_len_m": 302.38, "dam_type": "Arch dam", "dis_avg_mcm": 211.0, "elev_masl": 622.0, "end": 2006.0, "estate": "Cataluña", "id_basin": null, "id_gdw": 4032.0, "id_idr_dam": 2891.0, "id_idr_res": 234.0, "id_municipality": null, "id_saih": "E14", "id_sheet": null, "lat_wgs84": 1.8785595555258419, "lon_wgs84": 1.8785595555258419, "main_use": "Water supply", "municipality": null, "mwl_elev_masl": null, "name": "LA BAELLS", "operator": null, "outlet_cms": null, "owner": "GENERALITAT DE CATALUÑA\nAGENCIA CATALANA DEL AGUA", "owner_type": "Comunidades Autónomas\nComunidades Autónomas", "province": "Barcelona", "reservoir_type": "Dam reservoir", "river": "EL LLOBREGAT", "river_elev_masl": 102.35, "sheet": null, "spillway_cms": null, "start": 1980.0, "system": "EL LLOBREGAT", "timeline": "In operation", "use_elec": true, "use_fcon": true, "use_fish": true, "use_ind": false, "use_irri": false, "use_live": true, "use_mine": false, "use_navi": true, "use_othr": false, "use_pcon": true, "use_recr": true, "use_supp": true, "users": "-\n-\n-\n-", "x_etrs89": "407302", "y_etrs89": "4663932", "years_annual": null, "years_monthly": null, "level": 1, "storage": 1, "outflow": 0, "inflow": 0, "years_daily": 26, "dod_m": 0.30816901408450703, "dor_d": null }, "geometry": { "type": "Point", "coordinates": [ 1.878559555525842, 42.122014524246055 ] } },
{ "type": "Feature", "properties": { "id": 9016, "active": 1, "administration": "Administración Autonómica", "area_skm": 0.65961984643299443, "basin": "CATALUNYA", "cap_mcm": 3.7, "catch_skm": 290.0, "category": "A", "comment": null, "dam_elev_masl": 102.0, "dam_hgt_m": null, "dam_len_m": 190.8, "dam_type": "Masonry dam", "dis_avg_mcm": 9.0, "elev_masl": 100.5, "end": 2006.0, "estate": "Cataluña", "id_basin": null, "id_gdw": 16108.0, "id_idr_dam": 2887.0, "id_idr_res": 930.0, "id_municipality": null, "id_saih": "E16", "id_sheet": null, "lat_wgs84": 1.6510346579203101, "lon_wgs84": 1.6510346579203101, "main_use": "Water supply", "municipality": null, "mwl_elev_masl": null, "name": "FOIX", "operator": "LUÍS CALONGE CIRIANO", "outlet_cms": null, "owner": "GENERALITAT DE CATALUÑA\nAGENCIA CATALANA DEL AGUA", "owner_type": "Comunidades Autónomas\nComunidades Autónomas", "province": "Barcelona", "reservoir_type": "Dam reservoir", "river": "EL FOIX", "river_elev_masl": 38.0, "sheet": null, "spillway_cms": 1044.0, "start": 1980.0, "system": "EL FOIX", "timeline": "In operation", "use_elec": false, "use_fcon": true, "use_fish": true, "use_ind": false, "use_irri": false, "use_live": false, "use_mine": false, "use_navi": true, "use_othr": false, "use_pcon": true, "use_recr": true, "use_supp": true, "users": "-\n-", "x_etrs89": "386988", "y_etrs89": "4568011", "years_annual": null, "years_monthly": null, "level": 1, "storage": 1, "outflow": 0, "inflow": 0, "years_daily": 26, "dod_m": 0.012758620689655173, "dor_d": null }, "geometry": { "type": "Point", "coordinates": [ 1.65103465792031, 41.255617318477981 ] } },
{ "type": "Feature", "properties": { "id": 9017, "active": 1, "administration": "Administración Autonómica", "area_skm": 2.873568291325439, "basin": "CATALUNYA", "cap_mcm": 59.4, "catch_skm": 370.0, "category": "A", "comment": null, "dam_elev_masl": 131.0, "dam_hgt_m": null, "dam_len_m": 385.0, "dam_type": "Embankment dam: zonified", "dis_avg_mcm": 0.0, "elev_masl": 128.0, "end": 2006.0, "estate": "Cataluña", "id_basin": null, "id_gdw": null, "id_idr_dam": 2916.0, "id_idr_res": 971.0, "id_municipality": null, "id_saih": "E17", "id_sheet": null, "lat_wgs84": 1.3278891949473641, "lon_wgs84": 1.3278891949473641, "main_use": "Water supply", "municipality": null, "mwl_elev_masl": null, "name": "GAIÀ", "operator": "BENITO MARIÑAS", "outlet_cms": 16372.0, "owner": "REPSOL, S.A", "owner_type": "Privado", "province": "Tarragona", "reservoir_type": "Dam reservoir", "river": "EL GAIÀ", "river_elev_masl": 79.0, "sheet": null, "spillway_cms": null, "start": 1997.0, "system": "EL GAIÀ", "timeline": null, "use_elec": false, "use_fcon": true, "use_fish": true, "use_ind": false, "use_irri": false, "use_live": true, "use_mine": false, "use_navi": true, "use_othr": false, "use_pcon": true, "use_recr": true, "use_supp": true, "users": "-\n-\n-", "x_etrs89": "359786", "y_etrs89": "4561777", "years_annual": null, "years_monthly": null, "level": 1, "storage": 1, "outflow": 0, "inflow": 0, "years_daily": 9, "dod_m": 0.16054054054054054, "dor_d": null }, "geometry": { "type": "Point", "coordinates": [ 1.327889194947364, 41.195224935256221 ] } },
{ "type": "Feature", "properties": { "id": 9019, "active": 1, "administration": "Administración Autonómica", "area_skm": 0.24159198622286357, "basin": "CATALUNYA", "cap_mcm": 5.3, "catch_skm": 27.8, "category": "A", "comment": null, "dam_elev_masl": 220.5, "dam_hgt_m": null, "dam_len_m": 234.8, "dam_type": "Masonry dam", "dis_avg_mcm": 0.0, "elev_masl": 219.5, "end": 2006.0, "estate": "Cataluña", "id_basin": null, "id_gdw": 16113.0, "id_idr_dam": 2918.0, "id_idr_res": 1931.0, "id_municipality": null, "id_saih": "E19", "id_sheet": null, "lat_wgs84": 0.96027044433299691, "lon_wgs84": 0.96027044433299691, "main_use": "Water supply", "municipality": null, "mwl_elev_masl": null, "name": "RIUDECANYES", "operator": null, "outlet_cms": 41.7, "owner": "COMUNITAT DE REGANTS DEL PANTA DE RIUDECANYES", "owner_type": "Privado", "province": "Tarragona", "reservoir_type": "Dam reservoir", "river": "RIERA DE RIUDECANYES", "river_elev_masl": 51.0, "sheet": null, "spillway_cms": null, "start": 1980.0, "system": "RIERA DE RIUDECANYES", "timeline": "In operation", "use_elec": false, "use_fcon": true, "use_fish": true, "use_ind": false, "use_irri": false, "use_live": false, "use_mine": false, "use_navi": true, "use_othr": false, "use_pcon": true, "use_recr": true, "use_supp": true, "users": "-\n-", "x_etrs89": "328801", "y_etrs89": "4555741", "years_annual": null, "years_monthly": null, "level": 1, "storage": 1, "outflow": 0, "inflow": 0, "years_daily": 26, "dod_m": 0.19064748201438847, "dor_d": null }, "geometry": { "type": "Point", "coordinates": [ 0.960270444332997, 41.134931353577123 ] } },
{ "type": "Feature", "properties": { "id": 9801, "active": 1, "administration": "C.H. EBRO", "area_skm": 58.171580396905554, "basin": "EBRO", "cap_mcm": 541.0, "catch_skm": 466.0, "category": "A", "comment": "LOS DATOS DE 2001-02 A 2004-05 SON PROVISIONALES SUJETOS A REVISION                                                     ", "dam_elev_masl": 840.0, "dam_hgt_m": 34.0, "dam_len_m": 216.0, "dam_type": "Masonry dam", "dis_avg_mcm": 300.0, "elev_masl": 839.0, "end": 2021.0, "estate": "Cantabria", "id_basin": 9007.0, "id_gdw": 1407.0, "id_idr_dam": 2756.0, "id_idr_res": 843.0, "id_municipality": 39065.0, "id_saih": "E001", "id_sheet": 108.0, "lat_wgs84": 42.5811, "lon_wgs84": -4.0306, "main_use": "Water supply", "municipality": "Las Rozas de Valdearroyo", "mwl_elev_masl": 839.0, "name": "Ebro", "operator": "ALFONSO PEREZ PASCUAL", "outlet_cms": 108.15, "owner": "ESTADO", "owner_type": "Estado\nEstado", "province": "Cantabria", "reservoir_type": "Dam reservoir", "river": "Ebro", "river_elev_masl": 34.14, "sheet": "LAS ROZAS (108)", "spillway_cms": null, "start": 1980.0, "system": "EBRO ALTO - MEDIO Y ARAGÓN", "timeline": "In operation", "use_elec": false, "use_fcon": true, "use_fish": true, "use_ind": false, "use_irri": false, "use_live": true, "use_mine": false, "use_navi": true, "use_othr": false, "use_pcon": true, "use_recr": true, "use_supp": true, "users": "Canales de Lodosa, Tauste, Imperial Aragón y Otros\nCanales de Lodosa, Tauste, Imperial Aragón y Otros\nCanales de Lodosa, Taus", "x_etrs89": "414238", "y_etrs89": "4758005", "years_annual": 64.0, "years_monthly": 75.0, "level": 0, "storage": 1, "outflow": 1, "inflow": 1, "years_daily": 41, "dod_m": 1.1609442060085837, "dor_d": 601.0 }, "geometry": { "type": "Point", "coordinates": [ -4.051668580113262, 42.96986605361618 ] } },
{ "type": "Feature", "properties": { "id": 9802, "active": 1, "administration": "C.H. EBRO", "area_skm": 0.75999237934064767, "basin": "EBRO", "cap_mcm": 11.0, "catch_skm": 82300.0, "category": "C", "comment": "LOS DATOS DE 2006-07 Y 2007-08 ESTAN PENDIENTES DE REVISION                                                             ", "dam_elev_masl": 44.5, "dam_hgt_m": 26.0, "dam_len_m": 399.5, "dam_type": "Gravity dam: vibrated concrete", "dis_avg_mcm": 9011.0, "elev_masl": 41.1, "end": 1994.0, "estate": "Cataluña", "id_basin": 9648.0, "id_gdw": 4095.0, "id_idr_dam": 2773.0, "id_idr_res": 923.0, "id_municipality": 43060.0, "id_saih": "E002", "id_sheet": 444.0, "lat_wgs84": 41.136, "lon_wgs84": 0.3259, "main_use": "Water supply", "municipality": "Flix", "mwl_elev_masl": 42.6, "name": "Flix", "operator": null, "outlet_cms": null, "owner": "ENDESA", "owner_type": "Privado", "province": "Tarragona", "reservoir_type": "Dam reservoir", "river": "Ebro", "river_elev_masl": 26.3, "sheet": "FLIX (444)", "spillway_cms": null, "start": 1980.0, "system": "BAJO EBRO", "timeline": "In operation", "use_elec": false, "use_fcon": true, "use_fish": true, "use_ind": false, "use_irri": false, "use_live": true, "use_mine": false, "use_navi": true, "use_othr": false, "use_pcon": true, "use_recr": true, "use_supp": true, "users": "FECSA\n-\n-", "x_etrs89": "797499", "y_etrs89": "4570738", "years_annual": 60.0, "years_monthly": 70.0, "level": 0, "storage": 1, "outflow": 1, "inflow": 1, "years_daily": 14, "dod_m": 0.0001336573511543135, "dor_d": 0.0 }, "geometry": { "type": "Point", "coordinates": [ 0.54962628387552, 41.233332322419997 ] } },
{ "type": "Feature", "properties": { "id": 9803, "active": 1, "administration": "C.H. EBRO", "area_skm": 66.38932049772805, "basin": "EBRO", "cap_mcm": 1534.0, "catch_skm": 55000.0, "category": "A", "comment": "LOS DATOS DE 2001-02 A 2005-06, 2007-08, 2009-10 Y 2012-13 SON PROVISIONALES SUJETOS A REVISION                         ", "dam_elev_masl": 124.5, "dam_hgt_m": 81.0, "dam_len_m": 461.0, "dam_type": "Gravity dam: vibrated concrete", "dis_avg_mcm": 8692.0, "elev_masl": 121.0, "end": 2021.0, "estate": "Aragón", "id_basin": 9378.0, "id_gdw": 1456.0, "id_idr_dam": 2841.0, "id_idr_res": 1378.0, "id_municipality": 50095.0, "id_saih": "E003", "id_sheet": 415.0, "lat_wgs84": 41.2281, "lon_wgs84": 0.1628, "main_use": "Hydroelectricity", "municipality": "Ejea de los Caballeros", "mwl_elev_masl": 121.0, "name": "Mequinenza", "operator": "JOSE MIGUEL DEL CORRAL BELTRÁN", "outlet_cms": 1920.0, "owner": "ENDESA", "owner_type": "Privado\nPrivado\nPrivado", "province": "Zaragoza", "reservoir_type": "Dam reservoir", "river": "Ebro", "river_elev_masl": 79.0, "sheet": "MEQUINENZA (415)", "spillway_cms": 12800.0, "start": 1980.0, "system": "BAJO EBRO", "timeline": null, "use_elec": true, "use_fcon": true, "use_fish": true, "use_ind": false, "use_irri": false, "use_live": false, "use_mine": false, "use_navi": true, "use_othr": false, "use_pcon": true, "use_recr": true, "use_supp": false, "users": "ENHER\n-", "x_etrs89": "773881", "y_etrs89": "4584898", "years_annual": 58.0, "years_monthly": 58.0, "level": 0, "storage": 1, "outflow": 1, "inflow": 1, "years_daily": 41, "dod_m": 0.027890909090909091, "dor_d": 88.0 }, "geometry": { "type": "Point", "coordinates": [ 0.274656397045842, 41.369012921675193 ] } },
{ "type": "Feature", "properties": { "id": 9804, "active": 1, "administration": "C.H. EBRO", "area_skm": 16.548038746077879, "basin": "EBRO", "cap_mcm": 210.0, "catch_skm": 80823.0, "category": "A", "comment": "LOS DATOS DE 2001-02 A 2003-04. 2005-06 2007-08, 2009-10, 2010-11 Y 2012-13 SON PROVISIONALES SUJETOS A REVISION        ", "dam_elev_masl": 76.0, "dam_hgt_m": 60.0, "dam_len_m": 362.4, "dam_type": "Gravity dam: vibrated concrete", "dis_avg_mcm": 14537.81, "elev_masl": 70.0, "end": 2021.0, "estate": "Cataluña", "id_basin": 9648.0, "id_gdw": 1461.0, "id_idr_dam": 2769.0, "id_idr_res": 1902.0, "id_municipality": 43125.0, "id_saih": "E004", "id_sheet": 443.0, "lat_wgs84": 41.1436, "lon_wgs84": 0.2556, "main_use": "Water supply", "municipality": "Ribaroja de Ebro", "mwl_elev_masl": null, "name": "Ribarroja", "operator": "JOSE MIGUEL DEL CORRAL BELTRÁN", "outlet_cms": 2908.0, "owner": "ENDESA", "owner_type": "Privado\nPrivado\nPrivado", "province": "Tarragona", "reservoir_type": "Dam reservoir", "river": "Ebro", "river_elev_masl": 60.0, "sheet": "FABARA (443)", "spillway_cms": 15278.0, "start": 1998.0, "system": "BAJO EBRO", "timeline": "In operation", "use_elec": true, "use_fcon": true, "use_fish": true, "use_ind": false, "use_irri": false, "use_live": false, "use_mine": false, "use_navi": true, "use_othr": false, "use_pcon": true, "use_recr": true, "use_supp": true, "users": "FAYON Y ESTACION FERROCARRIL\nVARIOS\nENDESA GENERACION", "x_etrs89": "787621", "y_etrs89": "4571451", "years_annual": 54.0, "years_monthly": 54.0, "level": 0, "storage": 1, "outflow": 1, "inflow": 1, "years_daily": 23, "dod_m": 0.0025982702943469064, "dor_d": 8.0 }, "geometry": { "type": "Point", "coordinates": [ 0.432308124855189, 41.243314559221332 ] } },
{ "type": "Feature", "properties": { "id": 9805, "active": 1, "administration": "C.H. EBRO", "area_skm": 1.8829238189654631, "basin": "EBRO", "cap_mcm": 20.0, "catch_skm": 4774.0, "category": "A", "comment": "LOS DATOS DE 2001-02 A 2007-08 SON PROVISIONALES SUJETOS A REVISION                                                     ", "dam_elev_masl": 512.8, "dam_hgt_m": null, "dam_len_m": 203.75, "dam_type": "Gravity dam: vibrated concrete", "dis_avg_mcm": 1467.0, "elev_masl": 511.0, "end": 2011.0, "estate": "País Vasco", "id_basin": 9045.0, "id_gdw": 16007.0, "id_idr_dam": 2400.0, "id_idr_res": 2153.0, "id_municipality": 9054.0, "id_saih": "E005", "id_sheet": 137.0, "lat_wgs84": 42.4602, "lon_wgs84": -3.0602, "main_use": "Water supply", "municipality": "Bozoó", "mwl_elev_masl": 511.5, "name": "Sobron", "operator": "JUAN CARLOS ELIPE SALMADOR", "outlet_cms": 548.4, "owner": "IBERDROLA", "owner_type": "Privado", "province": "Burgos", "reservoir_type": "Dam reservoir", "river": "Ebro", "river_elev_masl": 39.3, "sheet": "MIRANDA DE EBRO (137)", "spillway_cms": null, "start": 2000.0, "system": "EBRO ALTO - MEDIO Y ARAGÓN", "timeline": "In operation", "use_elec": false, "use_fcon": false, "use_fish": true, "use_ind": false, "use_irri": false, "use_live": false, "use_mine": false, "use_navi": true, "use_othr": false, "use_pcon": true, "use_recr": true, "use_supp": true, "users": "IBERDROLA", "x_etrs89": "491790", "y_etrs89": "4734982", "years_annual": 26.0, "years_monthly": 27.0, "level": 0, "storage": 1, "outflow": 1, "inflow": 1, "years_daily": 11, "dod_m": 0.0041893590280687055, "dor_d": 6.0 }, "geometry": { "type": "Point", "coordinates": [ -3.10034806097097, 42.767324622821683 ] } },
{ "type": "Feature", "properties": { "id": 9806, "active": 1, "administration": "C.H. EBRO", "area_skm": 1.6157922265378881, "basin": "EBRO", "cap_mcm": 36.3, "catch_skm": 98.0, "category": "A", "comment": "LOS DATOS DE 2002-03, 2004-05, 2006-07, 2007-08, 2009-10 Y 2010-11 SON PROVISIONALES SUJETOS A REVISION                 ", "dam_elev_masl": 1233.0, "dam_hgt_m": 77.0, "dam_len_m": 511.0, "dam_type": "Embankment dam: homogeneous", "dis_avg_mcm": 54.0, "elev_masl": 1228.0, "end": 2021.0, "estate": "La Rioja", "id_basin": 9131.0, "id_gdw": 4037.0, "id_idr_dam": 2679.0, "id_idr_res": 1579.0, "id_municipality": 26091.0, "id_saih": "E006", "id_sheet": 279.0, "lat_wgs84": 42.052, "lon_wgs84": -2.3632, "main_use": "Water supply", "municipality": "Lumbreras", "mwl_elev_masl": 1230.9, "name": "Pajares", "operator": "ALFONSO PEREZ PASCUAL", "outlet_cms": 312.0, "owner": "ESTADO", "owner_type": "Estado\nEstado", "province": "La Rioja", "reservoir_type": "Dam reservoir", "river": "Piqueras", "river_elev_masl": 73.0, "sheet": "VILLOSLADA DE CAMEROS (279)", "spillway_cms": null, "start": 1996.0, "system": "IREGUA", "timeline": "In operation", "use_elec": false, "use_fcon": true, "use_fish": true, "use_ind": false, "use_irri": false, "use_live": true, "use_mine": false, "use_navi": true, "use_othr": false, "use_pcon": true, "use_recr": true, "use_supp": true, "users": "-\n-\n-", "x_etrs89": "532346", "y_etrs89": "4659731", "years_annual": 27.0, "years_monthly": 28.0, "level": 0, "storage": 1, "outflow": 1, "inflow": 1, "years_daily": 25, "dod_m": 0.37040816326530607, "dor_d": 317.0 }, "geometry": { "type": "Point", "coordinates": [ -2.608885835770358, 42.08899216434164 ] } },
{ "type": "Feature", "properties": { "id": 9807, "active": 1, "administration": "C.H. EBRO", "area_skm": 1.2995143303846497, "basin": "EBRO", "cap_mcm": 10.0, "catch_skm": 199.0, "category": "A", "comment": "LOS DATOS DE 2003-04 Y 2009-10 SON PROVISIONALES SUJETOS A REVISION                                                     ", "dam_elev_masl": 822.39, "dam_hgt_m": 12.0, "dam_len_m": 803.0, "dam_type": "Embankment dam: homogeneous", "dis_avg_mcm": 8.0, "elev_masl": 820.9, "end": 2021.0, "estate": "Castilla y León", "id_basin": 9259.0, "id_gdw": 4088.0, "id_idr_dam": 2761.0, "id_idr_res": 1445.0, "id_municipality": 42119.0, "id_saih": "E007", "id_sheet": 408.0, "lat_wgs84": 41.225, "lon_wgs84": -2.1044, "main_use": "Water supply", "municipality": "Monteagudo de las Vicarías", "mwl_elev_masl": null, "name": "Monteagudo De Las Vicarias", "operator": "HONORIO J. MORLANS MARTÍN", "outlet_cms": 7.0, "owner": "ESTADO", "owner_type": "Estado\nEstado", "province": "Soria", "reservoir_type": "Dam reservoir", "river": "Nájima", "river_elev_masl": 15.5, "sheet": "TORRIJO DE LA CAÑADA (408)", "spillway_cms": 20.0, "start": 1985.0, "system": "JALÓN", "timeline": "In operation", "use_elec": false, "use_fcon": false, "use_fish": true, "use_ind": false, "use_irri": false, "use_live": false, "use_mine": false, "use_navi": true, "use_othr": false, "use_pcon": true, "use_recr": true, "use_supp": true, "users": "COM REGANTES FUENTELMONGE, MONTEAGUDO, POZUEL, MONREAL DE ARIZA", "x_etrs89": "568669", "y_etrs89": "4581326", "years_annual": 37.0, "years_monthly": 38.0, "level": 0, "storage": 1, "outflow": 1, "inflow": 1, "years_daily": 36, "dod_m": 0.050251256281407038, "dor_d": 1267.0 }, "geometry": { "type": "Point", "coordinates": [ -2.178761070729573, 41.380527859421136 ] } },
{ "type": "Feature", "properties": { "id": 9808, "active": 1, "administration": "C.H. EBRO", "area_skm": 1.3783292344500402, "basin": "EBRO", "cap_mcm": 20.6, "catch_skm": 76.5, "category": "A", "comment": null, "dam_elev_masl": 803.5, "dam_hgt_m": 54.0, "dam_len_m": 317.5, "dam_type": "Embankment dam: zonified", "dis_avg_mcm": 13.2, "elev_masl": 799.0, "end": 2021.0, "estate": "Aragón", "id_basin": 9283.0, "id_gdw": 4078.0, "id_idr_dam": 2837.0, "id_idr_res": 1306.0, "id_municipality": 50031.0, "id_saih": "E008", "id_sheet": 381.0, "lat_wgs84": 41.3426, "lon_wgs84": -1.4537, "main_use": "Water supply", "municipality": "Aranda de Moncayo", "mwl_elev_masl": null, "name": "Maidevera", "operator": "ADOLFO GUTIERREZ NIETO", "outlet_cms": 150.72, "owner": "ESTADO", "owner_type": "Estado\nEstado", "province": "Zaragoza", "reservoir_type": "Dam reservoir", "river": "Aranda", "river_elev_masl": 53.5, "sheet": "ILLUECA (381)", "spillway_cms": null, "start": 1985.0, "system": "JALÓN", "timeline": "In operation", "use_elec": false, "use_fcon": true, "use_fish": true, "use_ind": false, "use_irri": false, "use_live": false, "use_mine": false, "use_navi": true, "use_othr": false, "use_pcon": true, "use_recr": true, "use_supp": true, "users": "ILLUECA- BREA-JARQUE-GOTOR-SESTRICA.\nVARIOS", "x_etrs89": "603349", "y_etrs89": "4603223", "years_annual": 37.0, "years_monthly": 38.0, "level": 0, "storage": 1, "outflow": 1, "inflow": 1, "years_daily": 36, "dod_m": 0.26928104575163403, "dor_d": 536.0 }, "geometry": { "type": "Point", "coordinates": [ -1.760334599102781, 41.574011953648572 ] } },
{ "type": "Feature", "properties": { "id": 9809, "active": 1, "administration": "C.H. EBRO", "area_skm": 2.5598726386370787, "basin": "EBRO", "cap_mcm": 68.0, "catch_skm": 290.0, "category": "A", "comment": "LOS DATOS DE 2005-06, 2007-08 Y 2012-13 SON PROVISIONALES SUJETOS A REVISION                                            ", "dam_elev_masl": 932.0, "dam_hgt_m": 80.0, "dam_len_m": 209.1, "dam_type": "Gravity dam: vibrated concrete", "dis_avg_mcm": 169.0, "elev_masl": 930.0, "end": 2021.0, "estate": "La Rioja", "id_basin": 9106.0, "id_gdw": 4025.0, "id_idr_dam": 2682.0, "id_idr_res": 1321.0, "id_municipality": 26093.0, "id_saih": "E009", "id_sheet": 278.0, "lat_wgs84": 42.0929, "lon_wgs84": -2.5441, "main_use": "Water supply", "municipality": "Mansilla de la Sierra", "mwl_elev_masl": 932.0, "name": "Mansilla", "operator": "ALFONSO PEREZ PASCUAL", "outlet_cms": 75.0, "owner": "ESTADO", "owner_type": "Estado\nEstado", "province": "La Rioja", "reservoir_type": "Dam reservoir", "river": "Najerilla", "river_elev_masl": 80.0, "sheet": "CANALES DE LA SIERRA (278)", "spillway_cms": 757.92, "start": 1980.0, "system": "NAJERILLA", "timeline": "In operation", "use_elec": false, "use_fcon": true, "use_fish": true, "use_ind": false, "use_irri": false, "use_live": true, "use_mine": false, "use_navi": true, "use_othr": false, "use_pcon": true, "use_recr": true, "use_supp": true, "users": "-\n-\n-", "x_etrs89": "507313", "y_etrs89": "4667332", "years_annual": 62.0, "years_monthly": 63.0, "level": 0, "storage": 1, "outflow": 1, "inflow": 1, "years_daily": 41, "dod_m": 0.23448275862068965, "dor_d": 150.0 }, "geometry": { "type": "Point", "coordinates": [ -2.911478104379736, 42.158082699737264 ] } },
{ "type": "Feature", "properties": { "id": 9811, "active": 1, "administration": "C.H. EBRO", "area_skm": 1.570025286949299, "basin": "EBRO", "cap_mcm": 33.0, "catch_skm": 40.0, "category": "A", "comment": "LOS DATOS DE 2003-04, 2005-06, 2007-08 A 2009-10 Y 2012-13 SON PROVISIONALES SUJETOS A REVISION                         ", "dam_elev_masl": 996.5, "dam_hgt_m": 71.0, "dam_len_m": 276.2, "dam_type": "Mixed/Composite dam", "dis_avg_mcm": 13.0, "elev_masl": 995.5, "end": 2021.0, "estate": "La Rioja", "id_basin": 9133.0, "id_gdw": 4022.0, "id_idr_dam": 2688.0, "id_idr_res": 1038.0, "id_municipality": 26112.0, "id_saih": "E011", "id_sheet": 241.0, "lat_wgs84": 42.1024, "lon_wgs84": -2.4025, "main_use": "Water supply", "municipality": "Ortigosa de Cameros", "mwl_elev_masl": 996.0, "name": "Gonzalez Lacasa", "operator": "ALFONSO PEREZ PASCUAL", "outlet_cms": 37.9, "owner": "ESTADO", "owner_type": "Estado\nEstado", "province": "La Rioja", "reservoir_type": "Dam reservoir", "river": "Albercos", "river_elev_masl": 70.5, "sheet": "ANGUIANO (241)", "spillway_cms": null, "start": 1995.0, "system": "IREGUA", "timeline": "In operation", "use_elec": false, "use_fcon": true, "use_fish": true, "use_ind": false, "use_irri": false, "use_live": true, "use_mine": false, "use_navi": true, "use_othr": false, "use_pcon": true, "use_recr": true, "use_supp": true, "users": "-\n-\n-", "x_etrs89": "526966", "y_etrs89": "4669081", "years_annual": 64.0, "years_monthly": 74.0, "level": 0, "storage": 1, "outflow": 1, "inflow": 1, "years_daily": 26, "dod_m": 0.825, "dor_d": 261.0 }, "geometry": { "type": "Point", "coordinates": [ -2.673505225008941, 42.173404474569423 ] } },
{ "type": "Feature", "properties": { "id": 9812, "active": 1, "administration": "C.H. EBRO", "area_skm": 5.4209879131405643, "basin": "EBRO", "cap_mcm": 84.0, "catch_skm": 1470.0, "category": "A", "comment": null, "dam_elev_masl": 687.5, "dam_hgt_m": 81.0, "dam_len_m": 227.0, "dam_type": "Gravity dam: vibrated concrete", "dis_avg_mcm": 146.0, "elev_masl": 685.5, "end": 2021.0, "estate": "Aragón", "id_basin": 9271.0, "id_gdw": 4094.0, "id_idr_dam": 2821.0, "id_idr_res": 2305.0, "id_municipality": 50072.0, "id_saih": "E012", "id_sheet": 437.0, "lat_wgs84": 41.1546, "lon_wgs84": -1.4751, "main_use": "Water supply", "municipality": "Carenas", "mwl_elev_masl": 689.3, "name": "Tranquera, La", "operator": "ADOLFO GUTIERREZ NIETO", "outlet_cms": 170.0, "owner": "ESTADO", "owner_type": "Estado\nEstado", "province": "Zaragoza", "reservoir_type": "Dam reservoir", "river": "Piedra", "river_elev_masl": 80.5, "sheet": "ATECA (437)", "spillway_cms": null, "start": 1980.0, "system": "JALÓN", "timeline": "In operation", "use_elec": false, "use_fcon": true, "use_fish": true, "use_ind": false, "use_irri": false, "use_live": false, "use_mine": false, "use_navi": true, "use_othr": false, "use_pcon": true, "use_recr": true, "use_supp": true, "users": "ATECA, CALATAYUD, ETC.\nREGADÍOS DE LA CUENCA MEDIA Y BAJA DEL JALÓN", "x_etrs89": "600738", "y_etrs89": "4568623", "years_annual": 58.0, "years_monthly": 58.0, "level": 0, "storage": 1, "outflow": 1, "inflow": 1, "years_daily": 41, "dod_m": 0.057142857142857141, "dor_d": 343.0 }, "geometry": { "type": "Point", "coordinates": [ -1.797409092149302, 41.262752106705435 ] } },
{ "type": "Feature", "properties": { "id": 9813, "active": 1, "administration": "C.H. EBRO", "area_skm": 0.31759287087198312, "basin": "EBRO", "cap_mcm": 4.0, "catch_skm": 620.0, "category": "A", "comment": null, "dam_elev_masl": 474.5, "dam_hgt_m": null, "dam_len_m": 73.5, "dam_type": "Arch-gravity dam", "dis_avg_mcm": 0.0, "elev_masl": 472.5, "end": 2021.0, "estate": "Aragón", "id_basin": 9290.0, "id_gdw": 16093.0, "id_idr_dam": 2852.0, "id_idr_res": 1386.0, "id_municipality": 50167.0, "id_saih": "E013", "id_sheet": 411.0, "lat_wgs84": 41.2526, "lon_wgs84": -1.0438, "main_use": "Water supply", "municipality": "Mezalocha", "mwl_elev_masl": null, "name": "Mezalocha", "operator": null, "outlet_cms": 30.0, "owner": "ESTADO", "owner_type": "Privado", "province": "Zaragoza", "reservoir_type": "Dam reservoir", "river": "Huerva", "river_elev_masl": 45.0, "sheet": "LONGARES (411)", "spillway_cms": null, "start": 1997.0, "system": "HUERVA", "timeline": "In operation", "use_elec": false, "use_fcon": true, "use_fish": true, "use_ind": false, "use_irri": false, "use_live": false, "use_mine": false, "use_navi": true, "use_othr": false, "use_pcon": true, "use_recr": true, "use_supp": true, "users": "VARIOS\nSINDICATO CENTRAL DE RIEGOS DEL RIO HUERVA", "x_etrs89": "660672", "y_etrs89": "4587610", "years_annual": 30.0, "years_monthly": 30.0, "level": 0, "storage": 1, "outflow": 1, "inflow": 1, "years_daily": 24, "dod_m": 0.0064516129032258064, "dor_d": 126.0 }, "geometry": { "type": "Point", "coordinates": [ -1.077218320509166, 41.423991766391197 ] } },
{ "type": "Feature", "properties": { "id": 9814, "active": 1, "administration": "C.H. EBRO", "area_skm": 0.72502982327309506, "basin": "EBRO", "cap_mcm": 6.7, "catch_skm": 456.0, "category": "A", "comment": "LOS DATOS DE 2006-07 SON PROVISIONALES SUJETOS A REVISION                                                               ", "dam_elev_masl": 624.8, "dam_hgt_m": null, "dam_len_m": 100.5, "dam_type": "Gravity dam: vibrated concrete", "dis_avg_mcm": 30.0, "elev_masl": 624.3, "end": 2021.0, "estate": "Aragón", "id_basin": 9290.0, "id_gdw": 16107.0, "id_idr_dam": 2845.0, "id_idr_res": 2248.0, "id_municipality": 50264.0, "id_saih": "E014", "id_sheet": 439.0, "lat_wgs84": 41.174, "lon_wgs84": 1.0505, "main_use": "Water supply", "municipality": "Tosos", "mwl_elev_masl": 728.4, "name": "Torcas, Las", "operator": "ADOLFO GUTIERREZ NIETO", "outlet_cms": 180.0, "owner": "ESTADO", "owner_type": "Estado\nEstado", "province": "Zaragoza", "reservoir_type": "Dam reservoir", "river": "Huerva", "river_elev_masl": 39.45, "sheet": "AZUARA (439)", "spillway_cms": null, "start": 1980.0, "system": "HUERVA", "timeline": "In operation", "use_elec": false, "use_fcon": true, "use_fish": true, "use_ind": false, "use_irri": false, "use_live": false, "use_mine": false, "use_navi": true, "use_othr": false, "use_pcon": true, "use_recr": true, "use_supp": true, "users": "VILLANUEVA DE HUERVA\nSINDICATO CENTRAL DE RIESGOS DEL RÍO HUERVA", "x_etrs89": "660155", "y_etrs89": "4573217", "years_annual": 64.0, "years_monthly": 64.0, "level": 0, "storage": 1, "outflow": 1, "inflow": 1, "years_daily": 41, "dod_m": 0.014692982456140351, "dor_d": 116.0 }, "geometry": { "type": "Point", "coordinates": [ -1.087201043084539, 41.294520049699557 ] } },
{ "type": "Feature", "properties": { "id": 9815, "active": 1, "administration": "C.H. EBRO", "area_skm": 0.86621587691569446, "basin": "EBRO", "cap_mcm": 8.0, "catch_skm": 467.0, "category": "A", "comment": "LOS DATOS DE 2001-02, 2002-03, 2006-07 Y 2010-11 SON PROVISIONALES SUJETOS A REVISION                                   ", "dam_elev_masl": 616.67, "dam_hgt_m": null, "dam_len_m": 151.8, "dam_type": "Gravity dam: vibrated concrete", "dis_avg_mcm": 4.0, "elev_masl": 614.7, "end": 2021.0, "estate": "Aragón", "id_basin": 9332.0, "id_gdw": null, "id_idr_dam": 2847.0, "id_idr_res": 1428.0, "id_municipality": 50233.0, "id_saih": "E015", "id_sheet": 440.0, "lat_wgs84": 41.1044, "lon_wgs84": -0.4953, "main_use": "Water supply", "municipality": "Samper del Salz", "mwl_elev_masl": 616.7, "name": "Moneva", "operator": "ADOLFO GUTIERREZ NIETO", "outlet_cms": 360.0, "owner": "ESTADO", "owner_type": "Estado\nEstado", "province": "Zaragoza", "reservoir_type": "Dam reservoir", "river": "Aguas Vivas", "river_elev_masl": 45.0, "sheet": "BELCHITE (440)", "spillway_cms": null, "start": 1980.0, "system": "AGUAS VIVAS", "timeline": "In operation", "use_elec": false, "use_fcon": false, "use_fish": true, "use_ind": false, "use_irri": false, "use_live": false, "use_mine": false, "use_navi": true, "use_othr": false, "use_pcon": true, "use_recr": true, "use_supp": true, "users": "SINDICATO GENERAL DE RIEGOS", "x_etrs89": "681889", "y_etrs89": "4560898", "years_annual": 64.0, "years_monthly": 64.0, "level": 0, "storage": 1, "outflow": 1, "inflow": 1, "years_daily": 41, "dod_m": 0.017130620985010708, "dor_d": 1156.0 }, "geometry": { "type": "Point", "coordinates": [ -0.831460277754666, 41.179027333233705 ] } },
{ "type": "Feature", "properties": { "id": 9816, "active": 1, "administration": "C.H. EBRO", "area_skm": 0.24142090870782898, "basin": "EBRO", "cap_mcm": 1.5, "catch_skm": 16.8, "category": "B", "comment": "INT 2003                                                                                                                ", "dam_elev_masl": 472.6, "dam_hgt_m": null, "dam_len_m": 1131.21, "dam_type": "Embankment dam: zonified", "dis_avg_mcm": 1.2, "elev_masl": 471.6, "end": 2002.0, "estate": "Aragón", "id_basin": 9336.0, "id_gdw": null, "id_idr_dam": 2820.0, "id_idr_res": 119.0, "id_municipality": 50021.0, "id_saih": null, "id_sheet": 440.0, "lat_wgs84": 41.1732, "lon_wgs84": -0.3336, "main_use": "Water supply", "municipality": "Almochuel", "mwl_elev_masl": 471.6, "name": "Almochuel", "operator": "ADOLFO GUTIERREZ NIETO", "outlet_cms": 12.0, "owner": "ESTADO", "owner_type": "Estado\nEstado", "province": "Zaragoza", "reservoir_type": "Dam reservoir", "river": "Aguas Vivas", "river_elev_masl": 14.04, "sheet": "BELCHITE (440)", "spillway_cms": null, "start": 1985.0, "system": "AGUAS VIVAS", "timeline": "In operation", "use_elec": false, "use_fcon": false, "use_fish": true, "use_ind": false, "use_irri": false, "use_live": false, "use_mine": false, "use_navi": true, "use_othr": false, "use_pcon": true, "use_recr": true, "use_supp": true, "users": "-", "x_etrs89": "704306", "y_etrs89": "4574068", "years_annual": 43.0, "years_monthly": 45.0, "level": 0, "storage": 1, "outflow": 1, "inflow": 1, "years_daily": 17, "dod_m": 0.089285714285714288, "dor_d": 821.0 }, "geometry": { "type": "Point", "coordinates": [ -0.56001014509703, 41.292213216477364 ] } },
{ "type": "Feature", "properties": { "id": 9817, "active": 1, "administration": "C.H. EBRO", "area_skm": 1.4713209398198164, "basin": "EBRO", "cap_mcm": 22.0, "catch_skm": 600.0, "category": "A", "comment": null, "dam_elev_masl": 581.93, "dam_hgt_m": 65.0, "dam_len_m": 112.6, "dam_type": "Masonry dam", "dis_avg_mcm": 36.0, "elev_masl": 579.3, "end": 2021.0, "estate": "Aragón", "id_basin": 9352.0, "id_gdw": 6006.0, "id_idr_dam": 2795.0, "id_idr_res": 790.0, "id_municipality": 44172.0, "id_saih": "E017", "id_sheet": 493.0, "lat_wgs84": 40.5901, "lon_wgs84": -0.4139, "main_use": "Water supply", "municipality": "Oliete", "mwl_elev_masl": 579.9, "name": "Cueva Foradada", "operator": "MARIO CARRERAS FERNANDEZ", "outlet_cms": 176.5, "owner": "ESTADO", "owner_type": "Estado\nEstado", "province": "Teruel", "reservoir_type": "Dam reservoir", "river": "Martín", "river_elev_masl": 65.0, "sheet": "OLIETE (493)", "spillway_cms": null, "start": 1980.0, "system": "MARTÍN", "timeline": "In operation", "use_elec": false, "use_fcon": true, "use_fish": true, "use_ind": false, "use_irri": false, "use_live": true, "use_mine": false, "use_navi": true, "use_othr": false, "use_pcon": true, "use_recr": true, "use_supp": true, "users": "-\n-\n-", "x_etrs89": "693989", "y_etrs89": "4539511", "years_annual": 64.0, "years_monthly": 64.0, "level": 0, "storage": 1, "outflow": 1, "inflow": 1, "years_daily": 41, "dod_m": 0.036666666666666667, "dor_d": 324.0 }, "geometry": { "type": "Point", "coordinates": [ -0.694050608782541, 40.98372195911233 ] } },
{ "type": "Feature", "properties": { "id": 9818, "active": 1, "administration": "C.H. EBRO", "area_skm": 3.8143233632424538, "basin": "EBRO", "cap_mcm": 43.2, "catch_skm": 1250.0, "category": "A", "comment": null, "dam_elev_masl": 584.35, "dam_hgt_m": 51.0, "dam_len_m": 137.7, "dam_type": "Gravity dam: vibrated concrete", "dis_avg_mcm": 108.7, "elev_masl": 583.4, "end": 2021.0, "estate": "Aragón", "id_basin": 9366.0, "id_gdw": 4135.0, "id_idr_dam": 2802.0, "id_idr_res": 2099.0, "id_municipality": 44071.0, "id_saih": "E018", "id_sheet": 519.0, "lat_wgs84": 40.4621, "lon_wgs84": -0.1902, "main_use": "Water supply", "municipality": "Castellote", "mwl_elev_masl": null, "name": "Santolea", "operator": "MARIO CARRERAS FERNANDEZ", "outlet_cms": 2628.0, "owner": "ESTADO", "owner_type": "Estado\nEstado", "province": "Teruel", "reservoir_type": "Dam reservoir", "river": "Guadalope", "river_elev_masl": 50.5, "sheet": "AGUAVIVA (519)", "spillway_cms": null, "start": 1980.0, "system": "GUADALOPE", "timeline": "In operation", "use_elec": false, "use_fcon": true, "use_fish": true, "use_ind": false, "use_irri": false, "use_live": true, "use_mine": false, "use_navi": true, "use_othr": false, "use_pcon": true, "use_recr": true, "use_supp": true, "users": "ALCAÑIZ, CASPE, CALANDA, CASTELSERAS, MAS, AGUAVIVA Y VALDEALGORDA\nCASTELLOTE, AGUAVIVA, ABENFIGO, GINEBROSA, MAS...\nELECTRA", "x_etrs89": "726414", "y_etrs89": "4516952", "years_annual": 64.0, "years_monthly": 64.0, "level": 0, "storage": 1, "outflow": 1, "inflow": 1, "years_daily": 41, "dod_m": 0.03456, "dor_d": 173.0 }, "geometry": { "type": "Point", "coordinates": [ -0.317204144538863, 40.772374208164095 ] } },
{ "type": "Feature", "properties": { "id": 9820, "active": 1, "administration": "C.H. EBRO", "area_skm": 0.37325368858623359, "basin": "EBRO", "cap_mcm": 4.0, "catch_skm": 180.0, "category": "A", "comment": null, "dam_elev_masl": 695.46, "dam_hgt_m": null, "dam_len_m": 180.0, "dam_type": "Arch-gravity dam", "dis_avg_mcm": 5.69, "elev_masl": 694.5, "end": 2009.0, "estate": "Aragón", "id_basin": 9372.0, "id_gdw": 16143.0, "id_idr_dam": 2805.0, "id_idr_res": 980.0, "id_municipality": 44040.0, "id_saih": "E020", "id_sheet": 494.0, "lat_wgs84": 40.523, "lon_wgs84": -0.2448, "main_use": "Water supply", "municipality": "Verge", "mwl_elev_masl": 695.5, "name": "Gallipuen", "operator": "MARIO CARRERAS FERNANDEZ", "outlet_cms": 107.64, "owner": "ESTADO", "owner_type": "Estado\nEstado", "province": "Teruel", "reservoir_type": "Dam reservoir", "river": "Guadalopillo", "river_elev_masl": 36.0, "sheet": "CALANDA (494)", "spillway_cms": null, "start": 1985.0, "system": "GUADALOPE", "timeline": "In operation", "use_elec": false, "use_fcon": false, "use_fish": true, "use_ind": false, "use_irri": false, "use_live": false, "use_mine": false, "use_navi": true, "use_othr": false, "use_pcon": true, "use_recr": true, "use_supp": true, "users": "ALCORISA, FOZ-CALANDA, CALANDA", "x_etrs89": "717963", "y_etrs89": "4528110", "years_annual": 47.0, "years_monthly": 49.0, "level": 0, "storage": 1, "outflow": 1, "inflow": 1, "years_daily": 24, "dod_m": 0.022222222222222223, "dor_d": 352.0 }, "geometry": { "type": "Point", "coordinates": [ -0.413340748911475, 40.875072551891307 ] } },
{ "type": "Feature", "properties": { "id": 9821, "active": 1, "administration": "C.H. EBRO", "area_skm": 1.0440618663199264, "basin": "EBRO", "cap_mcm": 18.0, "catch_skm": 160.0, "category": "A", "comment": "LOS DATOS DE 2002-03, 2006-07 Y 2008-09 ESTAN PENDIENTES DE REVISION                                                    ", "dam_elev_masl": 619.03, "dam_hgt_m": 47.0, "dam_len_m": 133.1, "dam_type": "Gravity dam: vibrated concrete", "dis_avg_mcm": 5.5, "elev_masl": 617.0, "end": 2021.0, "estate": "Aragón", "id_basin": 9636.0, "id_gdw": 6012.0, "id_idr_dam": 2804.0, "id_idr_res": 1657.0, "id_municipality": 44246.0, "id_saih": "E021", "id_sheet": 520.0, "lat_wgs84": 40.491, "lon_wgs84": 0.0803, "main_use": "Water supply", "municipality": "Valderrobres", "mwl_elev_masl": 619.0, "name": "Pena", "operator": "MARIO CARRERAS FERNANDEZ", "outlet_cms": 603.84, "owner": "ESTADO", "owner_type": "Estado\nEstado", "province": "Teruel", "reservoir_type": "Dam reservoir", "river": "Pena", "river_elev_masl": 46.5, "sheet": "PEÑARROYA DE TASTAVINS (520)", "spillway_cms": null, "start": 1980.0, "system": "MATARRAÑA", "timeline": "In operation", "use_elec": false, "use_fcon": true, "use_fish": true, "use_ind": false, "use_irri": false, "use_live": false, "use_mine": false, "use_navi": true, "use_othr": false, "use_pcon": true, "use_recr": true, "use_supp": true, "users": "VALDERROBLES, MAELLA, ETC.\nSINDICATO CENTRAL DE LA CUENCA DEL MATARRAÑA", "x_etrs89": "764336", "y_etrs89": "4523447", "years_annual": 64.0, "years_monthly": 64.0, "level": 0, "storage": 1, "outflow": 1, "inflow": 1, "years_daily": 41, "dod_m": 0.1125, "dor_d": 808.0 }, "geometry": { "type": "Point", "coordinates": [ 0.134291662971388, 40.819483276374555 ] } },
{ "type": "Feature", "properties": { "id": 9822, "active": 1, "administration": "C.H. EBRO", "area_skm": 2.548858727902318, "basin": "EBRO", "cap_mcm": 54.0, "catch_skm": 2691.0, "category": "A", "comment": "LOS DATOS DE 2012-13 SON PROVISIONALES SUJETOS A REVISION                                                               ", "dam_elev_masl": 443.5, "dam_hgt_m": 63.0, "dam_len_m": 250.0, "dam_type": "Embankment dam: zonified", "dis_avg_mcm": 205.0, "elev_masl": 440.0, "end": 2021.0, "estate": "Aragón", "id_basin": 9371.0, "id_gdw": 6008.0, "id_idr_dam": 2800.0, "id_idr_res": 430.0, "id_municipality": 44052.0, "id_saih": "E022", "id_sheet": 494.0, "lat_wgs84": 40.5501, "lon_wgs84": -0.124, "main_use": "Water supply", "municipality": "Calomarde", "mwl_elev_masl": 443.0, "name": "Calanda", "operator": "MARIO CARRERAS FERNANDEZ", "outlet_cms": 1956.0, "owner": "ESTADO", "owner_type": "Estado\nEstado", "province": "Teruel", "reservoir_type": "Dam reservoir", "river": "Guadalope", "river_elev_masl": 63.5, "sheet": "CALANDA (494)", "spillway_cms": 1500.0, "start": 1982.0, "system": "GUADALOPE", "timeline": "In operation", "use_elec": false, "use_fcon": true, "use_fish": true, "use_ind": false, "use_irri": false, "use_live": true, "use_mine": false, "use_navi": true, "use_othr": false, "use_pcon": true, "use_recr": true, "use_supp": true, "users": "SISTEMA SANTOLEA, CALANDA, LA ESTANCA DE ALCAÑIZ Y CASPE\nCanal Calanda Alcañiz, Calanda, Guadalopillo y La Estanca\nCentrales", "x_etrs89": "734866", "y_etrs89": "4533269", "years_annual": 40.0, "years_monthly": 40.0, "level": 0, "storage": 1, "outflow": 1, "inflow": 1, "years_daily": 39, "dod_m": 0.020066889632107024, "dor_d": 144.0 }, "geometry": { "type": "Point", "coordinates": [ -0.21101365098142, 40.916820820489285 ] } },
{ "type": "Feature", "properties": { "id": 9823, "active": 1, "administration": "C.H. EBRO", "area_skm": 5.8656654298441628, "basin": "EBRO", "cap_mcm": 82.0, "catch_skm": 3705.0, "category": "A", "comment": null, "dam_elev_masl": 234.0, "dam_hgt_m": 54.0, "dam_len_m": 405.0, "dam_type": "Embankment dam: zonified", "dis_avg_mcm": 255.0, "elev_masl": 230.0, "end": 2021.0, "estate": "Aragón", "id_basin": 9377.0, "id_gdw": 6004.0, "id_idr_dam": 2835.0, "id_idr_res": 571.0, "id_municipality": 50074.0, "id_saih": "E023", "id_sheet": 469.0, "lat_wgs84": 41.0808, "lon_wgs84": 0.0008, "main_use": "Water supply", "municipality": "Caspe", "mwl_elev_masl": 232.5, "name": "Caspe Ii", "operator": "MARIO CARRERAS FERNANDEZ", "outlet_cms": 83.74, "owner": "ESTADO", "owner_type": "Estado\nEstado", "province": "Zaragoza", "reservoir_type": "Dam reservoir", "river": "Guadalope", "river_elev_masl": 56.0, "sheet": "ALCAÑIZ (469)", "spillway_cms": null, "start": 1988.0, "system": "GUADALOPE", "timeline": "In operation", "use_elec": false, "use_fcon": true, "use_fish": true, "use_ind": false, "use_irri": false, "use_live": true, "use_mine": false, "use_navi": true, "use_othr": false, "use_pcon": true, "use_recr": true, "use_supp": true, "users": "-\n-\n-", "x_etrs89": "751984", "y_etrs89": "4558149", "years_annual": 34.0, "years_monthly": 35.0, "level": 0, "storage": 1, "outflow": 1, "inflow": 1, "years_daily": 33, "dod_m": 0.022132253711201078, "dor_d": 361.0 }, "geometry": { "type": "Point", "coordinates": [ 0.002159872497454, 41.135544815591821 ] } },
{ "type": "Feature", "properties": { "id": 9824, "active": 1, "administration": "C.H. EBRO", "area_skm": 0.97294758649476298, "basin": "EBRO", "cap_mcm": 5.2, "catch_skm": 17.65, "category": "A", "comment": null, "dam_elev_masl": 417.0, "dam_hgt_m": null, "dam_len_m": 380.0, "dam_type": "Embankment dam: homogeneous", "dis_avg_mcm": 0.0, "elev_masl": 417.0, "end": 2021.0, "estate": "Aragón", "id_basin": 9248.0, "id_gdw": 16047.0, "id_idr_dam": 2815.0, "id_idr_res": 2003.0, "id_municipality": 50095.0, "id_saih": "E024", "id_sheet": 246.0, "lat_wgs84": 42.1244, "lon_wgs84": -1.0913, "main_use": "Water supply", "municipality": "Ejea de los Caballeros", "mwl_elev_masl": null, "name": "San Bartolome", "operator": "ALFONSO MARISCAL DE GANTE LOPEZ", "outlet_cms": 2.39, "owner": "PARTICULAR", "owner_type": "Estado\nAyuntamientos y/o Diputaciones", "province": "Zaragoza", "reservoir_type": "Dam reservoir", "river": "Arba De Luesia", "river_elev_masl": 18.0, "sheet": "LUNA (246)", "spillway_cms": null, "start": 2016.0, "system": "ARBA", "timeline": "In operation", "use_elec": false, "use_fcon": true, "use_fish": true, "use_ind": false, "use_irri": false, "use_live": false, "use_mine": false, "use_navi": true, "use_othr": false, "use_pcon": true, "use_recr": true, "use_supp": true, "users": null, "x_etrs89": "652414", "y_etrs89": "4674976", "years_annual": 9.0, "years_monthly": 11.0, "level": 0, "storage": 1, "outflow": 0, "inflow": 0, "years_daily": 5, "dod_m": 0.29461756373937681, "dor_d": null }, "geometry": { "type": "Point", "coordinates": [ -1.153530034675855, 42.212097657022156 ] } },
{ "type": "Feature", "properties": { "id": 9825, "active": 1, "administration": "C.H. EBRO", "area_skm": 1.1536898689191131, "basin": "EBRO", "cap_mcm": 21.0, "catch_skm": 69.0, "category": "A", "comment": "LOS DATOS DE 2006-07 SON PROVISIONALES SUJETOS A REVISION                                                               ", "dam_elev_masl": 630.0, "dam_hgt_m": 51.0, "dam_len_m": 252.0, "dam_type": "Gravity dam: vibrated concrete", "dis_avg_mcm": 124.0, "elev_masl": 628.0, "end": 2021.0, "estate": "Comunidad Foral de Navarra", "id_basin": 9211.0, "id_gdw": 3949.0, "id_idr_dam": 2726.0, "id_idr_res": 902.0, "id_municipality": 31098.0, "id_saih": "E025", "id_sheet": 116.0, "lat_wgs84": 42.5819, "lon_wgs84": -1.305, "main_use": "Water supply", "municipality": "Esteríbar", "mwl_elev_masl": 629.0, "name": "Eugui", "operator": "ALFONSO MARISCAL DE GANTE LOPEZ", "outlet_cms": 33.39, "owner": "ESTADO", "owner_type": "Estado\nEstado", "province": "Navarra", "reservoir_type": "Dam reservoir", "river": "Arga", "river_elev_masl": 51.0, "sheet": "GARRALDA (116)", "spillway_cms": null, "start": 1983.0, "system": "EBRO ALTO - MEDIO Y ARAGÓN", "timeline": "In operation", "use_elec": false, "use_fcon": true, "use_fish": true, "use_ind": false, "use_irri": false, "use_live": false, "use_mine": false, "use_navi": true, "use_othr": false, "use_pcon": true, "use_recr": true, "use_supp": true, "users": "MANCOMUNIDAD AGUAS DE PAMPLONA\n-", "x_etrs89": "621198", "y_etrs89": "4758759", "years_annual": 43.0, "years_monthly": 43.0, "level": 0, "storage": 1, "outflow": 1, "inflow": 1, "years_daily": 38, "dod_m": 0.30434782608695654, "dor_d": 76.0 }, "geometry": { "type": "Point", "coordinates": [ -1.51375105600425, 42.971837296506202 ] } },
{ "type": "Feature", "properties": { "id": 9827, "active": 1, "administration": "C.H. EBRO", "area_skm": 15.43318026659411, "basin": "EBRO", "cap_mcm": 146.5, "catch_skm": 274.0, "category": "A", "comment": "LOS DATOS DE 2001-02 A 2007-08, 2010-11 Y 2012-13 SON PROVISIONALES SUJETOS A REVISION                                  ", "dam_elev_masl": 548.0, "dam_hgt_m": 37.0, "dam_len_m": 543.0, "dam_type": "Buttress dam", "dis_avg_mcm": 165.0, "elev_masl": 546.5, "end": 2021.0, "estate": "País Vasco", "id_basin": 9058.0, "id_gdw": 1409.0, "id_idr_dam": 2375.0, "id_idr_res": 2327.0, "id_municipality": 1008.0, "id_saih": "E027", "id_sheet": 112.0, "lat_wgs84": 42.5541, "lon_wgs84": -2.366, "main_use": "Water supply", "municipality": "Arrazua - Ubarrundia", "mwl_elev_masl": 546.5, "name": "Ullivarri", "operator": "JUAN CARLOS ELIPE SALMADOR", "outlet_cms": 6.8, "owner": "IBERDROLA", "owner_type": "Privado", "province": "Álava", "reservoir_type": "Dam reservoir", "river": "Zadorra", "river_elev_masl": 37.0, "sheet": "VITORIA (112)", "spillway_cms": null, "start": 1998.0, "system": "ZADORRA - BAYAS - INGLARES", "timeline": "In operation", "use_elec": false, "use_fcon": true, "use_fish": true, "use_ind": false, "use_irri": false, "use_live": true, "use_mine": false, "use_navi": true, "use_othr": false, "use_pcon": true, "use_recr": true, "use_supp": true, "users": "VARIOS: BILBAO Y VITORIA.\nVARIOS\nIBERDROLA", "x_etrs89": "531292", "y_etrs89": "4752890", "years_annual": 62.0, "years_monthly": 62.0, "level": 0, "storage": 1, "outflow": 1, "inflow": 1, "years_daily": 23, "dod_m": 0.53467153284671531, "dor_d": 301.0 }, "geometry": { "type": "Point", "coordinates": [ -2.616536107605257, 42.927993804328786 ] } },
{ "type": "Feature", "properties": { "id": 9828, "active": 1, "administration": "C.H. EBRO", "area_skm": 7.0374584847720749, "basin": "EBRO", "cap_mcm": 71.8, "catch_skm": 132.0, "category": "A", "comment": "LOS DATOS DE 2001-02 A 2007-08, 2010-11 Y 2012-13 SON PROVISIONALES SUJETOS A REVISION                                  ", "dam_elev_masl": 548.0, "dam_hgt_m": 31.0, "dam_len_m": 487.4, "dam_type": "Buttress dam", "dis_avg_mcm": 79.0, "elev_masl": 546.5, "end": 2021.0, "estate": "País Vasco", "id_basin": 9063.0, "id_gdw": 3950.0, "id_idr_dam": 2379.0, "id_idr_res": 2338.0, "id_municipality": 1058.0, "id_saih": "E028", "id_sheet": 112.0, "lat_wgs84": 42.5728, "lon_wgs84": -2.3918, "main_use": "Water supply", "municipality": "Legutiano", "mwl_elev_masl": 546.5, "name": "Urrunaga", "operator": "JUAN CARLOS ELIPE SALMADOR", "outlet_cms": 6.3, "owner": "IBERDROLA", "owner_type": "Privado", "province": "Álava", "reservoir_type": "Dam reservoir", "river": "Santa Engracia", "river_elev_masl": 31.0, "sheet": "VITORIA (112)", "spillway_cms": null, "start": 1998.0, "system": "ZADORRA - BAYAS - INGLARES", "timeline": "In operation", "use_elec": false, "use_fcon": true, "use_fish": true, "use_ind": false, "use_irri": false, "use_live": false, "use_mine": false, "use_navi": true, "use_othr": false, "use_pcon": true, "use_recr": true, "use_supp": true, "users": "Varios: Bilbao y Vitoria.\nIBERDROLA", "x_etrs89": "528131", "y_etrs89": "4756179", "years_annual": 62.0, "years_monthly": 62.0, "level": 0, "storage": 1, "outflow": 1, "inflow": 1, "years_daily": 23, "dod_m": 0.54393939393939394, "dor_d": 121.0 }, "geometry": { "type": "Point", "coordinates": [ -2.655106176637743, 42.957734505344497 ] } },
{ "type": "Feature", "properties": { "id": 9829, "active": 1, "administration": "C.H. EBRO", "area_skm": 20.86433415156424, "basin": "EBRO", "cap_mcm": 447.0, "catch_skm": 2170.0, "category": "A", "comment": "LOS DATOS DE 2004-05 SON PROVISIONALES SUJETOS A REVISION                                                               ", "dam_elev_masl": 490.0, "dam_hgt_m": 77.0, "dam_len_m": 398.0, "dam_type": "Gravity dam: vibrated concrete", "dis_avg_mcm": 1322.0, "elev_masl": 488.6, "end": 2021.0, "estate": "Comunidad Foral de Navarra", "id_basin": 9188.0, "id_gdw": 1423.0, "id_idr_dam": 2719.0, "id_idr_res": 2535.0, "id_municipality": 31261.0, "id_saih": "E029", "id_sheet": 175.0, "lat_wgs84": 42.3657, "lon_wgs84": -1.11, "main_use": "Water supply", "municipality": "Yesa", "mwl_elev_masl": null, "name": "Yesa", "operator": "ALFONSO MARISCAL DE GANTE LOPEZ", "outlet_cms": 2525.88, "owner": "ESTADO", "owner_type": "Estado\nEstado", "province": "Navarra", "reservoir_type": "Dam reservoir", "river": "Aragón", "river_elev_masl": 76.5, "sheet": "SIGÜÉS (175)", "spillway_cms": null, "start": 1980.0, "system": "EBRO ALTO - MEDIO Y ARAGÓN", "timeline": "In operation", "use_elec": false, "use_fcon": true, "use_fish": true, "use_ind": false, "use_irri": false, "use_live": false, "use_mine": false, "use_navi": true, "use_othr": false, "use_pcon": true, "use_recr": true, "use_supp": true, "users": "EJEA DE LOS CABALLEROS Y OTROS MUNICIPIOS\nCANAL DE LAS BÁRDENAS", "x_etrs89": "648997", "y_etrs89": "4719766", "years_annual": 63.0, "years_monthly": 63.0, "level": 0, "storage": 1, "outflow": 1, "inflow": 1, "years_daily": 41, "dod_m": 0.20599078341013824, "dor_d": 141.0 }, "geometry": { "type": "Point", "coordinates": [ -1.183303268312662, 42.615933978796676 ] } },
{ "type": "Feature", "properties": { "id": 9830, "active": 1, "administration": "C.H. EBRO", "area_skm": 3.4134933651710364, "basin": "EBRO", "cap_mcm": 66.0, "catch_skm": 155.0, "category": "A", "comment": "LOS DATOS DE 2001-02, 2003-04 Y 2004-05 Y 2009-10 SON PROVISIONALES SUJETOS A REVISION                                  ", "dam_elev_masl": 469.69, "dam_hgt_m": 67.0, "dam_len_m": 74.4, "dam_type": "Arch dam", "dis_avg_mcm": 120.0, "elev_masl": 468.7, "end": 2021.0, "estate": "Comunidad Foral de Navarra", "id_basin": 9230.0, "id_gdw": 3974.0, "id_idr_dam": 2722.0, "id_idr_res": 110.0, "id_municipality": 31260.0, "id_saih": "E030", "id_sheet": 140.0, "lat_wgs84": 42.4223, "lon_wgs84": -1.5633, "main_use": "Water supply", "municipality": "Yerri", "mwl_elev_masl": null, "name": "Alloz", "operator": "ALFONSO MARISCAL DE GANTE LOPEZ", "outlet_cms": 25.0, "owner": "ESTADO", "owner_type": "Estado\nEstado", "province": "Navarra", "reservoir_type": "Dam reservoir", "river": "Salado", "river_elev_masl": 66.8, "sheet": "ESTELLA (140)", "spillway_cms": 281.78, "start": 1980.0, "system": "EBRO ALTO - MEDIO Y ARAGÓN", "timeline": "In operation", "use_elec": false, "use_fcon": true, "use_fish": true, "use_ind": false, "use_irri": false, "use_live": false, "use_mine": false, "use_navi": true, "use_othr": false, "use_pcon": true, "use_recr": true, "use_supp": true, "users": "IBERDROLA\nCOMUNIDADES DE REGANTES", "x_etrs89": "586616", "y_etrs89": "4728749", "years_annual": 64.0, "years_monthly": 78.0, "level": 0, "storage": 1, "outflow": 1, "inflow": 1, "years_daily": 41, "dod_m": 0.4258064516129032, "dor_d": 228.0 }, "geometry": { "type": "Point", "coordinates": [ -1.942363360614923, 42.706354116530086 ] } },
{ "type": "Feature", "properties": { "id": 9831, "active": 1, "administration": "C.H. EBRO", "area_skm": 1.0006898714791141, "basin": "EBRO", "cap_mcm": 14.0, "catch_skm": 117.0, "category": "A", "comment": "LOS DATOS DE 2006-07 A 2010-11 Y 2012-13 ESTAN PENDIENTES DE REVISION                                                   ", "dam_elev_masl": null, "dam_hgt_m": 44.0, "dam_len_m": null, "dam_type": "Masonry dam", "dis_avg_mcm": null, "elev_masl": 811.5, "end": 2014.0, "estate": "Comunidad Foral de Navarra", "id_basin": 9193.0, "id_gdw": 5950.0, "id_idr_dam": 2746.0, "id_idr_res": 1156.0, "id_municipality": 31195.0, "id_saih": "E031", "id_sheet": 117.0, "lat_wgs84": 42.5906, "lon_wgs84": -1.0927, "main_use": "Water supply", "municipality": "Orbaiceta", "mwl_elev_masl": 819.9, "name": "Irabia", "operator": null, "outlet_cms": 10.1, "owner": "EL IRATI S. A.", "owner_type": "Privado", "province": "Navarra", "reservoir_type": "Dam reservoir", "river": "Irati", "river_elev_masl": null, "sheet": "OCHAGAVIA (117)", "spillway_cms": null, "start": 2008.0, "system": "EBRO ALTO - MEDIO Y ARAGÓN", "timeline": "In operation", "use_elec": false, "use_fcon": true, "use_fish": true, "use_ind": false, "use_irri": false, "use_live": true, "use_mine": false, "use_navi": true, "use_othr": false, "use_pcon": true, "use_recr": true, "use_supp": true, "users": "E. HIDROELÉCTRICA DE NAVARRA\n-\nE. HIDROELÉCTRICA DE NAVARRA: río Irati hasta Itoiz", "x_etrs89": "650210", "y_etrs89": "4760804", "years_annual": 49.0, "years_monthly": 58.0, "level": 0, "storage": 1, "outflow": 1, "inflow": 1, "years_daily": 6, "dod_m": 0.11965811965811966, "dor_d": 29.0 }, "geometry": { "type": "Point", "coordinates": [ -1.157590199726073, 42.985072101416748 ] } },
{ "type": "Feature", "properties": { "id": 9832, "active": 0, "administration": "C.H. EBRO", "area_skm": 0.39697360323374736, "basin": "EBRO", "cap_mcm": 5.0, "catch_skm": 21.0, "category": "A", "comment": "INT 1993                                                                                                                ", "dam_elev_masl": 1636.0, "dam_hgt_m": null, "dam_len_m": 216.0, "dam_type": "Embankment dam: zonified", "dis_avg_mcm": 8.51, "elev_masl": 1632.5, "end": 1993.0, "estate": "Aragón", "id_basin": 9295.0, "id_gdw": null, "id_idr_dam": 2476.0, "id_idr_res": 883.0, "id_municipality": 22204.0, "id_saih": null, "id_sheet": 145.0, "lat_wgs84": 42.4445, "lon_wgs84": -0.2111, "main_use": "Water supply", "municipality": "Sallent de Gállego", "mwl_elev_masl": null, "name": "Escarra", "operator": "FRANCISCO GALÁN SORALUCE", "outlet_cms": null, "owner": "EASA", "owner_type": "Privado", "province": "Huesca", "reservoir_type": "Dam reservoir", "river": "Escarra", "river_elev_masl": 43.0, "sheet": "SALLENT (145)", "spillway_cms": null, "start": 1980.0, "system": "GÁLLEGO - CINCA - ÉSERA - NOGUERA RIBAGORZANA", "timeline": "In operation", "use_elec": false, "use_fcon": false, "use_fish": true, "use_ind": false, "use_irri": false, "use_live": false, "use_mine": false, "use_navi": true, "use_othr": false, "use_pcon": true, "use_recr": true, "use_supp": true, "users": "-", "x_etrs89": "716647", "y_etrs89": "4735999", "years_annual": 35.0, "years_monthly": 35.0, "level": 0, "storage": 1, "outflow": 1, "inflow": 1, "years_daily": 13, "dod_m": 0.23809523809523808, "dor_d": 45.0 }, "geometry": { "type": "Point", "coordinates": [ -0.352983177151893, 42.745926272956368 ] } },
{ "type": "Feature", "properties": { "id": 9833, "active": 0, "administration": "C.H. EBRO", "area_skm": 0.10370180704215934, "basin": "EBRO", "cap_mcm": 17.8, "catch_skm": 47.0, "category": "A", "comment": "INT 1993                                                                                                                ", "dam_elev_masl": 1448.5, "dam_hgt_m": null, "dam_len_m": 65.6, "dam_type": "Embankment dam: homogeneous", "dis_avg_mcm": 19.03, "elev_masl": 1445.0, "end": 1993.0, "estate": "Aragón", "id_basin": 9293.0, "id_gdw": null, "id_idr_dam": 2449.0, "id_idr_res": 2105.0, "id_municipality": 22204.0, "id_saih": null, "id_sheet": 145.0, "lat_wgs84": 42.4718, "lon_wgs84": -0.1938, "main_use": "Water supply", "municipality": "Sallent de Gállego", "mwl_elev_masl": null, "name": "Aguas Limpias", "operator": "FRANCISCO GALÁN SORALUCE", "outlet_cms": 24.0, "owner": "EASA", "owner_type": "Privado", "province": "Huesca", "reservoir_type": "Dam reservoir", "river": "Aguas Limpias", "river_elev_masl": 32.3, "sheet": "SALLENT (145)", "spillway_cms": null, "start": 1986.0, "system": "GÁLLEGO - CINCA - ÉSERA - NOGUERA RIBAGORZANA", "timeline": "In operation", "use_elec": false, "use_fcon": false, "use_fish": true, "use_ind": false, "use_irri": false, "use_live": false, "use_mine": false, "use_navi": true, "use_othr": false, "use_pcon": true, "use_recr": true, "use_supp": true, "users": "ERZ S.A.", "x_etrs89": "718622", "y_etrs89": "4740790", "years_annual": 35.0, "years_monthly": 35.0, "level": 0, "storage": 1, "outflow": 1, "inflow": 1, "years_daily": 7, "dod_m": 0.37872340425531914, "dor_d": 147.0 }, "geometry": { "type": "Point", "coordinates": [ -0.327024181094399, 42.7884643651402 ] } },
{ "type": "Feature", "properties": { "id": 9835, "active": 1, "administration": "C.H. EBRO", "area_skm": 2.4448713335153456, "basin": "EBRO", "cap_mcm": 62.7, "catch_skm": 305.5, "category": "A", "comment": "LOS DATOS DE 2004-05 SON PROVISIONALES SUJETOS A REVISION                                                               ", "dam_elev_masl": 1088.0, "dam_hgt_m": 90.0, "dam_len_m": 195.0, "dam_type": "Arch-gravity dam", "dis_avg_mcm": 382.0, "elev_masl": 1085.0, "end": 2021.0, "estate": "Aragón", "id_basin": 9302.0, "id_gdw": 3977.0, "id_idr_dam": 2433.0, "id_idr_res": 386.0, "id_municipality": 22122.0, "id_saih": "E035", "id_sheet": 145.0, "lat_wgs84": 42.4051, "lon_wgs84": -0.1858, "main_use": "Water supply", "municipality": "Hoz de Jaca", "mwl_elev_masl": 1086.5, "name": "Bubal", "operator": "RAMÓN LUQUEZ LLORENTE", "outlet_cms": 92.4, "owner": "EASA-CHE", "owner_type": "Estado\nEstado", "province": "Huesca", "reservoir_type": "Dam reservoir", "river": "Gállego", "river_elev_masl": 90.0, "sheet": "SALLENT (145)", "spillway_cms": null, "start": 1980.0, "system": "GÁLLEGO - CINCA - ÉSERA - NOGUERA RIBAGORZANA", "timeline": "In operation", "use_elec": false, "use_fcon": true, "use_fish": true, "use_ind": false, "use_irri": false, "use_live": true, "use_mine": false, "use_navi": true, "use_othr": false, "use_pcon": true, "use_recr": true, "use_supp": true, "users": null, "x_etrs89": "719907", "y_etrs89": "4728850", "years_annual": 52.0, "years_monthly": 52.0, "level": 0, "storage": 1, "outflow": 1, "inflow": 1, "years_daily": 41, "dod_m": 0.20523731587561375, "dor_d": 63.0 }, "geometry": { "type": "Point", "coordinates": [ -0.315969120185133, 42.680689306791251 ] } },
{ "type": "Feature", "properties": { "id": 9836, "active": 1, "administration": "C.H. EBRO", "area_skm": 1.8592344293081295, "basin": "EBRO", "cap_mcm": 15.352, "catch_skm": 1620.0, "category": "A", "comment": "SALTO DE RESERVA ENTRE EL 30/09/2010 Y 01/10/2010                                                                       ", "dam_elev_masl": 541.0, "dam_hgt_m": 59.0, "dam_len_m": 111.7, "dam_type": "Masonry dam", "dis_avg_mcm": 162.0, "elev_masl": 539.0, "end": 2021.0, "estate": "Aragón", "id_basin": 9322.0, "id_gdw": 4001.0, "id_idr_dam": 2458.0, "id_idr_res": 1665.0, "id_municipality": 22173.0, "id_saih": "E036", "id_sheet": 209.0, "lat_wgs84": 42.2301, "lon_wgs84": -0.4408, "main_use": "Water supply", "municipality": "Las Peñas de Riglos", "mwl_elev_masl": null, "name": "Peña, La", "operator": null, "outlet_cms": 360.0, "owner": "IBERDROLA", "owner_type": "Privado", "province": "Huesca", "reservoir_type": "Dam reservoir", "river": "Gállego", "river_elev_masl": 61.0, "sheet": "AGÜERO (209)", "spillway_cms": null, "start": 1997.0, "system": "GÁLLEGO - CINCA - ÉSERA - NOGUERA RIBAGORZANA", "timeline": "In operation", "use_elec": false, "use_fcon": false, "use_fish": true, "use_ind": false, "use_irri": false, "use_live": false, "use_mine": false, "use_navi": true, "use_othr": false, "use_pcon": true, "use_recr": true, "use_supp": true, "users": "SINDICATO DE RIEGOS DE LA PEÑA", "x_etrs89": "686407", "y_etrs89": "4694851", "years_annual": 59.0, "years_monthly": 73.0, "level": 0, "storage": 1, "outflow": 1, "inflow": 1, "years_daily": 24, "dod_m": 0.0094765432098765437, "dor_d": 9.0 }, "geometry": { "type": "Point", "coordinates": [ -0.735590768319611, 42.383590649554414 ] } },
{ "type": "Feature", "properties": { "id": 9837, "active": 1, "administration": "C.H. EBRO", "area_skm": 1.3998600470134703, "basin": "EBRO", "cap_mcm": 5.0, "catch_skm": 2051.0, "category": "B", "comment": "LOS DATOS DE 2004-05 Y 2005-06 SON PROVISIONALES SUJETOS A REVISION                                                     ", "dam_elev_masl": 423.35, "dam_hgt_m": null, "dam_len_m": 440.0, "dam_type": "Masonry dam", "dis_avg_mcm": 1018.0, "elev_masl": 421.6, "end": 2009.0, "estate": "Aragón", "id_basin": 9322.0, "id_gdw": 35537.0, "id_idr_dam": 2829.0, "id_idr_res": 166.0, "id_municipality": 50033.0, "id_saih": "E037", "id_sheet": 247.0, "lat_wgs84": 42.1056, "lon_wgs84": -0.4516, "main_use": "Water supply", "municipality": "Ardisa", "mwl_elev_masl": null, "name": "Ardisa", "operator": "RAMÓN LUQUEZ LLORENTE", "outlet_cms": 153.5, "owner": "ESTADO", "owner_type": "Estado\nEstado", "province": "Zaragoza", "reservoir_type": "Dam reservoir", "river": "Gállego", "river_elev_masl": 34.64, "sheet": "AYERBE (247)", "spillway_cms": 2643.0, "start": 1985.0, "system": "GÁLLEGO - CINCA - ÉSERA - NOGUERA RIBAGORZANA", "timeline": "In operation", "use_elec": false, "use_fcon": true, "use_fish": true, "use_ind": false, "use_irri": false, "use_live": true, "use_mine": false, "use_navi": true, "use_othr": false, "use_pcon": true, "use_recr": true, "use_supp": true, "users": "BARBASTRO, ZUERA, SARIÑENA\nRiegos del Alto Aragón\n-", "x_etrs89": "685453", "y_etrs89": "4672462", "years_annual": 60.0, "years_monthly": 74.0, "level": 0, "storage": 1, "outflow": 1, "inflow": 1, "years_daily": 24, "dod_m": 0.0024378352023403218, "dor_d": 2.0 }, "geometry": { "type": "Point", "coordinates": [ -0.754341130376405, 42.182334266034893 ] } },
{ "type": "Feature", "properties": { "id": 9838, "active": 1, "administration": "C.H. EBRO", "area_skm": 17.626236535170076, "basin": "EBRO", "cap_mcm": 189.0, "catch_skm": 300.0, "category": "A", "comment": "LOS DATOS DE 2001-02 Y 2004-05 SON PROVISIONALES SUJETOS A REVISION                                                     ", "dam_elev_masl": 420.0, "dam_hgt_m": 34.0, "dam_len_m": 1134.39, "dam_type": "Embankment dam: homogeneous", "dis_avg_mcm": 245.0, "elev_masl": 417.0, "end": 2021.0, "estate": "Aragón", "id_basin": 9325.0, "id_gdw": 1435.0, "id_idr_dam": 2452.0, "id_idr_res": 2175.0, "id_municipality": 22014.0, "id_saih": "E038", "id_sheet": 285.0, "lat_wgs84": 42.0616, "lon_wgs84": -0.402, "main_use": "Water supply", "municipality": "Alcalá de Gurrea", "mwl_elev_masl": 420.5, "name": "Sotonera, La", "operator": "RAMÓN LUQUEZ LLORENTE", "outlet_cms": null, "owner": "ESTADO", "owner_type": "Estado\nEstado", "province": "Huesca", "reservoir_type": "Dam reservoir", "river": "Sotón", "river_elev_masl": 31.0, "sheet": "ALMUDÉVAR (285)", "spillway_cms": null, "start": 1980.0, "system": "GÁLLEGO - CINCA - ÉSERA - NOGUERA RIBAGORZANA", "timeline": "In operation", "use_elec": false, "use_fcon": true, "use_fish": true, "use_ind": false, "use_irri": false, "use_live": true, "use_mine": false, "use_navi": true, "use_othr": false, "use_pcon": true, "use_recr": true, "use_supp": true, "users": "BARBASTRO, ZUERA, SARIÑENA, ETC.\nRIEGOS DEL ALTO ARAGÓN\n-", "x_etrs89": "692463", "y_etrs89": "4663993", "years_annual": 64.0, "years_monthly": 78.0, "level": 0, "storage": 1, "outflow": 1, "inflow": 1, "years_daily": 41, "dod_m": 0.63, "dor_d": 217.0 }, "geometry": { "type": "Point", "coordinates": [ -0.672318169464356, 42.104429317764684 ] } },
{ "type": "Feature", "properties": { "id": 9839, "active": 1, "administration": "C.H. EBRO", "area_skm": 0.40100387734394655, "basin": "EBRO", "cap_mcm": 2.2, "catch_skm": 15.1, "category": "B", "comment": "LOS DATOS DE 2003-04 SON PROVISIONALES SUJETOS A REVISION                                                               ", "dam_elev_masl": 648.52, "dam_hgt_m": null, "dam_len_m": 305.0, "dam_type": "Embankment dam: homogeneous", "dis_avg_mcm": 2.4, "elev_masl": 647.4, "end": 2009.0, "estate": "Aragón", "id_basin": 9995.0, "id_gdw": null, "id_idr_dam": 2454.0, "id_idr_res": 1520.0, "id_municipality": 22149.0, "id_saih": "E039", "id_sheet": 247.0, "lat_wgs84": 42.1653, "lon_wgs84": -0.3832, "main_use": "Water supply", "municipality": "Loarre", "mwl_elev_masl": 648.4, "name": "Navas, Las", "operator": "RAMÓN LUQUEZ LLORENTE", "outlet_cms": null, "owner": "ESTADO", "owner_type": "Estado\nEstado", "province": "Huesca", "reservoir_type": "Dam reservoir", "river": "Navas", "river_elev_masl": 20.5, "sheet": "AYERBE (247)", "spillway_cms": null, "start": 1998.0, "system": "GÁLLEGO - CINCA - ÉSERA - NOGUERA RIBAGORZANA", "timeline": "In operation", "use_elec": false, "use_fcon": false, "use_fish": true, "use_ind": false, "use_irri": false, "use_live": false, "use_mine": false, "use_navi": true, "use_othr": false, "use_pcon": true, "use_recr": true, "use_supp": true, "users": "REGADÍOS DE AYERBE", "x_etrs89": "694406", "y_etrs89": "4683716", "years_annual": 27.0, "years_monthly": 42.0, "level": 0, "storage": 1, "outflow": 1, "inflow": 1, "years_daily": 11, "dod_m": 0.14569536423841062, "dor_d": 606.0 }, "geometry": { "type": "Point", "coordinates": [ -0.642247410649874, 42.281432637818426 ] } },
{ "type": "Feature", "properties": { "id": 9840, "active": 1, "administration": "C.H. EBRO", "area_skm": 0.81225165913352859, "basin": "EBRO", "cap_mcm": 17.0, "catch_skm": 114.0, "category": "A", "comment": "LOS DATOS DE 2002-03, 2004-05 Y 2010-11 SON PROVISIONALES SUJETOS A REVISION                                            ", "dam_elev_masl": 1286.6, "dam_hgt_m": 80.0, "dam_len_m": 176.33, "dam_type": "Arch dam", "dis_avg_mcm": 209.0, "elev_masl": 1283.5, "end": 2021.0, "estate": "Aragón", "id_basin": 9294.0, "id_gdw": 5959.0, "id_idr_dam": 2509.0, "id_idr_res": 1226.0, "id_municipality": 22204.0, "id_saih": "E040", "id_sheet": 145.0, "lat_wgs84": 42.4501, "lon_wgs84": -0.1852, "main_use": "Water supply", "municipality": "Sallent de Gállego", "mwl_elev_masl": 1284.5, "name": "Lanuza", "operator": "RAMÓN LUQUEZ LLORENTE", "outlet_cms": 100.0, "owner": "EASA - CHE", "owner_type": "Estado\nEstado", "province": "Huesca", "reservoir_type": "Dam reservoir", "river": "Gállego", "river_elev_masl": 79.6, "sheet": "SALLENT (145)", "spillway_cms": null, "start": 1982.0, "system": "GÁLLEGO - CINCA - ÉSERA - NOGUERA RIBAGORZANA", "timeline": "In operation", "use_elec": false, "use_fcon": false, "use_fish": true, "use_ind": false, "use_irri": false, "use_live": false, "use_mine": false, "use_navi": true, "use_othr": false, "use_pcon": true, "use_recr": true, "use_supp": true, "users": "-", "x_etrs89": "719775", "y_etrs89": "4736579", "years_annual": 40.0, "years_monthly": 40.0, "level": 0, "storage": 1, "outflow": 1, "inflow": 1, "years_daily": 39, "dod_m": 0.14912280701754385, "dor_d": 26.0 }, "geometry": { "type": "Point", "coordinates": [ -0.314580194369637, 42.750254348276243 ] } },
{ "type": "Feature", "properties": { "id": 9841, "active": 1, "administration": "C.H. EBRO", "area_skm": 0.59609343839231754, "basin": "EBRO", "cap_mcm": 15.5, "catch_skm": 95.0, "category": "A", "comment": "LOS DATOS DE 2004-05 SON PROVISIONALES SUJETOS A REVISION                                                               ", "dam_elev_masl": 748.5, "dam_hgt_m": null, "dam_len_m": 128.8, "dam_type": "Gravity dam: vibrated concrete", "dis_avg_mcm": 33.0, "elev_masl": 746.0, "end": 2021.0, "estate": "Aragón", "id_basin": 9616.0, "id_gdw": null, "id_idr_dam": 2486.0, "id_idr_res": 2346.0, "id_municipality": 22150.0, "id_saih": "E041", "id_sheet": 248.0, "lat_wgs84": 42.1429, "lon_wgs84": -0.1643, "main_use": "Water supply", "municipality": "Loporzano", "mwl_elev_masl": 746.0, "name": "Vadiello", "operator": "RAMÓN LUQUEZ LLORENTE", "outlet_cms": 453.0, "owner": "ESTADO", "owner_type": "Estado\nEstado", "province": "Huesca", "reservoir_type": "Dam reservoir", "river": "Guatizalema", "river_elev_masl": 76.5, "sheet": "APIÉS (248)", "spillway_cms": null, "start": 1986.0, "system": "GÁLLEGO - CINCA - ÉSERA - NOGUERA RIBAGORZANA", "timeline": "In operation", "use_elec": false, "use_fcon": true, "use_fish": true, "use_ind": false, "use_irri": false, "use_live": false, "use_mine": false, "use_navi": true, "use_othr": false, "use_pcon": true, "use_recr": true, "use_supp": true, "users": "HUESCA\n-", "x_etrs89": "724537", "y_etrs89": "4680156", "years_annual": 40.0, "years_monthly": 41.0, "level": 0, "storage": 1, "outflow": 1, "inflow": 1, "years_daily": 35, "dod_m": 0.16315789473684211, "dor_d": 192.0 }, "geometry": { "type": "Point", "coordinates": [ -0.278570859036343, 42.241315445353898 ] } },
{ "type": "Feature", "properties": { "id": 9843, "active": 1, "administration": "C.H. EBRO", "area_skm": 0.72014876933818206, "basin": "EBRO", "cap_mcm": 10.5, "catch_skm": 75.0, "category": "A", "comment": "LOS DATOS DE 2007-08, 2009-10 Y 2011-12 SON PROVISIONALES SUJETOS A REVISION                                            ", "dam_elev_masl": 178.0, "dam_hgt_m": null, "dam_len_m": 189.2, "dam_type": "Gravity dam: vibrated concrete", "dis_avg_mcm": 100.0, "elev_masl": 184.9, "end": 2021.0, "estate": "Cataluña", "id_basin": 9656.0, "id_gdw": 16115.0, "id_idr_dam": 2768.0, "id_idr_res": 1089.0, "id_municipality": 43070.0, "id_saih": "E043", "id_sheet": 471.0, "lat_wgs84": 41.0556, "lon_wgs84": 0.4502, "main_use": "Water supply", "municipality": "Els Guiamets", "mwl_elev_masl": null, "name": "Guiamets", "operator": "GONZALO RABASA", "outlet_cms": 30.0, "owner": "ESTADO", "owner_type": "Estado\nEstado", "province": "Tarragona", "reservoir_type": "Dam reservoir", "river": "Asma", "river_elev_masl": 50.0, "sheet": "MORA DE EBRO (471)", "spillway_cms": null, "start": 1986.0, "system": "CIURANA", "timeline": "In operation", "use_elec": false, "use_fcon": false, "use_fish": true, "use_ind": false, "use_irri": false, "use_live": false, "use_mine": false, "use_navi": true, "use_othr": false, "use_pcon": true, "use_recr": true, "use_supp": true, "users": "CANAL DE DARMOS Y RAMAL CANAL DE MASROIG", "x_etrs89": "814977", "y_etrs89": "4556510", "years_annual": 43.0, "years_monthly": 43.0, "level": 0, "storage": 1, "outflow": 1, "inflow": 1, "years_daily": 35, "dod_m": 0.14, "dor_d": 675.0 }, "geometry": { "type": "Point", "coordinates": [ 0.750439669634805, 41.098829745668375 ] } },
{ "type": "Feature", "properties": { "id": 9844, "active": 1, "administration": "C.H. EBRO", "area_skm": 0.15691458598821512, "basin": "EBRO", "cap_mcm": 3.0, "catch_skm": 26.0, "category": "A", "comment": null, "dam_elev_masl": 961.0, "dam_hgt_m": null, "dam_len_m": 64.25, "dam_type": "Gravity dam: vibrated concrete", "dis_avg_mcm": 3.06, "elev_masl": 960.0, "end": 2021.0, "estate": "Aragón", "id_basin": 9621.0, "id_gdw": null, "id_idr_dam": 2430.0, "id_idr_res": 175.0, "id_municipality": 22037.0, "id_saih": "E044", "id_sheet": 248.0, "lat_wgs84": 42.1815, "lon_wgs84": -0.2543, "main_use": "Water supply", "municipality": "Arguis", "mwl_elev_masl": null, "name": "Arguis", "operator": null, "outlet_cms": 14.5, "owner": "PARTICULAR", "owner_type": "Privado", "province": "Huesca", "reservoir_type": "Dam reservoir", "river": "Isuela", "river_elev_masl": 28.0, "sheet": "APIÉS (248)", "spillway_cms": null, "start": 2017.0, "system": "GÁLLEGO - CINCA - ÉSERA - NOGUERA RIBAGORZANA", "timeline": "In operation", "use_elec": false, "use_fcon": false, "use_fish": true, "use_ind": false, "use_irri": false, "use_live": false, "use_mine": false, "use_navi": true, "use_othr": false, "use_pcon": true, "use_recr": true, "use_supp": true, "users": "COMUNIDAD DE REGANTES DEL PANTANO DE ARGUIS", "x_etrs89": "711944", "y_etrs89": "4686747", "years_annual": 11.0, "years_monthly": 12.0, "level": 0, "storage": 1, "outflow": 0, "inflow": 0, "years_daily": 4, "dod_m": 0.11538461538461539, "dor_d": null }, "geometry": { "type": "Point", "coordinates": [ -0.428636130115568, 42.304134590834991 ] } },
{ "type": "Feature", "properties": { "id": 9846, "active": 1, "administration": "C.H. EBRO", "area_skm": 16.142552784702588, "basin": "EBRO", "cap_mcm": 434.5, "catch_skm": 2078.0, "category": "A", "comment": "LOS DATOS DE 2004-05 SON PROVISIONALES SUJETOS A REVISION                                                               ", "dam_elev_masl": 529.5, "dam_hgt_m": 92.0, "dam_len_m": 500.0, "dam_type": "Gravity dam: vibrated concrete", "dis_avg_mcm": 1288.0, "elev_masl": 528.0, "end": 2021.0, "estate": "Aragón", "id_basin": 9570.0, "id_gdw": 1430.0, "id_idr_dam": 2469.0, "id_idr_res": 1364.0, "id_municipality": 22113.0, "id_saih": "E046", "id_sheet": 250.0, "lat_wgs84": 42.1848, "lon_wgs84": 0.1238, "main_use": "Water supply", "municipality": "La Fueva", "mwl_elev_masl": 528.7, "name": "Mediano", "operator": "RAMÓN LUQUEZ LLORENTE", "outlet_cms": 2016.0, "owner": "ENDESA / CHE", "owner_type": "Estado\nEstado", "province": "Huesca", "reservoir_type": "Dam reservoir", "river": "Cinca", "river_elev_masl": 92.0, "sheet": "GRAUS (250)", "spillway_cms": null, "start": 1980.0, "system": "GÁLLEGO - CINCA - ÉSERA - NOGUERA RIBAGORZANA", "timeline": "In operation", "use_elec": false, "use_fcon": true, "use_fish": true, "use_ind": false, "use_irri": false, "use_live": false, "use_mine": false, "use_navi": true, "use_othr": false, "use_pcon": true, "use_recr": true, "use_supp": true, "users": "ENHER\nSISTEMA DE RIEGOS DEL ALTO ARAGÓN", "x_etrs89": "764600", "y_etrs89": "4689553", "years_annual": 52.0, "years_monthly": 52.0, "level": 0, "storage": 1, "outflow": 1, "inflow": 1, "years_daily": 41, "dod_m": 0.20909528392685275, "dor_d": 129.0 }, "geometry": { "type": "Point", "coordinates": [ 0.210608720226716, 42.313273564773546 ] } },
{ "type": "Feature", "properties": { "id": 9847, "active": 1, "administration": "C.H. EBRO", "area_skm": 12.627396315487209, "basin": "EBRO", "cap_mcm": 400.0, "catch_skm": 2375.0, "category": "A", "comment": "LOS DATOS DE 2004-05, 2007-08 Y 2009-10 SON PROVISIONALES SUJETOS A REVISION                                            ", "dam_elev_masl": 453.0, "dam_hgt_m": 130.0, "dam_len_m": 959.0, "dam_type": "Gravity dam: vibrated concrete", "dis_avg_mcm": 1420.0, "elev_masl": 450.0, "end": 2021.0, "estate": "Aragón", "id_basin": 9574.0, "id_gdw": 1433.0, "id_idr_dam": 2493.0, "id_idr_res": 1047.0, "id_municipality": 22115.0, "id_saih": "E047", "id_sheet": 288.0, "lat_wgs84": 42.0904, "lon_wgs84": 0.1403, "main_use": "Water supply", "municipality": "El Grado", "mwl_elev_masl": 450.7, "name": "Grado I", "operator": "RAMÓN LUQUEZ LLORENTE", "outlet_cms": 4080.0, "owner": "ENDESA / CHE", "owner_type": "Estado\nEstado", "province": "Huesca", "reservoir_type": "Dam reservoir", "river": "Cinca", "river_elev_masl": 130.0, "sheet": "FONZ (288)", "spillway_cms": null, "start": 1980.0, "system": "GÁLLEGO - CINCA - ÉSERA - NOGUERA RIBAGORZANA", "timeline": "In operation", "use_elec": false, "use_fcon": true, "use_fish": true, "use_ind": false, "use_irri": false, "use_live": true, "use_mine": false, "use_navi": true, "use_othr": false, "use_pcon": true, "use_recr": true, "use_supp": true, "users": null, "x_etrs89": "767232", "y_etrs89": "4671615", "years_annual": 56.0, "years_monthly": 56.0, "level": 0, "storage": 1, "outflow": 1, "inflow": 1, "years_daily": 41, "dod_m": 0.16842105263157894, "dor_d": 113.0 }, "geometry": { "type": "Point", "coordinates": [ 0.234241630461021, 42.151078865760503 ] } },
{ "type": "Feature", "properties": { "id": 9848, "active": 1, "administration": "C.H. EBRO", "area_skm": 6.5715876725333109, "basin": "EBRO", "cap_mcm": 85.0, "catch_skm": 1511.0, "category": "A", "comment": "LOS DATOS DE 2004-05 Y 2005-06 SON PROVISIONALES SUJETOS A REVISION                                                     ", "dam_elev_masl": 448.99, "dam_hgt_m": 66.0, "dam_len_m": 99.0, "dam_type": "Gravity dam: vibrated concrete", "dis_avg_mcm": 793.67, "elev_masl": 447.6, "end": 2021.0, "estate": "Aragón", "id_basin": 9597.0, "id_gdw": 4031.0, "id_idr_dam": 2434.0, "id_idr_res": 256.0, "id_municipality": 22117.0, "id_saih": "E048", "id_sheet": 288.0, "lat_wgs84": 42.0727, "lon_wgs84": 0.1838, "main_use": "Water supply", "municipality": "Graus", "mwl_elev_masl": 447.7, "name": "Barasona-Joaquin Costa", "operator": "GONZALO RABASA", "outlet_cms": 235.0, "owner": "ESTADO", "owner_type": "Estado\nEstado", "province": "Huesca", "reservoir_type": "Dam reservoir", "river": "Ésera", "river_elev_masl": 65.5, "sheet": "FONZ (288)", "spillway_cms": null, "start": 1980.0, "system": "GÁLLEGO - CINCA - ÉSERA - NOGUERA RIBAGORZANA", "timeline": "In operation", "use_elec": false, "use_fcon": true, "use_fish": true, "use_ind": false, "use_irri": false, "use_live": true, "use_mine": false, "use_navi": true, "use_othr": false, "use_pcon": true, "use_recr": true, "use_supp": true, "users": "MUNICIPIOS DE HUESCA Y LLEIDA\nCANAL DE ARAGÓN Y CATALUÑA Y RAMAL DE C. DE ZAIDÍN\nENDESA", "x_etrs89": "773673", "y_etrs89": "4668867", "years_annual": 64.0, "years_monthly": 78.0, "level": 0, "storage": 1, "outflow": 1, "inflow": 1, "years_daily": 41, "dod_m": 0.056254136333553938, "dor_d": 50.0 }, "geometry": { "type": "Point", "coordinates": [ 0.310782166173268, 42.124147818309204 ] } },
{ "type": "Feature", "properties": { "id": 9850, "active": 1, "administration": "C.H. EBRO", "area_skm": 3.7815872924906531, "basin": "EBRO", "cap_mcm": 152.0, "catch_skm": 731.2, "category": "A", "comment": "LOS DATOS DE 2001-02 A 2005-06 Y 2007-08 SON PROVISIONALES SUJETOS A REVISION                                           ", "dam_elev_masl": 823.5, "dam_hgt_m": 125.0, "dam_len_m": 200.0, "dam_type": "Gravity dam: vibrated concrete", "dis_avg_mcm": 626.39, "elev_masl": 821.0, "end": 2021.0, "estate": "Aragón", "id_basin": 9528.0, "id_gdw": 4006.0, "id_idr_dam": 2479.0, "id_idr_res": 877.0, "id_municipality": 22223.0, "id_saih": "E050", "id_sheet": 251.0, "lat_wgs84": 42.1934, "lon_wgs84": 0.4439, "main_use": "Hydroelectricity", "municipality": "Sopeira", "mwl_elev_masl": 821.0, "name": "Escales", "operator": "JOSE MIGUEL DEL CORRAL BELTRÁN", "outlet_cms": 120.0, "owner": "ENDESA", "owner_type": "Privado\nPrivado\nPrivado", "province": "Huesca", "reservoir_type": "Dam reservoir", "river": "Noguera Ribagorzana", "river_elev_masl": 125.0, "sheet": "ARÉN (251)", "spillway_cms": 1370.0, "start": 1998.0, "system": "GÁLLEGO - CINCA - ÉSERA - NOGUERA RIBAGORZANA", "timeline": "In operation", "use_elec": true, "use_fcon": false, "use_fish": true, "use_ind": false, "use_irri": false, "use_live": false, "use_mine": false, "use_navi": true, "use_othr": false, "use_pcon": true, "use_recr": true, "use_supp": false, "users": "ENDESA GENERACION", "x_etrs89": "808505", "y_etrs89": "4692788", "years_annual": 62.0, "years_monthly": 62.0, "level": 0, "storage": 1, "outflow": 1, "inflow": 1, "years_daily": 23, "dod_m": 0.20787746170678337, "dor_d": 114.0 }, "geometry": { "type": "Point", "coordinates": [ 0.744045244836144, 42.326207340040348 ] } },
{ "type": "Feature", "properties": { "id": 9851, "active": 1, "administration": "C.H. EBRO", "area_skm": 13.592873407469959, "basin": "EBRO", "cap_mcm": 679.0, "catch_skm": 1628.02, "category": "A", "comment": "LOS DATOS DE 2001-02 A 2005-06 Y 2007-08 SON PROVISIONALES SUJETOS A REVISION                                           ", "dam_elev_masl": 508.0, "dam_hgt_m": 150.0, "dam_len_m": 210.0, "dam_type": "Arch dam", "dis_avg_mcm": 946.0, "elev_masl": 506.0, "end": 2021.0, "estate": "Aragón", "id_basin": 9536.0, "id_gdw": 1440.0, "id_idr_dam": 2438.0, "id_idr_res": 489.0, "id_municipality": 22105.0, "id_saih": "E051", "id_sheet": 327.0, "lat_wgs84": 41.5835, "lon_wgs84": 0.3641, "main_use": "Water supply", "municipality": "Estopiñán del Castillo", "mwl_elev_masl": 506.0, "name": "Canelles", "operator": "JOSE MIGUEL DEL CORRAL BELTRÁN", "outlet_cms": 1000.0, "owner": "ENDESA", "owner_type": "Privado\nPrivado\nPrivado", "province": "Huesca", "reservoir_type": "Dam reservoir", "river": "Noguera Ribagorzana", "river_elev_masl": 151.0, "sheet": "OS DE BALAGUER (327)", "spillway_cms": null, "start": 1998.0, "system": "GÁLLEGO - CINCA - ÉSERA - NOGUERA RIBAGORZANA", "timeline": "In operation", "use_elec": false, "use_fcon": false, "use_fish": true, "use_ind": false, "use_irri": false, "use_live": false, "use_mine": false, "use_navi": true, "use_othr": false, "use_pcon": true, "use_recr": true, "use_supp": true, "users": "ENHER", "x_etrs89": "799208", "y_etrs89": "4653462", "years_annual": 54.0, "years_monthly": 54.0, "level": 0, "storage": 1, "outflow": 1, "inflow": 1, "years_daily": 23, "dod_m": 0.41707104335327577, "dor_d": 455.0 }, "geometry": { "type": "Point", "coordinates": [ 0.611262160572579, 41.976355678399635 ] } },
{ "type": "Feature", "properties": { "id": 9852, "active": 1, "administration": "C.H. EBRO", "area_skm": 7.8299251366381517, "basin": "EBRO", "cap_mcm": 236.6, "catch_skm": 1757.5, "category": "A", "comment": "LOS DATOS DE 2007-08 SON PROVISIONALES SUJETOS A REVISION                                                               ", "dam_elev_masl": 380.3, "dam_hgt_m": 100.0, "dam_len_m": 241.98, "dam_type": "Arch-gravity dam", "dis_avg_mcm": 679384.0, "elev_masl": 378.7, "end": 2021.0, "estate": "Aragón", "id_basin": 9536.0, "id_gdw": 4054.0, "id_idr_dam": 2491.0, "id_idr_res": 2067.0, "id_municipality": 22089.0, "id_saih": "E052", "id_sheet": 327.0, "lat_wgs84": 41.5258, "lon_wgs84": 0.345, "main_use": "Water supply", "municipality": "Castillonroy", "mwl_elev_masl": 378.7, "name": "Santa Ana", "operator": "GONZALO RABASA", "outlet_cms": 340.0, "owner": "ENDESA -  CHE", "owner_type": "Estado\nEstado", "province": "Huesca", "reservoir_type": "Dam reservoir", "river": "Noguera Ribagorzana", "river_elev_masl": 99.6, "sheet": "OS DE BALAGUER (327)", "spillway_cms": null, "start": 1990.0, "system": "GÁLLEGO - CINCA - ÉSERA - NOGUERA RIBAGORZANA", "timeline": "In operation", "use_elec": false, "use_fcon": true, "use_fish": true, "use_ind": false, "use_irri": false, "use_live": true, "use_mine": false, "use_navi": true, "use_othr": false, "use_pcon": true, "use_recr": true, "use_supp": true, "users": "LLEIDA Y OTROS\n-\n-", "x_etrs89": "797100", "y_etrs89": "4642955", "years_annual": 61.0, "years_monthly": 61.0, "level": 0, "storage": 1, "outflow": 1, "inflow": 1, "years_daily": 31, "dod_m": 0.13462304409672832, "dor_d": 145.0 }, "geometry": { "type": "Point", "coordinates": [ 0.580575556816379, 41.882703875700194 ] } },
{ "type": "Feature", "properties": { "id": 9857, "active": 0, "administration": "C.H. EBRO", "area_skm": 0.29025847632433993, "basin": "EBRO", "cap_mcm": 2.0, "catch_skm": 359.76, "category": "A", "comment": "INT 1995                                                                                                                ", "dam_elev_masl": 937.5, "dam_hgt_m": null, "dam_len_m": 192.85, "dam_type": "Gravity dam: vibrated concrete", "dis_avg_mcm": 100.0, "elev_masl": 936.0, "end": 1992.0, "estate": "Cataluña", "id_basin": 9466.0, "id_gdw": 16025.0, "id_idr_dam": 2562.0, "id_idr_res": 2256.0, "id_municipality": 25082.0, "id_saih": null, "id_sheet": 181.0, "lat_wgs84": 42.3433, "lon_wgs84": 1.0833, "main_use": "Water supply", "municipality": "Espot", "mwl_elev_masl": null, "name": "Torrasa, La", "operator": "JOSE MIGUEL DEL CORRAL BELTRÁN", "outlet_cms": 17.0, "owner": "H. DE CATALUÑA", "owner_type": "Privado", "province": "Lérida", "reservoir_type": "Dam reservoir", "river": "Noguera Pallaresa", "river_elev_masl": 20.5, "sheet": "ESTERRI DE ANEU (181)", "spillway_cms": null, "start": 1980.0, "system": "SEGRE - NOGUERA PALLARESA", "timeline": "In operation", "use_elec": false, "use_fcon": false, "use_fish": true, "use_ind": false, "use_irri": false, "use_live": false, "use_mine": false, "use_navi": true, "use_othr": false, "use_pcon": true, "use_recr": true, "use_supp": true, "users": "HECSA", "x_etrs89": "839994", "y_etrs89": "4722036", "years_annual": 35.0, "years_monthly": 36.0, "level": 0, "storage": 1, "outflow": 1, "inflow": 1, "years_daily": 12, "dod_m": 0.0055592617300422508, "dor_d": 4.0 }, "geometry": { "type": "Point", "coordinates": [ 1.142584685843255, 42.575825342631809 ] } },
{ "type": "Feature", "properties": { "id": 9858, "active": 1, "administration": "C.H. EBRO", "area_skm": 8.3457056629362025, "basin": "EBRO", "cap_mcm": 226.7, "catch_skm": 2070.0, "category": "A", "comment": "LOS DATOS DE 2001-02 A 2007-08, 2009-10 Y 2010-11 SON PROVISIONALES SUJETOS A REVISION                                  ", "dam_elev_masl": 502.05, "dam_hgt_m": 86.0, "dam_len_m": 180.0, "dam_type": "Gravity dam: vibrated concrete", "dis_avg_mcm": 1115.0, "elev_masl": 500.9, "end": 2021.0, "estate": "Cataluña", "id_basin": 9490.0, "id_gdw": 4021.0, "id_idr_dam": 2598.0, "id_idr_res": 2193.0, "id_municipality": 25215.0, "id_saih": "E058", "id_sheet": 252.0, "lat_wgs84": 42.1048, "lon_wgs84": 0.5445, "main_use": "Water supply", "municipality": "Talarn", "mwl_elev_masl": 501.0, "name": "Talarn O Tremp", "operator": "JOSE FELIPE RIO IGLESIAS", "outlet_cms": 15.0, "owner": "ENDESA", "owner_type": "Privado", "province": "Lérida", "reservoir_type": "Dam reservoir", "river": "Noguera Pallaresa", "river_elev_masl": 86.0, "sheet": "TREMP (252)", "spillway_cms": 2200.0, "start": 1997.0, "system": "SEGRE - NOGUERA PALLARESA", "timeline": "In operation", "use_elec": false, "use_fcon": true, "use_fish": true, "use_ind": false, "use_irri": false, "use_live": false, "use_mine": false, "use_navi": true, "use_othr": false, "use_pcon": true, "use_recr": true, "use_supp": true, "users": "-\n-", "x_etrs89": "823151", "y_etrs89": "4677161", "years_annual": 64.0, "years_monthly": 78.0, "level": 0, "storage": 1, "outflow": 1, "inflow": 1, "years_daily": 24, "dod_m": 0.10951690821256038, "dor_d": 87.0 }, "geometry": { "type": "Point", "coordinates": [ 0.912694754633034, 42.17985912918482 ] } },
{ "type": "Feature", "properties": { "id": 9859, "active": 1, "administration": "C.H. EBRO", "area_skm": 2.4948296945674202, "basin": "EBRO", "cap_mcm": 33.2, "catch_skm": 2620.0, "category": "A", "comment": "LOS DATOS DE 2001-02 A 2007-08, 2009-10 Y 2010-11 SON PROVISIONALES SUJETOS A REVISION                                  ", "dam_elev_masl": 374.05, "dam_hgt_m": 47.0, "dam_len_m": 160.0, "dam_type": "Gravity dam: vibrated concrete", "dis_avg_mcm": 1410.0, "elev_masl": 372.0, "end": 2021.0, "estate": "Cataluña", "id_basin": 9496.0, "id_gdw": 4039.0, "id_idr_dam": 2556.0, "id_idr_res": 2222.0, "id_municipality": 25128.0, "id_saih": "E059", "id_sheet": 290.0, "lat_wgs84": 42.0255, "lon_wgs84": 0.5339, "main_use": "Water supply", "municipality": "Llimiana", "mwl_elev_masl": null, "name": "Terradets", "operator": "JOSE FELIPE RIO IGLESIAS", "outlet_cms": 15.0, "owner": "ENDESA", "owner_type": "Privado", "province": "Lérida", "reservoir_type": "Dam reservoir", "river": "Noguera Pallaresa", "river_elev_masl": 47.0, "sheet": "ISONA (290)", "spillway_cms": 2275.0, "start": 1997.0, "system": "SEGRE - NOGUERA PALLARESA", "timeline": "In operation", "use_elec": false, "use_fcon": true, "use_fish": true, "use_ind": false, "use_irri": false, "use_live": false, "use_mine": false, "use_navi": true, "use_othr": false, "use_pcon": true, "use_recr": true, "use_supp": true, "users": "-\n-", "x_etrs89": "822294", "y_etrs89": "4662502", "years_annual": 64.0, "years_monthly": 78.0, "level": 0, "storage": 1, "outflow": 1, "inflow": 1, "years_daily": 24, "dod_m": 0.012671755725190841, "dor_d": 12.0 }, "geometry": { "type": "Point", "coordinates": [ 0.894257106537738, 42.048492298694448 ] } },
{ "type": "Feature", "properties": { "id": 9860, "active": 1, "administration": "C.H. EBRO", "area_skm": 5.6148864152923688, "basin": "EBRO", "cap_mcm": 163.4, "catch_skm": 2850.0, "category": "A", "comment": "LOS DATOS DE 2001-02 A 2010-11 ESTAN PENDIENTES DE REVISION                                                             ", "dam_elev_masl": 337.17, "dam_hgt_m": 103.0, "dam_len_m": 215.9, "dam_type": "Gravity dam: vibrated concrete", "dis_avg_mcm": 1533.0, "elev_masl": 336.2, "end": 2021.0, "estate": "Cataluña", "id_basin": 9496.0, "id_gdw": 4053.0, "id_idr_dam": 2555.0, "id_idr_res": 441.0, "id_municipality": 25062.0, "id_saih": "E060", "id_sheet": 328.0, "lat_wgs84": 41.543, "lon_wgs84": 0.5314, "main_use": "Water supply", "municipality": "Camarasa", "mwl_elev_masl": 336.0, "name": "Camarasa", "operator": "JOSE FELIPE RIO IGLESIAS", "outlet_cms": null, "owner": "ENDESA", "owner_type": "Privado", "province": "Lérida", "reservoir_type": "Dam reservoir", "river": "Noguera Pallaresa", "river_elev_masl": 103.0, "sheet": "ARTESA DE SEGRE (328)", "spillway_cms": null, "start": 1997.0, "system": "SEGRE - NOGUERA PALLARESA", "timeline": "In operation", "use_elec": false, "use_fcon": true, "use_fish": true, "use_ind": false, "use_irri": false, "use_live": false, "use_mine": false, "use_navi": true, "use_othr": false, "use_pcon": true, "use_recr": true, "use_supp": true, "users": "-\n-", "x_etrs89": "822417", "y_etrs89": "4646906", "years_annual": 64.0, "years_monthly": 78.0, "level": 0, "storage": 1, "outflow": 1, "inflow": 1, "years_daily": 24, "dod_m": 0.057333333333333333, "dor_d": 57.0 }, "geometry": { "type": "Point", "coordinates": [ 0.887194607781643, 41.90829790682929 ] } },
{ "type": "Feature", "properties": { "id": 9861, "active": 1, "administration": "C.H. EBRO", "area_skm": 1.0701484729281403, "basin": "EBRO", "cap_mcm": 9.5, "catch_skm": 7110.0, "category": "B", "comment": "LOS DATOS DE 2009-10 ESTAN EN PENDIENTES DE REVISION                                                                    ", "dam_elev_masl": 248.17, "dam_hgt_m": 25.0, "dam_len_m": 944.0, "dam_type": "Mixed/Composite dam", "dis_avg_mcm": 0.0, "elev_masl": 247.2, "end": 1994.0, "estate": "Cataluña", "id_basin": 9497.0, "id_gdw": 5995.0, "id_idr_dam": 2582.0, "id_idr_res": 2024.0, "id_municipality": 25062.0, "id_saih": "E061", "id_sheet": 328.0, "lat_wgs84": 41.5111, "lon_wgs84": 0.5009, "main_use": "Water supply", "municipality": "Camarasa", "mwl_elev_masl": 257.0, "name": "San Lorenzo Mongay", "operator": null, "outlet_cms": null, "owner": "ENDESA", "owner_type": "Privado", "province": "Lérida", "reservoir_type": "Dam reservoir", "river": "Segre", "river_elev_masl": 24.0, "sheet": "ARTESA DE SEGRE (328)", "spillway_cms": null, "start": 1980.0, "system": "SEGRE - NOGUERA PALLARESA", "timeline": "In operation", "use_elec": false, "use_fcon": true, "use_fish": true, "use_ind": false, "use_irri": false, "use_live": false, "use_mine": false, "use_navi": true, "use_othr": false, "use_pcon": true, "use_recr": true, "use_supp": true, "users": "-\n-", "x_etrs89": "818437", "y_etrs89": "4640562", "years_annual": 60.0, "years_monthly": 73.0, "level": 0, "storage": 1, "outflow": 1, "inflow": 1, "years_daily": 14, "dod_m": 0.0013361462728551335, "dor_d": 2.0 }, "geometry": { "type": "Point", "coordinates": [ 0.835898366384007, 41.852900060297145 ] } },
{ "type": "Feature", "properties": { "id": 9862, "active": 1, "administration": "C.H. EBRO", "area_skm": 3.7018828907470005, "basin": "EBRO", "cap_mcm": 101.0, "catch_skm": 2672.07, "category": "A", "comment": "LOS DATOS DE 2004-05 SON PROVISIONALES SUJETOS A REVISION. EL 01/10/2011 CAMBIO DEL VOLUMEN DE EMBALSE                  ", "dam_elev_masl": 520.04, "dam_hgt_m": 90.0, "dam_len_m": 262.0, "dam_type": "Gravity dam: vibrated concrete", "dis_avg_mcm": 956.42, "elev_masl": 518.3, "end": 2021.0, "estate": "Cataluña", "id_basin": 9447.0, "id_gdw": 4036.0, "id_idr_dam": 2594.0, "id_idr_res": 1558.0, "id_municipality": 25149.0, "id_saih": "E062", "id_sheet": 291.0, "lat_wgs84": 42.0532, "lon_wgs84": 1.1738, "main_use": "Water supply", "municipality": "Oliana", "mwl_elev_masl": null, "name": "Oliana", "operator": "GONZALO RABASA", "outlet_cms": 250.0, "owner": "F. H. SEGRE", "owner_type": "Estado\nEstado", "province": "Lérida", "reservoir_type": "Dam reservoir", "river": "Segre", "river_elev_masl": 102.0, "sheet": "OLIANA (291)", "spillway_cms": null, "start": 1980.0, "system": "SEGRE - NOGUERA PALLARESA", "timeline": "In operation", "use_elec": true, "use_fcon": true, "use_fish": true, "use_ind": false, "use_irri": false, "use_live": true, "use_mine": false, "use_navi": true, "use_othr": false, "use_pcon": true, "use_recr": true, "use_supp": true, "users": "-\n-\n-\n-", "x_etrs89": "855140", "y_etrs89": "4668946", "years_annual": 64.0, "years_monthly": 64.0, "level": 0, "storage": 1, "outflow": 1, "inflow": 1, "years_daily": 41, "dod_m": 0.037798410969772496, "dor_d": 45.0 }, "geometry": { "type": "Point", "coordinates": [ 1.294012287284673, 42.092230114804494 ] } },
{ "type": "Feature", "properties": { "id": 9863, "active": 1, "administration": "C.H. EBRO", "area_skm": 0.462139245569541, "basin": "EBRO", "cap_mcm": 16.0, "catch_skm": 26.4, "category": "A", "comment": "LOS DATOS DE 2001-02 A 2005-06, 2007-08, 2009-10 Y 2012-13 SON PROVISIONALES SUJETOS A REVISION                         ", "dam_elev_masl": 1783.5, "dam_hgt_m": null, "dam_len_m": 360.0, "dam_type": "Buttress dam", "dis_avg_mcm": 130.24, "elev_masl": 1781.0, "end": 2021.0, "estate": "Cataluña", "id_basin": 9515.0, "id_gdw": null, "id_idr_dam": 2593.0, "id_idr_res": 603.0, "id_municipality": 25043.0, "id_saih": "E063", "id_sheet": 181.0, "lat_wgs84": 42.3507, "lon_wgs84": 0.5115, "main_use": "Hydroelectricity", "municipality": "La Vall de Boí", "mwl_elev_masl": 1783.0, "name": "Cavallers", "operator": "JOSE MIGUEL DEL CORRAL BELTRÁN", "outlet_cms": 50.0, "owner": "ENDESA", "owner_type": "Privado\nPrivado\nPrivado", "province": "Lérida", "reservoir_type": "Dam reservoir", "river": "Noguera De Tor", "river_elev_masl": 70.0, "sheet": "ESTERRI DE ANEU (181)", "spillway_cms": null, "start": 1998.0, "system": "GÁLLEGO - CINCA - ÉSERA - NOGUERA RIBAGORZANA", "timeline": "In operation", "use_elec": true, "use_fcon": false, "use_fish": true, "use_ind": false, "use_irri": false, "use_live": false, "use_mine": false, "use_navi": true, "use_othr": false, "use_pcon": true, "use_recr": true, "use_supp": false, "users": "ENHER", "x_etrs89": "816278", "y_etrs89": "4721952", "years_annual": 60.0, "years_monthly": 60.0, "level": 0, "storage": 1, "outflow": 1, "inflow": 1, "years_daily": 23, "dod_m": 0.60606060606060608, "dor_d": 65.0 }, "geometry": { "type": "Point", "coordinates": [ 0.854235575377629, 42.58514755445723 ] } },
{ "type": "Feature", "properties": { "id": 9864, "active": 0, "administration": "C.H. EBRO", "area_skm": 0.33002055451386553, "basin": "EBRO", "cap_mcm": 3.0, "catch_skm": 260.0, "category": "A", "comment": "INT 1993                                                                                                                ", "dam_elev_masl": 1077.5, "dam_hgt_m": null, "dam_len_m": 290.0, "dam_type": "Gravity dam: vibrated concrete", "dis_avg_mcm": 0.0, "elev_masl": 1077.0, "end": 1993.0, "estate": "Aragón", "id_basin": 9583.0, "id_gdw": 16022.0, "id_idr_dam": 2471.0, "id_idr_res": 1258.0, "id_municipality": 22200.0, "id_saih": null, "id_sheet": 180.0, "lat_wgs84": 42.35, "lon_wgs84": 0.2858, "main_use": "Water supply", "municipality": "Sahún", "mwl_elev_masl": 1077.5, "name": "Linsoles", "operator": "DAVID ALONSO GARCÍA", "outlet_cms": null, "owner": "EIASA", "owner_type": "Privado", "province": "Huesca", "reservoir_type": "Dam reservoir", "river": "Ésera", "river_elev_masl": 36.0, "sheet": "BENASQUE (180)", "spillway_cms": null, "start": 1985.0, "system": "GÁLLEGO - CINCA - ÉSERA - NOGUERA RIBAGORZANA", "timeline": "In operation", "use_elec": false, "use_fcon": false, "use_fish": true, "use_ind": false, "use_irri": false, "use_live": false, "use_mine": false, "use_navi": true, "use_othr": false, "use_pcon": true, "use_recr": true, "use_supp": true, "users": "-", "x_etrs89": "785803", "y_etrs89": "4720436", "years_annual": 9.0, "years_monthly": 10.0, "level": 0, "storage": 1, "outflow": 1, "inflow": 1, "years_daily": 8, "dod_m": 0.011538461538461539, "dor_d": 3.0 }, "geometry": { "type": "Point", "coordinates": [ 0.482804173974964, 42.58340564698721 ] } },
{ "type": "Feature", "properties": { "id": 9865, "active": 1, "administration": "C.H. EBRO", "area_skm": 0.81862636747914064, "basin": "EBRO", "cap_mcm": 22.0, "catch_skm": 72.0, "category": "A", "comment": "LOS DATOS DE 2001-02 A 2010-11, 2012-13  Y 2015-16 ESTAN PENDIENTES DE REVISION                                         ", "dam_elev_masl": 1437.5, "dam_hgt_m": null, "dam_len_m": 330.0, "dam_type": "Arch dam", "dis_avg_mcm": null, "elev_masl": 1434.5, "end": 2021.0, "estate": "Cataluña", "id_basin": 9510.0, "id_gdw": 16024.0, "id_idr_dam": 2439.0, "id_idr_res": 290.0, "id_municipality": 22157.0, "id_saih": "E065", "id_sheet": 180.0, "lat_wgs84": 42.3442, "lon_wgs84": 0.4534, "main_use": "Hydroelectricity", "municipality": "Montanuy", "mwl_elev_masl": 1436.5, "name": "Baserca", "operator": "JOSE MIGUEL DEL CORRAL BELTRÁN", "outlet_cms": 38.0, "owner": "ENDESA", "owner_type": "Privado\nPrivado\nPrivado", "province": "Huesca", "reservoir_type": "Dam reservoir", "river": "Noguera Ribagorzana", "river_elev_masl": 86.0, "sheet": "BENASQUE (180)", "spillway_cms": 626.01, "start": 1998.0, "system": "GÁLLEGO - CINCA - ÉSERA - NOGUERA RIBAGORZANA", "timeline": "In operation", "use_elec": true, "use_fcon": true, "use_fish": true, "use_ind": false, "use_irri": false, "use_live": false, "use_mine": false, "use_navi": true, "use_othr": false, "use_pcon": true, "use_recr": true, "use_supp": false, "users": "ENDESA GENERACION\nCABECERA NOGUERA-RIBAGORZANA", "x_etrs89": "808522", "y_etrs89": "4720854", "years_annual": 37.0, "years_monthly": 37.0, "level": 0, "storage": 1, "outflow": 1, "inflow": 1, "years_daily": 23, "dod_m": 0.30555555555555558, "dor_d": 45.0 }, "geometry": { "type": "Point", "coordinates": [ 0.759326028131354, 42.578418966161991 ] } },
{ "type": "Feature", "properties": { "id": 9867, "active": 1, "administration": "C.H. EBRO", "area_skm": 0.23784101464167604, "basin": "EBRO", "cap_mcm": 6.48, "catch_skm": 24.06, "category": "A", "comment": null, "dam_elev_masl": 1770.0, "dam_hgt_m": null, "dam_len_m": 397.58, "dam_type": "Embankment dam: ssphalt-face", "dis_avg_mcm": 3.47, "elev_masl": 1765.0, "end": 2021.0, "estate": "Cataluña", "id_basin": 9483.0, "id_gdw": 16029.0, "id_idr_dam": 2580.0, "id_idr_res": 1982.0, "id_municipality": 25227.0, "id_saih": null, "id_sheet": 181.0, "lat_wgs84": 42.296, "lon_wgs84": 0.5945, "main_use": "Water supply", "municipality": "LLEIDA / 25               ", "mwl_elev_masl": 1765.0, "name": "Sallente", "operator": "JOSE FELIPE RIO IGLESIAS", "outlet_cms": 36.0, "owner": "ENDESA GENERACION S.A.", "owner_type": "Privado", "province": "Lleida", "reservoir_type": "Dam reservoir", "river": "Torre De Cabdella. La", "river_elev_masl": 89.0, "sheet": "ESTERRI D'ANEU (181)                ", "spillway_cms": null, "start": 2014.0, "system": null, "timeline": "In operation", "use_elec": false, "use_fcon": false, "use_fish": true, "use_ind": false, "use_irri": false, "use_live": false, "use_mine": false, "use_navi": true, "use_othr": false, "use_pcon": true, "use_recr": true, "use_supp": true, "users": "-", "x_etrs89": "828338", "y_etrs89": "4713021", "years_annual": 9.0, "years_monthly": 10.0, "level": 0, "storage": 1, "outflow": 0, "inflow": 0, "years_daily": 7, "dod_m": 0.26932668329177062, "dor_d": null }, "geometry": { "type": "Point", "coordinates": [ 0.995731760260698, 42.499878976115163 ] } },
{ "type": "Feature", "properties": { "id": 9868, "active": 1, "administration": "C.H. EBRO", "area_skm": 0.68190500144307786, "basin": "EBRO", "cap_mcm": 12.0, "catch_skm": 60.4, "category": "A", "comment": "LOS DATOS DE 2001-02 A 2008-09, 2010-11, 2012-13 Y 2015-16 SON PROVISIONALES SUJETOS A REVISION                         ", "dam_elev_masl": 489.14, "dam_hgt_m": 63.0, "dam_len_m": 274.4, "dam_type": "Gravity dam: vibrated concrete", "dis_avg_mcm": 9.32, "elev_masl": 485.9, "end": 2005.0, "estate": "Cataluña", "id_basin": 9651.0, "id_gdw": 6003.0, "id_idr_dam": 2772.0, "id_idr_res": 692.0, "id_municipality": 43049.0, "id_saih": null, "id_sheet": 445.0, "lat_wgs84": 41.1459, "lon_wgs84": 0.5449, "main_use": "Water supply", "municipality": "Cornudella de Montsant", "mwl_elev_masl": null, "name": "Ciurana", "operator": "LUÍS CALONGE CIRIANO", "outlet_cms": 28.4, "owner": "ESTADO", "owner_type": "Comunidades Autónomas\nComunidades Autónomas", "province": "Tarragona", "reservoir_type": "Dam reservoir", "river": "Ciurana", "river_elev_masl": 62.74, "sheet": "CORNUDELLA (445)", "spillway_cms": null, "start": 1980.0, "system": "CIURANA", "timeline": "In operation", "use_elec": false, "use_fcon": true, "use_fish": true, "use_ind": false, "use_irri": false, "use_live": false, "use_mine": false, "use_navi": true, "use_othr": false, "use_pcon": true, "use_recr": true, "use_supp": true, "users": "-\n-", "x_etrs89": "827933", "y_etrs89": "4573860", "years_annual": 52.0, "years_monthly": 52.0, "level": 0, "storage": 1, "outflow": 1, "inflow": 1, "years_daily": 25, "dod_m": 0.19867549668874174, "dor_d": 684.0 }, "geometry": { "type": "Point", "coordinates": [ 0.913654040654534, 41.249632750976062 ] } },
{ "type": "Feature", "properties": { "id": 9871, "active": 1, "administration": "C.H. EBRO", "area_skm": 1.2119160293189173, "basin": "EBRO", "cap_mcm": 24.2, "catch_skm": 179.0, "category": "A", "comment": "LOS DATOS DE 2002-03 SON PROVISIONALES SUJETOS A REVISION                                                               ", "dam_elev_masl": 629.15, "dam_hgt_m": null, "dam_len_m": 373.0, "dam_type": "Gravity dam: Roller-Compacted Concrete", "dis_avg_mcm": 23.0, "elev_masl": 620.0, "end": 2021.0, "estate": "Aragón", "id_basin": 9243.0, "id_gdw": 27952.0, "id_idr_dam": 2824.0, "id_idr_res": 2351.0, "id_municipality": 50106.0, "id_saih": "E071", "id_sheet": 320.0, "lat_wgs84": 41.5235, "lon_wgs84": -1.4708, "main_use": "Water supply", "municipality": "Los Fayos", "mwl_elev_masl": 627.3, "name": "Val", "operator": "ALFONSO PEREZ PASCUAL", "outlet_cms": 103.5, "owner": "ESTADO", "owner_type": "Estado\nEstado", "province": "Zaragoza", "reservoir_type": "Dam reservoir", "river": "Val", "river_elev_masl": 94.4, "sheet": "TARAZONA DE ARAGÓN (320)", "spillway_cms": 632.0, "start": 2002.0, "system": "QUEILES", "timeline": "In operation", "use_elec": false, "use_fcon": true, "use_fish": true, "use_ind": false, "use_irri": false, "use_live": true, "use_mine": false, "use_navi": true, "use_othr": false, "use_pcon": true, "use_recr": true, "use_supp": true, "users": "LOS FAYOS, TARAZONA, NOVELLAS\n-\nNúcleos de los Fayos y Tarazona", "x_etrs89": "600765", "y_etrs89": "4636766", "years_annual": 20.0, "years_monthly": 20.0, "level": 0, "storage": 1, "outflow": 1, "inflow": 1, "years_daily": 19, "dod_m": 0.13519553072625698, "dor_d": 446.0 }, "geometry": { "type": "Point", "coordinates": [ -1.785647584836445, 41.87639939721813 ] } },
{ "type": "Feature", "properties": { "id": 9874, "active": 1, "administration": "C.H. EBRO", "area_skm": 0.33837812051968069, "basin": "EBRO", "cap_mcm": 5.5, "catch_skm": 21.2, "category": "A", "comment": "LOS DATOS DE 2002-03, 2004-05, 2007-08 Y 2008-09 SON PROVISIONALES SUJETOS A REVISION                                   ", "dam_elev_masl": 652.0, "dam_hgt_m": null, "dam_len_m": 396.0, "dam_type": "Gravity dam: Roller-Compacted Concrete", "dis_avg_mcm": 14.3, "elev_masl": 648.5, "end": 2021.0, "estate": "Comunidad Foral de Navarra", "id_basin": 9221.0, "id_gdw": 15990.0, "id_idr_dam": 2742.0, "id_idr_res": 2335.0, "id_municipality": 31073.0, "id_saih": "E074", "id_sheet": 113.0, "lat_wgs84": 42.5501, "lon_wgs84": -2.1402, "main_use": "Water supply", "municipality": "Ciordia", "mwl_elev_masl": null, "name": "Urdalur", "operator": "ALFONSO MARISCAL DE GANTE LOPEZ", "outlet_cms": 17.17, "owner": "ESTADO", "owner_type": "Estado\nEstado", "province": "Navarra", "reservoir_type": "Dam reservoir", "river": "Alzama", "river_elev_masl": 55.0, "sheet": "SALVATIERRA (113)", "spillway_cms": null, "start": 2000.0, "system": "EBRO ALTO - MEDIO Y ARAGÓN", "timeline": "In operation", "use_elec": false, "use_fcon": false, "use_fish": true, "use_ind": false, "use_irri": false, "use_live": false, "use_mine": false, "use_navi": true, "use_othr": false, "use_pcon": true, "use_recr": true, "use_supp": true, "users": "ALSASUA Y COMARCA BARRANCA-BURUNDA", "x_etrs89": "562547", "y_etrs89": "4751868", "years_annual": 26.0, "years_monthly": 27.0, "level": 0, "storage": 1, "outflow": 1, "inflow": 1, "years_daily": 21, "dod_m": 0.25943396226415094, "dor_d": 58.0 }, "geometry": { "type": "Point", "coordinates": [ -2.233664813957232, 42.916867723904801 ] } },
{ "type": "Feature", "properties": { "id": 9875, "active": 1, "administration": "C.H. EBRO", "area_skm": 11.22500538631634, "basin": "EBRO", "cap_mcm": 417.0, "catch_skm": 510.0, "category": "A", "comment": "LOS DATOS DE 2003-04 Y 2006-07 SON PROVISIONALES SUJETOS A REVISION                                                     ", "dam_elev_masl": 592.0, "dam_hgt_m": 128.0, "dam_len_m": 525.0, "dam_type": "Gravity dam: vibrated concrete", "dis_avg_mcm": 675.0, "elev_masl": 588.0, "end": 2021.0, "estate": "Comunidad Foral de Navarra", "id_basin": 9195.0, "id_gdw": 1410.0, "id_idr_dam": 2741.0, "id_idr_res": 1165.0, "id_municipality": 31158.0, "id_saih": "E075", "id_sheet": 142.0, "lat_wgs84": 42.4808, "lon_wgs84": -1.214, "main_use": "Water supply", "municipality": "Lónguida", "mwl_elev_masl": 590.0, "name": "Itoiz", "operator": "IRENE DOMINGO COMECHE", "outlet_cms": 282.0, "owner": "ESTADO", "owner_type": "Estado\nEstado", "province": "Navarra", "reservoir_type": "Dam reservoir", "river": "Irati", "river_elev_masl": 122.0, "sheet": "AOIZ (142)", "spillway_cms": null, "start": 2004.0, "system": "EBRO ALTO - MEDIO Y ARAGÓN", "timeline": "In operation", "use_elec": false, "use_fcon": true, "use_fish": true, "use_ind": false, "use_irri": false, "use_live": true, "use_mine": false, "use_navi": true, "use_othr": false, "use_pcon": true, "use_recr": true, "use_supp": true, "users": "-\nZona regable vinculada al Canal de Navarra\n-", "x_etrs89": "634003", "y_etrs89": "4740165", "years_annual": 19.0, "years_monthly": 20.0, "level": 0, "storage": 1, "outflow": 1, "inflow": 1, "years_daily": 17, "dod_m": 0.81764705882352939, "dor_d": 293.0 }, "geometry": { "type": "Point", "coordinates": [ -1.361221315794266, 42.802315852910262 ] } },
{ "type": "Feature", "properties": { "id": 9876, "active": 1, "administration": "C.H. EBRO", "area_skm": 14.398951294645942, "basin": "EBRO", "cap_mcm": 404.0, "catch_skm": 2760.0, "category": "C", "comment": "LOS DATOS DE 2007-08 SON PROVISIONALES SUJETOS A REVISION                                                               ", "dam_elev_masl": 435.54, "dam_hgt_m": 96.0, "dam_len_m": 172.03, "dam_type": "Gravity dam: vibrated concrete", "dis_avg_mcm": 0.0, "elev_masl": 430.0, "end": 2021.0, "estate": "Cataluña", "id_basin": 9451.0, "id_gdw": 4049.0, "id_idr_dam": 2636.0, "id_idr_res": 1895.0, "id_municipality": 25042.0, "id_saih": "E076", "id_sheet": 329.0, "lat_wgs84": 41.5623, "lon_wgs84": 1.1138, "main_use": "Water supply", "municipality": "La Baronia de Rialb", "mwl_elev_masl": 432.8, "name": "Rialb", "operator": "RAIMUNDO LAFUENTE DIOS", "outlet_cms": null, "owner": "ESTADO", "owner_type": "Estado\nEstado", "province": "Lérida", "reservoir_type": "Dam reservoir", "river": "Segre", "river_elev_masl": 25.54, "sheet": "PONTS (329)", "spillway_cms": null, "start": 2000.0, "system": "SEGRE - NOGUERA PALLARESA", "timeline": "Under study", "use_elec": false, "use_fcon": true, "use_fish": true, "use_ind": false, "use_irri": false, "use_live": true, "use_mine": false, "use_navi": true, "use_othr": false, "use_pcon": true, "use_recr": true, "use_supp": true, "users": "ESTADO\nESTADO", "x_etrs89": "847694", "y_etrs89": "4651590", "years_annual": 24.0, "years_monthly": 25.0, "level": 0, "storage": 1, "outflow": 1, "inflow": 1, "years_daily": 21, "dod_m": 0.1463768115942029, "dor_d": 163.0 }, "geometry": { "type": "Point", "coordinates": [ 1.193945114121848, 41.939662236716963 ] } },
{ "type": "Feature", "properties": { "id": 9877, "active": 1, "administration": "C.H. EBRO", "area_skm": 1.9644246914522463, "basin": "EBRO", "cap_mcm": 52.28, "catch_skm": 144.0, "category": "A", "comment": null, "dam_elev_masl": 585.0, "dam_hgt_m": null, "dam_len_m": 338.18, "dam_type": "Arch-gravity dam", "dis_avg_mcm": 26.5, "elev_masl": 579.0, "end": 2021.0, "estate": "Aragón", "id_basin": 9620.0, "id_gdw": 35793.0, "id_idr_dam": 2464.0, "id_idr_res": 1450.0, "id_municipality": 22150.0, "id_saih": "E077", "id_sheet": 248.0, "lat_wgs84": 42.1057, "lon_wgs84": -0.2141, "main_use": "Water supply", "municipality": "HUESCA / 22               ", "mwl_elev_masl": 579.5, "name": "Montearagon", "operator": "EDUARDO NOVELLA JACOBO", "outlet_cms": 60.6, "owner": "ESTADO\nCONFEDERACION HIDROGRAFICA DEL EBRO", "owner_type": "Estado\nEstado", "province": "Huesca", "reservoir_type": "Dam reservoir", "river": "Loporzano", "river_elev_masl": 86.0, "sheet": "APIES  (248)                       ", "spillway_cms": null, "start": 2014.0, "system": null, "timeline": "In operation", "use_elec": false, "use_fcon": true, "use_fish": true, "use_ind": false, "use_irri": false, "use_live": false, "use_mine": false, "use_navi": true, "use_othr": false, "use_pcon": true, "use_recr": true, "use_supp": true, "users": "-\n-", "x_etrs89": "717904", "y_etrs89": "4673421", "years_annual": 12.0, "years_monthly": 13.0, "level": 0, "storage": 1, "outflow": 0, "inflow": 0, "years_daily": 7, "dod_m": 0.36305555555555558, "dor_d": null }, "geometry": { "type": "Point", "coordinates": [ -0.361405022959509, 42.182601003523054 ] } },
{ "type": "Feature", "properties": { "id": 9879, "active": 1, "administration": "C.H. EBRO", "area_skm": 0.23949483886511536, "basin": "EBRO", "cap_mcm": 4.0, "catch_skm": 13.67, "category": "B", "comment": null, "dam_elev_masl": 792.0, "dam_hgt_m": null, "dam_len_m": 85.0, "dam_type": "Arch dam", "dis_avg_mcm": 7.5, "elev_masl": 789.0, "end": 2009.0, "estate": "Aragón", "id_basin": 9612.0, "id_gdw": null, "id_idr_dam": 2497.0, "id_idr_res": 1086.0, "id_municipality": 22081.0, "id_saih": "E079", "id_sheet": 248.0, "lat_wgs84": 42.1354, "lon_wgs84": -0.1323, "main_use": "Water supply", "municipality": "Casbas de Huesca", "mwl_elev_masl": null, "name": "Guara", "operator": "RAMÓN LUQUEZ LLORENTE", "outlet_cms": 424.8, "owner": "ESTADO", "owner_type": "Estado\nEstado", "province": "Huesca", "reservoir_type": "Dam reservoir", "river": "Calcon", "river_elev_masl": 63.0, "sheet": "APIÉS (248)", "spillway_cms": 118.9, "start": 1998.0, "system": "GÁLLEGO - CINCA - ÉSERA - NOGUERA RIBAGORZANA", "timeline": "In operation", "use_elec": false, "use_fcon": true, "use_fish": true, "use_ind": false, "use_irri": false, "use_live": false, "use_mine": false, "use_navi": true, "use_othr": false, "use_pcon": true, "use_recr": true, "use_supp": true, "users": null, "x_etrs89": "729153", "y_etrs89": "4679225", "years_annual": 23.0, "years_monthly": 25.0, "level": 0, "storage": 1, "outflow": 1, "inflow": 1, "years_daily": 11, "dod_m": 0.29261155815654716, "dor_d": 420.0 }, "geometry": { "type": "Point", "coordinates": [ -0.223054643650314, 42.231599895034343 ] } },
{ "type": "Feature", "properties": { "id": 9881, "active": 1, "administration": "C.H. EBRO", "area_skm": 0.31941590123635472, "basin": "EBRO", "cap_mcm": 1.34, "catch_skm": 106.33, "category": "A", "comment": null, "dam_elev_masl": 401.0, "dam_hgt_m": null, "dam_len_m": 500.0, "dam_type": "Embankment dam: homogeneous", "dis_avg_mcm": 8.0, "elev_masl": 399.1, "end": 2021.0, "estate": "Aragón", "id_basin": 9988.0, "id_gdw": null, "id_idr_dam": 2506.0, "id_idr_res": 2357.0, "id_municipality": 22125.0, "id_saih": "E081", "id_sheet": 286.0, "lat_wgs84": 42.0407, "lon_wgs84": -0.2642, "main_use": "Water supply", "municipality": "HUESCA / 22               ", "mwl_elev_masl": 399.0, "name": "Valdabra", "operator": "RAMÓN LUQUEZ LLORENTE", "outlet_cms": 13.83, "owner": "ESTADO\nCONFEDERACION HIDROGRAFICA DEL EBRO", "owner_type": "Estado\nEstado", "province": "Huesca", "reservoir_type": "Dam reservoir", "river": "Huesca", "river_elev_masl": 20.0, "sheet": "HUESCA (286)                        ", "spillway_cms": 297.0, "start": 1997.0, "system": null, "timeline": "In operation", "use_elec": false, "use_fcon": true, "use_fish": true, "use_ind": false, "use_irri": false, "use_live": false, "use_mine": false, "use_navi": true, "use_othr": false, "use_pcon": true, "use_recr": true, "use_supp": true, "users": "-\n-", "x_etrs89": "711379", "y_etrs89": "4660559", "years_annual": 26.0, "years_monthly": 26.0, "level": 0, "storage": 1, "outflow": 0, "inflow": 0, "years_daily": 24, "dod_m": 0.012602275933414842, "dor_d": null }, "geometry": { "type": "Point", "coordinates": [ -0.444995960178557, 42.06866493824058 ] } },
{ "type": "Feature", "properties": { "id": 9885, "active": 1, "administration": "C.H. EBRO", "area_skm": 10.748797312641564, "basin": "EBRO", "cap_mcm": 104.0, "catch_skm": 25.0, "category": "A", "comment": null, "dam_elev_masl": 292.0, "dam_hgt_m": 34.0, "dam_len_m": 1490.6, "dam_type": "Embankment dam: zonified", "dis_avg_mcm": 2.84, "elev_masl": 18.2, "end": 2021.0, "estate": "Aragón", "id_basin": 9986.0, "id_gdw": 7230.0, "id_idr_dam": 2844.0, "id_idr_res": 1290.0, "id_municipality": 50118.0, "id_saih": "E085", "id_sheet": 353.0, "lat_wgs84": 41.4932, "lon_wgs84": -1.1932, "main_use": "Water supply", "municipality": "ZARAGOZA. PROVINCIA / 50", "mwl_elev_masl": 288.0, "name": "Loteta, La", "operator": "RAIMUNDO LAFUENTE DIOS", "outlet_cms": 25987.0, "owner": "ESTADO\nCONFEDERACION HIDROGRAFICA DEL EBRO", "owner_type": "Estado\nEstado", "province": "Zaragoza", "reservoir_type": "Dam reservoir", "river": "Gallur", "river_elev_masl": 34.0, "sheet": "PEDROLA (352)                     ", "spillway_cms": null, "start": 2010.0, "system": null, "timeline": "Initial impoundment", "use_elec": false, "use_fcon": false, "use_fish": true, "use_ind": false, "use_irri": false, "use_live": false, "use_mine": false, "use_navi": true, "use_othr": false, "use_pcon": true, "use_recr": true, "use_supp": true, "users": "A ZARAGOZA", "x_etrs89": "639053", "y_etrs89": "4631771", "years_annual": 14.0, "years_monthly": 14.0, "level": 0, "storage": 1, "outflow": 1, "inflow": 1, "years_daily": 11, "dod_m": 4.16, "dor_d": 487.0 }, "geometry": { "type": "Point", "coordinates": [ -1.325563827560765, 41.825624512165575 ] } },
{ "type": "Feature", "properties": { "id": 9895, "active": 1, "administration": "C.H. EBRO", "area_skm": 1.7410572444459946, "basin": "EBRO", "cap_mcm": 137.0, "catch_skm": 27.0, "category": "A", "comment": "DATOS DE RESERVA EN DM3                                                                                                 ", "dam_elev_masl": 301.0, "dam_hgt_m": 51.0, "dam_len_m": 683.0, "dam_type": "Embankment dam: zonified", "dis_avg_mcm": null, "elev_masl": 298.39, "end": 2021.0, "estate": "Aragón", "id_basin": 9941.0, "id_gdw": 7006.0, "id_idr_dam": 2515.0, "id_idr_res": 2050.0, "id_municipality": 22060.0, "id_saih": "E095", "id_sheet": 358.0, "lat_wgs84": 41.4617, "lon_wgs84": 0.1045, "main_use": "Water supply", "municipality": "Binaced", "mwl_elev_masl": 298.0, "name": "San Salvador", "operator": "JOAQUIN ARROYO ALONSO", "outlet_cms": 80.0, "owner": "ESTADO", "owner_type": "Sociedades Estatales", "province": "Huesca", "reservoir_type": "Off-stream reservoir", "river": "Arroyo La Clamor", "river_elev_masl": 51.0, "sheet": null, "spillway_cms": 2.09, "start": 2017.0, "system": "GÁLLEGO - CINCA - ÉSERA - NOGUERA RIBAGORZANA", "timeline": "Initial impoundment", "use_elec": false, "use_fcon": false, "use_fish": true, "use_ind": false, "use_irri": false, "use_live": false, "use_mine": false, "use_navi": true, "use_othr": false, "use_pcon": true, "use_recr": true, "use_supp": true, "users": "COMUNIDAD GENERAL DE REGANTES DEL CANAL DE ARAGON Y CATALUÑA", "x_etrs89": "764252", "y_etrs89": "4629275", "years_annual": 6.0, "years_monthly": 6.0, "level": 0, "storage": 1, "outflow": 0, "inflow": 0, "years_daily": 4, "dod_m": 5.0740740740740744, "dor_d": null }, "geometry": { "type": "Point", "coordinates": [ 0.17922680468236, 41.771336169626913 ] } },
{ "type": "Feature", "properties": { "id": 9898, "active": 1, "administration": "C.H. EBRO", "area_skm": 9.5146999861519944e-06, "basin": "EBRO", "cap_mcm": 17.7, "catch_skm": 1030.4, "category": "C", "comment": null, "dam_elev_masl": 600.0, "dam_hgt_m": null, "dam_len_m": 133.0, "dam_type": "Gravity dam: Roller-Compacted Concrete", "dis_avg_mcm": null, "elev_masl": 596.0, "end": 2021.0, "estate": "Aragón", "id_basin": 9364.0, "id_gdw": null, "id_idr_dam": 2797.0, "id_idr_res": 1800.0, "id_municipality": 44071.0, "id_saih": "E098", "id_sheet": 519.0, "lat_wgs84": 40.4449, "lon_wgs84": -0.2036, "main_use": "Water supply", "municipality": "TERUEL. PROVINCIA / 44", "mwl_elev_masl": 596.0, "name": "Puente De Santolea", "operator": null, "outlet_cms": null, "owner": "Estado", "owner_type": "Estado\nEstado", "province": "Teruel", "reservoir_type": "Dam reservoir", "river": "Castellote", "river_elev_masl": 35.0, "sheet": "Aguaviva (519)", "spillway_cms": null, "start": 2016.0, "system": "Guadalope", "timeline": null, "use_elec": false, "use_fcon": true, "use_fish": true, "use_ind": false, "use_irri": false, "use_live": true, "use_mine": false, "use_navi": true, "use_othr": false, "use_pcon": true, "use_recr": true, "use_supp": true, "users": "ALCAÑIZ, CASPE, CALANDA, CASTELSERAS, MAS, AGUAVIVA Y VALDEALGORDA\nCASTELLOTE, AGUAVIVA, ABENFIGO, GINEBROSA, MAS#\nELECTRA DE", "x_etrs89": "724287", "y_etrs89": "4514071", "years_annual": 6.0, "years_monthly": 7.0, "level": 0, "storage": 1, "outflow": 1, "inflow": 1, "years_daily": 5, "dod_m": 0.0171777950310559, "dor_d": 74.0 }, "geometry": { "type": "Point", "coordinates": [ -0.343414277916262, 40.747031319731683 ] } },
{ "type": "Feature", "properties": { "id": 9901, "active": 1, "administration": "C.H. EBRO", "area_skm": 0.18413620293256869, "basin": "EBRO", "cap_mcm": 2.35, "catch_skm": 14.0, "category": "A", "comment": null, "dam_elev_masl": 653.5, "dam_hgt_m": null, "dam_len_m": 247.0, "dam_type": "Embankment dam: zonified", "dis_avg_mcm": 4.0, "elev_masl": 650.5, "end": 2014.0, "estate": "Comunidad Foral de Navarra", "id_basin": 9965.0, "id_gdw": null, "id_idr_dam": 2717.0, "id_idr_res": 1307.0, "id_municipality": 31192.0, "id_saih": "E201", "id_sheet": 173.0, "lat_wgs84": 42.3815, "lon_wgs84": -1.3517, "main_use": "Water supply", "municipality": "NAVARRA /31              ", "mwl_elev_masl": 650.5, "name": "Mairaga", "operator": "RAIMUNDO LAFUENTE DIOS", "outlet_cms": 7.62, "owner": "ESTADO\nCONFEDERACION HIDROGRAFICA DEL EBRO", "owner_type": "Estado\nEstado", "province": "Navarra", "reservoir_type": "Dam reservoir", "river": "Olóriz", "river_elev_masl": 39.0, "sheet": "TAFALLA (173)                     ", "spillway_cms": null, "start": 2001.0, "system": null, "timeline": "In operation", "use_elec": false, "use_fcon": false, "use_fish": true, "use_ind": false, "use_irri": false, "use_live": false, "use_mine": false, "use_navi": true, "use_othr": false, "use_pcon": true, "use_recr": true, "use_supp": true, "users": "MANCOMUNIDADDE AGUAS DE MAIRAGA", "x_etrs89": "615769", "y_etrs89": "4721542", "years_annual": 26.0, "years_monthly": 26.0, "level": 0, "storage": 1, "outflow": 1, "inflow": 1, "years_daily": 13, "dod_m": 0.16785714285714287, "dor_d": 314.0 }, "geometry": { "type": "Point", "coordinates": [ -1.58794864743323, 42.637630914279214 ] } },
{ "type": "Feature", "properties": { "id": 9930, "active": 1, "administration": "C.H. EBRO", "area_skm": 0.25182030105397601, "basin": "EBRO", "cap_mcm": 2.0, "catch_skm": 1942.0, "category": "B", "comment": "LOS DATOS DE 2003-04 Y 2004-05 SON PROVISIONALES SUJETOS A REVISION                                                     ", "dam_elev_masl": 568.38, "dam_hgt_m": null, "dam_len_m": 81.0, "dam_type": "Gravity dam: vibrated concrete", "dis_avg_mcm": 650.0, "elev_masl": 566.4, "end": 2021.0, "estate": "Castilla y León", "id_basin": 9019.0, "id_gdw": null, "id_idr_dam": 2405.0, "id_idr_res": 627.0, "id_municipality": 9238.0, "id_saih": "E281", "id_sheet": 136.0, "lat_wgs84": 42.4708, "lon_wgs84": -3.2807, "main_use": "Water supply", "municipality": "Oña", "mwl_elev_masl": 566.9, "name": "Cereceda", "operator": "JUAN CARLOS ELIPE SALMADOR", "outlet_cms": 1392.0, "owner": "PARTICULAR", "owner_type": "Privado", "province": "Burgos", "reservoir_type": "Dam reservoir", "river": "Ebro", "river_elev_masl": 18.3, "sheet": "OÑA (136)", "spillway_cms": null, "start": 2016.0, "system": "EBRO ALTO - MEDIO Y ARAGÓN", "timeline": null, "use_elec": false, "use_fcon": false, "use_fish": true, "use_ind": false, "use_irri": false, "use_live": false, "use_mine": false, "use_navi": true, "use_othr": false, "use_pcon": true, "use_recr": true, "use_supp": true, "users": "-", "x_etrs89": "461662", "y_etrs89": "4737114", "years_annual": 18.0, "years_monthly": 20.0, "level": 0, "storage": 1, "outflow": 1, "inflow": 1, "years_daily": 5, "dod_m": 0.0010298661174047373, "dor_d": 39.0 }, "geometry": { "type": "Point", "coordinates": [ -3.468729927892238, 42.785608915229567 ] } }
]
}
