{
"type": "FeatureCollection",
"name": "stations",
"crs": { "type": "name", "properties": { "name": "urn:ogc:def:crs:OGC:1.3:CRS84" } },
"features": [
{ "type": "Feature", "properties": { "id": 1080, "active": 1, "administration": "C.H. CANTÁBRICO", "basin": "CANTABRICO", "catch_skm": 765.0, "catch_skm_basin": 861.0, "comment": null, "elev_masl": 38.0, "elev_max_masl": 1544.0, "end": 2010, "id_basin": 1028, "id_municipality": 20009, "id_saica": "Q112", "id_saih": "A149", "id_sheet": 64, "lat_wgs84": 43.1342, "lon_wgs84": -2.0135, "municipality": "Andoáin", "name": "Andoain", "owner": "ESTADO", "province": "Guipúzcoa", "regime": "altered", "river": "Oria", "scale_type": "EXTERIOR", "sheet": "SAN SEBASTIÁN (64)", "start": 1980, "station_type": "CAUCE NATURAL", "system": "Oria", "weir": false, "weir_type": null, "x_etrs89": 579070, "y_etrs89": 4786632, "years_daily": 30, "years_instant": 29, "years_monthly": 66, "discharge": 1 }, "geometry": { "type": "Point", "coordinates": [ -2.026305016215147, 43.22833765127951 ] } },
{ "type": "Feature", "properties": { "id": 1103, "active": 0, "administration": "C.H. CANTÁBRICO", "basin": "CANTABRICO", "catch_skm": 456.0, "catch_skm_basin": 531.0, "comment": "INT 2003                                                              ", "elev_masl": 44.0, "elev_max_masl": 1544.0, "end": 1998, "id_basin": 1042, "id_municipality": 20032, "id_saica": null, "id_saih": "A800", "id_sheet": 63, "lat_wgs84": 43.1346, "lon_wgs84": -2.2404, "municipality": "Elgóibar", "name": "Alzola", "owner": "ESTADO", "province": "Guipúzcoa", "regime": "unknown", "river": "Deba", "scale_type": null, "sheet": "ÉIBAR (63)", "start": 1983, "station_type": null, "system": "Deva", "weir": false, "weir_type": null, "x_etrs89": 548642, "y_etrs89": 4786470, "years_daily": 15, "years_instant": 23, "years_monthly": 35, "discharge": 1 }, "geometry": { "type": "Point", "coordinates": [ -2.400993722110718, 43.229454526424824 ] } },
{ "type": "Feature", "properties": { "id": 1105, "active": 1, "administration": "C.H. CANTÁBRICO", "basin": "CANTABRICO", "catch_skm": 215.0, "catch_skm_basin": 266.0, "comment": null, "elev_masl": 28.0, "elev_max_masl": 1139.0, "end": 2021, "id_basin": 1018, "id_municipality": 20040, "id_saica": null, "id_saih": "A900", "id_sheet": 64, "lat_wgs84": 43.1437, "lon_wgs84": -1.563, "municipality": "Hernani", "name": "Ereñozu", "owner": "ESTADO", "province": "Guipúzcoa", "regime": "unknown", "river": "Urumea", "scale_type": "EXTERIOR", "sheet": "SAN SEBASTIÁN (64)", "start": 1980, "station_type": "CAUCE NATURAL", "system": "Urumea", "weir": false, "weir_type": null, "x_etrs89": 585932, "y_etrs89": 4788406, "years_daily": 41, "years_instant": 36, "years_monthly": 53, "discharge": 1 }, "geometry": { "type": "Point", "coordinates": [ -1.941541147804602, 43.243558926505692 ] } },
{ "type": "Feature", "properties": { "id": 1106, "active": 1, "administration": "C.H. CANTÁBRICO", "basin": "CANTABRICO", "catch_skm": 681.0, "catch_skm_basin": 705.0, "comment": null, "elev_masl": 18.0, "elev_max_masl": 1418.0, "end": 2021, "id_basin": 1012, "id_municipality": 20045, "id_saica": "Q111", "id_saih": "A140", "id_sheet": 65, "lat_wgs84": 43.1742, "lon_wgs84": -1.4347, "municipality": "Irún", "name": "Endarlaza", "owner": "ESTADO", "province": "Guipúzcoa", "regime": "natural", "river": "Bidasoa", "scale_type": "EXTERIOR", "sheet": "VERA DE BIDASOA (65)", "start": 1992, "station_type": "CAUCE NATURAL", "system": "Bidasoa", "weir": false, "weir_type": null, "x_etrs89": 603040, "y_etrs89": 4794358, "years_daily": 29, "years_instant": 28, "years_monthly": 51, "discharge": 1 }, "geometry": { "type": "Point", "coordinates": [ -1.729747639128951, 43.294997933956026 ] } },
{ "type": "Feature", "properties": { "id": 1107, "active": 0, "administration": "C.H. CANTÁBRICO", "basin": "CANTABRICO", "catch_skm": 38.0, "catch_skm_basin": 74.0, "comment": "INT 2007                                                              ", "elev_masl": 27.0, "elev_max_masl": 840.0, "end": 2007, "id_basin": 1014, "id_municipality": 20063, "id_saica": null, "id_saih": "A801", "id_sheet": 64, "lat_wgs84": 43.1754, "lon_wgs84": -1.5235, "municipality": "Oyartzun", "name": "Oyarzun", "owner": "ESTADO", "province": "Guipúzcoa", "regime": "natural", "river": "Oyarzun", "scale_type": null, "sheet": "SAN SEBASTIÁN (64)", "start": 1993, "station_type": "CAUCE NATURAL", "system": "Urumea", "weir": false, "weir_type": null, "x_etrs89": 591151, "y_etrs89": 4794569, "years_daily": 14, "years_instant": 31, "years_monthly": 38, "discharge": 1 }, "geometry": { "type": "Point", "coordinates": [ -1.876247920158356, 43.298431173222362 ] } },
{ "type": "Feature", "properties": { "id": 1109, "active": 0, "administration": "C.H. CANTÁBRICO", "basin": "CANTABRICO", "catch_skm": 304.0, "catch_skm_basin": 343.0, "comment": "INT 2007                                                              ", "elev_masl": 19.0, "elev_max_masl": 1423.0, "end": 2007, "id_basin": 1034, "id_municipality": 20003, "id_saica": null, "id_saih": "A802", "id_sheet": 63, "lat_wgs84": 43.1601, "lon_wgs84": -2.1404, "municipality": "Aizarnazábal", "name": "Echabe", "owner": "ESTADO", "province": "Guipúzcoa", "regime": "unknown", "river": "Urola", "scale_type": null, "sheet": "ÉIBAR (63)", "start": 1980, "station_type": "CAUCE NATURAL", "system": "Urola", "weir": false, "weir_type": null, "x_etrs89": 562139, "y_etrs89": 4790741, "years_daily": 27, "years_instant": 23, "years_monthly": 34, "discharge": 1 }, "geometry": { "type": "Point", "coordinates": [ -2.234315106580449, 43.266919182230247 ] } },
{ "type": "Feature", "properties": { "id": 1141, "active": 0, "administration": "C.H. CANTÁBRICO", "basin": "CANTABRICO", "catch_skm": 93.0, "catch_skm_basin": 104.0, "comment": "INT 2007                                                              ", "elev_masl": 54.0, "elev_max_masl": 1026.0, "end": 2007, "id_basin": 1044, "id_municipality": 48018, "id_saica": null, "id_saih": "A850", "id_sheet": 63, "lat_wgs84": 43.1838, "lon_wgs84": -2.2754, "municipality": "Berriatúa", "name": "Berriatua", "owner": "ESTADO", "province": "Vizcaya", "regime": "natural", "river": "Artibay", "scale_type": null, "sheet": "ÉIBAR (63)", "start": 1989, "station_type": "CAUCE NATURAL", "system": "Artibay-Lea-Oka", "weir": false, "weir_type": null, "x_etrs89": 543394, "y_etrs89": 4795454, "years_daily": 18, "years_instant": 0, "years_monthly": 38, "discharge": 1 }, "geometry": { "type": "Point", "coordinates": [ -2.464909559291141, 43.310669025382083 ] } },
{ "type": "Feature", "properties": { "id": 1158, "active": 0, "administration": "C.H. CANTÁBRICO", "basin": "CANTABRICO", "catch_skm": 997.0, "catch_skm_basin": 1764.0, "comment": "INT 1990                                                              ", "elev_masl": 18.0, "elev_max_masl": null, "end": 1990, "id_basin": 1068, "id_municipality": 48029, "id_saica": null, "id_saih": null, "id_sheet": 61, "lat_wgs84": 43.1453, "lon_wgs84": -2.5341, "municipality": "Echevarri", "name": "Echevarri", "owner": null, "province": "Vizcaya", "regime": "unknown", "river": "Nervión", "scale_type": null, "sheet": "BILBAO (61)", "start": 1980, "station_type": null, "system": "Nervión", "weir": false, "weir_type": null, "x_etrs89": 508561, "y_etrs89": 4788359, "years_daily": 10, "years_instant": 3, "years_monthly": 13, "discharge": 1 }, "geometry": { "type": "Point", "coordinates": [ -2.894542727096757, 43.247984050323986 ] } },
{ "type": "Feature", "properties": { "id": 1163, "active": 1, "administration": "C.H. CANTÁBRICO", "basin": "CANTABRICO", "catch_skm": 251.0, "catch_skm_basin": 472.0, "comment": null, "elev_masl": 69.0, "elev_max_masl": 1157.0, "end": 2021, "id_basin": 1065, "id_municipality": 48055, "id_saica": "Q113", "id_saih": "A145", "id_sheet": 62, "lat_wgs84": 43.1242, "lon_wgs84": -2.4518, "municipality": "Lemona", "name": "Lemona", "owner": "ESTADO", "province": "Vizcaya", "regime": "altered", "river": "Ibaizábal", "scale_type": "EXTERIOR", "sheet": "DURANGO (62)", "start": 1980, "station_type": "CAUCE NATURAL", "system": "Nervión", "weir": false, "weir_type": null, "x_etrs89": 519908, "y_etrs89": 4784351, "years_daily": 41, "years_instant": 8, "years_monthly": 52, "discharge": 1 }, "geometry": { "type": "Point", "coordinates": [ -2.754912118837821, 43.211679187959561 ] } },
{ "type": "Feature", "properties": { "id": 1164, "active": 1, "administration": "C.H. CANTÁBRICO", "basin": "CANTABRICO", "catch_skm": 136.0, "catch_skm_basin": 137.0, "comment": null, "elev_masl": 64.0, "elev_max_masl": 1362.0, "end": 2008, "id_basin": 1066, "id_municipality": 48055, "id_saica": null, "id_saih": "A851", "id_sheet": 62, "lat_wgs84": 43.1204, "lon_wgs84": -2.4617, "municipality": "Lemona", "name": "Lemona", "owner": "ESTADO", "province": "Vizcaya", "regime": "altered", "river": "Arratia", "scale_type": "EXTERIOR", "sheet": "DURANGO (62)", "start": 1994, "station_type": "CAUCE NATURAL", "system": "Nervión", "weir": false, "weir_type": null, "x_etrs89": 518568, "y_etrs89": 4783179, "years_daily": 14, "years_instant": 12, "years_monthly": 44, "discharge": 1 }, "geometry": { "type": "Point", "coordinates": [ -2.771448162481776, 43.201159839159814 ] } },
{ "type": "Feature", "properties": { "id": 1175, "active": 0, "administration": "C.H. CANTÁBRICO", "basin": "CANTABRICO", "catch_skm": 255.0, "catch_skm_basin": 256.0, "comment": "INT 2010                                                              ", "elev_masl": 74.0, "elev_max_masl": 1178.0, "end": 1998, "id_basin": 1072, "id_municipality": 48045, "id_saica": null, "id_saih": "A852", "id_sheet": 61, "lat_wgs84": 43.1204, "lon_wgs84": -3.0245, "municipality": "Güeñes", "name": "Sodupe", "owner": "ESTADO", "province": "Vizcaya", "regime": "altered", "river": "Herrerías", "scale_type": "EXTERIOR", "sheet": "BILBAO (61)", "start": 1980, "station_type": "CAUCE NATURAL", "system": "Nervión", "weir": false, "weir_type": null, "x_etrs89": 496279, "y_etrs89": 4783157, "years_daily": 18, "years_instant": 0, "years_monthly": 41, "discharge": 1 }, "geometry": { "type": "Point", "coordinates": [ -3.045801476693854, 43.20118085462385 ] } },
{ "type": "Feature", "properties": { "id": 1186, "active": 1, "administration": "C.H. CANTÁBRICO", "basin": "CANTABRICO", "catch_skm": 112.0, "catch_skm_basin": 146.0, "comment": null, "elev_masl": 17.0, "elev_max_masl": 1003.0, "end": 2005, "id_basin": 1076, "id_municipality": 39030, "id_saica": null, "id_saih": "A700", "id_sheet": 36, "lat_wgs84": 43.2116, "lon_wgs84": -3.1947, "municipality": "Guriezo", "name": "Guriezo", "owner": "ESTADO", "province": "Cantabria", "regime": "unknown", "river": "Agüera", "scale_type": "EXTERIOR", "sheet": "CASTRO  URDIALES (36)", "start": 1980, "station_type": "CAUCE NATURAL", "system": "Agüera", "weir": false, "weir_type": null, "x_etrs89": 473297, "y_etrs89": 4800239, "years_daily": 25, "years_instant": 0, "years_monthly": 52, "discharge": 1 }, "geometry": { "type": "Point", "coordinates": [ -3.329511338554228, 43.354532809665365 ] } },
{ "type": "Feature", "properties": { "id": 1196, "active": 1, "administration": "C.H. CANTÁBRICO", "basin": "CANTABRICO", "catch_skm": 485.0, "catch_skm_basin": 512.0, "comment": null, "elev_masl": 16.0, "elev_max_masl": 1640.0, "end": 2013, "id_basin": 1084, "id_municipality": 39002, "id_saica": null, "id_saih": "A701", "id_sheet": 60, "lat_wgs84": 43.1948, "lon_wgs84": -3.261, "municipality": "Ampuero", "name": "Coterillo", "owner": "ESTADO", "province": "Cantabria", "regime": "unknown", "river": "Asón", "scale_type": "EXTERIOR", "sheet": "BALMASEDA (60)", "start": 1980, "station_type": "CAUCE NATURAL", "system": "Asón", "weir": false, "weir_type": null, "x_etrs89": 464639, "y_etrs89": 4797560, "years_daily": 33, "years_instant": 30, "years_monthly": 53, "discharge": 1 }, "geometry": { "type": "Point", "coordinates": [ -3.436174467002509, 43.330052621696467 ] } },
{ "type": "Feature", "properties": { "id": 1207, "active": 1, "administration": "C.H. CANTÁBRICO", "basin": "CANTABRICO", "catch_skm": 146.0, "catch_skm_basin": 291.0, "comment": null, "elev_masl": 52.0, "elev_max_masl": 1707.0, "end": 1998, "id_basin": 1086, "id_municipality": 39064, "id_saica": null, "id_saih": "A090", "id_sheet": 35, "lat_wgs84": 43.211, "lon_wgs84": -3.4225, "municipality": "Riotuerto", "name": "Cavada, La", "owner": "ESTADO", "province": "Cantabria", "regime": "altered", "river": "Miera", "scale_type": "EXTERIOR", "sheet": "SANTANDER (35)", "start": 1980, "station_type": "CAUCE NATURAL", "system": "Pas-Miera", "weir": false, "weir_type": null, "x_etrs89": 442709, "y_etrs89": 4800222, "years_daily": 18, "years_instant": 0, "years_monthly": 52, "discharge": 1 }, "geometry": { "type": "Point", "coordinates": [ -3.70694057991473, 43.352669549399657 ] } },
{ "type": "Feature", "properties": { "id": 1215, "active": 1, "administration": "C.H. CANTÁBRICO", "basin": "CANTABRICO", "catch_skm": 357.0, "catch_skm_basin": 620.0, "comment": null, "elev_masl": 68.0, "elev_max_masl": 1497.0, "end": 2006, "id_basin": 1090, "id_municipality": 39056, "id_saica": null, "id_saih": "A088", "id_sheet": 58, "lat_wgs84": 43.1805, "lon_wgs84": -3.5802, "municipality": "Puente Viesgo", "name": "Puente Viesgo", "owner": "ESTADO", "province": "Cantabria", "regime": "altered", "river": "Pas", "scale_type": "EXTERIOR", "sheet": "LOS CORRALES DE BUELNA (58)", "start": 1980, "station_type": "ENCAUZAMIENTO CON CANAL DE AGUAS BAJAS", "system": "Pas-Miera", "weir": false, "weir_type": null, "x_etrs89": 421551, "y_etrs89": 4794737, "years_daily": 26, "years_instant": 21, "years_monthly": 48, "discharge": 1 }, "geometry": { "type": "Point", "coordinates": [ -3.967203542719701, 43.301374942033725 ] } },
{ "type": "Feature", "properties": { "id": 1237, "active": 1, "administration": "C.H. CANTÁBRICO", "basin": "CANTABRICO", "catch_skm": 463.0, "catch_skm_basin": 482.0, "comment": null, "elev_masl": 16.0, "elev_max_masl": 1396.0, "end": 2011, "id_basin": 1111, "id_municipality": 39087, "id_saica": null, "id_saih": "N038", "id_sheet": 34, "lat_wgs84": 43.211, "lon_wgs84": -4.035, "municipality": "Torrelavega", "name": "Torrelavega", "owner": "ESTADO", "province": "Cantabria", "regime": "altered", "river": "Besaya", "scale_type": "EXTERIOR", "sheet": "TORRELAVEGA (34)", "start": 1995, "station_type": "CAUCE NATURAL", "system": "Saja", "weir": false, "weir_type": null, "x_etrs89": 413776, "y_etrs89": 4800532, "years_daily": 16, "years_instant": 0, "years_monthly": 27, "discharge": 1 }, "geometry": { "type": "Point", "coordinates": [ -4.06395691876047, 43.352696784867547 ] } },
{ "type": "Feature", "properties": { "id": 1252, "active": 1, "administration": "C.H. CANTÁBRICO", "basin": "CANTABRICO", "catch_skm": 80.0, "catch_skm_basin": 424.0, "comment": null, "elev_masl": null, "elev_max_masl": null, "end": 2021, "id_basin": 1114, "id_municipality": 39053, "id_saica": null, "id_saih": "A252", "id_sheet": 82, "lat_wgs84": 43.0648, "lon_wgs84": -4.2418, "municipality": "Polaciones", "name": "Puente Pumar", "owner": null, "province": "Cantabria", "regime": "natural", "river": "Nansa", "scale_type": null, "sheet": null, "start": 2016, "station_type": null, "system": "Nansa", "weir": false, "weir_type": null, "x_etrs89": 385689, "y_etrs89": 4774352, "years_daily": 5, "years_instant": 0, "years_monthly": 6, "discharge": 1 }, "geometry": { "type": "Point", "coordinates": [ -4.405019511015865, 43.113275752174978 ] } },
{ "type": "Feature", "properties": { "id": 1264, "active": 1, "administration": "C.H. CANTÁBRICO", "basin": "CANTABRICO", "catch_skm": 157.0, "catch_skm_basin": 157.0, "comment": null, "elev_masl": 269.0, "elev_max_masl": 2011.0, "end": 2014, "id_basin": 1125, "id_municipality": 39022, "id_saica": null, "id_saih": "A702", "id_sheet": 81, "lat_wgs84": 43.0942, "lon_wgs84": -4.3642, "municipality": "Cillorigo de Liébana", "name": "Ojedo", "owner": "ESTADO", "province": "Cantabria", "regime": "natural", "river": "Bullón", "scale_type": "EXTERIOR", "sheet": "POTES (81)", "start": 1994, "station_type": "ENCAUZAMIENTO CON CANAL DE AGUAS BAJAS", "system": "Deva", "weir": true, "weir_type": null, "x_etrs89": 368978, "y_etrs89": 4780031, "years_daily": 20, "years_instant": 11, "years_monthly": 28, "discharge": 1 }, "geometry": { "type": "Point", "coordinates": [ -4.611685657772185, 43.161688293930112 ] } },
{ "type": "Feature", "properties": { "id": 1265, "active": 1, "administration": "C.H. CANTÁBRICO", "basin": "CANTABRICO", "catch_skm": 290.0, "catch_skm_basin": 1184.0, "comment": null, "elev_masl": 282.0, "elev_max_masl": 2538.0, "end": 2014, "id_basin": 1124, "id_municipality": 39022, "id_saica": null, "id_saih": "A703", "id_sheet": 81, "lat_wgs84": 43.0942, "lon_wgs84": -4.3645, "municipality": "Cillorigo de Liébana", "name": "Ojedo", "owner": "ESTADO", "province": "Cantabria", "regime": "natural", "river": "Deva", "scale_type": "EXTERIOR", "sheet": "POTES (81)", "start": 1994, "station_type": "ENCAUZAMIENTO CON CANAL DE AGUAS BAJAS", "system": "Deva", "weir": false, "weir_type": null, "x_etrs89": 368924, "y_etrs89": 4780031, "years_daily": 20, "years_instant": 11, "years_monthly": 28, "discharge": 1 }, "geometry": { "type": "Point", "coordinates": [ -4.612349647527705, 43.161678936564982 ] } },
{ "type": "Feature", "properties": { "id": 1268, "active": 1, "administration": "C.H. CANTÁBRICO", "basin": "CANTABRICO", "catch_skm": 643.0, "catch_skm_basin": 1184.0, "comment": null, "elev_masl": 56.0, "elev_max_masl": 2536.0, "end": 2014, "id_basin": 1128, "id_municipality": 33047, "id_saica": null, "id_saih": "A078", "id_sheet": 56, "lat_wgs84": 43.1902, "lon_wgs84": -4.3626, "municipality": "Peñamellera Baja", "name": "Puentelles", "owner": "ESTADO", "province": "Asturias", "regime": "natural", "river": "Deva", "scale_type": "EXTERIOR", "sheet": "CARREÑA  CABRALES (56)", "start": 1980, "station_type": "CAUCE NATURAL", "system": "Deva", "weir": false, "weir_type": null, "x_etrs89": 369677, "y_etrs89": 4797288, "years_daily": 34, "years_instant": 30, "years_monthly": 52, "discharge": 1 }, "geometry": { "type": "Point", "coordinates": [ -4.607169240345004, 43.317142302518697 ] } },
{ "type": "Feature", "properties": { "id": 1274, "active": 1, "administration": "C.H. CANTÁBRICO", "basin": "CANTABRICO", "catch_skm": 270.0, "catch_skm_basin": 496.0, "comment": null, "elev_masl": 239.0, "elev_max_masl": 2604.0, "end": 2014, "id_basin": 1129, "id_municipality": 33008, "id_saica": null, "id_saih": "A600", "id_sheet": 56, "lat_wgs84": 43.1533, "lon_wgs84": -4.495, "municipality": "Cabrales", "name": "Poncebos", "owner": "ESTADO", "province": "Asturias", "regime": "altered", "river": "Cares", "scale_type": "EXTERIOR", "sheet": "CARREÑA  CABRALES (56)", "start": 1994, "station_type": "CAUCE NATURAL", "system": "Deva", "weir": false, "weir_type": null, "x_etrs89": 351422, "y_etrs89": 4791221, "years_daily": 20, "years_instant": 10, "years_monthly": 28, "discharge": 1 }, "geometry": { "type": "Point", "coordinates": [ -4.830548866823875, 43.2591550491831 ] } },
{ "type": "Feature", "properties": { "id": 1276, "active": 1, "administration": "C.H. CANTÁBRICO", "basin": "CANTABRICO", "catch_skm": 455.0, "catch_skm_basin": 496.0, "comment": null, "elev_masl": 62.0, "elev_max_masl": 2648.0, "end": 2016, "id_basin": 1131, "id_municipality": 33046, "id_saica": null, "id_saih": "A080", "id_sheet": 56, "lat_wgs84": 43.1853, "lon_wgs84": -4.4105, "municipality": "Peñamellera Alta", "name": "Mier", "owner": "ESTADO", "province": "Asturias", "regime": "altered", "river": "Cares", "scale_type": "EXTERIOR", "sheet": "CARREÑA  CABRALES (56)", "start": 1980, "station_type": "CAUCE NATURAL", "system": "Deva", "weir": false, "weir_type": null, "x_etrs89": 363375, "y_etrs89": 4797156, "years_daily": 36, "years_instant": 25, "years_monthly": 53, "discharge": 1 }, "geometry": { "type": "Point", "coordinates": [ -4.684821703101975, 43.314835969119805 ] } },
{ "type": "Feature", "properties": { "id": 1284, "active": 0, "administration": "C.H. CANTÁBRICO", "basin": "CANTABRICO", "catch_skm": 28.0, "catch_skm_basin": 34.0, "comment": "INT 2009                                                              ", "elev_masl": 214.0, "elev_max_masl": 869.0, "end": 2009, "id_basin": 1999, "id_municipality": 33036, "id_saica": null, "id_saih": "A601", "id_sheet": 31, "lat_wgs84": 43.2347, "lon_wgs84": -4.5602, "municipality": "Llanes", "name": "Molinin, El", "owner": "ESTADO", "province": "Asturias", "regime": "natural", "river": "Riensena", "scale_type": "EXTERIOR", "sheet": "RIBADESELLA (31)", "start": 1987, "station_type": "CAUCE NATURAL", "system": "Llanes", "weir": false, "weir_type": null, "x_etrs89": 343397, "y_etrs89": 4806652, "years_daily": 22, "years_instant": 0, "years_monthly": 23, "discharge": 1 }, "geometry": { "type": "Point", "coordinates": [ -4.933768847462047, 43.396400973026964 ] } },
{ "type": "Feature", "properties": { "id": 1285, "active": 1, "administration": "C.H. CANTÁBRICO", "basin": "CANTABRICO", "catch_skm": 99.0, "catch_skm_basin": 83.0, "comment": null, "elev_masl": 35.0, "elev_max_masl": 1199.0, "end": 2017, "id_basin": 1921, "id_municipality": 33036, "id_saica": null, "id_saih": "A074", "id_sheet": 31, "lat_wgs84": 43.2435, "lon_wgs84": -4.5323, "municipality": "Llanes", "name": "Rales", "owner": "ESTADO", "province": "Asturias", "regime": "natural", "river": "Bedón", "scale_type": "EXTERIOR", "sheet": "RIBADESELLA (31)", "start": 1987, "station_type": "CAUCE NATURAL", "system": "Llanes", "weir": false, "weir_type": null, "x_etrs89": 346989, "y_etrs89": 4808066, "years_daily": 30, "years_instant": 12, "years_monthly": 35, "discharge": 1 }, "geometry": { "type": "Point", "coordinates": [ -4.889833668034061, 43.409867601170632 ] } },
{ "type": "Feature", "properties": { "id": 1293, "active": 1, "administration": "C.H. CANTÁBRICO", "basin": "CANTABRICO", "catch_skm": 356.0, "catch_skm_basin": 1246.0, "comment": null, "elev_masl": 156.0, "elev_max_masl": null, "end": 2021, "id_basin": 1138, "id_municipality": 33003, "id_saica": null, "id_saih": "A614", "id_sheet": 55, "lat_wgs84": 43.1722, "lon_wgs84": -5.0803, "municipality": "Amieva", "name": "Pervis", "owner": null, "province": "Asturias", "regime": "unknown", "river": "Sella", "scale_type": null, "sheet": "Beleño (55)", "start": 2016, "station_type": null, "system": "Sella", "weir": false, "weir_type": null, "x_etrs89": 326866, "y_etrs89": 4795166, "years_daily": 5, "years_instant": 0, "years_monthly": 12, "discharge": 1 }, "geometry": { "type": "Point", "coordinates": [ -5.134139521291904, 43.289413893402923 ] } },
{ "type": "Feature", "properties": { "id": 1294, "active": 1, "administration": "C.H. CANTÁBRICO", "basin": "CANTABRICO", "catch_skm": 139.0, "catch_skm_basin": 149.0, "comment": null, "elev_masl": 68.0, "elev_max_masl": null, "end": 2021, "id_basin": 1141, "id_municipality": 33012, "id_saica": null, "id_saih": "N033", "id_sheet": 31, "lat_wgs84": 43.2107, "lon_wgs84": -5.0735, "municipality": "Cangas de Onís", "name": "Cangas De Onis", "owner": null, "province": "Asturias", "regime": "unknown", "river": "Güeña", "scale_type": null, "sheet": "Ribadesella (31)", "start": 2011, "station_type": "Cauce Natural", "system": "Sella", "weir": false, "weir_type": null, "x_etrs89": 327671, "y_etrs89": 4802085, "years_daily": 10, "years_instant": 0, "years_monthly": 11, "discharge": 1 }, "geometry": { "type": "Point", "coordinates": [ -5.126394527841352, 43.351858333285179 ] } },
{ "type": "Feature", "properties": { "id": 1295, "active": 1, "administration": "C.H. CANTÁBRICO", "basin": "CANTABRICO", "catch_skm": 486.0, "catch_skm_basin": 1246.0, "comment": null, "elev_masl": 58.0, "elev_max_masl": 2596.0, "end": 2013, "id_basin": 1140, "id_municipality": 33012, "id_saica": null, "id_saih": "A602", "id_sheet": 31, "lat_wgs84": 43.2102, "lon_wgs84": -5.0756, "municipality": "Cangas de Onís", "name": "Cangas De Onis", "owner": "ESTADO", "province": "Asturias", "regime": "altered", "river": "Sella", "scale_type": "EXTERIOR", "sheet": "RIBADESELLA (31)", "start": 1980, "station_type": "CAUCE NATURAL", "system": "Sella", "weir": false, "weir_type": null, "x_etrs89": 327205, "y_etrs89": 4801960, "years_daily": 33, "years_instant": 2, "years_monthly": 90, "discharge": 1 }, "geometry": { "type": "Point", "coordinates": [ -5.132101278362612, 43.350626523100331 ] } },
{ "type": "Feature", "properties": { "id": 1296, "active": 1, "administration": "C.H. CANTÁBRICO", "basin": "CANTABRICO", "catch_skm": 36.0, "catch_skm_basin": 350.0, "comment": null, "elev_masl": 659.0, "elev_max_masl": 1700.0, "end": 2016, "id_basin": 1135, "id_municipality": 33050, "id_saica": null, "id_saih": "A603", "id_sheet": 55, "lat_wgs84": 43.101, "lon_wgs84": -5.1038, "municipality": "Ponga", "name": "Sobrefoz", "owner": "ESTADO", "province": "Asturias", "regime": "natural", "river": "Ponga", "scale_type": null, "sheet": "BELEÑO (55)", "start": 1994, "station_type": "CAUCE NATURAL", "system": "Sella", "weir": false, "weir_type": null, "x_etrs89": 323032, "y_etrs89": 4781927, "years_daily": 22, "years_instant": 14, "years_monthly": 28, "discharge": 1 }, "geometry": { "type": "Point", "coordinates": [ -5.177120066923268, 43.169395387747073 ] } },
{ "type": "Feature", "properties": { "id": 1302, "active": 1, "administration": "C.H. CANTÁBRICO", "basin": "CANTABRICO", "catch_skm": 486.0, "catch_skm_basin": 509.0, "comment": null, "elev_masl": 33.0, "elev_max_masl": null, "end": 2019, "id_basin": 1143, "id_municipality": 33045, "id_saica": null, "id_saih": "A604", "id_sheet": 31, "lat_wgs84": 43.2201, "lon_wgs84": -5.1104, "municipality": "Parres", "name": "Ozanes", "owner": "ESTADO", "province": "Asturias", "regime": "altered", "river": "Piloña", "scale_type": "EXTERIOR", "sheet": "RIBADESELLA (31)", "start": 1980, "station_type": "CAUCE NATURAL", "system": "Sella", "weir": false, "weir_type": null, "x_etrs89": 322998, "y_etrs89": 4803886, "years_daily": 39, "years_instant": 17, "years_monthly": 47, "discharge": 1 }, "geometry": { "type": "Point", "coordinates": [ -5.18459640973412, 43.36697739249977 ] } },
{ "type": "Feature", "properties": { "id": 1303, "active": 1, "administration": "C.H. CANTÁBRICO", "basin": "CANTABRICO", "catch_skm": 379.0, "catch_skm_basin": 509.0, "comment": null, "elev_masl": 96.0, "elev_max_masl": 1551.0, "end": 2018, "id_basin": 1143, "id_municipality": 33049, "id_saica": null, "id_saih": "A073", "id_sheet": 30, "lat_wgs84": 43.2211, "lon_wgs84": -5.1722, "municipality": "Piloña", "name": "Villamayor", "owner": "ESTADO", "province": "Asturias", "regime": "natural", "river": "Piloña", "scale_type": "EXTERIOR", "sheet": "VILLAVICIOSA (30)", "start": 1980, "station_type": "ENCAUZAMIENTO SIN CANAL DE AGUAS BAJAS", "system": "Sella", "weir": false, "weir_type": null, "x_etrs89": 314506, "y_etrs89": 4804413, "years_daily": 38, "years_instant": 20, "years_monthly": 51, "discharge": 1 }, "geometry": { "type": "Point", "coordinates": [ -5.289504608833633, 43.369669533529098 ] } },
{ "type": "Feature", "properties": { "id": 1305, "active": 1, "administration": "C.H. CANTÁBRICO", "basin": "CANTABRICO", "catch_skm": 98.0, "catch_skm_basin": 124.0, "comment": null, "elev_masl": 20.0, "elev_max_masl": null, "end": 2021, "id_basin": 1916, "id_municipality": 33076, "id_saica": null, "id_saih": "A623", "id_sheet": 30, "lat_wgs84": 43.2811, "lon_wgs84": -5.2645, "municipality": "Villaviciosa", "name": "Villaviciosa", "owner": null, "province": "Asturias", "regime": "unknown", "river": "Linares", "scale_type": null, "sheet": "Villaviciosa (30)", "start": 2016, "station_type": null, "system": "Avilés-Gijón-Villaviciosa", "weir": false, "weir_type": null, "x_etrs89": 302172, "y_etrs89": 4815887, "years_daily": 5, "years_instant": 0, "years_monthly": 10, "discharge": 1 }, "geometry": { "type": "Point", "coordinates": [ -5.445762085070773, 43.469744422652184 ] } },
{ "type": "Feature", "properties": { "id": 1335, "active": 1, "administration": "C.H. CANTÁBRICO", "basin": "CANTABRICO", "catch_skm": 343.0, "catch_skm_basin": 4866.0, "comment": null, "elev_masl": 366.0, "elev_max_masl": 2104.0, "end": 2016, "id_basin": 1150, "id_municipality": 33032, "id_saica": null, "id_saih": "A605", "id_sheet": 54, "lat_wgs84": 43.1354, "lon_wgs84": -5.2919, "municipality": "Laviana", "name": "Condado, El", "owner": "ESTADO", "province": "Asturias", "regime": "altered", "river": "Nalón", "scale_type": "EXTERIOR", "sheet": "RIOSECO (54)", "start": 1980, "station_type": "ENCAUZAMIENTO CON CANAL DE AGUAS BAJAS", "system": "Nalón", "weir": false, "weir_type": null, "x_etrs89": 297926, "y_etrs89": 4789562, "years_daily": 36, "years_instant": 25, "years_monthly": 60, "discharge": 1 }, "geometry": { "type": "Point", "coordinates": [ -5.488506807171346, 43.231790359251143 ] } },
{ "type": "Feature", "properties": { "id": 1339, "active": 1, "administration": "C.H. CANTÁBRICO", "basin": "CANTABRICO", "catch_skm": 548.0, "catch_skm_basin": 4866.0, "comment": null, "elev_masl": 213.0, "elev_max_masl": null, "end": 2021, "id_basin": 1152, "id_municipality": 33031, "id_saica": null, "id_saih": "A618", "id_sheet": 53, "lat_wgs84": 43.1746, "lon_wgs84": -5.4051, "municipality": "Langreo", "name": "Sama", "owner": null, "province": "Asturias", "regime": "unknown", "river": "Nalón", "scale_type": null, "sheet": "Mieres (53)", "start": 2016, "station_type": null, "system": "Nalón", "weir": false, "weir_type": null, "x_etrs89": 282530, "y_etrs89": 4797184, "years_daily": 5, "years_instant": 0, "years_monthly": 10, "discharge": 1 }, "geometry": { "type": "Point", "coordinates": [ -5.680918735660564, 43.29606914477872 ] } },
{ "type": "Feature", "properties": { "id": 1343, "active": 1, "administration": "C.H. CANTÁBRICO", "basin": "CANTABRICO", "catch_skm": 314.0, "catch_skm_basin": 382.0, "comment": null, "elev_masl": 121.0, "elev_max_masl": 793.0, "end": 2021, "id_basin": 1173, "id_municipality": 33035, "id_saica": null, "id_saih": "A064", "id_sheet": 28, "lat_wgs84": 43.2505, "lon_wgs84": -5.5335, "municipality": "Llanera", "name": "San Cucao", "owner": "ESTADO", "province": "Asturias", "regime": "altered", "river": "Nora", "scale_type": "EXTERIOR", "sheet": "GRADO (28)", "start": 1995, "station_type": "ENCAUZAMIENTO CON CANAL DE AGUAS BAJAS", "system": "Nalón", "weir": false, "weir_type": null, "x_etrs89": 265789, "y_etrs89": 4811309, "years_daily": 26, "years_instant": 11, "years_monthly": 51, "discharge": 1 }, "geometry": { "type": "Point", "coordinates": [ -5.893083105739293, 43.41807519222985 ] } },
{ "type": "Feature", "properties": { "id": 1353, "active": 1, "administration": "C.H. CANTÁBRICO", "basin": "CANTABRICO", "catch_skm": 531.0, "catch_skm_basin": 1850.0, "comment": null, "elev_masl": 352.0, "elev_max_masl": 2007.0, "end": 2014, "id_basin": 1183, "id_municipality": 33011, "id_saica": null, "id_saih": "A606", "id_sheet": 50, "lat_wgs84": 43.1135, "lon_wgs84": -6.3245, "municipality": "Cangas del Narcea", "name": "Corias", "owner": "ESTADO", "province": "Asturias", "regime": "natural", "river": "Narcea", "scale_type": "EXTERIOR", "sheet": "CANGAS DE NARCEA (50)", "start": 1985, "station_type": "CAUCE NATURAL", "system": "Nalón", "weir": false, "weir_type": null, "x_etrs89": 211883, "y_etrs89": 4788364, "years_daily": 29, "years_instant": 16, "years_monthly": 107, "discharge": 1 }, "geometry": { "type": "Point", "coordinates": [ -6.54579397000306, 43.193093657594403 ] } },
{ "type": "Feature", "properties": { "id": 1354, "active": 1, "administration": "C.H. CANTÁBRICO", "basin": "CANTABRICO", "catch_skm": 1211.0, "catch_skm_basin": 1850.0, "comment": null, "elev_masl": 146.0, "elev_max_masl": null, "end": 2021, "id_basin": 1189, "id_municipality": 33005, "id_saica": null, "id_saih": "A626", "id_sheet": 51, "lat_wgs84": 43.1923, "lon_wgs84": -6.1802, "municipality": null, "name": "Puente De La Barca", "owner": null, "province": null, "regime": "altered", "river": "Narcea", "scale_type": null, "sheet": null, "start": 2017, "station_type": null, "system": "Nalón", "weir": false, "weir_type": null, "x_etrs89": 232373, "y_etrs89": 4801984, "years_daily": 4, "years_instant": 0, "years_monthly": 4, "discharge": 1 }, "geometry": { "type": "Point", "coordinates": [ -6.300667137759674, 43.323068026747791 ] } },
{ "type": "Feature", "properties": { "id": 1358, "active": 1, "administration": "C.H. CANTÁBRICO", "basin": "CANTABRICO", "catch_skm": 403.0, "catch_skm_basin": 405.0, "comment": null, "elev_masl": 93.0, "elev_max_masl": 2194.0, "end": 2014, "id_basin": 1192, "id_municipality": 33005, "id_saica": null, "id_saih": "A068", "id_sheet": 27, "lat_wgs84": 43.2038, "lon_wgs84": -6.1214, "municipality": "Belmonte de Miranda", "name": "Pte. San Martin", "owner": "ESTADO", "province": "Asturias", "regime": "altered", "river": "Pigüeña", "scale_type": "EXTERIOR", "sheet": "TINEO (27)", "start": 1980, "station_type": "ENCAUZAMIENTO SIN CANAL DE AGUAS BAJAS", "system": "Nalón", "weir": false, "weir_type": null, "x_etrs89": 240300, "y_etrs89": 4803992, "years_daily": 34, "years_instant": 17, "years_monthly": 95, "discharge": 1 }, "geometry": { "type": "Point", "coordinates": [ -6.204004970525933, 43.343899027335077 ] } },
{ "type": "Feature", "properties": { "id": 1359, "active": 1, "administration": "C.H. CANTÁBRICO", "basin": "CANTABRICO", "catch_skm": 1705.0, "catch_skm_basin": 1850.0, "comment": null, "elev_masl": 71.0, "elev_max_masl": 1932.0, "end": 2013, "id_basin": 1193, "id_municipality": 33059, "id_saica": null, "id_saih": "A615", "id_sheet": 28, "lat_wgs84": 43.2212, "lon_wgs84": -6.0907, "municipality": "Salas", "name": "Requejo", "owner": "ESTADO", "province": "Asturias", "regime": "altered", "river": "Narcea", "scale_type": "EXTERIOR", "sheet": "GRADO (28)", "start": 1996, "station_type": "CAUCE NATURAL", "system": "Nalón", "weir": false, "weir_type": null, "x_etrs89": 244625, "y_etrs89": 4806723, "years_daily": 17, "years_instant": 27, "years_monthly": 55, "discharge": 1 }, "geometry": { "type": "Point", "coordinates": [ -6.151997894654831, 43.369934756943792 ] } },
{ "type": "Feature", "properties": { "id": 1363, "active": 1, "administration": "C.H. CANTÁBRICO", "basin": "CANTABRICO", "catch_skm": 232.0, "catch_skm_basin": 923.0, "comment": null, "elev_masl": 352.0, "elev_max_masl": 2386.0, "end": 2002, "id_basin": 1155, "id_municipality": 33033, "id_saica": null, "id_saih": "A058", "id_sheet": 78, "lat_wgs84": 43.0712, "lon_wgs84": -5.4859, "municipality": "Lena", "name": "Vega Del Rey", "owner": null, "province": "Asturias", "regime": "natural", "river": "Caudal", "scale_type": null, "sheet": "POLA DE LENA (78)", "start": 1980, "station_type": "ENCAUZAMIENTO SIN CANAL DE AGUAS BAJAS", "system": "Nalón", "weir": false, "weir_type": null, "x_etrs89": 270877, "y_etrs89": 4778005, "years_daily": 22, "years_instant": 16, "years_monthly": 39, "discharge": 1 }, "geometry": { "type": "Point", "coordinates": [ -5.8164537666193, 43.120120698767785 ] } },
{ "type": "Feature", "properties": { "id": 1365, "active": 0, "administration": "C.H. CANTÁBRICO", "basin": "CANTABRICO", "catch_skm": 265.0, "catch_skm_basin": 375.0, "comment": "INT 2013                                                              ", "elev_masl": 334.0, "elev_max_masl": 2115.0, "end": 2013, "id_basin": 1158, "id_municipality": 33002, "id_saica": null, "id_saih": "A060", "id_sheet": 78, "lat_wgs84": 43.1002, "lon_wgs84": -5.4351, "municipality": "Aller", "name": "Moreda", "owner": "ESTADO", "province": "Asturias", "regime": "altered", "river": "Aller", "scale_type": "EXTERIOR", "sheet": "POLA DE LENA (78)", "start": 1980, "station_type": "ENCAUZAMIENTO CON CANAL DE AGUAS BAJAS", "system": "Nalón", "weir": false, "weir_type": null, "x_etrs89": 278007, "y_etrs89": 4783010, "years_daily": 33, "years_instant": 15, "years_monthly": 42, "discharge": 1 }, "geometry": { "type": "Point", "coordinates": [ -5.730913101392507, 43.167261756578455 ] } },
{ "type": "Feature", "properties": { "id": 1369, "active": 0, "administration": "C.H. CANTÁBRICO", "basin": "CANTABRICO", "catch_skm": 893.0, "catch_skm_basin": 923.0, "comment": "INT 2014                                                              ", "elev_masl": 158.0, "elev_max_masl": null, "end": 2014, "id_basin": 1165, "id_municipality": 33038, "id_saica": null, "id_saih": "A607", "id_sheet": 52, "lat_wgs84": 43.17, "lon_wgs84": -5.5233, "municipality": "Morcín", "name": "Parteayer", "owner": "ESTADO", "province": "Asturias", "regime": "altered", "river": "Caudal", "scale_type": "EXTERIOR", "sheet": "PROAZA (52)", "start": 1986, "station_type": "ENCAUZAMIENTO SIN CANAL DE AGUAS BAJAS", "system": "Nalón", "weir": true, "weir_type": null, "x_etrs89": 266664, "y_etrs89": 4796303, "years_daily": 28, "years_instant": 1, "years_monthly": 63, "discharge": 1 }, "geometry": { "type": "Point", "coordinates": [ -5.875903778141079, 43.283396813310539 ] } },
{ "type": "Feature", "properties": { "id": 1378, "active": 1, "administration": "C.H. CANTÁBRICO", "basin": "CANTABRICO", "catch_skm": 210.0, "catch_skm_basin": 214.0, "comment": null, "elev_masl": 56.0, "elev_max_masl": 1454.0, "end": 2016, "id_basin": 1175, "id_municipality": 33026, "id_saica": null, "id_saih": "A608", "id_sheet": 28, "lat_wgs84": 43.2318, "lon_wgs84": -6.0359, "municipality": "Grado", "name": "Grado", "owner": "ESTADO", "province": "Asturias", "regime": "natural", "river": "Cubia", "scale_type": null, "sheet": "GRADO (28)", "start": 1980, "station_type": "CAUCE NATURAL", "system": "Nalón", "weir": false, "weir_type": null, "x_etrs89": 251631, "y_etrs89": 4808501, "years_daily": 36, "years_instant": 16, "years_monthly": 54, "discharge": 1 }, "geometry": { "type": "Point", "coordinates": [ -6.066455118412438, 43.388271259827007 ] } },
{ "type": "Feature", "properties": { "id": 1395, "active": 1, "administration": "C.H. CANTÁBRICO", "basin": "CANTABRICO", "catch_skm": 411.0, "catch_skm_basin": 467.0, "comment": null, "elev_masl": 35.0, "elev_max_masl": 1291.0, "end": 2007, "id_basin": 1200, "id_municipality": 33034, "id_saica": null, "id_saih": "A609", "id_sheet": 12, "lat_wgs84": 43.3006, "lon_wgs84": -6.2611, "municipality": "Valdés", "name": "Trevias", "owner": "ESTADO", "province": "Asturias", "regime": "altered", "river": "Esva", "scale_type": "EXTERIOR", "sheet": "BUSTO (12)", "start": 1980, "station_type": "CAUCE NATURAL", "system": "Esva", "weir": false, "weir_type": null, "x_etrs89": 222190, "y_etrs89": 4822266, "years_daily": 27, "years_instant": 30, "years_monthly": 52, "discharge": 1 }, "geometry": { "type": "Point", "coordinates": [ -6.436342025199142, 43.501677322375606 ] } },
{ "type": "Feature", "properties": { "id": 1398, "active": 1, "administration": "C.H. CANTÁBRICO", "basin": "CANTABRICO", "catch_skm": 82.0, "catch_skm_basin": 89.0, "comment": null, "elev_masl": 15.0, "elev_max_masl": 1003.0, "end": 2005, "id_basin": 1202, "id_municipality": 33034, "id_saica": null, "id_saih": "A053", "id_sheet": 11, "lat_wgs84": 43.3148, "lon_wgs84": -6.3206, "municipality": "Valdés", "name": "Luarca", "owner": "ESTADO", "province": "Asturias", "regime": "natural", "river": "Negro", "scale_type": "EXTERIOR", "sheet": "LUARCA (11)", "start": 1980, "station_type": "CAUCE NATURAL", "system": "Esva", "weir": false, "weir_type": null, "x_etrs89": 214350, "y_etrs89": 4825741, "years_daily": 25, "years_instant": 16, "years_monthly": 49, "discharge": 1 }, "geometry": { "type": "Point", "coordinates": [ -6.534963986471932, 43.529953907908364 ] } },
{ "type": "Feature", "properties": { "id": 1402, "active": 1, "administration": "C.H. CANTÁBRICO", "basin": "CANTABRICO", "catch_skm": 80.0, "catch_skm_basin": 121.0, "comment": null, "elev_masl": 478.0, "elev_max_masl": 1900.0, "end": 2004, "id_basin": 1207, "id_municipality": 27034, "id_saica": null, "id_saih": "A050", "id_sheet": 99, "lat_wgs84": 42.5337, "lon_wgs84": -6.5908, "municipality": "Quiroga", "name": "Vallo", "owner": "ESTADO", "province": "Lugo", "regime": "natural", "river": "Bibey", "scale_type": "EXTERIOR", "sheet": "BECERREA (99)", "start": 1994, "station_type": "ENCAUZAMIENTO SIN CANAL DE AGUAS BAJAS", "system": "Navia", "weir": false, "weir_type": null, "x_etrs89": 174563, "y_etrs89": 4756707, "years_daily": 10, "years_instant": 12, "years_monthly": 28, "discharge": 1 }, "geometry": { "type": "Point", "coordinates": [ -6.985570486420953, 42.893573453900387 ] } },
{ "type": "Feature", "properties": { "id": 1404, "active": 1, "administration": "C.H. CANTÁBRICO", "basin": "CANTABRICO", "catch_skm": 294.0, "catch_skm_basin": 389.0, "comment": null, "elev_masl": 262.0, "elev_max_masl": 1987.0, "end": 2005, "id_basin": 1217, "id_municipality": 33028, "id_saica": null, "id_saih": "A610", "id_sheet": 74, "lat_wgs84": 43.032, "lon_wgs84": -6.5231, "municipality": "Ibias", "name": "San Antolin", "owner": "ESTADO", "province": "Asturias", "regime": "natural", "river": "Ibias", "scale_type": "EXTERIOR", "sheet": "FONSAGRADA (74)", "start": 1990, "station_type": "CAUCE NATURAL", "system": "Navia", "weir": false, "weir_type": null, "x_etrs89": 184390, "y_etrs89": 4774274, "years_daily": 15, "years_instant": 8, "years_monthly": 49, "discharge": 1 }, "geometry": { "type": "Point", "coordinates": [ -6.875406266317029, 43.055528747061665 ] } },
{ "type": "Feature", "properties": { "id": 1414, "active": 1, "administration": "C.H. CANTÁBRICO", "basin": "CANTABRICO", "catch_skm": 123.0, "catch_skm_basin": 144.0, "comment": null, "elev_masl": 32.0, "elev_max_masl": null, "end": 2004, "id_basin": 1236, "id_municipality": 33023, "id_saica": null, "id_saih": "A613", "id_sheet": 10, "lat_wgs84": 43.3143, "lon_wgs84": -6.5235, "municipality": "El Franco", "name": "Sueiro", "owner": "ESTADO", "province": "Asturias", "regime": "natural", "river": "Porcía", "scale_type": "EXTERIOR", "sheet": "RIBADEO (10)", "start": 1980, "station_type": "ENCAUZAMIENTO SIN CANAL DE AGUAS BAJAS", "system": "Porcía", "weir": true, "weir_type": null, "x_etrs89": 186741, "y_etrs89": 4826812, "years_daily": 24, "years_instant": 25, "years_monthly": 44, "discharge": 1 }, "geometry": { "type": "Point", "coordinates": [ -6.876511311768667, 43.528511120758459 ] } },
{ "type": "Feature", "properties": { "id": 1424, "active": 1, "administration": "C.H. CANTÁBRICO", "basin": "CANTABRICO", "catch_skm": 346.0, "catch_skm_basin": 819.0, "comment": null, "elev_masl": 241.0, "elev_max_masl": 1111.0, "end": 2021, "id_basin": 1240, "id_municipality": 27053, "id_saica": null, "id_saih": "A047", "id_sheet": 48, "lat_wgs84": 43.1046, "lon_wgs84": -7.1157, "municipality": "Ribera de Piquín", "name": "Ribeira De Piquin", "owner": "ESTADO", "province": "Lugo", "regime": "natural", "river": "Eo", "scale_type": null, "sheet": "MEIRA (48)", "start": 2007, "station_type": "ENCAUZAMIENTO CON CANAL DE AGUAS BAJAS", "system": "Eo", "weir": false, "weir_type": null, "x_etrs89": 158707, "y_etrs89": 4789322, "years_daily": 14, "years_instant": 2, "years_monthly": 15, "discharge": 1 }, "geometry": { "type": "Point", "coordinates": [ -7.199221934956591, 43.179568135278238 ] } },
{ "type": "Feature", "properties": { "id": 1425, "active": 0, "administration": "C.H. CANTÁBRICO", "basin": "CANTABRICO", "catch_skm": 572.0, "catch_skm_basin": 819.0, "comment": "INT 2009                                                              ", "elev_masl": 23.0, "elev_max_masl": 1111.0, "end": 1999, "id_basin": 1240, "id_municipality": 27048, "id_saica": null, "id_saih": "A500", "id_sheet": 24, "lat_wgs84": 43.2051, "lon_wgs84": -7.1132, "municipality": "La Pontenova", "name": "Pontenova", "owner": "ESTADO", "province": "Lugo", "regime": "altered", "river": "Eo", "scale_type": "EXTERIOR", "sheet": "MONDOÑEDO (24)", "start": 1980, "station_type": "CAUCE NATURAL", "system": "Eo", "weir": false, "weir_type": null, "x_etrs89": 160223, "y_etrs89": 4807963, "years_daily": 19, "years_instant": 3, "years_monthly": 41, "discharge": 1 }, "geometry": { "type": "Point", "coordinates": [ -7.192109743085914, 43.347658066390466 ] } },
{ "type": "Feature", "properties": { "id": 1426, "active": 1, "administration": "C.H. CANTÁBRICO", "basin": "CANTABRICO", "catch_skm": 662.0, "catch_skm_basin": 819.0, "comment": null, "elev_masl": 76.0, "elev_max_masl": 1111.0, "end": 2014, "id_basin": 1244, "id_municipality": 27048, "id_saica": null, "id_saih": "N020", "id_sheet": 24, "lat_wgs84": 43.2121, "lon_wgs84": -7.1121, "municipality": "La Pontenova", "name": "Pontenova, La", "owner": null, "province": "Lugo", "regime": "unknown", "river": "Eo", "scale_type": null, "sheet": "MONDOÑEDO (24)", "start": 2010, "station_type": "CAUCE NATURAL", "system": "Eo", "weir": false, "weir_type": null, "x_etrs89": 160503, "y_etrs89": 4808872, "years_daily": 4, "years_instant": 0, "years_monthly": 12, "discharge": 1 }, "geometry": { "type": "Point", "coordinates": [ -7.189226662821722, 43.355947743103435 ] } },
{ "type": "Feature", "properties": { "id": 1427, "active": 1, "administration": "C.H. CANTÁBRICO", "basin": "CANTABRICO", "catch_skm": 712.0, "catch_skm_basin": 819.0, "comment": null, "elev_masl": 21.0, "elev_max_masl": 1111.0, "end": 2014, "id_basin": 1244, "id_municipality": 33063, "id_saica": "Q122", "id_saih": "A048", "id_sheet": 25, "lat_wgs84": 43.2448, "lon_wgs84": -7.0838, "municipality": "San Tirso De Abres", "name": "San Tirso De Abres", "owner": "ESTADO", "province": "Asturias", "regime": "natural", "river": "Eo", "scale_type": "EXTERIOR", "sheet": "VEGADEO (25)", "start": 1980, "station_type": "CAUCE NATURAL", "system": "Eo", "weir": false, "weir_type": null, "x_etrs89": 164486, "y_etrs89": 4815068, "years_daily": 34, "years_instant": 30, "years_monthly": 109, "discharge": 1 }, "geometry": { "type": "Point", "coordinates": [ -7.144000581752185, 43.413381721332726 ] } },
{ "type": "Feature", "properties": { "id": 1431, "active": 1, "administration": "Augas de Galicia - Xunta de Galicia", "basin": "GALICIA COSTA", "catch_skm": 145.0, "catch_skm_basin": 291.0, "comment": null, "elev_masl": 46.0, "elev_max_masl": 1056.0, "end": 2021, "id_basin": 1246, "id_municipality": 27030, "id_saica": null, "id_saih": null, "id_sheet": 24, "lat_wgs84": 43.2836, "lon_wgs84": -7.2009, "municipality": "MONDOÑEDO", "name": "Masma", "owner": null, "province": "LUGO", "regime": "unknown", "river": "Masma", "scale_type": null, "sheet": "MONDOÑEDO (24)", "start": 1993, "station_type": "Sección delimitada por puente", "system": "Río Masma", "weir": false, "weir_type": null, "x_etrs89": 149328, "y_etrs89": 4822884, "years_daily": 28, "years_instant": 21, "years_monthly": 50, "discharge": 1 }, "geometry": { "type": "Point", "coordinates": [ -7.335723969655437, 43.476627934017706 ] } },
{ "type": "Feature", "properties": { "id": 1433, "active": 1, "administration": "Augas de Galicia - Xunta de Galicia", "basin": "GALICIA COSTA", "catch_skm": 163.0, "catch_skm_basin": 189.0, "comment": null, "elev_masl": 32.0, "elev_max_masl": 1064.0, "end": 2021, "id_basin": 1248, "id_municipality": 27019, "id_saica": null, "id_saih": null, "id_sheet": 9, "lat_wgs84": 43.3325, "lon_wgs84": -7.224, "municipality": "FOZ", "name": "San Acisclo", "owner": null, "province": "LUGO", "regime": "unknown", "river": "Ouro", "scale_type": null, "sheet": "FOZ (9)", "start": 1991, "station_type": "Sección delimitada por puente", "system": "Río Landro Y Ouro", "weir": false, "weir_type": null, "x_etrs89": 146405, "y_etrs89": 4831994, "years_daily": 30, "years_instant": 21, "years_monthly": 50, "discharge": 1 }, "geometry": { "type": "Point", "coordinates": [ -7.377681208846851, 43.557042689822623 ] } },
{ "type": "Feature", "properties": { "id": 1435, "active": 1, "administration": "Augas de Galicia - Xunta de Galicia", "basin": "GALICIA COSTA", "catch_skm": 43.0, "catch_skm_basin": 44.0, "comment": null, "elev_masl": 38.0, "elev_max_masl": null, "end": 2021, "id_basin": 1929, "id_municipality": 27013, "id_saica": null, "id_saih": null, "id_sheet": 3, "lat_wgs84": 43.4106, "lon_wgs84": -7.2657, "municipality": "CERVO", "name": "Guioncho, O", "owner": null, "province": "LUGO", "regime": "unknown", "river": "Covo", "scale_type": null, "sheet": "SAN CIPRIAN (3)", "start": 2008, "station_type": "Sección con muro hormigón (puente)", "system": "Río Landro Y Ouro", "weir": false, "weir_type": null, "x_etrs89": 141387, "y_etrs89": 4846526, "years_daily": 13, "years_instant": 0, "years_monthly": 13, "discharge": 1 }, "geometry": { "type": "Point", "coordinates": [ -7.449252902502331, 43.685102971302605 ] } },
{ "type": "Feature", "properties": { "id": 1438, "active": 1, "administration": "Augas de Galicia - Xunta de Galicia", "basin": "GALICIA COSTA", "catch_skm": 198.0, "catch_skm_basin": 270.0, "comment": null, "elev_masl": 15.0, "elev_max_masl": null, "end": 2021, "id_basin": 1250, "id_municipality": 27066, "id_saica": null, "id_saih": null, "id_sheet": 8, "lat_wgs84": 43.3706, "lon_wgs84": -7.3529, "municipality": "VIVEIRO", "name": "Chavin", "owner": null, "province": "LUGO", "regime": "unknown", "river": "Landro", "scale_type": null, "sheet": "VIVEIRO (8)", "start": 1991, "station_type": "Sección sensible y normal con vertedero", "system": "Río Landro Y Ouro", "weir": false, "weir_type": null, "x_etrs89": 129514, "y_etrs89": 4839736, "years_daily": 30, "years_instant": 8, "years_monthly": 45, "discharge": 1 }, "geometry": { "type": "Point", "coordinates": [ -7.591445073954849, 43.618339972350313 ] } },
{ "type": "Feature", "properties": { "id": 1440, "active": 1, "administration": "Augas de Galicia - Xunta de Galicia", "basin": "GALICIA COSTA", "catch_skm": 112.0, "catch_skm_basin": 202.0, "comment": null, "elev_masl": 208.0, "elev_max_masl": 762.0, "end": 2015, "id_basin": 1252, "id_municipality": 15044, "id_saica": null, "id_saih": null, "id_sheet": 8, "lat_wgs84": 43.3708, "lon_wgs84": -7.4401, "municipality": "MAÑÓN", "name": "Pte. Segade", "owner": null, "province": "A CORUÑA", "regime": "unknown", "river": "Sor", "scale_type": null, "sheet": "VIVEIRO (8)", "start": 2005, "station_type": "Cauce Natural", "system": "Río Sor, Ría De Sta Marta De Ortigueira Y Ría De Viveiro", "weir": false, "weir_type": null, "x_etrs89": 118038, "y_etrs89": 4840438, "years_daily": 10, "years_instant": 0, "years_monthly": 25, "discharge": 1 }, "geometry": { "type": "Point", "coordinates": [ -7.733691925191874, 43.618845415585902 ] } },
{ "type": "Feature", "properties": { "id": 1441, "active": 1, "administration": "Augas de Galicia - Xunta de Galicia", "basin": "GALICIA COSTA", "catch_skm": 185.0, "catch_skm_basin": 202.0, "comment": null, "elev_masl": 45.0, "elev_max_masl": null, "end": 2021, "id_basin": 1252, "id_municipality": 27064, "id_saica": null, "id_saih": null, "id_sheet": 2, "lat_wgs84": 43.4209, "lon_wgs84": -7.414, "municipality": "O VICEDO", "name": "Morgallon, O", "owner": null, "province": "LUGO", "regime": "unknown", "river": "Sor Baixo", "scale_type": null, "sheet": "CILLERO (2)", "start": 2008, "station_type": "Cauce Natural", "system": "Río Sor, Ría De Sta Marta De Ortigueira Y Ría De Viveiro", "weir": false, "weir_type": null, "x_etrs89": 121725, "y_etrs89": 4849543, "years_daily": 13, "years_instant": 0, "years_monthly": 14, "discharge": 1 }, "geometry": { "type": "Point", "coordinates": [ -7.694526479073079, 43.702433032571186 ] } },
{ "type": "Feature", "properties": { "id": 1443, "active": 1, "administration": "Augas de Galicia - Xunta de Galicia", "basin": "GALICIA COSTA", "catch_skm": 102.0, "catch_skm_basin": 127.0, "comment": null, "elev_masl": 21.0, "elev_max_masl": 757.0, "end": 2021, "id_basin": 1254, "id_municipality": 15061, "id_saica": null, "id_saih": null, "id_sheet": 7, "lat_wgs84": 43.3822, "lon_wgs84": -7.5432, "municipality": "ORTIGUEIRA", "name": "Santa Maria De Mera", "owner": null, "province": "A CORUÑA", "regime": "unknown", "river": "Mera", "scale_type": null, "sheet": "CEDEIRA (7)", "start": 1991, "station_type": "Cauce Natural", "system": "Río Mera, Ría De Sta Marta De Ortigueira Y Ría De Cedeira", "weir": false, "weir_type": null, "x_etrs89": 104037, "y_etrs89": 4843540, "years_daily": 30, "years_instant": 11, "years_monthly": 50, "discharge": 1 }, "geometry": { "type": "Point", "coordinates": [ -7.908861574418101, 43.639366221559385 ] } },
{ "type": "Feature", "properties": { "id": 1445, "active": 1, "administration": "Augas de Galicia - Xunta de Galicia", "basin": "GALICIA COSTA", "catch_skm": 71.0, "catch_skm_basin": 122.0, "comment": null, "elev_masl": 23.0, "elev_max_masl": null, "end": 2021, "id_basin": 1928, "id_municipality": 15087, "id_saica": null, "id_saih": null, "id_sheet": 7, "lat_wgs84": 43.373, "lon_wgs84": -8.0224, "municipality": "VALDOVIÑO", "name": "Porto Do Cabo, O", "owner": null, "province": "A CORUÑA", "regime": "unknown", "river": "Rego Das Mestas", "scale_type": null, "sheet": "CEDEIRA (7)", "start": 2009, "station_type": "Cauce Natural", "system": "Río Mera, Ría De Sta Marta De Ortigueira Y Ría De Cedeira", "weir": false, "weir_type": null, "x_etrs89": 93350, "y_etrs89": 4842576, "years_daily": 12, "years_instant": 0, "years_monthly": 13, "discharge": 1 }, "geometry": { "type": "Point", "coordinates": [ -8.04012826976342, 43.624961385590531 ] } },
{ "type": "Feature", "properties": { "id": 1446, "active": 1, "administration": "Augas de Galicia - Xunta de Galicia", "basin": "GALICIA COSTA", "catch_skm": 108.0, "catch_skm_basin": 182.0, "comment": null, "elev_masl": 30.0, "elev_max_masl": 667.0, "end": 2021, "id_basin": 1258, "id_municipality": 15076, "id_saica": null, "id_saih": null, "id_sheet": 7, "lat_wgs84": 43.3157, "lon_wgs84": -8.0443, "municipality": "SAN SADURNIÑO", "name": "San Sadurniño", "owner": null, "province": "A CORUÑA", "regime": "unknown", "river": "Xubia", "scale_type": null, "sheet": "CEDEIRA (7)", "start": 2007, "station_type": "Sección regular (puente)", "system": "Ferrol", "weir": false, "weir_type": null, "x_etrs89": 89623, "y_etrs89": 4832497, "years_daily": 14, "years_instant": 23, "years_monthly": 48, "discharge": 1 }, "geometry": { "type": "Point", "coordinates": [ -8.078520128103188, 43.532522429470951 ] } },
{ "type": "Feature", "properties": { "id": 1449, "active": 1, "administration": "Augas de Galicia - Xunta de Galicia", "basin": "GALICIA COSTA", "catch_skm": 56.0, "catch_skm_basin": 60.0, "comment": null, "elev_masl": 72.0, "elev_max_masl": null, "end": 2021, "id_basin": 1260, "id_municipality": 15055, "id_saica": null, "id_saih": null, "id_sheet": 7, "lat_wgs84": 43.3015, "lon_wgs84": -8.0755, "municipality": "NEDA", "name": "A Maciñeira", "owner": null, "province": "A CORUÑA", "regime": "unknown", "river": "Belelle", "scale_type": null, "sheet": "CEDEIRA (7)", "start": 2008, "station_type": "Cauce Natural", "system": "Ferrol", "weir": false, "weir_type": null, "x_etrs89": 85106, "y_etrs89": 4829604, "years_daily": 13, "years_instant": 0, "years_monthly": 14, "discharge": 1 }, "geometry": { "type": "Point", "coordinates": [ -8.131994326054931, 43.504084418428214 ] } },
{ "type": "Feature", "properties": { "id": 1455, "active": 1, "administration": "Augas de Galicia - Xunta de Galicia", "basin": "GALICIA COSTA", "catch_skm": 191.0, "catch_skm_basin": 470.0, "comment": null, "elev_masl": 379.0, "elev_max_masl": null, "end": 2021, "id_basin": 1262, "id_municipality": 15070, "id_saica": null, "id_saih": null, "id_sheet": 23, "lat_wgs84": 43.2718, "lon_wgs84": -7.5005, "municipality": "AS PONTES DE GARCÍA RODRÍGUEZ", "name": "Ribeiranova", "owner": null, "province": "A CORUÑA", "regime": "unknown", "river": "Eume Ribeira", "scale_type": null, "sheet": "AS PONTES DE GARCIA RODRIGUEZ (23)", "start": 2010, "station_type": "Cauce Natural", "system": "Río Eume Y Ría De Ares", "weir": false, "weir_type": null, "x_etrs89": 108831, "y_etrs89": 4822713, "years_daily": 11, "years_instant": 0, "years_monthly": 13, "discharge": 1 }, "geometry": { "type": "Point", "coordinates": [ -7.834645815696632, 43.455039615569241 ] } },
{ "type": "Feature", "properties": { "id": 1458, "active": 1, "administration": "Augas de Galicia - Xunta de Galicia", "basin": "GALICIA COSTA", "catch_skm": 434.0, "catch_skm_basin": 470.0, "comment": null, "elev_masl": 140.0, "elev_max_masl": null, "end": 2015, "id_basin": 1274, "id_municipality": 15050, "id_saica": null, "id_saih": null, "id_sheet": 22, "lat_wgs84": 43.2452, "lon_wgs84": -8.0354, "municipality": "MONFERO", "name": "Santa Cristina", "owner": null, "province": "A CORUÑA", "regime": "unknown", "river": "Eume As Fragas", "scale_type": null, "sheet": "PONTEDEUME (22)", "start": 2008, "station_type": "Cauce Natural", "system": "Río Eume Y Ría De Ares", "weir": false, "weir_type": null, "x_etrs89": 89916, "y_etrs89": 4819317, "years_daily": 7, "years_instant": 0, "years_monthly": 9, "discharge": 1 }, "geometry": { "type": "Point", "coordinates": [ -8.064999962871399, 43.414471180956554 ] } },
{ "type": "Feature", "properties": { "id": 1464, "active": 1, "administration": "Augas de Galicia - Xunta de Galicia", "basin": "GALICIA COSTA", "catch_skm": 248.0, "catch_skm_basin": 457.0, "comment": null, "elev_masl": 242.0, "elev_max_masl": 600.0, "end": 2021, "id_basin": 1278, "id_municipality": 15039, "id_saica": null, "id_saih": null, "id_sheet": 46, "lat_wgs84": 43.1454, "lon_wgs84": -8.0323, "municipality": "IRIXOA", "name": "Muñiferal", "owner": null, "province": "A CORUÑA", "regime": "unknown", "river": "Mandeo", "scale_type": null, "sheet": "GUITIRIZ (46)", "start": 1991, "station_type": "Cauce Natural", "system": "Río Mandeo Y Ría De Betanzos", "weir": false, "weir_type": null, "x_etrs89": 89497, "y_etrs89": 4800817, "years_daily": 30, "years_instant": 13, "years_monthly": 49, "discharge": 1 }, "geometry": { "type": "Point", "coordinates": [ -8.056334761885745, 43.248308899857342 ] } },
{ "type": "Feature", "properties": { "id": 1469, "active": 1, "administration": "Augas de Galicia - Xunta de Galicia", "basin": "GALICIA COSTA", "catch_skm": 83.0, "catch_skm_basin": 457.0, "comment": null, "elev_masl": 45.0, "elev_max_masl": null, "end": 2021, "id_basin": 1281, "id_municipality": 15009, "id_saica": null, "id_saih": null, "id_sheet": 45, "lat_wgs84": 43.1554, "lon_wgs84": -8.1205, "municipality": "BETANZOS", "name": "Barllobre", "owner": null, "province": "A CORUÑA", "regime": "unknown", "river": "Mendo", "scale_type": null, "sheet": "BETANZOS (45)", "start": 2008, "station_type": "Cauce Natural", "system": "Río Mandeo Y Ría De Betanzos", "weir": false, "weir_type": null, "x_etrs89": 77836, "y_etrs89": 4803388, "years_daily": 13, "years_instant": 0, "years_monthly": 13, "discharge": 1 }, "geometry": { "type": "Point", "coordinates": [ -8.201363309622327, 43.264934500572181 ] } },
{ "type": "Feature", "properties": { "id": 1470, "active": 1, "administration": "Augas de Galicia - Xunta de Galicia", "basin": "GALICIA COSTA", "catch_skm": 139.0, "catch_skm_basin": 346.0, "comment": null, "elev_masl": 44.0, "elev_max_masl": null, "end": 2021, "id_basin": 1284, "id_municipality": 15001, "id_saica": null, "id_saih": null, "id_sheet": 45, "lat_wgs84": 43.1524, "lon_wgs84": -8.1524, "municipality": "Betanzos", "name": "A Ponte De Bedoña", "owner": null, "province": "A CORUÑA", "regime": "unknown", "river": "Mero", "scale_type": null, "sheet": "BETANZOS (45)", "start": 2017, "station_type": null, "system": "Mero", "weir": false, "weir_type": null, "x_etrs89": 73276, "y_etrs89": 4802753, "years_daily": 4, "years_instant": 0, "years_monthly": 8, "discharge": 1 }, "geometry": { "type": "Point", "coordinates": [ -8.256823775327275, 43.256675705089243 ] } },
{ "type": "Feature", "properties": { "id": 1471, "active": 0, "administration": "Augas de Galicia - Xunta de Galicia", "basin": "GALICIA COSTA", "catch_skm": 277.0, "catch_skm_basin": 346.0, "comment": "INT 1987                                                              ", "elev_masl": 15.0, "elev_max_masl": 546.0, "end": 1987, "id_basin": 1286, "id_municipality": 15017, "id_saica": null, "id_saih": null, "id_sheet": 45, "lat_wgs84": 43.1712, "lon_wgs84": -8.1955, "municipality": "CAMBRE", "name": "Cambre", "owner": null, "province": "A CORUÑA", "regime": "unknown", "river": "Mero", "scale_type": null, "sheet": "BETANZOS (45)", "start": 1980, "station_type": null, "system": "Mero", "weir": false, "weir_type": null, "x_etrs89": 67383, "y_etrs89": 4806491, "years_daily": 7, "years_instant": 9, "years_monthly": 18, "discharge": 1 }, "geometry": { "type": "Point", "coordinates": [ -8.332047135610614, 43.286834899214192 ] } },
{ "type": "Feature", "properties": { "id": 1473, "active": 1, "administration": "Augas de Galicia - Xunta de Galicia", "basin": "GALICIA COSTA", "catch_skm": 289.0, "catch_skm_basin": 346.0, "comment": null, "elev_masl": 8.0, "elev_max_masl": null, "end": 2021, "id_basin": 1286, "id_municipality": 15017, "id_saica": null, "id_saih": null, "id_sheet": 45, "lat_wgs84": 43.174, "lon_wgs84": -8.2124, "municipality": "Cambre", "name": "A Telva", "owner": null, "province": "A CORUÑA", "regime": "unknown", "river": "Mero", "scale_type": null, "sheet": "BETANZOS (45)", "start": 2014, "station_type": null, "system": "Mero", "weir": false, "weir_type": null, "x_etrs89": 65427, "y_etrs89": 4807456, "years_daily": 7, "years_instant": 0, "years_monthly": 8, "discharge": 1 }, "geometry": { "type": "Point", "coordinates": [ -8.35681334618406, 43.294361604687246 ] } },
{ "type": "Feature", "properties": { "id": 1483, "active": 1, "administration": "Augas de Galicia - Xunta de Galicia", "basin": "GALICIA COSTA", "catch_skm": 118.0, "catch_skm_basin": 516.0, "comment": null, "elev_masl": 116.0, "elev_max_masl": null, "end": 2021, "id_basin": 1288, "id_municipality": 15019, "id_saica": null, "id_saih": null, "id_sheet": 44, "lat_wgs84": 43.1236, "lon_wgs84": -8.4134, "municipality": "CARBALLO", "name": "Carballo", "owner": null, "province": "A CORUÑA", "regime": "unknown", "river": "Anllóns Carballo", "scale_type": null, "sheet": "CARBALLO (44)", "start": 2010, "station_type": "Sección con estructura de hormigón", "system": "Río Anllóns Y Ría De A Coruña Hasta Límite Con Arteixo", "weir": false, "weir_type": null, "x_etrs89": 37531, "y_etrs89": 4799905, "years_daily": 11, "years_instant": 0, "years_monthly": 13, "discharge": 1 }, "geometry": { "type": "Point", "coordinates": [ -8.692733452414144, 43.210112263651588 ] } },
{ "type": "Feature", "properties": { "id": 1485, "active": 1, "administration": "Augas de Galicia - Xunta de Galicia", "basin": "GALICIA COSTA", "catch_skm": 438.0, "catch_skm_basin": 516.0, "comment": null, "elev_masl": 17.0, "elev_max_masl": 564.0, "end": 2016, "id_basin": 1290, "id_municipality": 15068, "id_saica": null, "id_saih": null, "id_sheet": 43, "lat_wgs84": 43.134, "lon_wgs84": -8.5313, "municipality": "PONTECESO", "name": "Anllons", "owner": null, "province": "A CORUÑA", "regime": "unknown", "river": "Anllóns", "scale_type": null, "sheet": "LAXE (43)", "start": 1991, "station_type": "Cauce Natural", "system": "Río Anllóns Y Ría De A Coruña Hasta Límite Con Arteixo", "weir": false, "weir_type": null, "x_etrs89": 21898, "y_etrs89": 4802959, "years_daily": 25, "years_instant": 15, "years_monthly": 50, "discharge": 1 }, "geometry": { "type": "Point", "coordinates": [ -8.886828400633586, 43.227747534338469 ] } },
{ "type": "Feature", "properties": { "id": 1497, "active": 1, "administration": "Augas de Galicia - Xunta de Galicia", "basin": "GALICIA COSTA", "catch_skm": 251.0, "catch_skm_basin": 283.0, "comment": null, "elev_masl": 65.0, "elev_max_masl": null, "end": 2015, "id_basin": 1294, "id_municipality": 15016, "id_saica": null, "id_saih": null, "id_sheet": 68, "lat_wgs84": 43.0809, "lon_wgs84": -9.0636, "municipality": "CAMARIÑAS", "name": "As Casasnovas", "owner": null, "province": "A CORUÑA", "regime": "unknown", "river": "Grande Camariñas", "scale_type": null, "sheet": "CAMARIÑAS", "start": 2008, "station_type": "Cauce Natural", "system": "Río Grande, Ría De Camariñas Y Costa De A Coruña Hasta Río Anllóns", "weir": false, "weir_type": null, "x_etrs89": 3022, "y_etrs89": 4794038, "years_daily": 7, "years_instant": 0, "years_monthly": 10, "discharge": 1 }, "geometry": { "type": "Point", "coordinates": [ -9.109973505450796, 43.135701108483481 ] } },
{ "type": "Feature", "properties": { "id": 1506, "active": 1, "administration": "Augas de Galicia - Xunta de Galicia", "basin": "GALICIA COSTA", "catch_skm": 109.0, "catch_skm_basin": 140.0, "comment": null, "elev_masl": 74.0, "elev_max_masl": null, "end": 2021, "id_basin": 1296, "id_municipality": 15023, "id_saica": null, "id_saih": null, "id_sheet": 67, "lat_wgs84": 43.0011, "lon_wgs84": -9.1131, "municipality": "CEE", "name": "A Ponte De Constante", "owner": null, "province": "A CORUÑA", "regime": "unknown", "river": "Castro", "scale_type": null, "sheet": "MUXIA (67)", "start": 2014, "station_type": "Cauce Natural", "system": "Río Castro", "weir": false, "weir_type": null, "x_etrs89": -4738, "y_etrs89": 4779798, "years_daily": 7, "years_instant": 0, "years_monthly": 13, "discharge": 1 }, "geometry": { "type": "Point", "coordinates": [ -9.191938333675765, 43.003096753611793 ] } },
{ "type": "Feature", "properties": { "id": 1512, "active": 1, "administration": "Augas de Galicia - Xunta de Galicia", "basin": "GALICIA COSTA", "catch_skm": 201.0, "catch_skm_basin": 504.0, "comment": null, "elev_masl": 300.0, "elev_max_masl": null, "end": 2021, "id_basin": 1300, "id_municipality": 15077, "id_saica": null, "id_saih": null, "id_sheet": 93, "lat_wgs84": 42.5946, "lon_wgs84": -8.5323, "municipality": "SANTA COMBA", "name": "A Ponte De Truebe", "owner": null, "province": "A CORUÑA", "regime": "unknown", "river": "Xallas 1", "scale_type": null, "sheet": "SERRA DE OUTES (93)", "start": 2012, "station_type": "Cauce Natural", "system": "Río Xallas, Costa De A Coruña Y Ría De Corcubión", "weir": false, "weir_type": null, "x_etrs89": 19852, "y_etrs89": 4777251, "years_daily": 9, "years_instant": 0, "years_monthly": 13, "discharge": 1 }, "geometry": { "type": "Point", "coordinates": [ -8.889688932965514, 42.99618120342933 ] } },
{ "type": "Feature", "properties": { "id": 1514, "active": 1, "administration": "Augas de Galicia - Xunta de Galicia", "basin": "GALICIA COSTA", "catch_skm": 362.0, "catch_skm_basin": 504.0, "comment": null, "elev_masl": 258.0, "elev_max_masl": null, "end": 2021, "id_basin": 1302, "id_municipality": 15045, "id_saica": null, "id_saih": null, "id_sheet": 93, "lat_wgs84": 42.5743, "lon_wgs84": -9.0106, "municipality": "MAZARICOS", "name": "A Ponte Olveira", "owner": null, "province": "A CORUÑA", "regime": "unknown", "river": "Xallas 2", "scale_type": null, "sheet": "SERRA DE OUTES (93)", "start": 2008, "station_type": "Cauce Natural", "system": "Río Xallas, Costa De A Coruña Y Ría De Corcubión", "weir": false, "weir_type": null, "x_etrs89": 9088, "y_etrs89": 4774209, "years_daily": 13, "years_instant": 0, "years_monthly": 13, "discharge": 1 }, "geometry": { "type": "Point", "coordinates": [ -9.018352455374702, 42.962080994651878 ] } },
{ "type": "Feature", "properties": { "id": 1519, "active": 0, "administration": "Augas de Galicia - Xunta de Galicia", "basin": "GALICIA COSTA", "catch_skm": 1146.0, "catch_skm_basin": 1526.0, "comment": "INT 2001                                                              ", "elev_masl": 161.0, "elev_max_masl": 764.0, "end": 2001, "id_basin": 1324, "id_municipality": 15088, "id_saica": null, "id_saih": null, "id_sheet": 94, "lat_wgs84": 42.5732, "lon_wgs84": -8.3846, "municipality": "VAL DO DUBRA", "name": "Portomouro", "owner": null, "province": "A CORUÑA", "regime": "unknown", "river": "Tambre", "scale_type": null, "sheet": "SANTIAGO DE COMPOSTELA (94)", "start": 1991, "station_type": null, "system": "Río Tambre Y Ría De Muros", "weir": false, "weir_type": null, "x_etrs89": 39424, "y_etrs89": 4771759, "years_daily": 10, "years_instant": 1, "years_monthly": 82, "discharge": 1 }, "geometry": { "type": "Point", "coordinates": [ -8.646256330219568, 42.959051235819807 ] } },
{ "type": "Feature", "properties": { "id": 1520, "active": 1, "administration": "Augas de Galicia - Xunta de Galicia", "basin": "GALICIA COSTA", "catch_skm": 561.0, "catch_skm_basin": 1526.0, "comment": null, "elev_masl": 240.0, "elev_max_masl": 764.0, "end": 2021, "id_basin": 1316, "id_municipality": 15060, "id_saica": null, "id_saih": null, "id_sheet": 95, "lat_wgs84": 42.5832, "lon_wgs84": -8.2401, "municipality": "OROSO", "name": "Carollo", "owner": null, "province": "A CORUÑA", "regime": "unknown", "river": "Tambre", "scale_type": null, "sheet": "EL PINO (95)", "start": 2005, "station_type": "Cauce Natural", "system": "Río Tambre Y Ría De Muros", "weir": false, "weir_type": null, "x_etrs89": 59620, "y_etrs89": 4772257, "years_daily": 16, "years_instant": 1, "years_monthly": 20, "discharge": 1 }, "geometry": { "type": "Point", "coordinates": [ -8.400162120511611, 42.975445843466488 ] } },
{ "type": "Feature", "properties": { "id": 1522, "active": 1, "administration": "Augas de Galicia - Xunta de Galicia", "basin": "GALICIA COSTA", "catch_skm": 311.0, "catch_skm_basin": 1526.0, "comment": null, "elev_masl": 228.0, "elev_max_masl": null, "end": 2021, "id_basin": 1323, "id_municipality": 15060, "id_saica": null, "id_saih": null, "id_sheet": 95, "lat_wgs84": 42.5927, "lon_wgs84": -8.272, "municipality": "OROSO", "name": "Vilacide De Arriba", "owner": null, "province": "A CORUÑA", "regime": "unknown", "river": "Lengüelle Tambre", "scale_type": null, "sheet": "EL PINO (95)", "start": 2008, "station_type": "Cauce Natural", "system": "Río Tambre Y Ría De Muros", "weir": false, "weir_type": null, "x_etrs89": 55204, "y_etrs89": 4774263, "years_daily": 13, "years_instant": 0, "years_monthly": 14, "discharge": 1 }, "geometry": { "type": "Point", "coordinates": [ -8.455669282339318, 42.990864295361689 ] } },
{ "type": "Feature", "properties": { "id": 1525, "active": 1, "administration": "Augas de Galicia - Xunta de Galicia", "basin": "GALICIA COSTA", "catch_skm": 91.0, "catch_skm_basin": 1526.0, "comment": null, "elev_masl": 176.0, "elev_max_masl": null, "end": 2021, "id_basin": 1325, "id_municipality": 15088, "id_saica": null, "id_saih": null, "id_sheet": 94, "lat_wgs84": 42.5832, "lon_wgs84": -8.3916, "municipality": "VAL DO DUBRA", "name": "A Ponte De Lesta", "owner": null, "province": "A CORUÑA", "regime": "unknown", "river": "Dubra Tambre", "scale_type": null, "sheet": "SANTIAGO DE COMPOSTELA (94)", "start": 2009, "station_type": "Cauce Natural", "system": "Río Tambre Y Ría De Muros", "weir": false, "weir_type": null, "x_etrs89": 38878, "y_etrs89": 4773624, "years_daily": 12, "years_instant": 0, "years_monthly": 13, "discharge": 1 }, "geometry": { "type": "Point", "coordinates": [ -8.654453555987795, 42.975434114556293 ] } },
{ "type": "Feature", "properties": { "id": 1528, "active": 1, "administration": "Augas de Galicia - Xunta de Galicia", "basin": "GALICIA COSTA", "catch_skm": 92.0, "catch_skm_basin": 160.0, "comment": null, "elev_masl": 156.0, "elev_max_masl": null, "end": 2021, "id_basin": 1329, "id_municipality": 15056, "id_saica": null, "id_saih": null, "id_sheet": 94, "lat_wgs84": 42.5425, "lon_wgs84": -8.4424, "municipality": "NEGREIRA", "name": "Negreira", "owner": null, "province": "A CORUÑA", "regime": "unknown", "river": "Barcala Tambre", "scale_type": null, "sheet": "SANTIAGO DE COMPOSTELA (94)", "start": 2008, "station_type": "Sección regular (muros de hormigón)", "system": "Río Tambre Y Ría De Muros", "weir": false, "weir_type": null, "x_etrs89": 31378, "y_etrs89": 4766476, "years_daily": 13, "years_instant": 0, "years_monthly": 13, "discharge": 1 }, "geometry": { "type": "Point", "coordinates": [ -8.740000811852498, 42.906816045911448 ] } },
{ "type": "Feature", "properties": { "id": 1540, "active": 1, "administration": "Augas de Galicia - Xunta de Galicia", "basin": "GALICIA COSTA", "catch_skm": 138.0, "catch_skm_basin": 266.0, "comment": null, "elev_masl": 123.0, "elev_max_masl": 533.0, "end": 2021, "id_basin": 1355, "id_municipality": 15013, "id_saica": null, "id_saih": null, "id_sheet": 120, "lat_wgs84": 42.4949, "lon_wgs84": -8.3855, "municipality": "BRIÓN", "name": "Vidaloiso", "owner": null, "province": "A CORUÑA", "regime": "unknown", "river": "Sar", "scale_type": null, "sheet": "PADRÓN (120)", "start": 2011, "station_type": "Cauce Natural", "system": "Río Ulla Y Ría De Arousa M.D.", "weir": false, "weir_type": null, "x_etrs89": 38279, "y_etrs89": 4757475, "years_daily": 10, "years_instant": 1, "years_monthly": 20, "discharge": 1 }, "geometry": { "type": "Point", "coordinates": [ -8.648493730773062, 42.830355042141797 ] } },
{ "type": "Feature", "properties": { "id": 1542, "active": 1, "administration": "Augas de Galicia - Xunta de Galicia", "basin": "GALICIA COSTA", "catch_skm": 150.0, "catch_skm_basin": 152.0, "comment": null, "elev_masl": 317.0, "elev_max_masl": 797.0, "end": 2021, "id_basin": 1337, "id_municipality": 15079, "id_saica": null, "id_saih": null, "id_sheet": 96, "lat_wgs84": 42.5129, "lon_wgs84": -8.0114, "municipality": "SANTISO", "name": "Puente Barazon", "owner": null, "province": "A CORUÑA", "regime": "unknown", "river": "Furelos", "scale_type": null, "sheet": "ARZUA (96)", "start": 1991, "station_type": "Cauce Natural", "system": "Río Ulla Y Ría De Arousa M.D.", "weir": false, "weir_type": null, "x_etrs89": 89806, "y_etrs89": 4757296, "years_daily": 30, "years_instant": 3, "years_monthly": 49, "discharge": 1 }, "geometry": { "type": "Point", "coordinates": [ -8.02051425781484, 42.858086030868442 ] } },
{ "type": "Feature", "properties": { "id": 1544, "active": 1, "administration": "Augas de Galicia - Xunta de Galicia", "basin": "GALICIA COSTA", "catch_skm": 516.0, "catch_skm_basin": 2804.0, "comment": null, "elev_masl": 309.0, "elev_max_masl": 951.0, "end": 2021, "id_basin": 1338, "id_municipality": 15079, "id_saica": null, "id_saih": null, "id_sheet": 96, "lat_wgs84": 42.5048, "lon_wgs84": -8.0131, "municipality": "SANTISO", "name": "A Ponte Nova", "owner": null, "province": "A CORUÑA", "regime": "unknown", "river": "Ulla", "scale_type": null, "sheet": "ARZUA (96)", "start": 1991, "station_type": "Cauce Natural", "system": "Río Ulla Y Ría De Arousa M.D.", "weir": false, "weir_type": null, "x_etrs89": 89333, "y_etrs89": 4756065, "years_daily": 30, "years_instant": 2, "years_monthly": 49, "discharge": 1 }, "geometry": { "type": "Point", "coordinates": [ -8.02538404679612, 42.846789488156695 ] } },
{ "type": "Feature", "properties": { "id": 1546, "active": 1, "administration": "Augas de Galicia - Xunta de Galicia", "basin": "GALICIA COSTA", "catch_skm": 328.0, "catch_skm_basin": 1787.0, "comment": null, "elev_masl": 315.0, "elev_max_masl": null, "end": 2021, "id_basin": 1339, "id_municipality": 36020, "id_saica": null, "id_saih": null, "id_sheet": 122, "lat_wgs84": 42.464, "lon_wgs84": -8.0607, "municipality": "A GOLADA", "name": "Ponte Cirela", "owner": null, "province": "PONTEVEDRA", "regime": "unknown", "river": "Arnego Ulla", "scale_type": null, "sheet": "AGOLADA (122)", "start": 2009, "station_type": "Sección uniforme (muro de hormigón)", "system": "Río Ulla Y Ría De Arousa M.D.", "weir": false, "weir_type": null, "x_etrs89": 82607, "y_etrs89": 4748788, "years_daily": 12, "years_instant": 0, "years_monthly": 13, "discharge": 1 }, "geometry": { "type": "Point", "coordinates": [ -8.101992474140898, 42.777880305199268 ] } },
{ "type": "Feature", "properties": { "id": 1550, "active": 1, "administration": "Augas de Galicia - Xunta de Galicia", "basin": "GALICIA COSTA", "catch_skm": 1290.0, "catch_skm_basin": 2804.0, "comment": null, "elev_masl": 133.0, "elev_max_masl": null, "end": 2021, "id_basin": 1344, "id_municipality": 15085, "id_saica": null, "id_saih": null, "id_sheet": 121, "lat_wgs84": 42.4927, "lon_wgs84": -8.162, "municipality": "TOURO", "name": "Basebe", "owner": null, "province": "A CORUÑA", "regime": "unknown", "river": "Ulla Touro", "scale_type": null, "sheet": "A ESTRADA (121)", "start": 2008, "station_type": "Cauce Natural", "system": "Río Ulla Y Ría De Arousa M.D.", "weir": false, "weir_type": null, "x_etrs89": 69007, "y_etrs89": 4754784, "years_daily": 13, "years_instant": 0, "years_monthly": 14, "discharge": 1 }, "geometry": { "type": "Point", "coordinates": [ -8.272132767388422, 42.824131799063238 ] } },
{ "type": "Feature", "properties": { "id": 1552, "active": 1, "administration": "Augas de Galicia - Xunta de Galicia", "basin": "GALICIA COSTA", "catch_skm": 545.0, "catch_skm_basin": 551.0, "comment": null, "elev_masl": 278.0, "elev_max_masl": 1003.0, "end": 2021, "id_basin": 1349, "id_municipality": 36052, "id_saica": null, "id_saih": null, "id_sheet": 121, "lat_wgs84": 42.4638, "lon_wgs84": -8.2015, "municipality": "SILLEDA", "name": "Puente Cira", "owner": null, "province": "PONTEVEDRA", "regime": "unknown", "river": "Deza", "scale_type": null, "sheet": "A ESTRADA (121)", "start": 1991, "station_type": "Cauce Natural", "system": "Río Ulla Y Ría De Arousa M.D.", "weir": false, "weir_type": null, "x_etrs89": 63326, "y_etrs89": 4749902, "years_daily": 30, "years_instant": 0, "years_monthly": 48, "discharge": 1 }, "geometry": { "type": "Point", "coordinates": [ -8.337558334166577, 42.777142286372893 ] } },
{ "type": "Feature", "properties": { "id": 1554, "active": 1, "administration": "Augas de Galicia - Xunta de Galicia", "basin": "GALICIA COSTA", "catch_skm": 2291.0, "catch_skm_basin": 2804.0, "comment": null, "elev_masl": 33.0, "elev_max_masl": null, "end": 2021, "id_basin": 1354, "id_municipality": 15082, "id_saica": null, "id_saih": null, "id_sheet": 120, "lat_wgs84": 42.4534, "lon_wgs84": -8.3252, "municipality": "TEO", "name": "Pontevea", "owner": null, "province": "A CORUÑA", "regime": "unknown", "river": "Ulla Teo", "scale_type": null, "sheet": "PADRÓN (120)", "start": 2014, "station_type": "Cauce Natural", "system": "Río Ulla Y Ría De Arousa M.D.", "weir": false, "weir_type": null, "x_etrs89": 46003, "y_etrs89": 4749053, "years_daily": 7, "years_instant": 0, "years_monthly": 14, "discharge": 1 }, "geometry": { "type": "Point", "coordinates": [ -8.547670088930598, 42.75948371062173 ] } },
{ "type": "Feature", "properties": { "id": 1564, "active": 1, "administration": "Augas de Galicia - Xunta de Galicia", "basin": "GALICIA COSTA", "catch_skm": 190.0, "catch_skm_basin": 446.0, "comment": null, "elev_masl": 20.0, "elev_max_masl": 802.0, "end": 2021, "id_basin": 1358, "id_municipality": 36005, "id_saica": null, "id_saih": null, "id_sheet": 152, "lat_wgs84": 42.3609, "lon_wgs84": -8.3832, "municipality": "CALDAS DE REIS", "name": "Caldas De Reis", "owner": null, "province": "PONTEVEDRA", "regime": "unknown", "river": "Umia", "scale_type": null, "sheet": "VILLAGARCIA DE AROUSA (152)", "start": 2005, "station_type": "Cauce Natural", "system": "Río Umia Y Ría De Arousa M.I.", "weir": false, "weir_type": null, "x_etrs89": 37102, "y_etrs89": 4732137, "years_daily": 16, "years_instant": 4, "years_monthly": 50, "discharge": 1 }, "geometry": { "type": "Point", "coordinates": [ -8.642148314503178, 42.602574259203976 ] } },
{ "type": "Feature", "properties": { "id": 1568, "active": 1, "administration": "Augas de Galicia - Xunta de Galicia", "basin": "GALICIA COSTA", "catch_skm": 383.0, "catch_skm_basin": 446.0, "comment": null, "elev_masl": 7.0, "elev_max_masl": null, "end": 2017, "id_basin": 1358, "id_municipality": 36046, "id_saica": null, "id_saih": null, "id_sheet": 152, "lat_wgs84": 42.3055, "lon_wgs84": -8.4556, "municipality": "RIBADUMIA", "name": "A Figueira", "owner": null, "province": "PONTEVEDRA", "regime": "unknown", "river": "Baixo Umia", "scale_type": null, "sheet": "VILLAGARCIA DE AROUSA (152)", "start": 2009, "station_type": "Cauce Natural", "system": "Río Umia Y Ría De Arousa M.I.", "weir": false, "weir_type": null, "x_etrs89": 26312, "y_etrs89": 4723136, "years_daily": 8, "years_instant": 0, "years_monthly": 9, "discharge": 1 }, "geometry": { "type": "Point", "coordinates": [ -8.765568452192021, 42.515383310264987 ] } },
{ "type": "Feature", "properties": { "id": 1574, "active": 0, "administration": "Augas de Galicia - Xunta de Galicia", "basin": "GALICIA COSTA", "catch_skm": 248.0, "catch_skm_basin": 409.0, "comment": "INT 1998                                                              ", "elev_masl": 67.0, "elev_max_masl": 993.0, "end": 1998, "id_basin": 1360, "id_municipality": 36007, "id_saica": null, "id_saih": null, "id_sheet": 152, "lat_wgs84": 42.3124, "lon_wgs84": -8.3214, "municipality": "CAMPO LAMEIRO", "name": "Campo Lameiro", "owner": null, "province": "PONTEVEDRA", "regime": "unknown", "river": "Lérez", "scale_type": null, "sheet": "VILLAGARCIA DE AROUSA (152)", "start": 1992, "station_type": null, "system": "Río Lérez Y Ría De Pontevedra", "weir": false, "weir_type": null, "x_etrs89": 45132, "y_etrs89": 4722781, "years_daily": 6, "years_instant": 0, "years_monthly": 26, "discharge": 1 }, "geometry": { "type": "Point", "coordinates": [ -8.537277586378011, 42.523482188057457 ] } },
{ "type": "Feature", "properties": { "id": 1578, "active": 1, "administration": "Augas de Galicia - Xunta de Galicia", "basin": "GALICIA COSTA", "catch_skm": 408.0, "catch_skm_basin": 450.0, "comment": null, "elev_masl": 35.0, "elev_max_masl": null, "end": 2021, "id_basin": 1362, "id_municipality": 36038, "id_saica": null, "id_saih": null, "id_sheet": 185, "lat_wgs84": 42.2708, "lon_wgs84": -8.3651, "municipality": "PONTEVEDRA", "name": "Couso, O", "owner": null, "province": "PONTEVEDRA", "regime": "unknown", "river": "Lérez", "scale_type": null, "sheet": "PONTEVEDRA (185)", "start": 2012, "station_type": "Cauce Natural", "system": "Río Lérez Y Ría De Pontevedra", "weir": false, "weir_type": null, "x_etrs89": 38283, "y_etrs89": 4715267, "years_daily": 9, "years_instant": 0, "years_monthly": 14, "discharge": 1 }, "geometry": { "type": "Point", "coordinates": [ -8.614221463619593, 42.452084722855872 ] } },
{ "type": "Feature", "properties": { "id": 1585, "active": 1, "administration": "Augas de Galicia - Xunta de Galicia", "basin": "GALICIA COSTA", "catch_skm": 103.0, "catch_skm_basin": 333.0, "comment": null, "elev_masl": 288.0, "elev_max_masl": null, "end": 2021, "id_basin": 1366, "id_municipality": 36043, "id_saica": null, "id_saih": null, "id_sheet": 186, "lat_wgs84": 42.2325, "lon_wgs84": -8.3001, "municipality": "PONTECALDELAS", "name": "Pontecaldelas", "owner": null, "province": "PONTEVEDRA", "regime": "unknown", "river": "Verdugo", "scale_type": null, "sheet": "PONTE-CALDELAS (186)", "start": 2008, "station_type": "Cauce Natural", "system": "Río Lérez Y Ría De Pontevedra", "weir": false, "weir_type": null, "x_etrs89": 47219, "y_etrs89": 4707771, "years_daily": 13, "years_instant": 0, "years_monthly": 13, "discharge": 1 }, "geometry": { "type": "Point", "coordinates": [ -8.500161925777359, 42.390150920035914 ] } },
{ "type": "Feature", "properties": { "id": 1586, "active": 0, "administration": "Augas de Galicia - Xunta de Galicia", "basin": "GALICIA COSTA", "catch_skm": 175.0, "catch_skm_basin": 176.0, "comment": "INT 1987                                                              ", "elev_masl": 10.0, "elev_max_masl": 1060.0, "end": 1987, "id_basin": 1369, "id_municipality": 36053, "id_saica": null, "id_saih": null, "id_sheet": 185, "lat_wgs84": 42.2024, "lon_wgs84": -8.3324, "municipality": "SOUTOMAIOR", "name": "Sotomayor", "owner": null, "province": "PONTEVEDRA", "regime": "unknown", "river": "Oitavén", "scale_type": null, "sheet": "PONTEVEDRA (185)", "start": 1980, "station_type": null, "system": "Río Verdugo, Ría De Vigo Y Ría De Baiona", "weir": false, "weir_type": null, "x_etrs89": 42191, "y_etrs89": 4702516, "years_daily": 7, "years_instant": 0, "years_monthly": 18, "discharge": 1 }, "geometry": { "type": "Point", "coordinates": [ -8.556796248805112, 42.340104745802861 ] } },
{ "type": "Feature", "properties": { "id": 1588, "active": 1, "administration": "Augas de Galicia - Xunta de Galicia", "basin": "GALICIA COSTA", "catch_skm": 177.0, "catch_skm_basin": 318.0, "comment": null, "elev_masl": 88.0, "elev_max_masl": null, "end": 2021, "id_basin": 1369, "id_municipality": 36053, "id_saica": null, "id_saih": null, "id_sheet": 185, "lat_wgs84": 42.2025, "lon_wgs84": -8.3324, "municipality": "SOUTOMAIOR", "name": "Sobral, O", "owner": null, "province": "PONTEVEDRA", "regime": "unknown", "river": "Oitavén", "scale_type": null, "sheet": "PONTEVEDRA (185)", "start": 2013, "station_type": "Cauce Natural", "system": "Río Verdugo, Ría De Vigo Y Ría De Baiona", "weir": false, "weir_type": null, "x_etrs89": 42195, "y_etrs89": 4702532, "years_daily": 8, "years_instant": 0, "years_monthly": 14, "discharge": 1 }, "geometry": { "type": "Point", "coordinates": [ -8.556760586989295, 42.3402505149174 ] } },
{ "type": "Feature", "properties": { "id": 1593, "active": 1, "administration": "Augas de Galicia - Xunta de Galicia", "basin": "GALICIA COSTA", "catch_skm": 31.0, "catch_skm_basin": 266.0, "comment": null, "elev_masl": 30.0, "elev_max_masl": null, "end": 2021, "id_basin": 1926, "id_municipality": 36057, "id_saica": null, "id_saih": null, "id_sheet": 223, "lat_wgs84": 42.132, "lon_wgs84": -8.4143, "municipality": "VIGO", "name": "Caride", "owner": null, "province": "PONTEVEDRA", "regime": "unknown", "river": "Lagares", "scale_type": null, "sheet": "VIGO (223)", "start": 2008, "station_type": "Cauce Natural", "system": "Río Verdugo, Ría De Vigo Y Ría De Baiona", "weir": false, "weir_type": null, "x_etrs89": 29899, "y_etrs89": 4690176, "years_daily": 13, "years_instant": 0, "years_monthly": 13, "discharge": 1 }, "geometry": { "type": "Point", "coordinates": [ -8.695286180631209, 42.222202780841464 ] } },
{ "type": "Feature", "properties": { "id": 1594, "active": 1, "administration": "Augas de Galicia - Xunta de Galicia", "basin": "GALICIA COSTA", "catch_skm": 64.0, "catch_skm_basin": 146.0, "comment": null, "elev_masl": 15.0, "elev_max_masl": null, "end": 2021, "id_basin": 1925, "id_municipality": 36021, "id_saica": null, "id_saih": null, "id_sheet": 261, "lat_wgs84": 42.0638, "lon_wgs84": -8.4627, "municipality": "GONDOMAR", "name": "A Ponte", "owner": null, "province": "PONTEVEDRA", "regime": "unknown", "river": "Miñor", "scale_type": null, "sheet": "TUI (261)", "start": 2008, "station_type": "Cauce Natural", "system": "Río Verdugo, Ría De Vigo Y Ría De Baiona", "weir": false, "weir_type": null, "x_etrs89": 22536, "y_etrs89": 4678217, "years_daily": 13, "years_instant": 0, "years_monthly": 14, "discharge": 1 }, "geometry": { "type": "Point", "coordinates": [ -8.774266456554964, 42.110587117002588 ] } },
{ "type": "Feature", "properties": { "id": 1595, "active": 1, "administration": "Augas de Galicia - Xunta de Galicia", "basin": "GALICIA COSTA", "catch_skm": 17.0, "catch_skm_basin": 146.0, "comment": null, "elev_masl": 30.0, "elev_max_masl": null, "end": 2021, "id_basin": 1924, "id_municipality": 36003, "id_saica": null, "id_saih": null, "id_sheet": 261, "lat_wgs84": 42.0619, "lon_wgs84": -8.4907, "municipality": "BAIONA", "name": "Bouzas", "owner": null, "province": "PONTEVEDRA", "regime": "unknown", "river": "Grova", "scale_type": null, "sheet": "TUI (261)", "start": 2008, "station_type": "Sección con estructura de hormigón", "system": "Río Verdugo, Ría De Vigo Y Ría De Baiona", "weir": false, "weir_type": null, "x_etrs89": 18832, "y_etrs89": 4677874, "years_daily": 13, "years_instant": 0, "years_monthly": 13, "discharge": 1 }, "geometry": { "type": "Point", "coordinates": [ -8.81855653926997, 42.10525456741653 ] } },
{ "type": "Feature", "properties": { "id": 1603, "active": 1, "administration": "C.H. MIÑO-SIL", "basin": "MIÑO-SIL", "catch_skm": 95.0, "catch_skm_basin": 138.0, "comment": null, "elev_masl": 453.0, "elev_max_masl": null, "end": 2021, "id_basin": 1375, "id_municipality": 27010, "id_saica": null, "id_saih": "A002", "id_sheet": 48, "lat_wgs84": 43.1018, "lon_wgs84": -7.2228, "municipality": "Castro de Rey", "name": "Reguntille", "owner": "ESTADO", "province": "Lugo", "regime": "natural", "river": "Azúmara", "scale_type": null, "sheet": "MEIRA (48)", "start": 2008, "station_type": "VFLAT", "system": "Miño Alto", "weir": false, "weir_type": null, "x_etrs89": 144418, "y_etrs89": 4789178, "years_daily": 13, "years_instant": 0, "years_monthly": 14, "discharge": 1 }, "geometry": { "type": "Point", "coordinates": [ -7.37444728009532, 43.171694036038737 ] } },
{ "type": "Feature", "properties": { "id": 1605, "active": 1, "administration": "C.H. MIÑO-SIL", "basin": "MIÑO-SIL", "catch_skm": 754.0, "catch_skm_basin": 17026.0, "comment": null, "elev_masl": 398.0, "elev_max_masl": null, "end": 2021, "id_basin": 1378, "id_municipality": 27010, "id_saica": null, "id_saih": "A003", "id_sheet": 47, "lat_wgs84": 43.1005, "lon_wgs84": -7.3252, "municipality": "Cospeito", "name": "Pontevilar", "owner": "ESTADO", "province": "Lugo", "regime": "natural", "river": "Miño", "scale_type": null, "sheet": "VILALBA (47)", "start": 2008, "station_type": "PARED GRUESA", "system": "Miño Alto", "weir": false, "weir_type": null, "x_etrs89": 130298, "y_etrs89": 4789518, "years_daily": 13, "years_instant": 0, "years_monthly": 14, "discharge": 1 }, "geometry": { "type": "Point", "coordinates": [ -7.547855572477816, 43.16797997881293 ] } },
{ "type": "Feature", "properties": { "id": 1607, "active": 1, "administration": "C.H. MIÑO-SIL", "basin": "MIÑO-SIL", "catch_skm": 999.0, "catch_skm_basin": 17026.0, "comment": null, "elev_masl": 382.0, "elev_max_masl": null, "end": 2003, "id_basin": 1382, "id_municipality": 27039, "id_saica": null, "id_saih": "A004D", "id_sheet": 72, "lat_wgs84": 43.0821, "lon_wgs84": -7.3616, "municipality": "Otero de Rey", "name": "Cela", "owner": "ESTADO", "province": "Lugo", "regime": "natural", "river": "Miño", "scale_type": "EXTERIOR", "sheet": "LUGO (72)", "start": 1980, "station_type": "VFLAT", "system": "Miño Alto", "weir": false, "weir_type": null, "x_etrs89": 125513, "y_etrs89": 4786579, "years_daily": 23, "years_instant": 20, "years_monthly": 48, "discharge": 1 }, "geometry": { "type": "Point", "coordinates": [ -7.604547486291175, 43.139247947943282 ] } },
{ "type": "Feature", "properties": { "id": 1617, "active": 1, "administration": "C.H. MIÑO-SIL", "basin": "MIÑO-SIL", "catch_skm": 301.0, "catch_skm_basin": 331.0, "comment": null, "elev_masl": 406.0, "elev_max_masl": 758.0, "end": 2021, "id_basin": 1386, "id_municipality": 27022, "id_saica": null, "id_saih": "A007", "id_sheet": 47, "lat_wgs84": 43.1019, "lon_wgs84": -7.4738, "municipality": "Guitiriz", "name": "Guitiriz", "owner": "ESTADO", "province": "Lugo", "regime": "natural", "river": "Parga", "scale_type": "EXTERIOR", "sheet": "VILALBA (47)", "start": 2009, "station_type": "VFLAT", "system": "Miño Alto", "weir": false, "weir_type": null, "x_etrs89": 110329, "y_etrs89": 4791092, "years_daily": 12, "years_instant": 16, "years_monthly": 50, "discharge": 1 }, "geometry": { "type": "Point", "coordinates": [ -7.793788783385575, 43.172088296903922 ] } },
{ "type": "Feature", "properties": { "id": 1619, "active": 1, "administration": "C.H. MIÑO-SIL", "basin": "MIÑO-SIL", "catch_skm": 843.0, "catch_skm_basin": 887.0, "comment": null, "elev_masl": 395.0, "elev_max_masl": 905.0, "end": 2003, "id_basin": 1387, "id_municipality": 27007, "id_saica": null, "id_saih": "A008", "id_sheet": 72, "lat_wgs84": 43.0855, "lon_wgs84": -7.4124, "municipality": "Begonte", "name": "Begonte", "owner": "ESTADO", "province": "Lugo", "regime": "natural", "river": "Ladra", "scale_type": "EXTERIOR", "sheet": "LUGO (72)", "start": 1980, "station_type": "VFLAT", "system": "Miño Alto", "weir": false, "weir_type": null, "x_etrs89": 118611, "y_etrs89": 4788003, "years_daily": 23, "years_instant": 26, "years_monthly": 52, "discharge": 1 }, "geometry": { "type": "Point", "coordinates": [ -7.690114951314142, 43.148585057674929 ] } },
{ "type": "Feature", "properties": { "id": 1620, "active": 1, "administration": "C.H. MIÑO-SIL", "basin": "MIÑO-SIL", "catch_skm": 192.0, "catch_skm_basin": 206.0, "comment": null, "elev_masl": 386.0, "elev_max_masl": null, "end": 2021, "id_basin": 1389, "id_municipality": 27039, "id_saica": null, "id_saih": "A009", "id_sheet": 72, "lat_wgs84": 43.04, "lon_wgs84": -7.3848, "municipality": "Otero de Rey", "name": "Gonday", "owner": "ESTADO", "province": "Lugo", "regime": "natural", "river": "Narla", "scale_type": "EXTERIOR", "sheet": "LUGO (72)", "start": 2008, "station_type": "VFLAT", "system": "Miño Alto", "weir": false, "weir_type": null, "x_etrs89": 121644, "y_etrs89": 4778720, "years_daily": 13, "years_instant": 0, "years_monthly": 14, "discharge": 1 }, "geometry": { "type": "Point", "coordinates": [ -7.64661724124192, 43.066789286037533 ] } },
{ "type": "Feature", "properties": { "id": 1621, "active": 0, "administration": "C.H. MIÑO-SIL", "basin": "MIÑO-SIL", "catch_skm": 2303.0, "catch_skm_basin": 17026.0, "comment": "INT 2009                                                              ", "elev_masl": 362.0, "elev_max_masl": 1029.0, "end": 1994, "id_basin": 1390, "id_municipality": 27028, "id_saica": null, "id_saih": null, "id_sheet": 72, "lat_wgs84": 43.0007, "lon_wgs84": -7.3348, "municipality": "Lugo", "name": "Lugo", "owner": "ESTADO", "province": "Lugo", "regime": "natural", "river": "Miño", "scale_type": "EXTERIOR", "sheet": "LUGO (72)", "start": 1980, "station_type": "CAUCE NATURAL", "system": "Miño Alto", "weir": false, "weir_type": null, "x_etrs89": 128022, "y_etrs89": 4771140, "years_daily": 14, "years_instant": 1, "years_monthly": 94, "discharge": 1 }, "geometry": { "type": "Point", "coordinates": [ -7.563478972975635, 43.001898754607318 ] } },
{ "type": "Feature", "properties": { "id": 1622, "active": 1, "administration": "C.H. MIÑO-SIL", "basin": "MIÑO-SIL", "catch_skm": 2210.0, "catch_skm_basin": 17026.0, "comment": null, "elev_masl": 378.0, "elev_max_masl": null, "end": 2021, "id_basin": 1390, "id_municipality": 27028, "id_saica": "Q107", "id_saih": "N001", "id_sheet": 72, "lat_wgs84": 43.0129, "lon_wgs84": -7.3515, "municipality": "Lugo", "name": "Lugo", "owner": null, "province": "Lugo", "regime": "unknown", "river": "Miño", "scale_type": null, "sheet": "LUGO (72)", "start": 2008, "station_type": "CAUCE NATURAL", "system": "Miño Alto", "weir": false, "weir_type": null, "x_etrs89": 126193, "y_etrs89": 4773777, "years_daily": 13, "years_instant": 0, "years_monthly": 14, "discharge": 1 }, "geometry": { "type": "Point", "coordinates": [ -7.587612540170191, 43.024672998608835 ] } },
{ "type": "Feature", "properties": { "id": 1624, "active": 1, "administration": "C.H. MIÑO-SIL", "basin": "MIÑO-SIL", "catch_skm": 831.0, "catch_skm_basin": 831.0, "comment": null, "elev_masl": 355.0, "elev_max_masl": null, "end": 2021, "id_basin": 1401, "id_municipality": 27043, "id_saica": "Q126", "id_saih": "A015", "id_sheet": 97, "lat_wgs84": 42.5219, "lon_wgs84": -7.3139, "municipality": "Páramo", "name": "Paramo, El", "owner": "ESTADO", "province": "Lugo", "regime": "natural", "river": "Neira", "scale_type": "EXTERIOR", "sheet": "GUNTÍN (97)", "start": 2008, "station_type": "PARED GRUESA", "system": "Miño Alto", "weir": false, "weir_type": null, "x_etrs89": 130180, "y_etrs89": 4756544, "years_daily": 13, "years_instant": 0, "years_monthly": 14, "discharge": 1 }, "geometry": { "type": "Point", "coordinates": [ -7.527456116426355, 42.871922304902476 ] } },
{ "type": "Feature", "properties": { "id": 1625, "active": 1, "administration": "C.H. MIÑO-SIL", "basin": "MIÑO-SIL", "catch_skm": 160.0, "catch_skm_basin": 309.0, "comment": null, "elev_masl": 438.0, "elev_max_masl": null, "end": 2021, "id_basin": 1396, "id_municipality": 27057, "id_saica": null, "id_saih": "N002", "id_sheet": 124, "lat_wgs84": 42.4633, "lon_wgs84": -7.2443, "municipality": "Sarria", "name": "Sarria", "owner": null, "province": "Lugo", "regime": "unknown", "river": "Sarria", "scale_type": null, "sheet": "SARRIA (124)", "start": 2009, "station_type": "CAUCE NATURAL", "system": "Miño Alto", "weir": false, "weir_type": null, "x_etrs89": 139067, "y_etrs89": 4745361, "years_daily": 12, "years_instant": 0, "years_monthly": 14, "discharge": 1 }, "geometry": { "type": "Point", "coordinates": [ -7.411818333122111, 42.775761642950684 ] } },
{ "type": "Feature", "properties": { "id": 1626, "active": 0, "administration": "C.H. MIÑO-SIL", "basin": "MIÑO-SIL", "catch_skm": 129.0, "catch_skm_basin": 309.0, "comment": "INT 2009                                                              ", "elev_masl": 443.0, "elev_max_masl": 1463.0, "end": 2009, "id_basin": 1396, "id_municipality": 27057, "id_saica": null, "id_saih": null, "id_sheet": 124, "lat_wgs84": 42.4521, "lon_wgs84": -7.2304, "municipality": "Sarria", "name": "Sarria", "owner": "ESTADO", "province": "Lugo", "regime": "natural", "river": "Sarria", "scale_type": null, "sheet": "SARRIA (124)", "start": 1980, "station_type": "ENCAUZAMIENTO SIN CANAL DE AGUAS BAJAS", "system": "Miño Alto", "weir": false, "weir_type": null, "x_etrs89": 141180, "y_etrs89": 4743046, "years_daily": 29, "years_instant": 30, "years_monthly": 40, "discharge": 1 }, "geometry": { "type": "Point", "coordinates": [ -7.384595297197669, 42.755966362729346 ] } },
{ "type": "Feature", "properties": { "id": 1628, "active": 1, "administration": "C.H. MIÑO-SIL", "basin": "MIÑO-SIL", "catch_skm": 307.0, "catch_skm_basin": 309.0, "comment": null, "elev_masl": 376.0, "elev_max_masl": null, "end": 2021, "id_basin": 1398, "id_municipality": 27043, "id_saica": null, "id_saih": "A014", "id_sheet": 98, "lat_wgs84": 42.5134, "lon_wgs84": -7.2635, "municipality": "Páramo", "name": "Puebla De San Julian", "owner": "ESTADO", "province": "Lugo", "regime": "natural", "river": "Sarria", "scale_type": null, "sheet": "BARALLA (98)", "start": 2008, "station_type": "PARED GRUESA", "system": "Miño Alto", "weir": false, "weir_type": null, "x_etrs89": 137008, "y_etrs89": 4754799, "years_daily": 13, "years_instant": 0, "years_monthly": 14, "discharge": 1 }, "geometry": { "type": "Point", "coordinates": [ -7.442987356713393, 42.859527427303654 ] } },
{ "type": "Feature", "properties": { "id": 1631, "active": 1, "administration": "C.H. MIÑO-SIL", "basin": "MIÑO-SIL", "catch_skm": 12958.0, "catch_skm_basin": 17026.0, "comment": null, "elev_masl": 95.0, "elev_max_masl": null, "end": 2021, "id_basin": 1471, "id_municipality": 32054, "id_saica": null, "id_saih": "N010", "id_sheet": 187, "lat_wgs84": 42.2044, "lon_wgs84": -7.5233, "municipality": "Orense", "name": "Orense", "owner": "ESTADO", "province": "Orense", "regime": "unknown", "river": "Miño", "scale_type": null, "sheet": "ORENSE (187)", "start": 2010, "station_type": "CAUCE NATURAL", "system": "Bajo Miño", "weir": false, "weir_type": null, "x_etrs89": 98348, "y_etrs89": 4699679, "years_daily": 11, "years_instant": 0, "years_monthly": 12, "discharge": 1 }, "geometry": { "type": "Point", "coordinates": [ -7.875764207102889, 42.345632392654785 ] } },
{ "type": "Feature", "properties": { "id": 1638, "active": 1, "administration": "C.H. MIÑO-SIL", "basin": "MIÑO-SIL", "catch_skm": 133.0, "catch_skm_basin": 184.0, "comment": null, "elev_masl": 378.0, "elev_max_masl": null, "end": 2021, "id_basin": 1479, "id_municipality": 32019, "id_saica": null, "id_saih": "A037", "id_sheet": 187, "lat_wgs84": 42.2612, "lon_wgs84": -8.0453, "municipality": "Carballino", "name": "Carballino", "owner": "ESTADO", "province": "Orense", "regime": "natural", "river": "Arenteiro", "scale_type": "EXTERIOR", "sheet": "ORENSE (187)", "start": 2008, "station_type": "VFLAT", "system": "Bajo Miño", "weir": false, "weir_type": null, "x_etrs89": 82014, "y_etrs89": 4710787, "years_daily": 13, "years_instant": 0, "years_monthly": 14, "discharge": 1 }, "geometry": { "type": "Point", "coordinates": [ -8.081358702237834, 42.436686528406227 ] } },
{ "type": "Feature", "properties": { "id": 1639, "active": 1, "administration": "C.H. MIÑO-SIL", "basin": "MIÑO-SIL", "catch_skm": 575.0, "catch_skm_basin": 671.0, "comment": null, "elev_masl": 83.0, "elev_max_masl": null, "end": 2021, "id_basin": 1480, "id_municipality": 32040, "id_saica": null, "id_saih": "N012", "id_sheet": 187, "lat_wgs84": 42.2222, "lon_wgs84": -8.0708, "municipality": "Leiro", "name": "Leiro", "owner": null, "province": "Orense", "regime": "unknown", "river": "Avia", "scale_type": null, "sheet": "ORENSE (187)", "start": 2011, "station_type": "CAUCE NATURAL", "system": "Bajo Miño", "weir": false, "weir_type": null, "x_etrs89": 78500, "y_etrs89": 4703865, "years_daily": 10, "years_instant": 0, "years_monthly": 14, "discharge": 1 }, "geometry": { "type": "Point", "coordinates": [ -8.118848862376241, 42.372696883740254 ] } },
{ "type": "Feature", "properties": { "id": 1640, "active": 1, "administration": "C.H. MIÑO-SIL", "basin": "MIÑO-SIL", "catch_skm": 671.0, "catch_skm_basin": 671.0, "comment": null, "elev_masl": 79.0, "elev_max_masl": null, "end": 2021, "id_basin": 1480, "id_municipality": 32069, "id_saica": "Q127", "id_saih": "N013", "id_sheet": 187, "lat_wgs84": 42.1725, "lon_wgs84": -8.0832, "municipality": "Ribadavia", "name": "Ribadavia", "owner": "ESTADO", "province": "Orense", "regime": "natural", "river": "Avia", "scale_type": null, "sheet": "ORENSE (187)", "start": 2008, "station_type": "CAUCE NATURAL", "system": "Bajo Miño", "weir": false, "weir_type": null, "x_etrs89": 76025, "y_etrs89": 4694816, "years_daily": 13, "years_instant": 0, "years_monthly": 14, "discharge": 1 }, "geometry": { "type": "Point", "coordinates": [ -8.142155220321257, 42.290185107578033 ] } },
{ "type": "Feature", "properties": { "id": 1642, "active": 1, "administration": "C.H. MIÑO-SIL", "basin": "MIÑO-SIL", "catch_skm": 15678.0, "catch_skm_basin": 17026.0, "comment": null, "elev_masl": 24.0, "elev_max_masl": null, "end": 2021, "id_basin": 1495, "id_municipality": 36050, "id_saica": "Q109", "id_saih": "N015", "id_sheet": 262, "lat_wgs84": 42.045, "lon_wgs84": -8.2934, "municipality": "Salvaterra de Miño", "name": "Salvatierra De Miño", "owner": null, "province": "Pontevedra", "regime": "unknown", "river": "Miño", "scale_type": null, "sheet": "SALVATERRA DE MIÑO (262)", "start": 2010, "station_type": "CAUCE NATURAL", "system": "Bajo Miño", "weir": false, "weir_type": null, "x_etrs89": 45607, "y_etrs89": 4673338, "years_daily": 11, "years_instant": 0, "years_monthly": 14, "discharge": 1 }, "geometry": { "type": "Point", "coordinates": [ -8.492740218899462, 42.080531089490414 ] } },
{ "type": "Feature", "properties": { "id": 1644, "active": 1, "administration": "C.H. MIÑO-SIL", "basin": "MIÑO-SIL", "catch_skm": 155.0, "catch_skm_basin": 411.0, "comment": null, "elev_masl": 68.0, "elev_max_masl": null, "end": 2021, "id_basin": 1496, "id_municipality": 36030, "id_saica": null, "id_saih": "N016", "id_sheet": 224, "lat_wgs84": 42.1413, "lon_wgs84": -8.2728, "municipality": "Mondariz", "name": "Mondariz", "owner": null, "province": "Pontevedra", "regime": "unknown", "river": "Tea", "scale_type": null, "sheet": "MONDARIZ (224)", "start": 2009, "station_type": "CAUCE NATURAL", "system": "Bajo Miño", "weir": false, "weir_type": null, "x_etrs89": 49623, "y_etrs89": 4690532, "years_daily": 12, "years_instant": 0, "years_monthly": 14, "discharge": 1 }, "geometry": { "type": "Point", "coordinates": [ -8.457678423691034, 42.23699585802057 ] } },
{ "type": "Feature", "properties": { "id": 1645, "active": 1, "administration": "C.H. MIÑO-SIL", "basin": "MIÑO-SIL", "catch_skm": 286.0, "catch_skm_basin": 411.0, "comment": "2013-14 NO EXISTE RELACION DIRECTA Y UNIVOCA ENTRE VARIABLES H-Q      ", "elev_masl": 20.0, "elev_max_masl": 1156.0, "end": 2021, "id_basin": 1498, "id_municipality": 36042, "id_saica": "Q128", "id_saih": "A043", "id_sheet": 224, "lat_wgs84": 42.1051, "lon_wgs84": -8.304, "municipality": "Puenteareas", "name": "Puenteareas", "owner": "ESTADO", "province": "Pontevedra", "regime": "natural", "river": "Tea", "scale_type": "EXTERIOR", "sheet": "PUENTEAREAS (224)", "start": 1980, "station_type": "VFLAT", "system": "Bajo Miño", "weir": false, "weir_type": null, "x_etrs89": 44800, "y_etrs89": 4684593, "years_daily": 41, "years_instant": 0, "years_monthly": 52, "discharge": 1 }, "geometry": { "type": "Point", "coordinates": [ -8.511218487676357, 42.180963368313719 ] } },
{ "type": "Feature", "properties": { "id": 1646, "active": 1, "administration": "C.H. MIÑO-SIL", "basin": "MIÑO-SIL", "catch_skm": 58.0, "catch_skm_basin": 156.0, "comment": null, "elev_masl": 31.0, "elev_max_masl": null, "end": 2021, "id_basin": 1502, "id_municipality": 36039, "id_saica": null, "id_saih": "N018", "id_sheet": 261, "lat_wgs84": 42.0945, "lon_wgs84": -8.3728, "municipality": "Porriño", "name": "Porriño", "owner": null, "province": "Pontevedra", "regime": "unknown", "river": "Louro", "scale_type": null, "sheet": "TUI (261)", "start": 2009, "station_type": "CAUCE NATURAL", "system": "Bajo Miño", "weir": false, "weir_type": null, "x_etrs89": 35310, "y_etrs89": 4683167, "years_daily": 12, "years_instant": 0, "years_monthly": 14, "discharge": 1 }, "geometry": { "type": "Point", "coordinates": [ -8.624449373706474, 42.16261353995273 ] } },
{ "type": "Feature", "properties": { "id": 1647, "active": 1, "administration": "C.H. MIÑO-SIL", "basin": "MIÑO-SIL", "catch_skm": 150.0, "catch_skm_basin": 156.0, "comment": null, "elev_masl": 10.0, "elev_max_masl": 744.0, "end": 2021, "id_basin": 1502, "id_municipality": 36055, "id_saica": null, "id_saih": "A044", "id_sheet": 261, "lat_wgs84": 42.0359, "lon_wgs84": -8.381, "municipality": "Tuy", "name": "Tuy", "owner": "ESTADO", "province": "Pontevedra", "regime": "natural", "river": "Louro", "scale_type": "EXTERIOR", "sheet": "TUY (261)", "start": 2010, "station_type": "AZUD EN CAUCE NATURAL", "system": "Bajo Miño", "weir": true, "weir_type": null, "x_etrs89": 33633, "y_etrs89": 4672553, "years_daily": 11, "years_instant": 5, "years_monthly": 37, "discharge": 1 }, "geometry": { "type": "Point", "coordinates": [ -8.636189600402316, 42.06648705859989 ] } },
{ "type": "Feature", "properties": { "id": 1659, "active": 1, "administration": "C.H. MIÑO-SIL", "basin": "MIÑO-SIL", "catch_skm": 739.0, "catch_skm_basin": 746.0, "comment": null, "elev_masl": 80.0, "elev_max_masl": null, "end": 2021, "id_basin": 1486, "id_municipality": 32003, "id_saica": null, "id_saih": "A041", "id_sheet": 225, "lat_wgs84": 42.1506, "lon_wgs84": -8.0815, "municipality": "Arnoya", "name": "Arnoya", "owner": "ESTADO", "province": "Orense", "regime": "natural", "river": "Arnoya", "scale_type": "EXTERIOR", "sheet": "RIBADAVIA (225)", "start": 2008, "station_type": "VFLAT", "system": "Bajo Miño", "weir": false, "weir_type": null, "x_etrs89": 76159, "y_etrs89": 4690518, "years_daily": 13, "years_instant": 0, "years_monthly": 14, "discharge": 1 }, "geometry": { "type": "Point", "coordinates": [ -8.137396201793143, 42.2517049648512 ] } },
{ "type": "Feature", "properties": { "id": 1715, "active": 1, "administration": "C.H. MIÑO-SIL", "basin": "MIÑO-SIL", "catch_skm": 106.0, "catch_skm_basin": 867.0, "comment": null, "elev_masl": 827.0, "elev_max_masl": null, "end": 2021, "id_basin": 1415, "id_municipality": 24071, "id_saica": null, "id_saih": "A019", "id_sheet": 127, "lat_wgs84": 42.4106, "lon_wgs84": -6.1733, "municipality": "Folgoso de la Ribera", "name": "Boeza", "owner": "ESTADO", "province": "León", "regime": "natural", "river": "Boeza", "scale_type": "EXTERIOR", "sheet": "NOCEDA (127)", "start": 2008, "station_type": "VFLAT", "system": "Sil Superior", "weir": false, "weir_type": null, "x_etrs89": 230251, "y_etrs89": 4731084, "years_daily": 13, "years_instant": 0, "years_monthly": 14, "discharge": 1 }, "geometry": { "type": "Point", "coordinates": [ -6.29254103161666, 42.684916605877582 ] } },
{ "type": "Feature", "properties": { "id": 1719, "active": 1, "administration": "C.H. MIÑO-SIL", "basin": "MIÑO-SIL", "catch_skm": 835.0, "catch_skm_basin": 7983.0, "comment": null, "elev_masl": 496.0, "elev_max_masl": null, "end": 2021, "id_basin": 1414, "id_municipality": 24115, "id_saica": null, "id_saih": "N003", "id_sheet": 158, "lat_wgs84": 42.3306, "lon_wgs84": -6.3531, "municipality": "Ponferrada", "name": "Ponferrada", "owner": null, "province": "León", "regime": "unknown", "river": "Sil", "scale_type": null, "sheet": "PONFERRADA (158)", "start": 2009, "station_type": "CAUCE NATURAL", "system": "Sil Superior", "weir": false, "weir_type": null, "x_etrs89": 205084, "y_etrs89": 4717289, "years_daily": 12, "years_instant": 0, "years_monthly": 14, "discharge": 1 }, "geometry": { "type": "Point", "coordinates": [ -6.592020941905711, 42.55169317339378 ] } },
{ "type": "Feature", "properties": { "id": 1720, "active": 1, "administration": "C.H. MIÑO-SIL", "basin": "MIÑO-SIL", "catch_skm": 77.0, "catch_skm_basin": 129.0, "comment": null, "elev_masl": 492.0, "elev_max_masl": null, "end": 2021, "id_basin": 1923, "id_municipality": 24034, "id_saica": null, "id_saih": "N005", "id_sheet": 158, "lat_wgs84": 42.3443, "lon_wgs84": -6.3956, "municipality": "Camponaraya", "name": "Camponaraya", "owner": null, "province": "León", "regime": "unknown", "river": "Arroyo Barredos", "scale_type": null, "sheet": "PONFERRADA (158)", "start": 2009, "station_type": "CAUCE NATURAL", "system": "Sil Superior", "weir": false, "weir_type": null, "x_etrs89": 199175, "y_etrs89": 4720526, "years_daily": 12, "years_instant": 0, "years_monthly": 13, "discharge": 1 }, "geometry": { "type": "Point", "coordinates": [ -6.665554711663285, 42.578508031794478 ] } },
{ "type": "Feature", "properties": { "id": 1721, "active": 1, "administration": "C.H. MIÑO-SIL", "basin": "MIÑO-SIL", "catch_skm": 544.0, "catch_skm_basin": 1200.0, "comment": null, "elev_masl": 474.0, "elev_max_masl": null, "end": 2020, "id_basin": 1425, "id_municipality": 24030, "id_saica": null, "id_saih": "N004", "id_sheet": 158, "lat_wgs84": 42.3559, "lon_wgs84": -6.4337, "municipality": "Cacabelos", "name": "Cacabelos", "owner": null, "province": "León", "regime": "unknown", "river": "Cúa", "scale_type": null, "sheet": "PONFERRADA (158)", "start": 2007, "station_type": "CAUCE NATURAL", "system": "Sil Superior", "weir": false, "weir_type": null, "x_etrs89": 194233, "y_etrs89": 4723109, "years_daily": 13, "years_instant": 0, "years_monthly": 15, "discharge": 1 }, "geometry": { "type": "Point", "coordinates": [ -6.727034688811404, 42.599779652449861 ] } },
{ "type": "Feature", "properties": { "id": 1722, "active": 0, "administration": "C.H. MIÑO-SIL", "basin": "MIÑO-SIL", "catch_skm": 187.0, "catch_skm_basin": 1200.0, "comment": "INT 2009                                                              ", "elev_masl": 705.0, "elev_max_masl": 1990.0, "end": 2009, "id_basin": 1423, "id_municipality": 24070, "id_saica": null, "id_saih": "A351", "id_sheet": 126, "lat_wgs84": 42.4744, "lon_wgs84": -6.3728, "municipality": "Fabero", "name": "Barcena De La Abadia", "owner": "ESTADO", "province": "León", "regime": "natural", "river": "Cúa", "scale_type": "EXTERIOR", "sheet": "VEGA DE ESPINAREDA (126)", "start": 1995, "station_type": "CAUCE NATURAL", "system": "Sil Superior", "weir": false, "weir_type": null, "x_etrs89": 203584, "y_etrs89": 4744488, "years_daily": 14, "years_instant": 13, "years_monthly": 15, "discharge": 1 }, "geometry": { "type": "Point", "coordinates": [ -6.624451217703073, 42.79557390087961 ] } },
{ "type": "Feature", "properties": { "id": 1723, "active": 1, "administration": "C.H. MIÑO-SIL", "basin": "MIÑO-SIL", "catch_skm": 216.0, "catch_skm_basin": 1200.0, "comment": null, "elev_masl": 644.0, "elev_max_masl": null, "end": 2021, "id_basin": 1423, "id_municipality": 24196, "id_saica": null, "id_saih": "A022", "id_sheet": 126, "lat_wgs84": 42.4528, "lon_wgs84": -6.3854, "municipality": "Vega de Espinareda", "name": "Fabero", "owner": "ESTADO", "province": "León", "regime": "natural", "river": "Cúa", "scale_type": "EXTERIOR", "sheet": "VEGA DE ESPINAREDA (126)", "start": 2008, "station_type": "ENCAUZAMIENTO CON CANAL DE AGUAS BAJAS", "system": "Sil Superior", "weir": false, "weir_type": null, "x_etrs89": 201453, "y_etrs89": 4740369, "years_daily": 13, "years_instant": 0, "years_monthly": 14, "discharge": 1 }, "geometry": { "type": "Point", "coordinates": [ -6.648280176900248, 42.757728690266092 ] } },
{ "type": "Feature", "properties": { "id": 1724, "active": 1, "administration": "C.H. MIÑO-SIL", "basin": "MIÑO-SIL", "catch_skm": 482.0, "catch_skm_basin": 1200.0, "comment": null, "elev_masl": 505.0, "elev_max_masl": 1990.0, "end": 2005, "id_basin": 1425, "id_municipality": 24209, "id_saica": null, "id_saih": "A024", "id_sheet": 158, "lat_wgs84": 42.3846, "lon_wgs84": -6.4355, "municipality": "Cacabelos", "name": "Quilos", "owner": "ESTADO", "province": "León", "regime": "natural", "river": "Cúa", "scale_type": "EXTERIOR", "sheet": "PONFERRADA (158)", "start": 1980, "station_type": "VFLAT", "system": "Sil Superior", "weir": false, "weir_type": null, "x_etrs89": 194054, "y_etrs89": 4728258, "years_daily": 25, "years_instant": 24, "years_monthly": 49, "discharge": 1 }, "geometry": { "type": "Point", "coordinates": [ -6.731978541094935, 42.64598052966776 ] } },
{ "type": "Feature", "properties": { "id": 1725, "active": 1, "administration": "C.H. MIÑO-SIL", "basin": "MIÑO-SIL", "catch_skm": 118.0, "catch_skm_basin": 501.0, "comment": "DATOS 2013-14 NO EXISTE RELACION DIRECTA Y UNIVOCA ENTRE VARIABLES H-Q", "elev_masl": 689.0, "elev_max_masl": null, "end": 2021, "id_basin": 1426, "id_municipality": 24209, "id_saica": null, "id_saih": "A142", "id_sheet": 126, "lat_wgs84": 42.4229, "lon_wgs84": -6.4645, "municipality": "Villafranca del Bierzo", "name": "Veguellina", "owner": null, "province": "León", "regime": "unknown", "river": "Burbia", "scale_type": null, "sheet": "VEGA DE ESPINAREDA (126)", "start": 2010, "station_type": "CAUCE NATURAL", "system": "Sil Superior", "weir": false, "weir_type": null, "x_etrs89": 190498, "y_etrs89": 4735317, "years_daily": 11, "years_instant": 0, "years_monthly": 14, "discharge": 1 }, "geometry": { "type": "Point", "coordinates": [ -6.779111222715044, 42.707992418509981 ] } },
{ "type": "Feature", "properties": { "id": 1726, "active": 1, "administration": "C.H. MIÑO-SIL", "basin": "MIÑO-SIL", "catch_skm": 434.0, "catch_skm_basin": 501.0, "comment": "DATOS 2013-14 NO EXISTE RELACION DIRECTA Y UNIVOCA ENTRE VARIABLES H-Q", "elev_masl": 491.0, "elev_max_masl": null, "end": 2021, "id_basin": 1428, "id_municipality": 24209, "id_saica": null, "id_saih": "A026", "id_sheet": 158, "lat_wgs84": 42.3621, "lon_wgs84": -6.4902, "municipality": "Villafranca del Bierzo", "name": "Villafranca Del Bierzo", "owner": "ESTADO", "province": "León", "regime": "natural", "river": "Burbia", "scale_type": null, "sheet": "PONFERRADA (158)", "start": 2008, "station_type": "ENCAUZAMIENTO CON CANAL DE AGUAS BAJAS", "system": "Sil Superior", "weir": false, "weir_type": null, "x_etrs89": 186866, "y_etrs89": 4724119, "years_daily": 13, "years_instant": 0, "years_monthly": 14, "discharge": 1 }, "geometry": { "type": "Point", "coordinates": [ -6.817195180669627, 42.605901128725996 ] } },
{ "type": "Feature", "properties": { "id": 1727, "active": 0, "administration": "C.H. MIÑO-SIL", "basin": "MIÑO-SIL", "catch_skm": 492.0, "catch_skm_basin": 522.0, "comment": "INT 2009                                                              ", "elev_masl": 422.0, "elev_max_masl": 1987.0, "end": 2009, "id_basin": 1428, "id_municipality": 24206, "id_saica": null, "id_saih": "A352", "id_sheet": 158, "lat_wgs84": 42.3241, "lon_wgs84": -6.4715, "municipality": "Toral de los Vados", "name": "Toral De Los Vados", "owner": "ESTADO", "province": "León", "regime": "natural", "river": "Burbia", "scale_type": "EXTERIOR", "sheet": "PONFERRADA (158)", "start": 1980, "station_type": "CAUCE NATURAL", "system": "Sil Superior", "weir": false, "weir_type": null, "x_etrs89": 189004, "y_etrs89": 4717218, "years_daily": 29, "years_instant": 24, "years_monthly": 45, "discharge": 1 }, "geometry": { "type": "Point", "coordinates": [ -6.787428165778214, 42.544753302265732 ] } },
{ "type": "Feature", "properties": { "id": 1728, "active": 1, "administration": "C.H. MIÑO-SIL", "basin": "MIÑO-SIL", "catch_skm": 3100.0, "catch_skm_basin": 7983.0, "comment": null, "elev_masl": 413.0, "elev_max_masl": null, "end": 2021, "id_basin": 1430, "id_municipality": 24041, "id_saica": "Q110", "id_saih": "N007", "id_sheet": 158, "lat_wgs84": 42.3031, "lon_wgs84": -6.4926, "municipality": "Carucedo", "name": "Requejo", "owner": null, "province": "León", "regime": "unknown", "river": "Sil", "scale_type": null, "sheet": "PONFERRADA (158)", "start": 2008, "station_type": "CAUCE NATURAL", "system": "Sil Superior", "weir": false, "weir_type": null, "x_etrs89": 185829, "y_etrs89": 4713340, "years_daily": 13, "years_instant": 0, "years_monthly": 14, "discharge": 1 }, "geometry": { "type": "Point", "coordinates": [ -6.823882096480941, 42.508623021897215 ] } },
{ "type": "Feature", "properties": { "id": 1729, "active": 1, "administration": "C.H. MIÑO-SIL", "basin": "MIÑO-SIL", "catch_skm": 113.0, "catch_skm_basin": 193.0, "comment": null, "elev_masl": 575.0, "elev_max_masl": null, "end": 2021, "id_basin": 1431, "id_municipality": 24103, "id_saica": null, "id_saih": "N008", "id_sheet": 157, "lat_wgs84": 42.3201, "lon_wgs84": -6.5724, "municipality": "Oencia", "name": "Oencia", "owner": null, "province": "León", "regime": "unknown", "river": "Selmo", "scale_type": null, "sheet": "OENCIA (157)", "start": 2009, "station_type": "CAUCE NATURAL", "system": "Sil Superior", "weir": false, "weir_type": null, "x_etrs89": 175053, "y_etrs89": 4716609, "years_daily": 12, "years_instant": 0, "years_monthly": 14, "discharge": 1 }, "geometry": { "type": "Point", "coordinates": [ -6.956597158330079, 42.533545143388359 ] } },
{ "type": "Feature", "properties": { "id": 1734, "active": 1, "administration": "C.H. MIÑO-SIL", "basin": "MIÑO-SIL", "catch_skm": 558.0, "catch_skm_basin": 561.0, "comment": null, "elev_masl": 365.0, "elev_max_masl": 2135.0, "end": 2012, "id_basin": 1433, "id_municipality": 24122, "id_saica": null, "id_saih": "A029", "id_sheet": 191, "lat_wgs84": 42.2453, "lon_wgs84": -6.4838, "municipality": "Puente de Domingo Flórez", "name": "Puente De Domingo Florez", "owner": "ESTADO", "province": "León", "regime": "natural", "river": "Cabrera", "scale_type": null, "sheet": "SILVÁN (191)", "start": 1980, "station_type": "ENCAUZAMIENTO CON CANAL DE AGUAS BAJAS", "system": "Sil Inferior", "weir": false, "weir_type": null, "x_etrs89": 186465, "y_etrs89": 4702856, "years_daily": 32, "years_instant": 29, "years_monthly": 105, "discharge": 1 }, "geometry": { "type": "Point", "coordinates": [ -6.810432565641968, 42.414672045692988 ] } },
{ "type": "Feature", "properties": { "id": 1739, "active": 1, "administration": "C.H. MIÑO-SIL", "basin": "MIÑO-SIL", "catch_skm": 4268.0, "catch_skm_basin": 7983.0, "comment": "DATOS 2013-14 NO EXISTE RELACION DIRECTA Y UNIVOCA ENTRE VARIABLES H-Q", "elev_masl": 315.0, "elev_max_masl": null, "end": 2021, "id_basin": 1436, "id_municipality": 32009, "id_saica": null, "id_saih": "A030", "id_sheet": 190, "lat_wgs84": 42.25, "lon_wgs84": -6.5746, "municipality": "Barco de Valdeorras", "name": "Barco De Valdeorras", "owner": "ESTADO", "province": "Orense", "regime": "altered", "river": "Sil", "scale_type": null, "sheet": "BARCO DE VALDEORRAS (190)", "start": 2016, "station_type": "CAÍDA LIBRE", "system": "Sil Inferior", "weir": false, "weir_type": null, "x_etrs89": 173928, "y_etrs89": 4703651, "years_daily": 5, "years_instant": 1, "years_monthly": 57, "discharge": 1 }, "geometry": { "type": "Point", "coordinates": [ -6.962899684465407, 42.416653128140617 ] } },
{ "type": "Feature", "properties": { "id": 1742, "active": 1, "administration": "C.H. MIÑO-SIL", "basin": "MIÑO-SIL", "catch_skm": 71.0, "catch_skm_basin": 1562.0, "comment": null, "elev_masl": 1220.0, "elev_max_masl": null, "end": 2021, "id_basin": 1437, "id_municipality": 49162, "id_saica": null, "id_saih": "N009", "id_sheet": 266, "lat_wgs84": 42.0959, "lon_wgs84": -6.5347, "municipality": "Porto", "name": "Porto", "owner": null, "province": "Zamora", "regime": "natural", "river": "Bibey", "scale_type": null, "sheet": "GUDIÑA (266)", "start": 2009, "station_type": "CAUCE NATURAL", "system": "Sil Inferior", "weir": false, "weir_type": null, "x_etrs89": 178132, "y_etrs89": 4675607, "years_daily": 12, "years_instant": 0, "years_monthly": 14, "discharge": 1 }, "geometry": { "type": "Point", "coordinates": [ -6.896336661369004, 42.166424008365389 ] } },
{ "type": "Feature", "properties": { "id": 1747, "active": 0, "administration": "C.H. MIÑO-SIL", "basin": "MIÑO-SIL", "catch_skm": 794.0, "catch_skm_basin": 1562.0, "comment": "INT 1993                                                              ", "elev_masl": 468.0, "elev_max_masl": 2124.0, "end": 1993, "id_basin": 1441, "id_municipality": 32015, "id_saica": null, "id_saih": null, "id_sheet": 228, "lat_wgs84": 42.1728, "lon_wgs84": -7.0819, "municipality": "Bolo", "name": "Bao", "owner": null, "province": "Orense", "regime": "unknown", "river": "Bibey", "scale_type": null, "sheet": "VIANA DO BOLO (228)", "start": 1980, "station_type": null, "system": "Sil Inferior", "weir": false, "weir_type": null, "x_etrs89": 158782, "y_etrs89": 4690393, "years_daily": 13, "years_instant": 3, "years_monthly": 41, "discharge": 1 }, "geometry": { "type": "Point", "coordinates": [ -7.138684244700451, 42.291057241333547 ] } },
{ "type": "Feature", "properties": { "id": 1748, "active": 0, "administration": "C.H. MIÑO-SIL", "basin": "MIÑO-SIL", "catch_skm": 216.0, "catch_skm_basin": 255.0, "comment": "INT 1986                                                              ", "elev_masl": 700.0, "elev_max_masl": 1778.0, "end": 1986, "id_basin": 1452, "id_municipality": 32063, "id_saica": null, "id_saih": null, "id_sheet": 189, "lat_wgs84": 42.2013, "lon_wgs84": -7.1923, "municipality": "Puebla de Trives", "name": "Pedrazas, Las", "owner": null, "province": "Orense", "regime": "unknown", "river": "Navea", "scale_type": null, "sheet": "PUEBLA DE TRIVES (189)", "start": 1980, "station_type": null, "system": "Sil Inferior", "weir": false, "weir_type": null, "x_etrs89": 143831, "y_etrs89": 4696241, "years_daily": 6, "years_instant": 2, "years_monthly": 34, "discharge": 1 }, "geometry": { "type": "Point", "coordinates": [ -7.323137086794621, 42.33689393329346 ] } },
{ "type": "Feature", "properties": { "id": 1749, "active": 0, "administration": "C.H. MIÑO-SIL", "basin": "MIÑO-SIL", "catch_skm": 1559.0, "catch_skm_basin": 1562.0, "comment": "INT 1993                                                              ", "elev_masl": 260.0, "elev_max_masl": 2124.0, "end": 1993, "id_basin": 1453, "id_municipality": 27050, "id_saica": null, "id_saih": null, "id_sheet": 189, "lat_wgs84": 42.2304, "lon_wgs84": -7.1307, "municipality": "Quiroga", "name": "Montefurado", "owner": null, "province": "Lugo", "regime": "unknown", "river": "Bibey", "scale_type": null, "sheet": "PUEBLA DE TRIVES (189)", "start": 1980, "station_type": null, "system": "Sil Inferior", "weir": false, "weir_type": null, "x_etrs89": 152700, "y_etrs89": 4701085, "years_daily": 13, "years_instant": 0, "years_monthly": 40, "discharge": 1 }, "geometry": { "type": "Point", "coordinates": [ -7.218687459679568, 42.384406179101092 ] } },
{ "type": "Feature", "properties": { "id": 1751, "active": 0, "administration": "C.H. MIÑO-SIL", "basin": "MIÑO-SIL", "catch_skm": 6243.0, "catch_skm_basin": 7983.0, "comment": "INT 1993                                                              ", "elev_masl": 235.0, "elev_max_masl": 2188.0, "end": 1993, "id_basin": 1454, "id_municipality": 27052, "id_saica": null, "id_saih": null, "id_sheet": 189, "lat_wgs84": 42.2727, "lon_wgs84": -7.1508, "municipality": "Ribas de Sil", "name": "Sequeiros", "owner": null, "province": "Lugo", "regime": "unknown", "river": "Sil", "scale_type": null, "sheet": "PUEBLA DE TRIVES (189)", "start": 1980, "station_type": null, "system": "Cabe", "weir": false, "weir_type": null, "x_etrs89": 150339, "y_etrs89": 4709337, "years_daily": 13, "years_instant": 0, "years_monthly": 42, "discharge": 1 }, "geometry": { "type": "Point", "coordinates": [ -7.252304585521967, 42.457460991594488 ] } },
{ "type": "Feature", "properties": { "id": 1753, "active": 1, "administration": "C.H. MIÑO-SIL", "basin": "MIÑO-SIL", "catch_skm": 369.0, "catch_skm_basin": 370.0, "comment": null, "elev_masl": 242.0, "elev_max_masl": null, "end": 2021, "id_basin": 1457, "id_municipality": 27050, "id_saica": null, "id_saih": "A031", "id_sheet": 189, "lat_wgs84": 42.2743, "lon_wgs84": -7.205, "municipality": "Quiroga", "name": "Parada", "owner": "ESTADO", "province": "Lugo", "regime": "natural", "river": "Lor", "scale_type": "EXTERIOR", "sheet": "PUEBLA DE TRIVES (189)", "start": 2009, "station_type": "ENCAUZAMIENTO CON CANAL DE AGUAS BAJAS", "system": "Cabe", "weir": false, "weir_type": null, "x_etrs89": 142559, "y_etrs89": 4710232, "years_daily": 12, "years_instant": 0, "years_monthly": 14, "discharge": 1 }, "geometry": { "type": "Point", "coordinates": [ -7.347214164976633, 42.461952283329275 ] } },
{ "type": "Feature", "properties": { "id": 1754, "active": 0, "administration": "C.H. MIÑO-SIL", "basin": "MIÑO-SIL", "catch_skm": 337.0, "catch_skm_basin": 370.0, "comment": "INT 2008                                                              ", "elev_masl": 290.0, "elev_max_masl": 1643.0, "end": 2008, "id_basin": 1457, "id_municipality": 27047, "id_saica": null, "id_saih": null, "id_sheet": 156, "lat_wgs84": 42.3037, "lon_wgs84": -7.2031, "municipality": "Puebla del Brollón", "name": "Ponte, La", "owner": "PARTICULAR", "province": "Lugo", "regime": "unknown", "river": "Lor", "scale_type": null, "sheet": "MONFORTE DE LEMOS (156)", "start": 1980, "station_type": null, "system": "Cabe", "weir": false, "weir_type": null, "x_etrs89": 143258, "y_etrs89": 4715582, "years_daily": 28, "years_instant": 0, "years_monthly": 49, "discharge": 1 }, "geometry": { "type": "Point", "coordinates": [ -7.342064196209472, 42.510317227339009 ] } },
{ "type": "Feature", "properties": { "id": 1763, "active": 1, "administration": "C.H. MIÑO-SIL", "basin": "MIÑO-SIL", "catch_skm": 35.0, "catch_skm_basin": 736.0, "comment": null, "elev_masl": 538.0, "elev_max_masl": null, "end": 2021, "id_basin": 1463, "id_municipality": 27024, "id_saica": null, "id_saih": "A032", "id_sheet": 156, "lat_wgs84": 42.3841, "lon_wgs84": -7.2053, "municipality": "Incio", "name": "Incio", "owner": "ESTADO", "province": "Lugo", "regime": "natural", "river": "Cabe", "scale_type": "EXTERIOR", "sheet": "MONFORTE DE LEMOS (156)", "start": 2007, "station_type": "VFLAT", "system": "Cabe", "weir": false, "weir_type": null, "x_etrs89": 143544, "y_etrs89": 4730547, "years_daily": 14, "years_instant": 1, "years_monthly": 15, "discharge": 1 }, "geometry": { "type": "Point", "coordinates": [ -7.347936745399225, 42.64483230763414 ] } },
{ "type": "Feature", "properties": { "id": 1765, "active": 1, "administration": "C.H. MIÑO-SIL", "basin": "MIÑO-SIL", "catch_skm": 353.0, "catch_skm_basin": 734.0, "comment": null, "elev_masl": 305.0, "elev_max_masl": 1186.0, "end": 2021, "id_basin": 1465, "id_municipality": 27031, "id_saica": "Q124", "id_saih": "A033", "id_sheet": 156, "lat_wgs84": 42.3318, "lon_wgs84": -7.2842, "municipality": "Monforte de Lemos", "name": "Rivas Altas", "owner": "ESTADO", "province": "Lugo", "regime": "altered", "river": "Cabe", "scale_type": "EXTERIOR", "sheet": "MONFORTE DE LEMOS (156)", "start": 1980, "station_type": "VFLAT", "system": "Cabe", "weir": false, "weir_type": null, "x_etrs89": 132316, "y_etrs89": 4721143, "years_daily": 41, "years_instant": 31, "years_monthly": 102, "discharge": 1 }, "geometry": { "type": "Point", "coordinates": [ -7.478427720691622, 42.555127477390492 ] } },
{ "type": "Feature", "properties": { "id": 1768, "active": 0, "administration": "C.H. MIÑO-SIL", "basin": "MIÑO-SIL", "catch_skm": 7216.0, "catch_skm_basin": 7983.0, "comment": "INT 1993                                                              ", "elev_masl": 125.0, "elev_max_masl": 2188.0, "end": 1993, "id_basin": 1462, "id_municipality": 27059, "id_saica": null, "id_saih": null, "id_sheet": 188, "lat_wgs84": 42.2455, "lon_wgs84": -7.3906, "municipality": "Sober", "name": "San Esteban", "owner": null, "province": "Lugo", "regime": "unknown", "river": "Sil", "scale_type": null, "sheet": "NOGUEIRA DE RAMUÍN (188)", "start": 1980, "station_type": null, "system": "Cabe", "weir": false, "weir_type": null, "x_etrs89": 117229, "y_etrs89": 4706372, "years_daily": 13, "years_instant": 3, "years_monthly": 44, "discharge": 1 }, "geometry": { "type": "Point", "coordinates": [ -7.651755211528801, 42.415220161929064 ] } },
{ "type": "Feature", "properties": { "id": 1769, "active": 0, "administration": "C.H. MIÑO-SIL", "basin": "MIÑO-SIL", "catch_skm": 7982.0, "catch_skm_basin": 7983.0, "comment": "INT 1993                                                              ", "elev_masl": 120.0, "elev_max_masl": 2188.0, "end": 1993, "id_basin": 1466, "id_municipality": 32052, "id_saica": null, "id_saih": null, "id_sheet": 188, "lat_wgs84": 42.2636, "lon_wgs84": -7.4255, "municipality": "Nogueira de Ramuín", "name": "San Pedro", "owner": null, "province": "Orense", "regime": "unknown", "river": "Sil", "scale_type": null, "sheet": "NOGUEIRA DE RAMUÍN (188)", "start": 1980, "station_type": null, "system": "Cabe", "weir": false, "weir_type": null, "x_etrs89": 112167, "y_etrs89": 4709778, "years_daily": 13, "years_instant": 1, "years_monthly": 81, "discharge": 1 }, "geometry": { "type": "Point", "coordinates": [ -7.715367923889362, 42.44328049138452 ] } },
{ "type": "Feature", "properties": { "id": 1805, "active": 1, "administration": "C.H. MIÑO-SIL", "basin": "MIÑO-SIL", "catch_skm": 684.0, "catch_skm_basin": 2387.0, "comment": null, "elev_masl": 601.0, "elev_max_masl": 1397.0, "end": 2021, "id_basin": 1511, "id_municipality": 32006, "id_saica": "Q129", "id_saih": "A046", "id_sheet": 263, "lat_wgs84": 42.0116, "lon_wgs84": -7.5301, "municipality": "Bande", "name": "Puente Linares", "owner": "ESTADO", "province": "Orense", "regime": "natural", "river": "Limia", "scale_type": "EXTERIOR", "sheet": "CELANOVA (263)", "start": 2013, "station_type": "ENCAUZAMIENTO CON CANAL DE AGUAS BAJAS", "system": "Limia", "weir": true, "weir_type": "PARED GRUESA", "x_etrs89": 95637, "y_etrs89": 4663662, "years_daily": 8, "years_instant": 1, "years_monthly": 40, "discharge": 1 }, "geometry": { "type": "Point", "coordinates": [ -7.883560799090594, 42.021033058566459 ] } },
{ "type": "Feature", "properties": { "id": 1806, "active": 1, "administration": "C.H. MIÑO-SIL", "basin": "MIÑO-SIL", "catch_skm": 58.0, "catch_skm_basin": 58.0, "comment": null, "elev_masl": 39.0, "elev_max_masl": null, "end": 2021, "id_basin": 1499, "id_municipality": 36042, "id_saica": null, "id_saih": "N017", "id_sheet": 262, "lat_wgs84": 42.0935, "lon_wgs84": -8.3015, "municipality": "Puenteareas", "name": "Puenteareas", "owner": null, "province": "Pontevedra", "regime": "unknown", "river": "Uma", "scale_type": null, "sheet": "SALVATERRA DE MIÑO (262)", "start": 2009, "station_type": "CAUCE NATURAL", "system": "Bajo Miño", "weir": false, "weir_type": null, "x_etrs89": 45223, "y_etrs89": 4682208, "years_daily": 12, "years_instant": 0, "years_monthly": 14, "discharge": 1 }, "geometry": { "type": "Point", "coordinates": [ -8.504260278366859, 42.159827957572709 ] } },
{ "type": "Feature", "properties": { "id": 1809, "active": 1, "administration": "C.H. MIÑO-SIL", "basin": "MIÑO-SIL", "catch_skm": 36.0, "catch_skm_basin": 56.0, "comment": null, "elev_masl": 388.0, "elev_max_masl": null, "end": 2021, "id_basin": 1922, "id_municipality": 32042, "id_saica": null, "id_saih": "N019", "id_sheet": 301, "lat_wgs84": 41.5153, "lon_wgs84": -8.0624, "municipality": "Lobios", "name": "Bubaces", "owner": null, "province": "Orense", "regime": "natural", "river": "Caldo", "scale_type": null, "sheet": "LOBIOS (301)", "start": 2014, "station_type": "CAUCE NATURAL", "system": "Limia", "weir": false, "weir_type": null, "x_etrs89": 76121, "y_etrs89": 4647385, "years_daily": 7, "years_instant": 0, "years_monthly": 14, "discharge": 1 }, "geometry": { "type": "Point", "coordinates": [ -8.106676893757291, 41.864758279577224 ] } },
{ "type": "Feature", "properties": { "id": 1821, "active": 1, "administration": "C.H. MIÑO-SIL", "basin": "MIÑO-SIL", "catch_skm": 25.0, "catch_skm_basin": 25.0, "comment": null, "elev_masl": 53.0, "elev_max_masl": null, "end": 2015, "id_basin": 1492, "id_municipality": 32056, "id_saica": null, "id_saih": "N021", "id_sheet": 262, "lat_wgs84": 42.0914, "lon_wgs84": -8.1153, "municipality": "Padrenda", "name": "Regueiro", "owner": null, "province": "Orense", "regime": "unknown", "river": "Barjas", "scale_type": null, "sheet": "Salvaterra de Miño (262)", "start": 2011, "station_type": "Cauce Natural", "system": "Bajo Miño", "weir": false, "weir_type": null, "x_etrs89": 70492, "y_etrs89": 4679970, "years_daily": 4, "years_instant": 0, "years_monthly": 11, "discharge": 1 }, "geometry": { "type": "Point", "coordinates": [ -8.198031572325341, 42.154004734814926 ] } },
{ "type": "Feature", "properties": { "id": 1822, "active": 1, "administration": "C.H. MIÑO-SIL", "basin": "MIÑO-SIL", "catch_skm": 91.0, "catch_skm_basin": 139.0, "comment": null, "elev_masl": 429.0, "elev_max_masl": null, "end": 2021, "id_basin": 1377, "id_municipality": 27001, "id_saica": null, "id_saih": "N022", "id_sheet": 48, "lat_wgs84": 43.1816, "lon_wgs84": -7.2945, "municipality": "Abadín", "name": "Redemuiños", "owner": null, "province": "Lugo", "regime": "unknown", "river": "Anllo", "scale_type": null, "sheet": "Meira (48)", "start": 2011, "station_type": "Cauce Natural", "system": "Miño Alto", "weir": false, "weir_type": null, "x_etrs89": 135340, "y_etrs89": 4804450, "years_daily": 10, "years_instant": 0, "years_monthly": 11, "discharge": 1 }, "geometry": { "type": "Point", "coordinates": [ -7.495883909477572, 43.304471066995205 ] } },
{ "type": "Feature", "properties": { "id": 1823, "active": 1, "administration": "C.H. MIÑO-SIL", "basin": "MIÑO-SIL", "catch_skm": 400.0, "catch_skm_basin": 411.0, "comment": null, "elev_masl": 15.0, "elev_max_masl": null, "end": 2021, "id_basin": 1500, "id_municipality": 36050, "id_saica": null, "id_saih": "N023", "id_sheet": 262, "lat_wgs84": 42.0615, "lon_wgs84": -8.3024, "municipality": "Salvaterra de Miño", "name": "Bouza Do Viso", "owner": null, "province": "Pontevedra", "regime": "unknown", "river": "Tea", "scale_type": null, "sheet": "Salvaterra de Miño (262)", "start": 2011, "station_type": "Cauce Natural", "system": "Bajo Miño", "weir": false, "weir_type": null, "x_etrs89": 44615, "y_etrs89": 4676040, "years_daily": 10, "years_instant": 0, "years_monthly": 11, "discharge": 1 }, "geometry": { "type": "Point", "coordinates": [ -8.506779492485276, 42.104180454855992 ] } },
{ "type": "Feature", "properties": { "id": 1824, "active": 1, "administration": "C.H. MIÑO-SIL", "basin": "MIÑO-SIL", "catch_skm": 166.0, "catch_skm_basin": 268.0, "comment": null, "elev_masl": 409.0, "elev_max_masl": null, "end": 2021, "id_basin": 1403, "id_municipality": 27023, "id_saica": null, "id_saih": "N024", "id_sheet": 97, "lat_wgs84": 42.5305, "lon_wgs84": -7.422, "municipality": "Guntín", "name": "Guntin", "owner": null, "province": "Lugo", "regime": "unknown", "river": "Ferreira", "scale_type": null, "sheet": "Guntín (97)", "start": 2011, "station_type": "Cauce Natural", "system": "Miño Alto", "weir": false, "weir_type": null, "x_etrs89": 115705, "y_etrs89": 4758752, "years_daily": 10, "years_instant": 0, "years_monthly": 11, "discharge": 1 }, "geometry": { "type": "Point", "coordinates": [ -7.705600308827637, 42.884602396931342 ] } },
{ "type": "Feature", "properties": { "id": 1829, "active": 1, "administration": "C.H. MIÑO-SIL", "basin": "MIÑO-SIL", "catch_skm": 533.0, "catch_skm_basin": 746.0, "comment": null, "elev_masl": 316.0, "elev_max_masl": null, "end": 2021, "id_basin": 1484, "id_municipality": 32020, "id_saica": null, "id_saih": "N029", "id_sheet": 225, "lat_wgs84": 42.1204, "lon_wgs84": -7.5812, "municipality": "Cartelle", "name": "Puente Freijo", "owner": null, "province": "Orense", "regime": "unknown", "river": "Arnoya", "scale_type": null, "sheet": "Ribadavia (225)", "start": 2011, "station_type": "Cauce Natural", "system": "Bajo Miño", "weir": false, "weir_type": null, "x_etrs89": 89640, "y_etrs89": 4684090, "years_daily": 10, "years_instant": 0, "years_monthly": 11, "discharge": 1 }, "geometry": { "type": "Point", "coordinates": [ -7.970061187988845, 42.201225921186364 ] } },
{ "type": "Feature", "properties": { "id": 1831, "active": 1, "administration": "C.H. MIÑO-SIL", "basin": "MIÑO-SIL", "catch_skm": 293.0, "catch_skm_basin": 2387.0, "comment": null, "elev_masl": 620.0, "elev_max_masl": null, "end": 2021, "id_basin": 1509, "id_municipality": 32032, "id_saica": null, "id_saih": "N031", "id_sheet": 264, "lat_wgs84": 42.0339, "lon_wgs84": -7.441, "municipality": "Ginzo de Limia", "name": "Ginzo De Limia", "owner": null, "province": "Orense", "regime": "unknown", "river": "Limia", "scale_type": null, "sheet": "Ginzo de Limia (264)", "start": 2011, "station_type": "Cauce Natural", "system": "Limia", "weir": false, "weir_type": null, "x_etrs89": 108085, "y_etrs89": 4667380, "years_daily": 10, "years_instant": 0, "years_monthly": 11, "discharge": 1 }, "geometry": { "type": "Point", "coordinates": [ -7.736211557408382, 42.060696799113138 ] } },
{ "type": "Feature", "properties": { "id": 1832, "active": 1, "administration": "C.H. MIÑO-SIL", "basin": "MIÑO-SIL", "catch_skm": 115.0, "catch_skm_basin": 831.0, "comment": null, "elev_masl": 535.0, "elev_max_masl": null, "end": 2021, "id_basin": 1393, "id_municipality": 27901, "id_saica": null, "id_saih": "N032", "id_sheet": 98, "lat_wgs84": 42.5511, "lon_wgs84": -7.1242, "municipality": "Baralla", "name": "Neira De Rey", "owner": null, "province": "Lugo", "regime": "unknown", "river": "Neira", "scale_type": "Exterior", "sheet": "Baralla (98)", "start": 2016, "station_type": "Cauce Natural", "system": "Miño Alto", "weir": false, "weir_type": null, "x_etrs89": 156243, "y_etrs89": 4760505, "years_daily": 5, "years_instant": 0, "years_monthly": 10, "discharge": 1 }, "geometry": { "type": "Point", "coordinates": [ -7.211682043662668, 42.919659993539966 ] } },
{ "type": "Feature", "properties": { "id": 1833, "active": 1, "administration": "C.H. MIÑO-SIL", "basin": "MIÑO-SIL", "catch_skm": 97.0, "catch_skm_basin": 145.0, "comment": null, "elev_masl": 415.0, "elev_max_masl": null, "end": 2021, "id_basin": 1384, "id_municipality": 27065, "id_saica": null, "id_saih": "N033", "id_sheet": 47, "lat_wgs84": 43.1605, "lon_wgs84": -7.441, "municipality": "Vilalba", "name": "Fraga", "owner": null, "province": "Lugo", "regime": "unknown", "river": "Labrada", "scale_type": null, "sheet": "Vilalba (47)", "start": 2011, "station_type": "Cauce Natural", "system": "Miño Alto", "weir": false, "weir_type": null, "x_etrs89": 114940, "y_etrs89": 4801530, "years_daily": 10, "years_instant": 0, "years_monthly": 11, "discharge": 1 }, "geometry": { "type": "Point", "coordinates": [ -7.744529153465463, 43.268117789261176 ] } },
{ "type": "Feature", "properties": { "id": 1834, "active": 1, "administration": "C.H. MIÑO-SIL", "basin": "MIÑO-SIL", "catch_skm": 82.0, "catch_skm_basin": 887.0, "comment": null, "elev_masl": 412.0, "elev_max_masl": null, "end": 2021, "id_basin": 1383, "id_municipality": 27065, "id_saica": null, "id_saih": "N034", "id_sheet": 47, "lat_wgs84": 43.1712, "lon_wgs84": -7.4117, "municipality": "Vilalba", "name": "Insua", "owner": null, "province": "Lugo", "regime": "unknown", "river": "Ladra", "scale_type": null, "sheet": "Vilalba (47)", "start": 2011, "station_type": "Cauce Natural", "system": "Miño Alto", "weir": false, "weir_type": null, "x_etrs89": 119630, "y_etrs89": 4803320, "years_daily": 10, "years_instant": 0, "years_monthly": 11, "discharge": 1 }, "geometry": { "type": "Point", "coordinates": [ -7.68816794858198, 43.286561903277189 ] } },
{ "type": "Feature", "properties": { "id": 1836, "active": 1, "administration": "C.H. MIÑO-SIL", "basin": "MIÑO-SIL", "catch_skm": 40.0, "catch_skm_basin": 266.0, "comment": null, "elev_masl": 920.0, "elev_max_masl": null, "end": 2021, "id_basin": 1418, "id_municipality": 24083, "id_saica": null, "id_saih": "N036", "id_sheet": 127, "lat_wgs84": 42.4227, "lon_wgs84": -6.131, "municipality": "Igüeña", "name": "Almagarinos", "owner": null, "province": "León", "regime": "unknown", "river": "Tremor", "scale_type": "Exterior", "sheet": "Noceda (127)", "start": 2011, "station_type": "Cauce Natural", "system": "Sil Superior", "weir": false, "weir_type": null, "x_etrs89": 236344, "y_etrs89": 4733372, "years_daily": 10, "years_instant": 0, "years_monthly": 11, "discharge": 1 }, "geometry": { "type": "Point", "coordinates": [ -6.219349476595687, 42.7076013464387 ] } },
{ "type": "Feature", "properties": { "id": 1837, "active": 1, "administration": "C.H. MIÑO-SIL", "basin": "MIÑO-SIL", "catch_skm": 642.0, "catch_skm_basin": 7983.0, "comment": null, "elev_masl": 697.0, "elev_max_masl": null, "end": 2021, "id_basin": 1414, "id_municipality": 24169, "id_saica": null, "id_saih": "N037", "id_sheet": 126, "lat_wgs84": 42.4531, "lon_wgs84": -6.3146, "municipality": "Toreno", "name": "Matarrosa Del Sil", "owner": null, "province": "León", "regime": "unknown", "river": "Sil", "scale_type": null, "sheet": "Vega de Espinareda (126)", "start": 2015, "station_type": "Cauce Natural", "system": "Sil Superior", "weir": false, "weir_type": null, "x_etrs89": 211173, "y_etrs89": 4740043, "years_daily": 6, "years_instant": 0, "years_monthly": 11, "discharge": 1 }, "geometry": { "type": "Point", "coordinates": [ -6.529557573084074, 42.758518654110631 ] } },
{ "type": "Feature", "properties": { "id": 1920, "active": 0, "administration": "Augas de Galicia - Xunta de Galicia", "basin": "GALICIA COSTA", "catch_skm": 95.0, "catch_skm_basin": 96.0, "comment": "INT 1987. HASTA EL AÑO HIDROLÓGICO 1986-87 EL INDICATIVO ERA 1520     ", "elev_masl": 162.0, "elev_max_masl": 569.0, "end": 1987, "id_basin": 1325, "id_municipality": 15088, "id_saica": null, "id_saih": null, "id_sheet": 94, "lat_wgs84": 42.5748, "lon_wgs84": -8.3903, "municipality": "VAL DO DUBRA", "name": "Portomouro", "owner": null, "province": "A CORUÑA", "regime": "unknown", "river": "Dubra", "scale_type": null, "sheet": "SANTIAGO DE COMPOSTELA (94)", "start": 1980, "station_type": null, "system": "Río Tambre Y Ría De Muros", "weir": false, "weir_type": null, "x_etrs89": 39073, "y_etrs89": 4772273, "years_daily": 7, "years_instant": 13, "years_monthly": 42, "discharge": 1 }, "geometry": { "type": "Point", "coordinates": [ -8.650961738595486, 42.963445340726174 ] } },
{ "type": "Feature", "properties": { "id": 1937, "active": 0, "administration": "C.H. CANTÁBRICO", "basin": "CANTABRICO", "catch_skm": 420.0, "catch_skm_basin": 482.0, "comment": "INT 1993. HASTA EL AÑO HIDROLÓGICO 1992-93 EL INDICATIVO ERA 1237     ", "elev_masl": 58.0, "elev_max_masl": 1396.0, "end": 1993, "id_basin": 1111, "id_municipality": 39025, "id_saica": null, "id_saih": null, "id_sheet": 58, "lat_wgs84": 43.1702, "lon_wgs84": -4.0427, "municipality": "Los Corrales De Buelna", "name": "Caldas De Besaya", "owner": "ESTADO", "province": "Cantabria", "regime": "altered", "river": "Besaya", "scale_type": null, "sheet": "LOS CORRALES DE BUELNA (58)", "start": 1980, "station_type": "CAUCE NATURAL", "system": "Saja", "weir": false, "weir_type": null, "x_etrs89": 413070, "y_etrs89": 4793180, "years_daily": 13, "years_instant": 0, "years_monthly": 24, "discharge": 1 }, "geometry": { "type": "Point", "coordinates": [ -4.071503183209008, 43.286425313330753 ] } },
{ "type": "Feature", "properties": { "id": 1940, "active": 0, "administration": "Augas de Galicia - Xunta de Galicia", "basin": "GALICIA COSTA", "catch_skm": 169.0, "catch_skm_basin": 189.0, "comment": "INT 1987. HASTA EL AÑO HIDROLÓGICO 1986-87 EL INDICATIVO ERA 1440     ", "elev_masl": 52.0, "elev_max_masl": 757.0, "end": 1987, "id_basin": 1252, "id_municipality": 27064, "id_saica": null, "id_saih": null, "id_sheet": 2, "lat_wgs84": 43.404, "lon_wgs84": -7.4224, "municipality": "O VICEDO", "name": "Riberas Del Sor", "owner": null, "province": "LUGO", "regime": "unknown", "river": "Sor", "scale_type": null, "sheet": "CILLERO (2)", "start": 1980, "station_type": null, "system": "Río Sor, Ría De Sta Marta De Ortigueira Y Ría De Viveiro", "weir": false, "weir_type": null, "x_etrs89": 120581, "y_etrs89": 4846857, "years_daily": 7, "years_instant": 17, "years_monthly": 18, "discharge": 1 }, "geometry": { "type": "Point", "coordinates": [ -7.706787221178539, 43.677746691194805 ] } },
{ "type": "Feature", "properties": { "id": 1942, "active": 0, "administration": "C.H. MIÑO-SIL", "basin": "MIÑO-SIL", "catch_skm": 326.0, "catch_skm_basin": 329.0, "comment": "INT 1993. HASTA EL AÑO 1993 EL INDICATIVO ERA 1742                    ", "elev_masl": 382.0, "elev_max_masl": 2124.0, "end": 1993, "id_basin": 1450, "id_municipality": 32060, "id_saica": null, "id_saih": null, "id_sheet": 190, "lat_wgs84": 42.202, "lon_wgs84": -7.0736, "municipality": "Petín", "name": "Santa Eulalia", "owner": "ESTADO", "province": "Orense", "regime": "unknown", "river": "Jares", "scale_type": null, "sheet": "BARCO DE VALDEORRAS (190)", "start": 1980, "station_type": null, "system": "Sil Inferior", "weir": false, "weir_type": null, "x_etrs89": 160025, "y_etrs89": 4695652, "years_daily": 13, "years_instant": 3, "years_monthly": 41, "discharge": 1 }, "geometry": { "type": "Point", "coordinates": [ -7.126736184980608, 42.338840416635627 ] } },
{ "type": "Feature", "properties": { "id": 2000, "active": 1, "administration": "C.H. DUERO", "basin": "DUERO", "catch_skm": 126.0, "catch_skm_basin": 157.0, "comment": null, "elev_masl": 1090.0, "elev_max_masl": 1880.0, "end": 2021, "id_basin": 2004, "id_municipality": 42215, "id_saica": null, "id_saih": null, "id_sheet": 317, "lat_wgs84": 41.5441, "lon_wgs84": -2.4527, "municipality": "Vinuesa", "name": "Vinuesa", "owner": "Estado", "province": "Soria", "regime": "natural", "river": "Revinuesa", "scale_type": "Exterior", "sheet": "Vinuesa (317)", "start": 1998, "station_type": "Encauzamiento sin Canal de Aguas Bajas", "system": "Alto Duero", "weir": false, "weir_type": null, "x_etrs89": 520102, "y_etrs89": 4639952, "years_daily": 23, "years_instant": 25, "years_monthly": 60, "discharge": 1 }, "geometry": { "type": "Point", "coordinates": [ -2.757610436725025, 41.911259967412747 ] } },
{ "type": "Feature", "properties": { "id": 2001, "active": 1, "administration": "C.H. DUERO", "basin": "DUERO", "catch_skm": 580.0, "catch_skm_basin": 97620.0, "comment": null, "elev_masl": 1049.0, "elev_max_masl": 2315.0, "end": 2021, "id_basin": 2001, "id_municipality": 42160, "id_saica": null, "id_saih": null, "id_sheet": 317, "lat_wgs84": 41.5235, "lon_wgs84": -2.4135, "municipality": "El Royo", "name": "Salida Embalse De Cuerda Del Pozo", "owner": "Estado", "province": "Soria", "regime": "altered", "river": "Duero", "scale_type": "Exterior", "sheet": "Vinuesa (317)", "start": 1992, "station_type": "Cauce Natural", "system": "Alto Duero", "weir": false, "weir_type": null, "x_etrs89": 525460, "y_etrs89": 4636094, "years_daily": 29, "years_instant": 17, "years_monthly": 30, "discharge": 1 }, "geometry": { "type": "Point", "coordinates": [ -2.693170917780449, 41.876357551258806 ] } },
{ "type": "Feature", "properties": { "id": 2002, "active": 1, "administration": "C.H. DUERO", "basin": "DUERO", "catch_skm": 1500.0, "catch_skm_basin": 97620.0, "comment": null, "elev_masl": 1007.0, "elev_max_masl": 2315.0, "end": 2021, "id_basin": 2021, "id_municipality": 42094, "id_saica": null, "id_saih": null, "id_sheet": 350, "lat_wgs84": 41.475, "lon_wgs84": -2.2718, "municipality": "Garray", "name": "Garray-Soria", "owner": "Estado", "province": "Soria", "regime": "altered", "river": "Duero", "scale_type": "Exterior", "sheet": "Soria (350)", "start": 1997, "station_type": "Cauce Natural", "system": "Alto Duero", "weir": false, "weir_type": null, "x_etrs89": 545282, "y_etrs89": 4627392, "years_daily": 24, "years_instant": 48, "years_monthly": 108, "discharge": 1 }, "geometry": { "type": "Point", "coordinates": [ -2.454961287072769, 41.797096218271463 ] } },
{ "type": "Feature", "properties": { "id": 2003, "active": 0, "administration": "C.H. DUERO", "basin": "DUERO", "catch_skm": 56.0, "catch_skm_basin": 276.0, "comment": "INT 1995                                                              ", "elev_masl": 934.0, "elev_max_masl": 1807.0, "end": 1995, "id_basin": 2139, "id_municipality": 34114, "id_saica": null, "id_saih": null, "id_sheet": 133, "lat_wgs84": 42.4352, "lon_wgs84": -4.2651, "municipality": "Olmos de Ojeda", "name": "Quintanatello De Ojeda", "owner": null, "province": "Palencia", "regime": "unknown", "river": "Burejo", "scale_type": null, "sheet": "PRADANOS DE OJEDA (133)", "start": 1980, "station_type": "-", "system": "Pisuerga - Carrión - Arlanza - Duero Inferior", "weir": false, "weir_type": null, "x_etrs89": 381502, "y_etrs89": 4731978, "years_daily": 15, "years_instant": 16, "years_monthly": 61, "discharge": 1 }, "geometry": { "type": "Point", "coordinates": [ -4.447507121892872, 42.731168182265826 ] } },
{ "type": "Feature", "properties": { "id": 2004, "active": 1, "administration": "C.H. DUERO", "basin": "DUERO", "catch_skm": 5055.0, "catch_skm_basin": 97620.0, "comment": null, "elev_masl": 880.0, "elev_max_masl": 2315.0, "end": 2021, "id_basin": 2045, "id_municipality": 42097, "id_saica": null, "id_saih": null, "id_sheet": 405, "lat_wgs84": 41.2911, "lon_wgs84": -3.0038, "municipality": "Gormaz", "name": "Gormaz", "owner": "Estado", "province": "Soria", "regime": "altered", "river": "Duero", "scale_type": "Exterior", "sheet": "Berlanga de Duero (405)", "start": 1992, "station_type": "Cauce Natural", "system": "Alto Duero", "weir": false, "weir_type": null, "x_etrs89": 499122, "y_etrs89": 4592767, "years_daily": 29, "years_instant": 58, "years_monthly": 92, "discharge": 1 }, "geometry": { "type": "Point", "coordinates": [ -3.010517478661574, 41.486513342847957 ] } },
{ "type": "Feature", "properties": { "id": 2005, "active": 1, "administration": "C.H. DUERO", "basin": "DUERO", "catch_skm": 900.0, "catch_skm_basin": 1035.0, "comment": null, "elev_masl": 890.0, "elev_max_masl": 1335.0, "end": 2021, "id_basin": 2060, "id_municipality": 42043, "id_saica": null, "id_saih": null, "id_sheet": 377, "lat_wgs84": 41.3432, "lon_wgs84": -3.0502, "municipality": "Burgo de Osma - Ciudad de Osma", "name": "Osma", "owner": "Estado", "province": "Soria", "regime": "natural", "river": "Ucero", "scale_type": "Exterior", "sheet": "El Burgo de Osma (377)", "start": 1998, "station_type": "Cauce Natural", "system": "Alto Duero", "weir": false, "weir_type": null, "x_etrs89": 493016, "y_etrs89": 4602652, "years_daily": 23, "years_instant": 43, "years_monthly": 75, "discharge": 1 }, "geometry": { "type": "Point", "coordinates": [ -3.083775424468759, 41.575521507691342 ] } },
{ "type": "Feature", "properties": { "id": 2006, "active": 1, "administration": "C.H. DUERO", "basin": "DUERO", "catch_skm": 88.0, "catch_skm_basin": 7257.0, "comment": null, "elev_masl": 1377.0, "elev_max_masl": 2592.0, "end": 2021, "id_basin": 2324, "id_municipality": 5105, "id_saica": null, "id_saih": null, "id_sheet": 555, "lat_wgs84": 40.2028, "lon_wgs84": -5.1055, "municipality": "Hoyos del Espino", "name": "Hoyos Del Espino", "owner": "Estado", "province": "Ávila", "regime": "natural", "river": "Tormes", "scale_type": "Exterior", "sheet": "Navatalgordo (555)", "start": 1996, "station_type": "Cauce Natural", "system": "Tormes", "weir": false, "weir_type": null, "x_etrs89": 314676, "y_etrs89": 4467908, "years_daily": 25, "years_instant": 44, "years_monthly": 106, "discharge": 1 }, "geometry": { "type": "Point", "coordinates": [ -5.181905880070836, 40.341154387859135 ] } },
{ "type": "Feature", "properties": { "id": 2007, "active": 0, "administration": "C.H. DUERO", "basin": "DUERO", "catch_skm": 6494.0, "catch_skm_basin": 97620.0, "comment": "INT 1991                                                              ", "elev_masl": 850.0, "elev_max_masl": 2315.0, "end": 1991, "id_basin": 2063, "id_municipality": 42162, "id_saica": null, "id_saih": null, "id_sheet": 376, "lat_wgs84": 41.3431, "lon_wgs84": -3.1246, "municipality": "San Esteban de Gormaz", "name": "San Esteban De Gormaz", "owner": null, "province": "Soria", "regime": "unknown", "river": "Duero", "scale_type": null, "sheet": "SAN ESTEBAN DE GORMAZ (376)", "start": 1980, "station_type": "-", "system": "Alto Duero - Riaza - Adaja - Cega", "weir": false, "weir_type": null, "x_etrs89": 482277, "y_etrs89": 4602636, "years_daily": 11, "years_instant": 35, "years_monthly": 71, "discharge": 1 }, "geometry": { "type": "Point", "coordinates": [ -3.212592267502431, 41.575211375733311 ] } },
{ "type": "Feature", "properties": { "id": 2008, "active": 0, "administration": "C.H. DUERO", "basin": "DUERO", "catch_skm": 26.0, "catch_skm_basin": 804.0, "comment": "INT 1987                                                              ", "elev_masl": 930.0, "elev_max_masl": 1334.0, "end": 1987, "id_basin": 2153, "id_municipality": 9175, "id_saica": null, "id_saih": null, "id_sheet": 166, "lat_wgs84": 42.3949, "lon_wgs84": -4.0608, "municipality": "Humada", "name": "Piscardanos", "owner": null, "province": "Burgos", "regime": "unknown", "river": "Odra", "scale_type": null, "sheet": "VILLADIEGO (166)", "start": 1980, "station_type": "-", "system": "Pisuerga - Carrión - Arlanza - Duero Inferior", "weir": false, "weir_type": null, "x_etrs89": 409673, "y_etrs89": 4724048, "years_daily": 7, "years_instant": 19, "years_monthly": 32, "discharge": 1 }, "geometry": { "type": "Point", "coordinates": [ -4.102193714632793, 42.663599357500075 ] } },
{ "type": "Feature", "properties": { "id": 2009, "active": 1, "administration": "C.H. DUERO", "basin": "DUERO", "catch_skm": 36.0, "catch_skm_basin": 1082.0, "comment": null, "elev_masl": 1139.0, "elev_max_masl": 2036.0, "end": 2021, "id_basin": 2088, "id_municipality": 40170, "id_saica": null, "id_saih": null, "id_sheet": 432, "lat_wgs84": 41.1702, "lon_wgs84": -3.2819, "municipality": "Riaza", "name": "Riaza", "owner": "Estado", "province": "Segovia", "regime": "natural", "river": "Riaza", "scale_type": "Exterior", "sheet": "Riaza (432)", "start": 1993, "station_type": "Encauzamiento sin Canal de Aguas Bajas", "system": "Riaza-Duratón", "weir": false, "weir_type": null, "x_etrs89": 460472, "y_etrs89": 4570372, "years_daily": 28, "years_instant": 60, "years_monthly": 107, "discharge": 1 }, "geometry": { "type": "Point", "coordinates": [ -3.472033293686386, 41.283820132846216 ] } },
{ "type": "Feature", "properties": { "id": 2010, "active": 1, "administration": "C.H. DUERO", "basin": "DUERO", "catch_skm": 756.0, "catch_skm_basin": 1082.0, "comment": null, "elev_masl": 900.0, "elev_max_masl": 2036.0, "end": 2021, "id_basin": 2098, "id_municipality": 40115, "id_saica": null, "id_saih": null, "id_sheet": 375, "lat_wgs84": 41.3202, "lon_wgs84": -3.334, "municipality": "Maderuelo", "name": "Linares Del Arroyo", "owner": "Estado", "province": "Segovia", "regime": "altered", "river": "Riaza", "scale_type": "Exterior", "sheet": "Fuentelcésped (375)", "start": 1980, "station_type": "Azud en Cauce Natural", "system": "Riaza-Duratón", "weir": true, "weir_type": null, "x_etrs89": 453187, "y_etrs89": 4598183, "years_daily": 41, "years_instant": 60, "years_monthly": 93, "discharge": 1 }, "geometry": { "type": "Point", "coordinates": [ -3.561176705483232, 41.533928876310014 ] } },
{ "type": "Feature", "properties": { "id": 2011, "active": 1, "administration": "C.H. DUERO", "basin": "DUERO", "catch_skm": 220.0, "catch_skm_basin": 1143.0, "comment": null, "elev_masl": 1034.0, "elev_max_masl": 2157.0, "end": 2021, "id_basin": 2265, "id_municipality": 24021, "id_saica": null, "id_saih": null, "id_sheet": 104, "lat_wgs84": 42.5531, "lon_wgs84": -5.1747, "municipality": "Boñar", "name": "Salida Embalse Del Porma", "owner": "Estado", "province": "León", "regime": "altered", "river": "Porma", "scale_type": "Exterior", "sheet": "Boñar (104)", "start": 1980, "station_type": "Encauzamiento sin Canal de Aguas Bajas", "system": "Esla - Valderaduey", "weir": true, "weir_type": null, "x_etrs89": 312591, "y_etrs89": 4755070, "years_daily": 41, "years_instant": 60, "years_monthly": 81, "discharge": 1 }, "geometry": { "type": "Point", "coordinates": [ -5.296433074558795, 42.925227458477487 ] } },
{ "type": "Feature", "properties": { "id": 2012, "active": 1, "administration": "C.H. DUERO", "basin": "DUERO", "catch_skm": 480.0, "catch_skm_basin": 1450.0, "comment": null, "elev_masl": 920.0, "elev_max_masl": 2262.0, "end": 2021, "id_basin": 2106, "id_municipality": 40195, "id_saica": null, "id_saih": null, "id_sheet": 431, "lat_wgs84": 41.1802, "lon_wgs84": -3.4416, "municipality": "Sepúlveda", "name": "Sepulveda", "owner": "Estado", "province": "Segovia", "regime": "natural", "river": "Duratón", "scale_type": "Exterior", "sheet": "Sepúlveda (431)", "start": 1994, "station_type": "Cauce Natural", "system": "Riaza-Duratón", "weir": false, "weir_type": null, "x_etrs89": 438241, "y_etrs89": 4572398, "years_daily": 27, "years_instant": 37, "years_monthly": 78, "discharge": 1 }, "geometry": { "type": "Point", "coordinates": [ -3.73769849193888, 41.30067383902967 ] } },
{ "type": "Feature", "properties": { "id": 2013, "active": 1, "administration": "C.H. DUERO", "basin": "DUERO", "catch_skm": 7356.0, "catch_skm_basin": 97620.0, "comment": null, "elev_masl": 790.0, "elev_max_masl": 2315.0, "end": 2021, "id_basin": 2067, "id_municipality": 9018, "id_saica": null, "id_saih": null, "id_sheet": 375, "lat_wgs84": 41.3914, "lon_wgs84": -3.405, "municipality": "Aranda de Duero", "name": "Aranda De Duero", "owner": "Estado", "province": "Burgos", "regime": "altered", "river": "Duero", "scale_type": "Exterior", "sheet": "Fuentelcésped (375)", "start": 1996, "station_type": "Cauce Natural", "system": "Alto Duero", "weir": false, "weir_type": null, "x_etrs89": 443331, "y_etrs89": 4611587, "years_daily": 25, "years_instant": 35, "years_monthly": 49, "discharge": 1 }, "geometry": { "type": "Point", "coordinates": [ -3.680586463678748, 41.654017083952326 ] } },
{ "type": "Feature", "properties": { "id": 2015, "active": 1, "administration": "C.H. DUERO", "basin": "DUERO", "catch_skm": 12740.0, "catch_skm_basin": 97620.0, "comment": null, "elev_masl": 690.0, "elev_max_masl": 2315.0, "end": 2021, "id_basin": 2111, "id_municipality": 47175, "id_saica": null, "id_saih": null, "id_sheet": 372, "lat_wgs84": 41.3354, "lon_wgs84": -4.3959, "municipality": "Tudela de Duero", "name": "Herrera De Duero", "owner": "Estado", "province": "Valladolid", "regime": "altered", "river": "Duero", "scale_type": "Exterior", "sheet": "Valladolid (372)", "start": 1980, "station_type": "Cauce Natural", "system": "Riaza-Duratón", "weir": false, "weir_type": null, "x_etrs89": 361051, "y_etrs89": 4602811, "years_daily": 41, "years_instant": 61, "years_monthly": 109, "discharge": 1 }, "geometry": { "type": "Point", "coordinates": [ -4.66643858473453, 41.564906773024731 ] } },
{ "type": "Feature", "properties": { "id": 2016, "active": 1, "administration": "C.H. DUERO", "basin": "DUERO", "catch_skm": 280.0, "catch_skm_basin": 2525.0, "comment": null, "elev_masl": 938.0, "elev_max_masl": 2209.0, "end": 2021, "id_basin": 2112, "id_municipality": 40019, "id_saica": null, "id_saih": null, "id_sheet": 457, "lat_wgs84": 41.1002, "lon_wgs84": -3.5117, "municipality": "Arahuetes", "name": "Pajares De Pedraza", "owner": "Estado", "province": "Segovia", "regime": "natural", "river": "Cega", "scale_type": "Exterior", "sheet": "Turégano (457)", "start": 1999, "station_type": "Cauce Natural", "system": "Cega-Eresma-Adaja", "weir": false, "weir_type": null, "x_etrs89": 428296, "y_etrs89": 4557678, "years_daily": 22, "years_instant": 53, "years_monthly": 109, "discharge": 1 }, "geometry": { "type": "Point", "coordinates": [ -3.854748787883785, 41.167270262413815 ] } },
{ "type": "Feature", "properties": { "id": 2017, "active": 1, "administration": "C.H. DUERO", "basin": "DUERO", "catch_skm": 6398.0, "catch_skm_basin": 97620.0, "comment": null, "elev_masl": 868.0, "elev_max_masl": 2315.0, "end": 2021, "id_basin": 2063, "id_municipality": 42043, "id_saica": null, "id_saih": null, "id_sheet": 377, "lat_wgs84": 41.3028, "lon_wgs84": -3.0611, "municipality": "Burgo de Osma - Ciudad de Osma", "name": "Navapalos", "owner": "Estado", "province": "Soria", "regime": "altered", "river": "Duero", "scale_type": "Exterior", "sheet": "El Burgo de Osma (377)", "start": 1994, "station_type": "Cauce Natural", "system": "Alto Duero", "weir": false, "weir_type": null, "x_etrs89": 491392, "y_etrs89": 4595142, "years_daily": 27, "years_instant": 17, "years_monthly": 32, "discharge": 1 }, "geometry": { "type": "Point", "coordinates": [ -3.103148271502304, 41.507860284438642 ] } },
{ "type": "Feature", "properties": { "id": 2018, "active": 1, "administration": "C.H. DUERO", "basin": "DUERO", "catch_skm": 796.0, "catch_skm_basin": 805.0, "comment": null, "elev_masl": 766.0, "elev_max_masl": 1334.0, "end": 2021, "id_basin": 2155, "id_municipality": 9258, "id_saica": null, "id_saih": null, "id_sheet": 236, "lat_wgs84": 42.1505, "lon_wgs84": -4.1206, "municipality": "Pedrosa del Príncipe", "name": "Pedrosa Del Principe", "owner": "Estado", "province": "Burgos", "regime": "natural", "river": "Odra", "scale_type": "Exterior", "sheet": "Astudillo (236)", "start": 2001, "station_type": "Cauce Natural", "system": "Pisuerga", "weir": false, "weir_type": null, "x_etrs89": 400880, "y_etrs89": 4678397, "years_daily": 20, "years_instant": 8, "years_monthly": 21, "discharge": 1 }, "geometry": { "type": "Point", "coordinates": [ -4.201580789983744, 42.2514775413566 ] } },
{ "type": "Feature", "properties": { "id": 2019, "active": 1, "administration": "C.H. DUERO", "basin": "DUERO", "catch_skm": 443.0, "catch_skm_basin": 15828.0, "comment": null, "elev_masl": 947.0, "elev_max_masl": 2139.0, "end": 2021, "id_basin": 2130, "id_municipality": 34158, "id_saica": null, "id_saih": null, "id_sheet": 107, "lat_wgs84": 42.5057, "lon_wgs84": -4.2322, "municipality": "Salinas de Pisuerga", "name": "Salinas De Pisuerga", "owner": "Estado", "province": "Palencia", "regime": "altered", "river": "Pisuerga", "scale_type": "Exterior", "sheet": "Barruelo de Santullán (107)", "start": 1980, "station_type": "Encauzamiento sin Canal de Aguas Bajas", "system": "Pisuerga", "weir": false, "weir_type": null, "x_etrs89": 386472, "y_etrs89": 4744989, "years_daily": 41, "years_instant": 43, "years_monthly": 61, "discharge": 1 }, "geometry": { "type": "Point", "coordinates": [ -4.389432058801025, 42.849054386337095 ] } },
{ "type": "Feature", "properties": { "id": 2020, "active": 1, "administration": "C.H. DUERO", "basin": "DUERO", "catch_skm": 546.0, "catch_skm_basin": 15828.0, "comment": null, "elev_masl": 902.0, "elev_max_masl": 2139.0, "end": 2021, "id_basin": 2130, "id_municipality": 34004, "id_saica": null, "id_saih": null, "id_sheet": 133, "lat_wgs84": 42.474, "lon_wgs84": -4.165, "municipality": "Aguilar de Campoo", "name": "Salida Embalse De Aguilar", "owner": "Estado", "province": "Palencia", "regime": "altered", "river": "Pisuerga", "scale_type": "Exterior", "sheet": "Prádanos de Ojeda (133)", "start": 1980, "station_type": "Vflat", "system": "Pisuerga", "weir": false, "weir_type": null, "x_etrs89": 395269, "y_etrs89": 4738769, "years_daily": 41, "years_instant": 50, "years_monthly": 68, "discharge": 1 }, "geometry": { "type": "Point", "coordinates": [ -4.280639377071744, 42.794310783166566 ] } },
{ "type": "Feature", "properties": { "id": 2021, "active": 0, "administration": "C.H. DUERO", "basin": "DUERO", "catch_skm": 253.0, "catch_skm_basin": 15828.0, "comment": "INT 2013                                                              ", "elev_masl": 1000.0, "elev_max_masl": 2139.0, "end": 2013, "id_basin": 2128, "id_municipality": 34056, "id_saica": null, "id_saih": null, "id_sheet": 107, "lat_wgs84": 42.522, "lon_wgs84": -4.3011, "municipality": "Cervera de Pisuerga", "name": "Cervera De Pisuerga", "owner": "ESTADO", "province": "Palencia", "regime": "altered", "river": "Pisuerga", "scale_type": "EXTERIOR", "sheet": "BARRUELO DE SANTULLÁN (107)", "start": 1980, "station_type": "CAUCE NATURAL", "system": "Pisuerga - Carrión - Arlanza - Duero Inferior", "weir": false, "weir_type": null, "x_etrs89": 377239, "y_etrs89": 4747732, "years_daily": 33, "years_instant": 50, "years_monthly": 99, "discharge": 1 }, "geometry": { "type": "Point", "coordinates": [ -4.502994161981589, 42.872320642569996 ] } },
{ "type": "Feature", "properties": { "id": 2022, "active": 1, "administration": "C.H. DUERO", "basin": "DUERO", "catch_skm": 56.0, "catch_skm_basin": 90.0, "comment": null, "elev_masl": 1013.0, "elev_max_masl": 1846.0, "end": 2021, "id_basin": 2129, "id_municipality": 34056, "id_saica": null, "id_saih": null, "id_sheet": 107, "lat_wgs84": 42.513, "lon_wgs84": -4.3102, "municipality": "Cervera De Pisuerga", "name": "Ruesga", "owner": "Estado", "province": "Palencia", "regime": "altered", "river": "Rivera", "scale_type": "Exterior", "sheet": "Barruelo de Santullán (107)", "start": 1980, "station_type": "ENCAUZAMIENTO CON AZUD VERTEDERO", "system": "Pisuerga", "weir": true, "weir_type": null, "x_etrs89": 376052, "y_etrs89": 4746194, "years_daily": 41, "years_instant": 56, "years_monthly": 105, "discharge": 1 }, "geometry": { "type": "Point", "coordinates": [ -4.517182790372705, 42.858283675017432 ] } },
{ "type": "Feature", "properties": { "id": 2023, "active": 1, "administration": "C.H. DUERO", "basin": "DUERO", "catch_skm": 494.0, "catch_skm_basin": 3407.0, "comment": null, "elev_masl": 979.0, "elev_max_masl": 2497.0, "end": 2021, "id_basin": 2197, "id_municipality": 34129, "id_saica": null, "id_saih": null, "id_sheet": 164, "lat_wgs84": 42.363, "lon_wgs84": -4.4754, "municipality": "Pino del Río", "name": "Celadilla Del Rio", "owner": "Estado", "province": "Palencia", "regime": "altered", "river": "Carrión", "scale_type": "Exterior", "sheet": "Saldaña (164)", "start": 1998, "station_type": "Azud en Cauce Natural", "system": "Carrión", "weir": true, "weir_type": null, "x_etrs89": 352493, "y_etrs89": 4718880, "years_daily": 23, "years_instant": 11, "years_monthly": 24, "discharge": 1 }, "geometry": { "type": "Point", "coordinates": [ -4.79830863319918, 42.608245451853108 ] } },
{ "type": "Feature", "properties": { "id": 2024, "active": 1, "administration": "C.H. DUERO", "basin": "DUERO", "catch_skm": 1106.0, "catch_skm_basin": 15828.0, "comment": null, "elev_masl": 850.0, "elev_max_masl": 2139.0, "end": 2021, "id_basin": 2138, "id_municipality": 34005, "id_saica": null, "id_saih": null, "id_sheet": 165, "lat_wgs84": 42.3926, "lon_wgs84": -4.1857, "municipality": "Alar del Rey", "name": "Alar Del Rey", "owner": "Estado", "province": "Palencia", "regime": "altered", "river": "Pisuerga", "scale_type": "Exterior", "sheet": "Herrera de Pisuerga (165)", "start": 1980, "station_type": "Cauce Natural", "system": "Pisuerga", "weir": false, "weir_type": null, "x_etrs89": 392152, "y_etrs89": 4723583, "years_daily": 41, "years_instant": 50, "years_monthly": 110, "discharge": 1 }, "geometry": { "type": "Point", "coordinates": [ -4.315850784235536, 42.657156571284382 ] } },
{ "type": "Feature", "properties": { "id": 2025, "active": 1, "administration": "C.H. DUERO", "basin": "DUERO", "catch_skm": 870.0, "catch_skm_basin": 998.0, "comment": null, "elev_masl": 733.0, "elev_max_masl": null, "end": 2021, "id_basin": 2209, "id_municipality": 47221, "id_saica": null, "id_saih": null, "id_sheet": 344, "lat_wgs84": 41.4203, "lon_wgs84": -4.2852, "municipality": "Villanueva de los Infantes", "name": "Villanueva De Los Infantes", "owner": "Estado", "province": "Valladolid", "regime": "natural", "river": "Esgueva", "scale_type": "Exterior", "sheet": "Esguevillas de Esgueva (344)", "start": 1998, "station_type": "Encauzamiento con Azud Vertedero", "system": "Pisuerga", "weir": true, "weir_type": null, "x_etrs89": 376762, "y_etrs89": 4617608, "years_daily": 23, "years_instant": 11, "years_monthly": 24, "discharge": 1 }, "geometry": { "type": "Point", "coordinates": [ -4.481125707123278, 41.700718622095586 ] } },
{ "type": "Feature", "properties": { "id": 2026, "active": 1, "administration": "C.H. DUERO", "basin": "DUERO", "catch_skm": 623.0, "catch_skm_basin": 1063.0, "comment": null, "elev_masl": 816.0, "elev_max_masl": null, "end": 2021, "id_basin": 2149, "id_municipality": 34003, "id_saica": null, "id_saih": null, "id_sheet": 198, "lat_wgs84": 42.2524, "lon_wgs84": -4.2507, "municipality": "Abia de las Torres", "name": "Abia De Las Torres", "owner": "Estado", "province": "Palencia", "regime": "natural", "river": "Valdavia", "scale_type": "Exterior", "sheet": "Osorno (198)", "start": 2000, "station_type": "Cauce Natural", "system": "Pisuerga", "weir": false, "weir_type": null, "x_etrs89": 383294, "y_etrs89": 4697748, "years_daily": 21, "years_instant": 9, "years_monthly": 22, "discharge": 1 }, "geometry": { "type": "Point", "coordinates": [ -4.41861972615395, 42.42327076552138 ] } },
{ "type": "Feature", "properties": { "id": 2027, "active": 0, "administration": "C.H. DUERO", "basin": "DUERO", "catch_skm": 13560.0, "catch_skm_basin": 15638.0, "comment": "INT 1986                                                              ", "elev_masl": 705.0, "elev_max_masl": 2139.0, "end": 1986, "id_basin": 2206, "id_municipality": 34069, "id_saica": null, "id_saih": null, "id_sheet": 311, "lat_wgs84": 41.5157, "lon_wgs84": -4.3211, "municipality": "Dueñas", "name": "Dueñas", "owner": null, "province": "Palencia", "regime": "unknown", "river": "Pisuerga", "scale_type": null, "sheet": "DUEÑAS (311)", "start": 1980, "station_type": "-", "system": "Pisuerga - Carrión - Arlanza - Duero Inferior", "weir": false, "weir_type": null, "x_etrs89": 372494, "y_etrs89": 4636033, "years_daily": 6, "years_instant": 13, "years_monthly": 15, "discharge": 1 }, "geometry": { "type": "Point", "coordinates": [ -4.536358892494235, 41.865940690088451 ] } },
{ "type": "Feature", "properties": { "id": 2028, "active": 1, "administration": "C.H. DUERO", "basin": "DUERO", "catch_skm": 349.0, "catch_skm_basin": 5380.0, "comment": null, "elev_masl": 958.0, "elev_max_masl": 2131.0, "end": 2021, "id_basin": 2161, "id_municipality": 9330, "id_saica": null, "id_saih": null, "id_sheet": 277, "lat_wgs84": 42.0204, "lon_wgs84": -3.164, "municipality": "Salas de los Infantes", "name": "Salas De Los Infantes", "owner": "Estado", "province": "Burgos", "regime": "natural", "river": "Arlanza", "scale_type": "Exterior", "sheet": "Salas de los Infantes (277)", "start": 1980, "station_type": "Cauce Natural", "system": "Arlanza", "weir": false, "weir_type": null, "x_etrs89": 477011, "y_etrs89": 4653623, "years_daily": 41, "years_instant": 37, "years_monthly": 64, "discharge": 1 }, "geometry": { "type": "Point", "coordinates": [ -3.277734984574204, 42.034310505294599 ] } },
{ "type": "Feature", "properties": { "id": 2029, "active": 1, "administration": "C.H. DUERO", "basin": "DUERO", "catch_skm": 4227.0, "catch_skm_basin": 15828.0, "comment": null, "elev_masl": 740.0, "elev_max_masl": 2139.0, "end": 2021, "id_basin": 2156, "id_municipality": 34063, "id_saica": null, "id_saih": null, "id_sheet": 274, "lat_wgs84": 42.075, "lon_wgs84": -4.1458, "municipality": "Cordovilla la Real", "name": "Cordovilla", "owner": "Estado", "province": "Palencia", "regime": "altered", "river": "Pisuerga", "scale_type": "Exterior", "sheet": "Torquemada (274)", "start": 1980, "station_type": "Cauce Natural", "system": "Pisuerga", "weir": false, "weir_type": null, "x_etrs89": 396725, "y_etrs89": 4665025, "years_daily": 41, "years_instant": 47, "years_monthly": 109, "discharge": 1 }, "geometry": { "type": "Point", "coordinates": [ -4.24956418938025, 42.130534463477026 ] } },
{ "type": "Feature", "properties": { "id": 2030, "active": 1, "administration": "C.H. DUERO", "basin": "DUERO", "catch_skm": 1200.0, "catch_skm_basin": 5380.0, "comment": null, "elev_masl": 881.0, "elev_max_masl": 2131.0, "end": 2021, "id_basin": 2165, "id_municipality": 9113, "id_saica": null, "id_saih": null, "id_sheet": 277, "lat_wgs84": 42.0314, "lon_wgs84": -3.3031, "municipality": "Covarrubias", "name": "Covarrubias", "owner": "Estado", "province": "Burgos", "regime": "natural", "river": "Arlanza", "scale_type": "Exterior", "sheet": "Salas de los Infantes (277)", "start": 1980, "station_type": "Cauce Natural", "system": "Arlanza", "weir": false, "weir_type": null, "x_etrs89": 457907, "y_etrs89": 4655889, "years_daily": 41, "years_instant": 48, "years_monthly": 108, "discharge": 1 }, "geometry": { "type": "Point", "coordinates": [ -3.508690433073507, 42.053928166410039 ] } },
{ "type": "Feature", "properties": { "id": 2031, "active": 1, "administration": "C.H. DUERO", "basin": "DUERO", "catch_skm": 2413.0, "catch_skm_basin": 5380.0, "comment": null, "elev_masl": 770.0, "elev_max_masl": 2131.0, "end": 2021, "id_basin": 2169, "id_municipality": 9262, "id_saica": null, "id_saih": null, "id_sheet": 275, "lat_wgs84": 42.0444, "lon_wgs84": -4.0446, "municipality": "Peral de Arlanza", "name": "Peral De Arlanza", "owner": "Estado", "province": "Burgos", "regime": "natural", "river": "Arlanza", "scale_type": "Exterior", "sheet": "Santa María del Campo (275)", "start": 1980, "station_type": "Cauce Natural", "system": "Arlanza", "weir": false, "weir_type": null, "x_etrs89": 410715, "y_etrs89": 4659096, "years_daily": 41, "years_instant": 48, "years_monthly": 110, "discharge": 1 }, "geometry": { "type": "Point", "coordinates": [ -4.079419025234799, 42.07886288006852 ] } },
{ "type": "Feature", "properties": { "id": 2032, "active": 1, "administration": "C.H. DUERO", "basin": "DUERO", "catch_skm": 153.0, "catch_skm_basin": 2659.0, "comment": null, "elev_masl": 1026.0, "elev_max_masl": 2131.0, "end": 2021, "id_basin": 2170, "id_municipality": 9463, "id_saica": null, "id_saih": null, "id_sheet": 239, "lat_wgs84": 42.1819, "lon_wgs84": -3.2223, "municipality": "Villasur de Herreros", "name": "Salida Embalse De Uzquiza", "owner": "Estado", "province": "Burgos", "regime": "altered", "river": "Arlanzón", "scale_type": "Exterior", "sheet": "Pradoluengo (239)", "start": 1992, "station_type": "Encauzamiento con Canal de Aguas Bajas", "system": "Arlanza", "weir": false, "weir_type": null, "x_etrs89": 469256, "y_etrs89": 4683732, "years_daily": 29, "years_instant": 34, "years_monthly": 50, "discharge": 1 }, "geometry": { "type": "Point", "coordinates": [ -3.373012903106209, 42.305213551746483 ] } },
{ "type": "Feature", "properties": { "id": 2033, "active": 0, "administration": "C.H. DUERO", "basin": "DUERO", "catch_skm": 700.0, "catch_skm_basin": 998.0, "comment": "INT 1997                                                              ", "elev_masl": 777.0, "elev_max_masl": 1412.0, "end": 1997, "id_basin": 2209, "id_municipality": 47047, "id_saica": null, "id_saih": null, "id_sheet": 344, "lat_wgs84": 41.4517, "lon_wgs84": -4.1312, "municipality": "Castroverde de Cerrato", "name": "Castroverde De Cerrato", "owner": null, "province": "Valladolid", "regime": "unknown", "river": "Esgueva", "scale_type": null, "sheet": "ESGUEVILLAS DE ESGUEVA (344)", "start": 1980, "station_type": "-", "system": "Pisuerga - Carrión - Arlanza - Duero Inferior", "weir": false, "weir_type": null, "x_etrs89": 398587, "y_etrs89": 4623268, "years_daily": 17, "years_instant": 0, "years_monthly": 20, "discharge": 1 }, "geometry": { "type": "Point", "coordinates": [ -4.219851032173822, 41.754768307335226 ] } },
{ "type": "Feature", "properties": { "id": 2034, "active": 1, "administration": "C.H. DUERO", "basin": "DUERO", "catch_skm": 32.0, "catch_skm_basin": 73.0, "comment": null, "elev_masl": 1270.0, "elev_max_masl": 1820.0, "end": 2021, "id_basin": 2196, "id_municipality": 24020, "id_saica": null, "id_saih": null, "id_sheet": 105, "lat_wgs84": 42.5349, "lon_wgs84": -4.5308, "municipality": "Boca de Huérgano", "name": "Besande", "owner": "Estado", "province": "León", "regime": "natural", "river": "Besandino", "scale_type": "Exterior", "sheet": "Riaño (105)", "start": 1992, "station_type": "Cauce Natural", "system": "Carrión", "weir": false, "weir_type": null, "x_etrs89": 346064, "y_etrs89": 4751092, "years_daily": 29, "years_instant": 16, "years_monthly": 61, "discharge": 1 }, "geometry": { "type": "Point", "coordinates": [ -4.885417356062343, 42.896916647147087 ] } },
{ "type": "Feature", "properties": { "id": 2035, "active": 1, "administration": "C.H. DUERO", "basin": "DUERO", "catch_skm": 72.0, "catch_skm_basin": 73.0, "comment": null, "elev_masl": 1127.0, "elev_max_masl": 1820.0, "end": 2021, "id_basin": 2196, "id_municipality": 34199, "id_saica": null, "id_saih": null, "id_sheet": 106, "lat_wgs84": 42.4947, "lon_wgs84": -4.5058, "municipality": "Velilla del Río Carrión", "name": "Otero De Guardo", "owner": "Estado", "province": "Palencia", "regime": "altered", "river": "Besandino", "scale_type": "Exterior", "sheet": "Camporredondo de Alba (106)", "start": 1992, "station_type": "Cauce Natural", "system": "Carrión", "weir": false, "weir_type": null, "x_etrs89": 348840, "y_etrs89": 4743562, "years_daily": 29, "years_instant": 29, "years_monthly": 61, "discharge": 1 }, "geometry": { "type": "Point", "coordinates": [ -4.849409453610756, 42.82969692441695 ] } },
{ "type": "Feature", "properties": { "id": 2036, "active": 1, "administration": "C.H. DUERO", "basin": "DUERO", "catch_skm": 5256.0, "catch_skm_basin": 5380.0, "comment": null, "elev_masl": 740.0, "elev_max_masl": 2131.0, "end": 2021, "id_basin": 2193, "id_municipality": 34084, "id_saica": null, "id_saih": null, "id_sheet": 274, "lat_wgs84": 42.0322, "lon_wgs84": -4.1426, "municipality": "Herrera de Valdecañas", "name": "Quintana Del Puente", "owner": "Estado", "province": "Palencia", "regime": "unknown", "river": "Arlanza", "scale_type": "Exterior", "sheet": "Torquemada (274)", "start": 1990, "station_type": "Cauce Natural", "system": "Arlanza", "weir": false, "weir_type": null, "x_etrs89": 397354, "y_etrs89": 4656743, "years_daily": 31, "years_instant": 45, "years_monthly": 108, "discharge": 1 }, "geometry": { "type": "Point", "coordinates": [ -4.240501162111695, 42.056042617870773 ] } },
{ "type": "Feature", "properties": { "id": 2037, "active": 1, "administration": "C.H. DUERO", "basin": "DUERO", "catch_skm": 307.0, "catch_skm_basin": 3407.0, "comment": null, "elev_masl": 1145.0, "elev_max_masl": 2497.0, "end": 1994, "id_basin": 2195, "id_municipality": 34199, "id_saica": null, "id_saih": null, "id_sheet": 106, "lat_wgs84": 42.511, "lon_wgs84": -4.496, "municipality": "Velilla del Río Carrión", "name": "Salida Embalse De Compuerto", "owner": "Estado", "province": "Palencia", "regime": "altered", "river": "Carrión", "scale_type": "Exterior", "sheet": "Camporredondo de Alba (106)", "start": 1980, "station_type": "-", "system": "Carrión", "weir": false, "weir_type": null, "x_etrs89": 350209, "y_etrs89": 4746104, "years_daily": 14, "years_instant": 0, "years_monthly": 42, "discharge": 1 }, "geometry": { "type": "Point", "coordinates": [ -4.833345018207177, 42.852846021685984 ] } },
{ "type": "Feature", "properties": { "id": 2038, "active": 0, "administration": "C.H. DUERO", "basin": "DUERO", "catch_skm": 392.0, "catch_skm_basin": 3407.0, "comment": "INT 2000                                                              ", "elev_masl": 1112.0, "elev_max_masl": 2497.0, "end": 1989, "id_basin": 2197, "id_municipality": 34199, "id_saica": null, "id_saih": null, "id_sheet": 132, "lat_wgs84": 42.4835, "lon_wgs84": -4.5102, "municipality": "Velilla del Río Carrión", "name": "Velilla De Guardo", "owner": null, "province": "Palencia", "regime": "unknown", "river": "Carrión", "scale_type": null, "sheet": "GUARDO (132)", "start": 1980, "station_type": "-", "system": "Pisuerga - Carrión - Arlanza - Duero Inferior", "weir": false, "weir_type": null, "x_etrs89": 348707, "y_etrs89": 4741354, "years_daily": 9, "years_instant": 21, "years_monthly": 87, "discharge": 1 }, "geometry": { "type": "Point", "coordinates": [ -4.850442936092893, 42.809797159422764 ] } },
{ "type": "Feature", "properties": { "id": 2040, "active": 1, "administration": "C.H. DUERO", "basin": "DUERO", "catch_skm": 973.0, "catch_skm_basin": 3407.0, "comment": null, "elev_masl": 787.0, "elev_max_masl": 2497.0, "end": 2021, "id_basin": 2197, "id_municipality": 34243, "id_saica": null, "id_saih": null, "id_sheet": 235, "lat_wgs84": 42.1458, "lon_wgs84": -4.3601, "municipality": "Villoldo", "name": "Villoldo", "owner": "Estado", "province": "Palencia", "regime": "altered", "river": "Carrión", "scale_type": "Exterior", "sheet": "San Cebrián de Campos (235)", "start": 1980, "station_type": "Vflat", "system": "Carrión", "weir": false, "weir_type": null, "x_etrs89": 367996, "y_etrs89": 4678710, "years_daily": 41, "years_instant": 45, "years_monthly": 92, "discharge": 1 }, "geometry": { "type": "Point", "coordinates": [ -4.60015592037357, 42.249427405729378 ] } },
{ "type": "Feature", "properties": { "id": 2041, "active": 1, "administration": "C.H. DUERO", "basin": "DUERO", "catch_skm": 312.0, "catch_skm_basin": 655.0, "comment": null, "elev_masl": 795.0, "elev_max_masl": 1120.0, "end": 2021, "id_basin": 2202, "id_municipality": 34215, "id_saica": null, "id_saih": null, "id_sheet": 235, "lat_wgs84": 42.192, "lon_wgs84": -4.3126, "municipality": "Villalcázar de Sirga", "name": "Villalcazar De Sirga", "owner": "Estado", "province": "Palencia", "regime": "natural", "river": "Ucieza", "scale_type": "Exterior", "sheet": "San Cebrián de Campos (235)", "start": 1980, "station_type": "Cauce Natural", "system": "Carrión", "weir": false, "weir_type": null, "x_etrs89": 374430, "y_etrs89": 4686688, "years_daily": 41, "years_instant": 56, "years_monthly": 76, "discharge": 1 }, "geometry": { "type": "Point", "coordinates": [ -4.523920706410591, 42.322315034468062 ] } },
{ "type": "Feature", "properties": { "id": 2042, "active": 1, "administration": "C.H. DUERO", "basin": "DUERO", "catch_skm": 2222.0, "catch_skm_basin": 3407.0, "comment": null, "elev_masl": 740.0, "elev_max_masl": 2497.0, "end": 2021, "id_basin": 2203, "id_municipality": 34079, "id_saica": null, "id_saih": null, "id_sheet": 273, "lat_wgs84": 42.021, "lon_wgs84": -4.333, "municipality": "Grijota", "name": "Palencia", "owner": "Estado", "province": "Palencia", "regime": "altered", "river": "Carrión", "scale_type": "Exterior", "sheet": "Palencia (273)", "start": 1980, "station_type": "Cauce Natural", "system": "Carrión", "weir": false, "weir_type": null, "x_etrs89": 371018, "y_etrs89": 4654976, "years_daily": 41, "years_instant": 44, "years_monthly": 109, "discharge": 1 }, "geometry": { "type": "Point", "coordinates": [ -4.558286781423337, 42.036253144392532 ] } },
{ "type": "Feature", "properties": { "id": 2043, "active": 1, "administration": "C.H. DUERO", "basin": "DUERO", "catch_skm": 14283.0, "catch_skm_basin": 15828.0, "comment": null, "elev_masl": 698.0, "elev_max_masl": 2139.0, "end": 2021, "id_basin": 2206, "id_municipality": 47027, "id_saica": null, "id_saih": null, "id_sheet": 343, "lat_wgs84": 41.4428, "lon_wgs84": -4.3821, "municipality": "Cabezón de Pisuerga", "name": "Cabezon De Pisuerga", "owner": "Estado", "province": "Valladolid", "regime": "altered", "river": "Pisuerga", "scale_type": "Exterior", "sheet": "Cigales (343)", "start": 1980, "station_type": "Cauce Natural", "system": "Pisuerga", "weir": false, "weir_type": null, "x_etrs89": 363687, "y_etrs89": 4622328, "years_daily": 41, "years_instant": 60, "years_monthly": 91, "discharge": 1 }, "geometry": { "type": "Point", "coordinates": [ -4.639287547266593, 41.741082423468981 ] } },
{ "type": "Feature", "properties": { "id": 2044, "active": 1, "administration": "C.H. DUERO", "basin": "DUERO", "catch_skm": 997.0, "catch_skm_basin": 998.0, "comment": null, "elev_masl": 690.0, "elev_max_masl": 1412.0, "end": 2021, "id_basin": 2209, "id_municipality": 47186, "id_saica": null, "id_saih": null, "id_sheet": 343, "lat_wgs84": 41.3903, "lon_wgs84": -4.4216, "municipality": "Valladolid", "name": "Valladolid-Esgueva", "owner": "Estado", "province": "Valladolid", "regime": "natural", "river": "Esgueva", "scale_type": "Exterior", "sheet": "Valladolid (372)", "start": 1980, "station_type": "CAUCE NATURAL", "system": "Pisuerga", "weir": false, "weir_type": null, "x_etrs89": 358076, "y_etrs89": 4612425, "years_daily": 41, "years_instant": 31, "years_monthly": 93, "discharge": 1 }, "geometry": { "type": "Point", "coordinates": [ -4.704380510226208, 41.650941919484993 ] } },
{ "type": "Feature", "properties": { "id": 2046, "active": 1, "administration": "C.H. DUERO", "basin": "DUERO", "catch_skm": 770.0, "catch_skm_basin": 5275.0, "comment": null, "elev_masl": 1066.0, "elev_max_masl": 2297.0, "end": 2021, "id_basin": 2214, "id_municipality": 5019, "id_saica": null, "id_saih": null, "id_sheet": 531, "lat_wgs84": 40.3859, "lon_wgs84": -4.4226, "municipality": "Ávila", "name": "Avila", "owner": "Estado", "province": "Ávila", "regime": "altered", "river": "Adaja", "scale_type": "Exterior", "sheet": "Ávila de los Caballeros (531)", "start": 1980, "station_type": "ENCAUZAMIENTO CON CANAL DE AGUAS BAJAS", "system": "Cega-Eresma-Adaja", "weir": false, "weir_type": null, "x_etrs89": 355663, "y_etrs89": 4501288, "years_daily": 41, "years_instant": 38, "years_monthly": 107, "discharge": 1 }, "geometry": { "type": "Point", "coordinates": [ -4.707181425474013, 40.649838322610009 ] } },
{ "type": "Feature", "properties": { "id": 2047, "active": 1, "administration": "C.H. DUERO", "basin": "DUERO", "catch_skm": 140.0, "catch_skm_basin": 1074.0, "comment": null, "elev_masl": 1089.0, "elev_max_masl": 1580.0, "end": 2021, "id_basin": 2228, "id_municipality": 5123, "id_saica": null, "id_saih": null, "id_sheet": 506, "lat_wgs84": 40.4301, "lon_wgs84": -4.3221, "municipality": "Mediana de Voltoya", "name": "Mediana De Voltoya", "owner": "Estado", "province": "Ávila", "regime": "altered", "river": "Voltoya", "scale_type": "Exterior", "sheet": "Cardeñosa (506)", "start": 1980, "station_type": "Encauzamiento con Canal de Aguas Bajas", "system": "Cega-Eresma-Adaja", "weir": false, "weir_type": null, "x_etrs89": 369993, "y_etrs89": 4508479, "years_daily": 41, "years_instant": 42, "years_monthly": 62, "discharge": 1 }, "geometry": { "type": "Point", "coordinates": [ -4.539240525881323, 40.716977882716321 ] } },
{ "type": "Feature", "properties": { "id": 2048, "active": 0, "administration": "C.H. DUERO", "basin": "DUERO", "catch_skm": 2746.0, "catch_skm_basin": 2968.0, "comment": "INT 2013                                                              ", "elev_masl": 730.0, "elev_max_masl": 2430.0, "end": 2009, "id_basin": 2229, "id_municipality": 47002, "id_saica": null, "id_saih": null, "id_sheet": 428, "lat_wgs84": 41.1929, "lon_wgs84": -4.3712, "municipality": "Aguasal", "name": "Olmedo", "owner": "ESTADO", "province": "Valladolid", "regime": "altered", "river": "Eresma", "scale_type": null, "sheet": "OLMEDO (428)", "start": 1993, "station_type": "CAUCE NATURAL", "system": "Alto Duero - Riaza - Adaja - Cega", "weir": false, "weir_type": null, "x_etrs89": 364422, "y_etrs89": 4576066, "years_daily": 16, "years_instant": 28, "years_monthly": 36, "discharge": 1 }, "geometry": { "type": "Point", "coordinates": [ -4.620023105056992, 41.324675699626582 ] } },
{ "type": "Feature", "properties": { "id": 2049, "active": 1, "administration": "C.H. DUERO", "basin": "DUERO", "catch_skm": 271.0, "catch_skm_basin": 998.0, "comment": null, "elev_masl": 871.0, "elev_max_masl": 1412.0, "end": 2021, "id_basin": 2207, "id_municipality": 9061, "id_saica": null, "id_saih": null, "id_sheet": 346, "lat_wgs84": 41.4947, "lon_wgs84": -3.4726, "municipality": "Cabañes de Esgueva", "name": "Cabañes De Esgueva", "owner": "Estado", "province": "Burgos", "regime": "natural", "river": "Esgueva", "scale_type": "Exterior", "sheet": "Aranda de Duero (346)", "start": 1988, "station_type": "Azud en Cauce Natural", "system": "Pisuerga", "weir": true, "weir_type": null, "x_etrs89": 434357, "y_etrs89": 4631168, "years_daily": 33, "years_instant": 56, "years_monthly": 78, "discharge": 1 }, "geometry": { "type": "Point", "coordinates": [ -3.790513818392492, 41.829679192820933 ] } },
{ "type": "Feature", "properties": { "id": 2050, "active": 1, "administration": "C.H. DUERO", "basin": "DUERO", "catch_skm": 252.0, "catch_skm_basin": 2968.0, "comment": null, "elev_masl": 900.0, "elev_max_masl": 2430.0, "end": 2006, "id_basin": 2219, "id_municipality": 40194, "id_saica": null, "id_saih": null, "id_sheet": 483, "lat_wgs84": 40.5707, "lon_wgs84": -4.0847, "municipality": "Segovia", "name": "Segovia", "owner": "Estado", "province": "Segovia", "regime": "altered", "river": "Eresma", "scale_type": "Exterior", "sheet": "Segovia (483)", "start": 1980, "station_type": "CAUCE NATURAL", "system": "Cega-Eresma-Adaja", "weir": false, "weir_type": null, "x_etrs89": 403398, "y_etrs89": 4533912, "years_daily": 26, "years_instant": 40, "years_monthly": 98, "discharge": 1 }, "geometry": { "type": "Point", "coordinates": [ -4.147768652002756, 40.950641220555937 ] } },
{ "type": "Feature", "properties": { "id": 2051, "active": 1, "administration": "C.H. DUERO", "basin": "DUERO", "catch_skm": 35.0, "catch_skm_basin": 2193.0, "comment": null, "elev_masl": 1260.0, "elev_max_masl": 2139.0, "end": 2021, "id_basin": 2222, "id_municipality": 40076, "id_saica": null, "id_saih": null, "id_sheet": 508, "lat_wgs84": 40.4501, "lon_wgs84": -4.092, "municipality": "El Espinar", "name": "Espinar, El", "owner": "Estado", "province": "Segovia", "regime": "altered", "river": "Moros", "scale_type": "Exterior", "sheet": "Cercedilla (508)", "start": 1996, "station_type": "Encauzamiento con Canal de Aguas Bajas", "system": "Cega-Eresma-Adaja", "weir": false, "weir_type": null, "x_etrs89": 402448, "y_etrs89": 4511683, "years_daily": 25, "years_instant": 48, "years_monthly": 69, "discharge": 1 }, "geometry": { "type": "Point", "coordinates": [ -4.155569862506232, 40.750319896084406 ] } },
{ "type": "Feature", "properties": { "id": 2052, "active": 1, "administration": "C.H. DUERO", "basin": "DUERO", "catch_skm": 252.0, "catch_skm_basin": 695.0, "comment": null, "elev_masl": 940.0, "elev_max_masl": 2193.0, "end": 2021, "id_basin": 2222, "id_municipality": 40211, "id_saica": null, "id_saih": null, "id_sheet": 507, "lat_wgs84": 40.4911, "lon_wgs84": -4.1658, "municipality": "Valdeprados", "name": "Guijas Albas", "owner": "Estado", "province": "Segovia", "regime": "altered", "river": "Moros", "scale_type": "Exterior", "sheet": "El Espinar (507)", "start": 1980, "station_type": "Encauzamiento con Canal de Aguas Bajas", "system": "Cega-Eresma-Adaja", "weir": false, "weir_type": null, "x_etrs89": 391811, "y_etrs89": 4519552, "years_daily": 41, "years_instant": 42, "years_monthly": 62, "discharge": 1 }, "geometry": { "type": "Point", "coordinates": [ -4.282907058915516, 40.819860391769424 ] } },
{ "type": "Feature", "properties": { "id": 2053, "active": 1, "administration": "C.H. DUERO", "basin": "DUERO", "catch_skm": 1438.0, "catch_skm_basin": 2968.0, "comment": null, "elev_masl": 782.0, "elev_max_masl": 2430.0, "end": 2021, "id_basin": 2227, "id_municipality": 40030, "id_saica": null, "id_saih": null, "id_sheet": 456, "lat_wgs84": 41.0921, "lon_wgs84": -4.2041, "municipality": "Bernardos", "name": "Bernardos", "owner": "Estado", "province": "Segovia", "regime": "altered", "river": "Eresma", "scale_type": "Exterior", "sheet": "Nava de la Asunción (456)", "start": 1980, "station_type": "Cauce Natural", "system": "Cega-Eresma-Adaja", "weir": false, "weir_type": null, "x_etrs89": 387166, "y_etrs89": 4556927, "years_daily": 41, "years_instant": 30, "years_monthly": 58, "discharge": 1 }, "geometry": { "type": "Point", "coordinates": [ -4.344795697009934, 41.155826045959685 ] } },
{ "type": "Feature", "properties": { "id": 2054, "active": 1, "administration": "C.H. DUERO", "basin": "DUERO", "catch_skm": 36570.0, "catch_skm_basin": 97620.0, "comment": null, "elev_masl": 670.0, "elev_max_masl": 2815.0, "end": 2021, "id_basin": 2231, "id_municipality": 47146, "id_saica": null, "id_saih": null, "id_sheet": 371, "lat_wgs84": 41.3015, "lon_wgs84": -4.555, "municipality": "San Miguel del Pino", "name": "San Miguel Del Pino", "owner": "Estado", "province": "Valladolid", "regime": "altered", "river": "Duero", "scale_type": "Exterior", "sheet": "Tordesillas (371)", "start": 1986, "station_type": "Cauce Natural", "system": "Bajo Duero", "weir": false, "weir_type": null, "x_etrs89": 338876, "y_etrs89": 4596520, "years_daily": 35, "years_instant": 40, "years_monthly": 102, "discharge": 1 }, "geometry": { "type": "Point", "coordinates": [ -4.930566440594485, 41.504112582786824 ] } },
{ "type": "Feature", "properties": { "id": 2055, "active": 1, "administration": "C.H. DUERO", "basin": "DUERO", "catch_skm": 173.0, "catch_skm_basin": 695.0, "comment": null, "elev_masl": 1045.0, "elev_max_masl": 2193.0, "end": 2021, "id_basin": 2222, "id_municipality": 40223, "id_saica": null, "id_saih": null, "id_sheet": 507, "lat_wgs84": 40.4623, "lon_wgs84": -4.1433, "municipality": "Vegas de Matute", "name": "San Rafael", "owner": "Estado", "province": "Segovia", "regime": "altered", "river": "Moros", "scale_type": "Exterior", "sheet": "El Espinar (507)", "start": 2002, "station_type": "Encauzamiento con Azud Vertedero", "system": "Cega-Eresma-Adaja", "weir": true, "weir_type": null, "x_etrs89": 395151, "y_etrs89": 4514316, "years_daily": 19, "years_instant": 7, "years_monthly": 20, "discharge": 1 }, "geometry": { "type": "Point", "coordinates": [ -4.242430679360729, 40.773136268317927 ] } },
{ "type": "Feature", "properties": { "id": 2056, "active": 1, "administration": "C.H. DUERO", "basin": "DUERO", "catch_skm": 5202.0, "catch_skm_basin": 5275.0, "comment": null, "elev_masl": 693.0, "elev_max_masl": 2297.0, "end": 2021, "id_basin": 2230, "id_municipality": 47182, "id_saica": null, "id_saih": null, "id_sheet": 400, "lat_wgs84": 41.2925, "lon_wgs84": -4.4612, "municipality": "Valdestillas", "name": "Valdestillas", "owner": "Estado", "province": "Valladolid", "regime": "unknown", "river": "Adaja", "scale_type": "Exterior", "sheet": "Portillo (400)", "start": 1980, "station_type": "Cauce Natural", "system": "Cega-Eresma-Adaja", "weir": false, "weir_type": null, "x_etrs89": 352248, "y_etrs89": 4594711, "years_daily": 41, "years_instant": 55, "years_monthly": 104, "discharge": 1 }, "geometry": { "type": "Point", "coordinates": [ -4.769978095550956, 41.490403389715226 ] } },
{ "type": "Feature", "properties": { "id": 2057, "active": 1, "administration": "C.H. DUERO", "basin": "DUERO", "catch_skm": 172.0, "catch_skm_basin": 1020.0, "comment": null, "elev_masl": 869.0, "elev_max_masl": 2200.0, "end": 2021, "id_basin": 2113, "id_municipality": 40075, "id_saica": null, "id_saih": null, "id_sheet": 457, "lat_wgs84": 41.0647, "lon_wgs84": -4.0728, "municipality": "Escobar de Polendos", "name": "Villovela De Piron", "owner": "Estado", "province": "Segovia", "regime": "natural", "river": "Pirón", "scale_type": "Exterior", "sheet": "Turégano (457)", "start": 1980, "station_type": "Encauzamiento con Canal de Aguas Bajas", "system": "Cega-Eresma-Adaja", "weir": false, "weir_type": null, "x_etrs89": 405596, "y_etrs89": 4551929, "years_daily": 41, "years_instant": 32, "years_monthly": 50, "discharge": 1 }, "geometry": { "type": "Point", "coordinates": [ -4.124415880979374, 41.113167508457273 ] } },
{ "type": "Feature", "properties": { "id": 2060, "active": 1, "administration": "C.H. DUERO", "basin": "DUERO", "catch_skm": 3192.0, "catch_skm_basin": 5039.0, "comment": null, "elev_masl": 754.0, "elev_max_masl": 2417.0, "end": 2021, "id_basin": 2303, "id_municipality": 24053, "id_saica": null, "id_saih": null, "id_sheet": 231, "lat_wgs84": 42.1454, "lon_wgs84": -5.4945, "municipality": "Cebrones del Río", "name": "Cebrones Del Rio", "owner": "Estado", "province": "León", "regime": "altered", "river": "Órbigo", "scale_type": "Exterior", "sheet": "La Bañeza (231)", "start": 1980, "station_type": "Cauce Natural", "system": "Órbigo", "weir": false, "weir_type": null, "x_etrs89": 266593, "y_etrs89": 4681240, "years_daily": 41, "years_instant": 31, "years_monthly": 50, "discharge": 1 }, "geometry": { "type": "Point", "coordinates": [ -5.829246537222397, 42.248466277565065 ] } },
{ "type": "Feature", "properties": { "id": 2061, "active": 1, "administration": "C.H. DUERO", "basin": "DUERO", "catch_skm": 1554.0, "catch_skm_basin": 5039.0, "comment": null, "elev_masl": 835.0, "elev_max_masl": 2417.0, "end": 2021, "id_basin": 2291, "id_municipality": 24159, "id_saica": null, "id_saih": null, "id_sheet": 160, "lat_wgs84": 42.302, "lon_wgs84": -5.5242, "municipality": "Santa Marina del Rey", "name": "Santa Marina Del Rey", "owner": "Estado", "province": "León", "regime": "altered", "river": "Órbigo", "scale_type": "Exterior", "sheet": "Benavides (160)", "start": 1994, "station_type": "Cauce Natural", "system": "Órbigo", "weir": false, "weir_type": null, "x_etrs89": 263517, "y_etrs89": 4709934, "years_daily": 27, "years_instant": 14, "years_monthly": 28, "discharge": 1 }, "geometry": { "type": "Point", "coordinates": [ -5.87825922521961, 42.505635833231224 ] } },
{ "type": "Feature", "properties": { "id": 2062, "active": 1, "administration": "C.H. DUERO", "basin": "DUERO", "catch_skm": 41808.0, "catch_skm_basin": 97620.0, "comment": null, "elev_masl": 637.0, "elev_max_masl": 2315.0, "end": 2021, "id_basin": 2247, "id_municipality": 49219, "id_saica": null, "id_saih": null, "id_sheet": 370, "lat_wgs84": 41.3054, "lon_wgs84": -5.2446, "municipality": "Toro", "name": "Toro-Duero", "owner": "Estado", "province": "Zamora", "regime": "unknown", "river": "Duero", "scale_type": "Exterior", "sheet": "Toro (370)", "start": 1980, "station_type": "Cauce Natural", "system": "Bajo Duero", "weir": false, "weir_type": null, "x_etrs89": 298658, "y_etrs89": 4598753, "years_daily": 41, "years_instant": 36, "years_monthly": 109, "discharge": 1 }, "geometry": { "type": "Point", "coordinates": [ -5.412830229026607, 41.51511372158074 ] } },
{ "type": "Feature", "properties": { "id": 2063, "active": 1, "administration": "C.H. DUERO", "basin": "DUERO", "catch_skm": 97.0, "catch_skm_basin": 296.0, "comment": null, "elev_masl": 1165.0, "elev_max_masl": 2067.0, "end": 2021, "id_basin": 2266, "id_municipality": 24177, "id_saica": null, "id_saih": null, "id_sheet": 104, "lat_wgs84": 42.5709, "lon_wgs84": -5.2359, "municipality": "Valdelugueros", "name": "Tolibia De Abajo", "owner": "Estado", "province": "León", "regime": "altered", "river": "Curueño", "scale_type": "Exterior", "sheet": "Boñar (104)", "start": 2000, "station_type": "Cauce Natural", "system": "Esla - Valderaduey", "weir": false, "weir_type": null, "x_etrs89": 304249, "y_etrs89": 4758331, "years_daily": 21, "years_instant": 9, "years_monthly": 22, "discharge": 1 }, "geometry": { "type": "Point", "coordinates": [ -5.399706576775753, 42.952472065711738 ] } },
{ "type": "Feature", "properties": { "id": 2064, "active": 0, "administration": "C.H. DUERO", "basin": "DUERO", "catch_skm": 3556.0, "catch_skm_basin": 3558.0, "comment": "INT 2000                                                              ", "elev_masl": 630.0, "elev_max_masl": 1100.0, "end": 1995, "id_basin": 2258, "id_municipality": 49275, "id_saica": null, "id_saih": null, "id_sheet": 369, "lat_wgs84": 41.3132, "lon_wgs84": -5.4246, "municipality": "Zamora", "name": "Villagodio", "owner": null, "province": "Zamora", "regime": "unknown", "river": "Valderaduey", "scale_type": null, "sheet": "CORESES (369)", "start": 1980, "station_type": "-", "system": "Pisuerga - Carrión - Arlanza - Duero Inferior", "weir": false, "weir_type": null, "x_etrs89": 273675, "y_etrs89": 4600663, "years_daily": 15, "years_instant": 31, "years_monthly": 33, "discharge": 1 }, "geometry": { "type": "Point", "coordinates": [ -5.712633518380847, 41.525630710864498 ] } },
{ "type": "Feature", "properties": { "id": 2066, "active": 0, "administration": "C.H. DUERO", "basin": "DUERO", "catch_skm": 46700.0, "catch_skm_basin": 97620.0, "comment": "INT 2009                                                              ", "elev_masl": 619.0, "elev_max_masl": 2315.0, "end": 2008, "id_basin": 2259, "id_municipality": 49275, "id_saica": null, "id_saih": null, "id_sheet": 397, "lat_wgs84": 41.2914, "lon_wgs84": -5.4853, "municipality": "Zamora", "name": "Carrascal", "owner": "PARTICULAR", "province": "Zamora", "regime": "altered", "river": "Duero", "scale_type": null, "sheet": "ZAMORA (397)", "start": 1997, "station_type": "-", "system": "Pisuerga - Carrión - Arlanza - Duero Inferior", "weir": false, "weir_type": null, "x_etrs89": 265020, "y_etrs89": 4596658, "years_daily": 11, "years_instant": 0, "years_monthly": 56, "discharge": 1 }, "geometry": { "type": "Point", "coordinates": [ -5.814688297242661, 41.487106894284786 ] } },
{ "type": "Feature", "properties": { "id": 2068, "active": 1, "administration": "C.H. DUERO", "basin": "DUERO", "catch_skm": 154.0, "catch_skm_basin": 296.0, "comment": null, "elev_masl": 1094.0, "elev_max_masl": 2067.0, "end": 2007, "id_basin": 2266, "id_municipality": 24177, "id_saica": null, "id_saih": null, "id_sheet": 104, "lat_wgs84": 42.5353, "lon_wgs84": -5.2401, "municipality": "Valdelugueros", "name": "Caldas De Nocedo", "owner": "Estado", "province": "León", "regime": "altered", "river": "Curueño", "scale_type": "Exterior", "sheet": "Boñar (104)", "start": 1980, "station_type": "Cauce Natural", "system": "Esla - Valderaduey", "weir": false, "weir_type": null, "x_etrs89": 304031, "y_etrs89": 4752275, "years_daily": 27, "years_instant": 31, "years_monthly": 66, "discharge": 1 }, "geometry": { "type": "Point", "coordinates": [ -5.400259194531596, 42.897928463712759 ] } },
{ "type": "Feature", "properties": { "id": 2070, "active": 0, "administration": "C.H. DUERO", "basin": "DUERO", "catch_skm": 340.0, "catch_skm_basin": 1174.0, "comment": "INT 2013                                                              ", "elev_masl": 950.0, "elev_max_masl": 2181.0, "end": 2013, "id_basin": 2275, "id_municipality": 24134, "id_saica": null, "id_saih": null, "id_sheet": 129, "lat_wgs84": 42.483, "lon_wgs84": -5.3754, "municipality": "La Robla", "name": "Robla, La", "owner": "ESTADO", "province": "León", "regime": "natural", "river": "Bernesga", "scale_type": "EXTERIOR", "sheet": "LA ROBLA (129)", "start": 1997, "station_type": "CAUCE NATURAL", "system": "Esla - Valderaduey", "weir": false, "weir_type": null, "x_etrs89": 284829, "y_etrs89": 4742904, "years_daily": 16, "years_instant": 20, "years_monthly": 99, "discharge": 1 }, "geometry": { "type": "Point", "coordinates": [ -5.631632344738183, 42.808458454774282 ] } },
{ "type": "Feature", "properties": { "id": 2071, "active": 0, "administration": "C.H. DUERO", "basin": "DUERO", "catch_skm": 3980.0, "catch_skm_basin": 16081.0, "comment": "INT 1998                                                              ", "elev_masl": 757.0, "elev_max_masl": 2408.0, "end": 1987, "id_basin": 2280, "id_municipality": 24212, "id_saica": null, "id_saih": null, "id_sheet": 194, "lat_wgs84": 42.2221, "lon_wgs84": -5.3345, "municipality": "Villamañán", "name": "Benamariel", "owner": null, "province": "León", "regime": "unknown", "river": "Esla", "scale_type": null, "sheet": "SANTA MARÍA DEL PÁRAMO (194)", "start": 1980, "station_type": "-", "system": "Esla - Valderaduey", "weir": false, "weir_type": null, "x_etrs89": 289015, "y_etrs89": 4694314, "years_daily": 7, "years_instant": 1, "years_monthly": 51, "discharge": 1 }, "geometry": { "type": "Point", "coordinates": [ -5.562504843405621, 42.372476015887216 ] } },
{ "type": "Feature", "properties": { "id": 2073, "active": 1, "administration": "C.H. DUERO", "basin": "DUERO", "catch_skm": 725.0, "catch_skm_basin": 1997.0, "comment": null, "elev_masl": 800.0, "elev_max_masl": 1763.0, "end": 2021, "id_basin": 2283, "id_municipality": 24139, "id_saica": null, "id_saih": null, "id_sheet": 196, "lat_wgs84": 42.2214, "lon_wgs84": -5.0217, "municipality": "Sahagún", "name": "Sahagun", "owner": "Estado", "province": "León", "regime": "altered", "river": "Cea", "scale_type": "Exterior", "sheet": "Sahagún (196)", "start": 1980, "station_type": "Encauzamiento sin Canal de Aguas Bajas", "system": "Esla - Valderaduey", "weir": false, "weir_type": null, "x_etrs89": 332195, "y_etrs89": 4692919, "years_daily": 41, "years_instant": 35, "years_monthly": 91, "discharge": 1 }, "geometry": { "type": "Point", "coordinates": [ -5.038022368364407, 42.370441776201581 ] } },
{ "type": "Feature", "properties": { "id": 2074, "active": 1, "administration": "C.H. DUERO", "basin": "DUERO", "catch_skm": 6783.0, "catch_skm_basin": 16081.0, "comment": null, "elev_masl": 703.0, "elev_max_masl": 2408.0, "end": 2021, "id_basin": 2284, "id_municipality": 49257, "id_saica": null, "id_saih": null, "id_sheet": 308, "lat_wgs84": 41.5827, "lon_wgs84": -5.3812, "municipality": "Villanueva de Azoague", "name": "Castropepe", "owner": "Estado", "province": "Zamora", "regime": "altered", "river": "Esla", "scale_type": "Exterior", "sheet": "Villafáfila (308)", "start": 1980, "station_type": "Cauce Natural", "system": "Esla - Valderaduey", "weir": false, "weir_type": null, "x_etrs89": 281551, "y_etrs89": 4650284, "years_daily": 41, "years_instant": 43, "years_monthly": 104, "discharge": 1 }, "geometry": { "type": "Point", "coordinates": [ -5.636550634902595, 41.974286427233963 ] } },
{ "type": "Feature", "properties": { "id": 2075, "active": 1, "administration": "C.H. DUERO", "basin": "DUERO", "catch_skm": 527.0, "catch_skm_basin": 755.0, "comment": null, "elev_masl": 995.0, "elev_max_masl": 2417.0, "end": 2021, "id_basin": 2285, "id_municipality": 24012, "id_saica": null, "id_saih": null, "id_sheet": 129, "lat_wgs84": 42.4909, "lon_wgs84": -5.5003, "municipality": "Los Barrios de Luna", "name": "Magdalena, La", "owner": "Estado", "province": "León", "regime": "altered", "river": "Luna", "scale_type": "Exterior", "sheet": "La Robla (129)", "start": 1980, "station_type": "Cauce Natural", "system": "Órbigo", "weir": false, "weir_type": null, "x_etrs89": 268299, "y_etrs89": 4744634, "years_daily": 41, "years_instant": 40, "years_monthly": 79, "discharge": 1 }, "geometry": { "type": "Point", "coordinates": [ -5.834279571999211, 42.819196240284938 ] } },
{ "type": "Feature", "properties": { "id": 2076, "active": 1, "administration": "C.H. DUERO", "basin": "DUERO", "catch_skm": 481.0, "catch_skm_basin": 516.0, "comment": null, "elev_masl": 969.0, "elev_max_masl": 2112.0, "end": 2000, "id_basin": 2290, "id_municipality": 24104, "id_saica": null, "id_saih": null, "id_sheet": 128, "lat_wgs84": 42.4212, "lon_wgs84": -5.5408, "municipality": "Las Omañas", "name": "Las Omañas", "owner": "Estado", "province": "León", "regime": "natural", "river": "Omaña", "scale_type": "Exterior", "sheet": "Riello (128)", "start": 1992, "station_type": "Cauce Natural", "system": "Órbigo", "weir": false, "weir_type": null, "x_etrs89": 262294, "y_etrs89": 4731964, "years_daily": 8, "years_instant": 20, "years_monthly": 59, "discharge": 1 }, "geometry": { "type": "Point", "coordinates": [ -5.902316604336659, 42.703402913697055 ] } },
{ "type": "Feature", "properties": { "id": 2077, "active": 1, "administration": "C.H. DUERO", "basin": "DUERO", "catch_skm": 53.0, "catch_skm_basin": 1383.0, "comment": null, "elev_masl": 979.0, "elev_max_masl": 1623.0, "end": 2021, "id_basin": 2292, "id_municipality": 24123, "id_saica": null, "id_saih": null, "id_sheet": 160, "lat_wgs84": 42.3841, "lon_wgs84": -6.0426, "municipality": "Quintana del Castillo", "name": "Salida Embalse De Villameca", "owner": "Estado", "province": "León", "regime": "altered", "river": "Tuerto", "scale_type": "Exterior", "sheet": "Benavides (160)", "start": 1980, "station_type": "Azud en Cauce Natural", "system": "Órbigo", "weir": true, "weir_type": null, "x_etrs89": 248100, "y_etrs89": 4726145, "years_daily": 41, "years_instant": 55, "years_monthly": 87, "discharge": 1 }, "geometry": { "type": "Point", "coordinates": [ -6.072803133962356, 42.646554792824041 ] } },
{ "type": "Feature", "properties": { "id": 2078, "active": 1, "administration": "C.H. DUERO", "basin": "DUERO", "catch_skm": 154.0, "catch_skm_basin": 1143.0, "comment": null, "elev_masl": 1106.0, "elev_max_masl": 2157.0, "end": 2021, "id_basin": 2265, "id_municipality": 24121, "id_saica": null, "id_saih": null, "id_sheet": 104, "lat_wgs84": 42.5919, "lon_wgs84": -5.1536, "municipality": "Puebla de Lillo", "name": "Camposolillo", "owner": "Estado", "province": "León", "regime": "altered", "river": "Porma", "scale_type": "Exterior", "sheet": "Boñar (104)", "start": 1980, "station_type": "Azud en Cauce Natural", "system": "Esla - Valderaduey", "weir": true, "weir_type": null, "x_etrs89": 315756, "y_etrs89": 4762041, "years_daily": 41, "years_instant": 35, "years_monthly": 59, "discharge": 1 }, "geometry": { "type": "Point", "coordinates": [ -5.259975638468261, 42.988724771065584 ] } },
{ "type": "Feature", "properties": { "id": 2079, "active": 1, "administration": "C.H. DUERO", "basin": "DUERO", "catch_skm": 4905.0, "catch_skm_basin": 5039.0, "comment": null, "elev_masl": 706.0, "elev_max_masl": 2417.0, "end": 2021, "id_basin": 2309, "id_municipality": 49200, "id_saica": null, "id_saih": null, "id_sheet": 270, "lat_wgs84": 42.0002, "lon_wgs84": -5.4231, "municipality": "Santa Cristina de la Polvorosa", "name": "Sta. Cristina De La Polvorosa", "owner": "Estado", "province": "Zamora", "regime": "altered", "river": "Órbigo", "scale_type": "Exterior", "sheet": "Benavente (270)", "start": 2014, "station_type": "-", "system": "Órbigo", "weir": false, "weir_type": null, "x_etrs89": 275678, "y_etrs89": 4653402, "years_daily": 7, "years_instant": 8, "years_monthly": 64, "discharge": 1 }, "geometry": { "type": "Point", "coordinates": [ -5.708548474520835, 42.000688695747819 ] } },
{ "type": "Feature", "properties": { "id": 2080, "active": 1, "administration": "C.H. DUERO", "basin": "DUERO", "catch_skm": 298.0, "catch_skm_basin": 2409.0, "comment": null, "elev_masl": 895.0, "elev_max_masl": 2124.0, "end": 2021, "id_basin": 2311, "id_municipality": 49166, "id_saica": null, "id_saih": null, "id_sheet": 267, "lat_wgs84": 42.0323, "lon_wgs84": -6.3754, "municipality": "Puebla de Sanabria", "name": "Puebla De Sanabria", "owner": "Estado", "province": "Zamora", "regime": "natural", "river": "Tera", "scale_type": "Exterior", "sheet": "Puebla de Sanabria (267)", "start": 2014, "station_type": "-", "system": "Aliste-Tera", "weir": false, "weir_type": null, "x_etrs89": 199480, "y_etrs89": 4662428, "years_daily": 7, "years_instant": 7, "years_monthly": 82, "discharge": 1 }, "geometry": { "type": "Point", "coordinates": [ -6.631654927118189, 42.056448049696662 ] } },
{ "type": "Feature", "properties": { "id": 2081, "active": 1, "administration": "C.H. DUERO", "basin": "DUERO", "catch_skm": 1620.0, "catch_skm_basin": 7257.0, "comment": null, "elev_masl": 913.0, "elev_max_masl": null, "end": 2021, "id_basin": 2330, "id_municipality": 37261, "id_saica": null, "id_saih": null, "id_sheet": 528, "lat_wgs84": 40.3012, "lon_wgs84": -5.3148, "municipality": "Puente del Congosto", "name": "Puente Congosto", "owner": "Estado", "province": "Salamanca", "regime": "natural", "river": "Tormes", "scale_type": "Exterior", "sheet": "Guijuelo (528)", "start": 1997, "station_type": "Cauce Natural", "system": "Tormes", "weir": false, "weir_type": null, "x_etrs89": 285624, "y_etrs89": 4486696, "years_daily": 24, "years_instant": 12, "years_monthly": 25, "discharge": 1 }, "geometry": { "type": "Point", "coordinates": [ -5.529985997487489, 40.503298217532581 ] } },
{ "type": "Feature", "properties": { "id": 2082, "active": 1, "administration": "C.H. DUERO", "basin": "DUERO", "catch_skm": 650.0, "catch_skm_basin": 657.0, "comment": null, "elev_masl": 724.0, "elev_max_masl": 2188.0, "end": 2021, "id_basin": 2308, "id_municipality": 49128, "id_saica": null, "id_saih": null, "id_sheet": 270, "lat_wgs84": 42.0328, "lon_wgs84": -5.454, "municipality": "Morales del Rey", "name": "Morales Del Rey", "owner": "Estado", "province": "Zamora", "regime": "natural", "river": "Eria", "scale_type": "Exterior", "sheet": "Benavente (270)", "start": 1994, "station_type": "Encauzamiento con Canal de Aguas Bajas", "system": "Órbigo", "weir": false, "weir_type": null, "x_etrs89": 271536, "y_etrs89": 4659885, "years_daily": 27, "years_instant": 44, "years_monthly": 88, "discharge": 1 }, "geometry": { "type": "Point", "coordinates": [ -5.761029578695336, 42.05782028806891 ] } },
{ "type": "Feature", "properties": { "id": 2083, "active": 0, "administration": "C.H. DUERO", "basin": "DUERO", "catch_skm": 402.0, "catch_skm_basin": 516.0, "comment": "INT 1994                                                              ", "elev_masl": 984.0, "elev_max_masl": 2112.0, "end": 1989, "id_basin": 2290, "id_municipality": 24184, "id_saica": null, "id_saih": null, "id_sheet": 128, "lat_wgs84": 42.4331, "lon_wgs84": -5.5602, "municipality": "Valdesamario", "name": "Garandilla, La", "owner": null, "province": "León", "regime": "unknown", "river": "Omaña", "scale_type": null, "sheet": "RIELLO (128)", "start": 1980, "station_type": "-", "system": "Esla - Valderaduey", "weir": false, "weir_type": null, "x_etrs89": 259800, "y_etrs89": 4734484, "years_daily": 9, "years_instant": 20, "years_monthly": 26, "discharge": 1 }, "geometry": { "type": "Point", "coordinates": [ -5.933797165953278, 42.725291790045468 ] } },
{ "type": "Feature", "properties": { "id": 2084, "active": 0, "administration": "C.H. DUERO", "basin": "DUERO", "catch_skm": 2565.0, "catch_skm_basin": 7257.0, "comment": "INT 2007                                                              ", "elev_masl": 816.0, "elev_max_masl": 2592.0, "end": 2007, "id_basin": 2332, "id_municipality": 37122, "id_saica": null, "id_saih": null, "id_sheet": 503, "lat_wgs84": 40.4614, "lon_wgs84": -5.3315, "municipality": "Encinas de Arriba", "name": "Encinas De Arriba", "owner": "ESTADO", "province": "Salamanca", "regime": "altered", "river": "Tormes", "scale_type": "EXTERIOR", "sheet": "LAS VEGUILLAS (503)", "start": 1980, "station_type": "CAUCE NATURAL", "system": "Tormes - Águeda", "weir": false, "weir_type": null, "x_etrs89": 284429, "y_etrs89": 4516416, "years_daily": 27, "years_instant": 29, "years_monthly": 39, "discharge": 1 }, "geometry": { "type": "Point", "coordinates": [ -5.554256175598589, 40.77046494232696 ] } },
{ "type": "Feature", "properties": { "id": 2085, "active": 1, "administration": "C.H. DUERO", "basin": "DUERO", "catch_skm": 900.0, "catch_skm_basin": 7257.0, "comment": null, "elev_masl": 992.0, "elev_max_masl": 2592.0, "end": 2021, "id_basin": 2326, "id_municipality": 5021, "id_saica": null, "id_saih": null, "id_sheet": 553, "lat_wgs84": 40.2137, "lon_wgs84": -5.3139, "municipality": "El Barco de Ávila", "name": "Barco De Avila", "owner": "Estado", "province": "Ávila", "regime": "natural", "river": "Tormes", "scale_type": "Exterior", "sheet": "Béjar (553)", "start": 2011, "station_type": "-", "system": "Tormes", "weir": false, "weir_type": null, "x_etrs89": 285383, "y_etrs89": 4470802, "years_daily": 10, "years_instant": 20, "years_monthly": 86, "discharge": 1 }, "geometry": { "type": "Point", "coordinates": [ -5.527462712294379, 40.360184747982203 ] } },
{ "type": "Feature", "properties": { "id": 2087, "active": 1, "administration": "C.H. DUERO", "basin": "DUERO", "catch_skm": 4010.0, "catch_skm_basin": 7257.0, "comment": null, "elev_masl": 780.0, "elev_max_masl": 2592.0, "end": 2021, "id_basin": 2340, "id_municipality": 37274, "id_saica": null, "id_saih": null, "id_sheet": 478, "lat_wgs84": 40.5732, "lon_wgs84": -5.3851, "municipality": "Salamanca", "name": "Salamanca", "owner": "Estado", "province": "Salamanca", "regime": "altered", "river": "Tormes", "scale_type": "Exterior", "sheet": "Salamanca (478)", "start": 1991, "station_type": "CAUCE NATURAL", "system": "Tormes", "weir": false, "weir_type": null, "x_etrs89": 277180, "y_etrs89": 4537558, "years_daily": 30, "years_instant": 29, "years_monthly": 72, "discharge": 1 }, "geometry": { "type": "Point", "coordinates": [ -5.647633795942523, 40.958786114256448 ] } },
{ "type": "Feature", "properties": { "id": 2088, "active": 0, "administration": "C.H. DUERO", "basin": "DUERO", "catch_skm": 4592.0, "catch_skm_basin": 7257.0, "comment": "INT 2008                                                              ", "elev_masl": 752.0, "elev_max_masl": 2592.0, "end": 2008, "id_basin": 2340, "id_municipality": 37365, "id_saica": null, "id_saih": null, "id_sheet": 451, "lat_wgs84": 41.0438, "lon_wgs84": -5.5607, "municipality": "Villarmayor", "name": "Contiensa", "owner": "PARTICULAR", "province": "Salamanca", "regime": "altered", "river": "Tormes", "scale_type": null, "sheet": "LEDESMA (451)", "start": 1997, "station_type": "-", "system": "Tormes - Águeda", "weir": false, "weir_type": null, "x_etrs89": 253420, "y_etrs89": 4551496, "years_daily": 11, "years_instant": 0, "years_monthly": 51, "discharge": 1 }, "geometry": { "type": "Point", "coordinates": [ -5.935189172438517, 41.077352251726005 ] } },
{ "type": "Feature", "properties": { "id": 2089, "active": 1, "administration": "C.H. DUERO", "basin": "DUERO", "catch_skm": 280.0, "catch_skm_basin": 657.0, "comment": null, "elev_masl": 965.0, "elev_max_masl": 2188.0, "end": 2021, "id_basin": 2308, "id_municipality": 24047, "id_saica": null, "id_saih": null, "id_sheet": 230, "lat_wgs84": 42.1321, "lon_wgs84": -6.1509, "municipality": "Castrocontrigo", "name": "Morla De La Valderia", "owner": "Estado", "province": "León", "regime": "natural", "river": "Eria", "scale_type": "Exterior", "sheet": "Castrocontrigo (230)", "start": 1992, "station_type": "Cauce Natural", "system": "Órbigo", "weir": false, "weir_type": null, "x_etrs89": 231570, "y_etrs89": 4679610, "years_daily": 29, "years_instant": 33, "years_monthly": 80, "discharge": 1 }, "geometry": { "type": "Point", "coordinates": [ -6.252405009173331, 42.222559311855953 ] } },
{ "type": "Feature", "properties": { "id": 2090, "active": 0, "administration": "C.H. DUERO", "basin": "DUERO", "catch_skm": 320.0, "catch_skm_basin": 2409.0, "comment": "INT 1992                                                              ", "elev_masl": 714.0, "elev_max_masl": 1730.0, "end": 1992, "id_basin": 2362, "id_municipality": 37269, "id_saica": null, "id_saih": null, "id_sheet": 550, "lat_wgs84": 40.2601, "lon_wgs84": -6.355, "municipality": "Robleda", "name": "Fuenteguinaldo", "owner": null, "province": "Salamanca", "regime": "unknown", "river": "Águeda", "scale_type": null, "sheet": "FUENTEGUINALDO (550)", "start": 1980, "station_type": "-", "system": "Tormes - Águeda", "weir": false, "weir_type": null, "x_etrs89": 194861, "y_etrs89": 4482092, "years_daily": 12, "years_instant": 12, "years_monthly": 25, "discharge": 1 }, "geometry": { "type": "Point", "coordinates": [ -6.597217786269071, 40.433516097130372 ] } },
{ "type": "Feature", "properties": { "id": 2091, "active": 0, "administration": "C.H. DUERO", "basin": "DUERO", "catch_skm": 1700.0, "catch_skm_basin": 2409.0, "comment": "INT 2008                                                              ", "elev_masl": 584.0, "elev_max_masl": 1730.0, "end": 2008, "id_basin": 2372, "id_municipality": 37096, "id_saica": null, "id_saih": null, "id_sheet": 500, "lat_wgs84": 40.4152, "lon_wgs84": -6.3936, "municipality": "Castillejo Martín Viejo", "name": "Castillejo Martin Viejo", "owner": "PARTICULAR", "province": "Salamanca", "regime": "unknown", "river": "Águeda", "scale_type": null, "sheet": "VILLAR DEL CIERVO (500)", "start": 1997, "station_type": "-", "system": "Tormes - Águeda", "weir": false, "weir_type": null, "x_etrs89": 190759, "y_etrs89": 4511643, "years_daily": 11, "years_instant": 4, "years_monthly": 48, "discharge": 1 }, "geometry": { "type": "Point", "coordinates": [ -6.659946028048167, 40.697682819918128 ] } },
{ "type": "Feature", "properties": { "id": 2092, "active": 1, "administration": "C.H. DUERO", "basin": "DUERO", "catch_skm": 900.0, "catch_skm_basin": 2409.0, "comment": null, "elev_masl": 607.0, "elev_max_masl": 1730.0, "end": 1994, "id_basin": 2370, "id_municipality": 37107, "id_saica": null, "id_saih": null, "id_sheet": 526, "lat_wgs84": 40.3207, "lon_wgs84": -6.2905, "municipality": "Ciudad - Rodrigo", "name": "Salida Embalse Del Agueda", "owner": "Estado", "province": "Salamanca", "regime": "altered", "river": "Águeda", "scale_type": "Exterior", "sheet": "Serradilla del Arroyo (526)", "start": 1980, "station_type": "-", "system": "Águeda", "weir": false, "weir_type": null, "x_etrs89": 204842, "y_etrs89": 4493014, "years_daily": 14, "years_instant": 7, "years_monthly": 87, "discharge": 1 }, "geometry": { "type": "Point", "coordinates": [ -6.484845511391244, 40.535330328381342 ] } },
{ "type": "Feature", "properties": { "id": 2093, "active": 0, "administration": "C.H. DUERO", "basin": "DUERO", "catch_skm": 63160.0, "catch_skm_basin": 97620.0, "comment": "INT 1995                                                              ", "elev_masl": 557.0, "elev_max_masl": 2315.0, "end": 1995, "id_basin": 2323, "id_municipality": 49071, "id_saica": null, "id_saih": null, "id_sheet": 368, "lat_wgs84": 41.3436, "lon_wgs84": -6.1111, "municipality": "Fonfría", "name": "Puente Pino", "owner": null, "province": "Zamora", "regime": "unknown", "river": "Duero", "scale_type": null, "sheet": "CARBAJALES DE ALBA (368)", "start": 1980, "station_type": "-", "system": "Tormes - Águeda", "weir": false, "weir_type": null, "x_etrs89": 234351, "y_etrs89": 4607674, "years_daily": 15, "years_instant": 0, "years_monthly": 60, "discharge": 1 }, "geometry": { "type": "Point", "coordinates": [ -6.186403898981268, 41.576608292259621 ] } },
{ "type": "Feature", "properties": { "id": 2094, "active": 0, "administration": "C.H. DUERO", "basin": "DUERO", "catch_skm": 2348.0, "catch_skm_basin": 2393.0, "comment": "INT 2006                                                              ", "elev_masl": 592.0, "elev_max_masl": 1240.0, "end": 2006, "id_basin": 2354, "id_municipality": 37101, "id_saica": null, "id_saih": null, "id_sheet": 475, "lat_wgs84": 40.5941, "lon_wgs84": -6.3735, "municipality": "Cerralbo", "name": "Puente Resbala", "owner": "PARTICULAR", "province": "Salamanca", "regime": "natural", "river": "Huebra", "scale_type": null, "sheet": "LUMBRALES (475)", "start": 1997, "station_type": "-", "system": "Tormes - Águeda", "weir": false, "weir_type": null, "x_etrs89": 194970, "y_etrs89": 4544512, "years_daily": 9, "years_instant": 0, "years_monthly": 46, "discharge": 1 }, "geometry": { "type": "Point", "coordinates": [ -6.626297022634968, 40.994759366037378 ] } },
{ "type": "Feature", "properties": { "id": 2097, "active": 1, "administration": "C.H. DUERO", "basin": "DUERO", "catch_skm": 15638.0, "catch_skm_basin": 15828.0, "comment": null, "elev_masl": 690.0, "elev_max_masl": 2139.0, "end": 2021, "id_basin": 2210, "id_municipality": 47186, "id_saica": null, "id_saih": null, "id_sheet": 372, "lat_wgs84": 41.394, "lon_wgs84": -4.4357, "municipality": "Valladolid", "name": "Valladolid-Pisuerga", "owner": "Estado", "province": "Valladolid", "regime": "altered", "river": "Pisuerga", "scale_type": "Exterior", "sheet": "Valladolid (372)", "start": 1990, "station_type": "CAUCE NATURAL", "system": "Pisuerga", "weir": false, "weir_type": null, "x_etrs89": 355769, "y_etrs89": 4613607, "years_daily": 31, "years_instant": 31, "years_monthly": 52, "discharge": 1 }, "geometry": { "type": "Point", "coordinates": [ -4.732358651934534, 41.661169485617528 ] } },
{ "type": "Feature", "properties": { "id": 2098, "active": 1, "administration": "C.H. DUERO", "basin": "DUERO", "catch_skm": 132.0, "catch_skm_basin": 1174.0, "comment": null, "elev_masl": 1125.0, "elev_max_masl": null, "end": 2021, "id_basin": 2273, "id_municipality": 24901, "id_saica": null, "id_saih": null, "id_sheet": 103, "lat_wgs84": 42.5606, "lon_wgs84": -5.3928, "municipality": "Villamanín", "name": "Villamanin", "owner": "Estado", "province": "León", "regime": "natural", "river": "Bernesga", "scale_type": "Exterior", "sheet": "La Pola de Gordón (103)", "start": 1997, "station_type": "Cauce Natural", "system": "Esla - Valderaduey", "weir": false, "weir_type": null, "x_etrs89": 283144, "y_etrs89": 4757020, "years_daily": 24, "years_instant": 12, "years_monthly": 25, "discharge": 1 }, "geometry": { "type": "Point", "coordinates": [ -5.657665687774341, 42.934965167486773 ] } },
{ "type": "Feature", "properties": { "id": 2099, "active": 1, "administration": "C.H. DUERO", "basin": "DUERO", "catch_skm": 2350.0, "catch_skm_basin": 2409.0, "comment": null, "elev_masl": 695.0, "elev_max_masl": 2124.0, "end": 2021, "id_basin": 2315, "id_municipality": 49118, "id_saica": null, "id_saih": null, "id_sheet": 308, "lat_wgs84": 41.5631, "lon_wgs84": -5.4659, "municipality": "Milles de la Polvorosa", "name": "Mozar De Valverde", "owner": "Estado", "province": "Zamora", "regime": "altered", "river": "Tera", "scale_type": "Exterior", "sheet": "Villafafila (308)", "start": 1999, "station_type": "Cauce Natural", "system": "Aliste-Tera", "weir": false, "weir_type": null, "x_etrs89": 269306, "y_etrs89": 4647089, "years_daily": 22, "years_instant": 10, "years_monthly": 23, "discharge": 1 }, "geometry": { "type": "Point", "coordinates": [ -5.782924744316365, 41.942056149511885 ] } },
{ "type": "Feature", "properties": { "id": 2101, "active": 1, "administration": "C.H. DUERO", "basin": "DUERO", "catch_skm": 135.0, "catch_skm_basin": 97620.0, "comment": null, "elev_masl": 1100.0, "elev_max_masl": 2315.0, "end": 2021, "id_basin": 2003, "id_municipality": 42117, "id_saica": null, "id_saih": null, "id_sheet": 317, "lat_wgs84": 41.532, "lon_wgs84": -2.4709, "municipality": "Molinos de Duero", "name": "Molinos De Duero", "owner": "Estado", "province": "Soria", "regime": "natural", "river": "Duero", "scale_type": "Exterior", "sheet": "Vinuesa (317)", "start": 1980, "station_type": "Cauce Natural", "system": "Alto Duero", "weir": false, "weir_type": null, "x_etrs89": 517760, "y_etrs89": 4637449, "years_daily": 41, "years_instant": 41, "years_monthly": 101, "discharge": 1 }, "geometry": { "type": "Point", "coordinates": [ -2.785925337403787, 41.888772178429328 ] } },
{ "type": "Feature", "properties": { "id": 2102, "active": 1, "administration": "C.H. DUERO", "basin": "DUERO", "catch_skm": 607.0, "catch_skm_basin": 16081.0, "comment": null, "elev_masl": 1004.0, "elev_max_masl": 2408.0, "end": 2021, "id_basin": 2262, "id_municipality": 24060, "id_saica": null, "id_saih": null, "id_sheet": 105, "lat_wgs84": 42.56, "lon_wgs84": -5.0602, "municipality": "Crémenes", "name": "Salida Embalse De Riaño", "owner": "Estado", "province": "León", "regime": "altered", "river": "Esla", "scale_type": "Exterior", "sheet": "Riaño (105)", "start": 1980, "station_type": "Vflat", "system": "Esla - Valderaduey", "weir": false, "weir_type": null, "x_etrs89": 328605, "y_etrs89": 4755564, "years_daily": 41, "years_instant": 26, "years_monthly": 58, "discharge": 1 }, "geometry": { "type": "Point", "coordinates": [ -5.100490060599441, 42.933440585115832 ] } },
{ "type": "Feature", "properties": { "id": 2103, "active": 1, "administration": "C.H. DUERO", "basin": "DUERO", "catch_skm": 716.0, "catch_skm_basin": 16081.0, "comment": null, "elev_masl": 948.0, "elev_max_masl": 2408.0, "end": 2021, "id_basin": 2262, "id_municipality": 24137, "id_saica": null, "id_saih": null, "id_sheet": 131, "lat_wgs84": 42.5001, "lon_wgs84": -5.0751, "municipality": "Sabero", "name": "Cistierna", "owner": "Estado", "province": "León", "regime": "altered", "river": "Esla", "scale_type": "Exterior", "sheet": "Cistierna (131)", "start": 1992, "station_type": "Cauce Natural", "system": "Esla - Valderaduey", "weir": false, "weir_type": null, "x_etrs89": 325842, "y_etrs89": 4744529, "years_daily": 29, "years_instant": 27, "years_monthly": 57, "discharge": 1 }, "geometry": { "type": "Point", "coordinates": [ -5.130906630758508, 42.833510159268378 ] } },
{ "type": "Feature", "properties": { "id": 2104, "active": 1, "administration": "C.H. DUERO", "basin": "DUERO", "catch_skm": 355.0, "catch_skm_basin": 1997.0, "comment": null, "elev_masl": 878.0, "elev_max_masl": 1763.0, "end": 2021, "id_basin": 2281, "id_municipality": 24004, "id_saica": null, "id_saih": null, "id_sheet": 163, "lat_wgs84": 42.3648, "lon_wgs84": -5.0219, "municipality": "Almanza", "name": "Villaverde De Arcayos", "owner": "Estado", "province": "León", "regime": "natural", "river": "Cea", "scale_type": "Exterior", "sheet": "Almanza (163)", "start": 1991, "station_type": "Sección hormigonada", "system": "Esla - Valderaduey", "weir": false, "weir_type": null, "x_etrs89": 332791, "y_etrs89": 4719894, "years_daily": 30, "years_instant": 31, "years_monthly": 58, "discharge": 1 }, "geometry": { "type": "Point", "coordinates": [ -5.038660943799571, 42.61335066443683 ] } },
{ "type": "Feature", "properties": { "id": 2105, "active": 1, "administration": "C.H. DUERO", "basin": "DUERO", "catch_skm": 283.0, "catch_skm_basin": 3558.0, "comment": null, "elev_masl": 756.0, "elev_max_masl": 1100.0, "end": 2021, "id_basin": 2248, "id_municipality": 47153, "id_saica": null, "id_saih": null, "id_sheet": 234, "lat_wgs84": 42.1257, "lon_wgs84": -5.0548, "municipality": "Santervás de Campos", "name": "Santervas De Campos", "owner": "Estado", "province": "Valladolid", "regime": "natural", "river": "Valderaduey", "scale_type": "Exterior", "sheet": "Villada (234)", "start": 2000, "station_type": "Cauce Natural", "system": "Esla - Valderaduey", "weir": false, "weir_type": null, "x_etrs89": 326951, "y_etrs89": 4675856, "years_daily": 21, "years_instant": 9, "years_monthly": 22, "discharge": 1 }, "geometry": { "type": "Point", "coordinates": [ -5.096569089329262, 42.215722654429889 ] } },
{ "type": "Feature", "properties": { "id": 2106, "active": 1, "administration": "C.H. DUERO", "basin": "DUERO", "catch_skm": 221.0, "catch_skm_basin": 15828.0, "comment": null, "elev_masl": 1022.0, "elev_max_masl": 2139.0, "end": 1994, "id_basin": 2126, "id_municipality": 34056, "id_saica": null, "id_saih": null, "id_sheet": 106, "lat_wgs84": 42.5357, "lon_wgs84": -4.313, "municipality": "Cervera de Pisuerga", "name": "Salida Embalse De Requejada", "owner": "Estado", "province": "Palencia", "regime": "altered", "river": "Pisuerga", "scale_type": "Exterior", "sheet": "Camporredondo de Alba (106)", "start": 1980, "station_type": "-", "system": "Pisuerga", "weir": false, "weir_type": null, "x_etrs89": 375489, "y_etrs89": 4750756, "years_daily": 14, "years_instant": 16, "years_monthly": 75, "discharge": 1 }, "geometry": { "type": "Point", "coordinates": [ -4.525083086454817, 42.899259687590636 ] } },
{ "type": "Feature", "properties": { "id": 2107, "active": 1, "administration": "C.H. DUERO", "basin": "DUERO", "catch_skm": 52.0, "catch_skm_basin": 90.0, "comment": null, "elev_masl": 1027.0, "elev_max_masl": 1846.0, "end": 2021, "id_basin": 2129, "id_municipality": 34056, "id_saica": null, "id_saih": null, "id_sheet": 106, "lat_wgs84": 42.5157, "lon_wgs84": -4.3133, "municipality": "Cervera de Pisuerga", "name": "Salida Embalse De Cervera", "owner": "Estado", "province": "Palencia", "regime": "altered", "river": "Rivera", "scale_type": "Exterior", "sheet": "Camporredondo de Alba (106)", "start": 1980, "station_type": "Encauzamiento con Canal de Aguas Bajas", "system": "Pisuerga", "weir": false, "weir_type": null, "x_etrs89": 375366, "y_etrs89": 4747059, "years_daily": 41, "years_instant": 51, "years_monthly": 90, "discharge": 1 }, "geometry": { "type": "Point", "coordinates": [ -4.525768635160452, 42.865958938248014 ] } },
{ "type": "Feature", "properties": { "id": 2108, "active": 1, "administration": "C.H. DUERO", "basin": "DUERO", "catch_skm": 227.0, "catch_skm_basin": 3407.0, "comment": null, "elev_masl": 1228.0, "elev_max_masl": 2497.0, "end": 2021, "id_basin": 2195, "id_municipality": 34199, "id_saica": null, "id_saih": null, "id_sheet": 106, "lat_wgs84": 42.5343, "lon_wgs84": -4.444, "municipality": "Velilla del Río Carrión", "name": "Salida Embalse De Camporredondo", "owner": "Estado", "province": "Palencia", "regime": "altered", "river": "Carrión", "scale_type": "Exterior", "sheet": "Camporredondo de Alba (106)", "start": 1992, "station_type": "Azud en Cauce Natural", "system": "Carrión", "weir": true, "weir_type": null, "x_etrs89": 357562, "y_etrs89": 4750654, "years_daily": 29, "years_instant": 55, "years_monthly": 92, "discharge": 1 }, "geometry": { "type": "Point", "coordinates": [ -4.744544337626667, 42.895206526151853 ] } },
{ "type": "Feature", "properties": { "id": 2109, "active": 1, "administration": "C.H. DUERO", "basin": "DUERO", "catch_skm": 107.0, "catch_skm_basin": 2659.0, "comment": null, "elev_masl": 1107.0, "elev_max_masl": 2131.0, "end": 2021, "id_basin": 2170, "id_municipality": 9463, "id_saica": null, "id_saih": null, "id_sheet": 239, "lat_wgs84": 42.1611, "lon_wgs84": -3.2022, "municipality": "Villasur de Herreros", "name": "Salida Embalse De Arlanzon", "owner": "Estado", "province": "Burgos", "regime": "altered", "river": "Arlanzón", "scale_type": "Exterior", "sheet": "Pradoluengo (239)", "start": 1992, "station_type": "Encauzamiento con Canal de Aguas Bajas", "system": "Arlanza", "weir": true, "weir_type": null, "x_etrs89": 471998, "y_etrs89": 4679774, "years_daily": 29, "years_instant": 43, "years_monthly": 107, "discharge": 1 }, "geometry": { "type": "Point", "coordinates": [ -3.339553684932174, 42.269670967126913 ] } },
{ "type": "Feature", "properties": { "id": 2110, "active": 0, "administration": "C.H. DUERO", "basin": "DUERO", "catch_skm": 1100.0, "catch_skm_basin": 1450.0, "comment": "INT 1995                                                              ", "elev_masl": 821.0, "elev_max_masl": 2262.0, "end": 1987, "id_basin": 2110, "id_municipality": 40183, "id_saica": null, "id_saih": null, "id_sheet": 402, "lat_wgs84": 41.2348, "lon_wgs84": -3.5713, "municipality": "San Miguel de Bernuy", "name": "San Miguel De Bernuy", "owner": null, "province": "Segovia", "regime": "unknown", "river": "Duratón", "scale_type": null, "sheet": "OLOMBRADA (402)", "start": 1980, "station_type": "-", "system": "Alto Duero - Riaza - Adaja - Cega", "weir": false, "weir_type": null, "x_etrs89": 420281, "y_etrs89": 4583233, "years_daily": 7, "years_instant": 8, "years_monthly": 83, "discharge": 1 }, "geometry": { "type": "Point", "coordinates": [ -3.953624738714055, 41.39668410235474 ] } },
{ "type": "Feature", "properties": { "id": 2111, "active": 1, "administration": "C.H. DUERO", "basin": "DUERO", "catch_skm": 1354.0, "catch_skm_basin": 16081.0, "comment": null, "elev_masl": 804.0, "elev_max_masl": 2408.0, "end": 2021, "id_basin": 2262, "id_municipality": 24094, "id_saica": null, "id_saih": null, "id_sheet": 162, "lat_wgs84": 42.3059, "lon_wgs84": -5.2228, "municipality": "Mansilla de las Mulas", "name": "Villomar", "owner": "Estado", "province": "León", "regime": "altered", "river": "Esla", "scale_type": "Exterior", "sheet": "Gradefes (162)", "start": 1988, "station_type": "Encauzamiento con Canal de Aguas Bajas", "system": "Esla - Valderaduey", "weir": false, "weir_type": null, "x_etrs89": 304954, "y_etrs89": 4709856, "years_daily": 33, "years_instant": 20, "years_monthly": 34, "discharge": 1 }, "geometry": { "type": "Point", "coordinates": [ -5.374364370304621, 42.516488947121289 ] } },
{ "type": "Feature", "properties": { "id": 2112, "active": 1, "administration": "C.H. DUERO", "basin": "DUERO", "catch_skm": 947.0, "catch_skm_basin": 1143.0, "comment": null, "elev_masl": 820.0, "elev_max_masl": 2157.0, "end": 2021, "id_basin": 2267, "id_municipality": 24201, "id_saica": null, "id_saih": null, "id_sheet": 162, "lat_wgs84": 42.3604, "lon_wgs84": -5.2418, "municipality": "Vegas del Condado", "name": "Secos De Porma", "owner": "Estado", "province": "León", "regime": "altered", "river": "Porma", "scale_type": "Exterior", "sheet": "Gradefes (162)", "start": 1988, "station_type": "Cauce Natural", "system": "Esla - Valderaduey", "weir": false, "weir_type": null, "x_etrs89": 302696, "y_etrs89": 4719324, "years_daily": 33, "years_instant": 20, "years_monthly": 34, "discharge": 1 }, "geometry": { "type": "Point", "coordinates": [ -5.405099799745077, 42.60110795975109 ] } },
{ "type": "Feature", "properties": { "id": 2113, "active": 1, "administration": "C.H. DUERO", "basin": "DUERO", "catch_skm": 391.0, "catch_skm_basin": 424.0, "comment": null, "elev_masl": 820.0, "elev_max_masl": 2124.0, "end": 2021, "id_basin": 2314, "id_municipality": 49177, "id_saica": null, "id_saih": null, "id_sheet": 268, "lat_wgs84": 42.021, "lon_wgs84": -6.16, "municipality": "Rionegro del Puente", "name": "Sta. Eulalia De Rionegro", "owner": "Estado", "province": "Zamora", "regime": "natural", "river": "Negro", "scale_type": "Exterior", "sheet": "Molezuelas de la Carballeda (268)", "start": 2001, "station_type": "Cauce Natural", "system": "Aliste-Tera", "weir": false, "weir_type": null, "x_etrs89": 229594, "y_etrs89": 4658963, "years_daily": 20, "years_instant": 8, "years_monthly": 21, "discharge": 1 }, "geometry": { "type": "Point", "coordinates": [ -6.266746041967847, 42.036225504839386 ] } },
{ "type": "Feature", "properties": { "id": 2114, "active": 1, "administration": "C.H. DUERO", "basin": "DUERO", "catch_skm": 1070.0, "catch_skm_basin": 1074.0, "comment": null, "elev_masl": 751.0, "elev_max_masl": 1580.0, "end": 2021, "id_basin": 2228, "id_municipality": 40057, "id_saica": null, "id_saih": null, "id_sheet": 428, "lat_wgs84": 41.1238, "lon_wgs84": -4.3154, "municipality": "Coca", "name": "Coca-Voltoya", "owner": "Estado", "province": "Segovia", "regime": "unknown", "river": "Voltoya", "scale_type": "Exterior", "sheet": "Olmedo (428)", "start": 2002, "station_type": "Cauce Natural", "system": "Cega-Eresma-Adaja", "weir": false, "weir_type": null, "x_etrs89": 371587, "y_etrs89": 4563247, "years_daily": 19, "years_instant": 7, "years_monthly": 20, "discharge": 1 }, "geometry": { "type": "Point", "coordinates": [ -4.531737960357948, 41.210418937026127 ] } },
{ "type": "Feature", "properties": { "id": 2115, "active": 1, "administration": "C.H. DUERO", "basin": "DUERO", "catch_skm": 620.0, "catch_skm_basin": 1174.0, "comment": null, "elev_masl": 823.0, "elev_max_masl": 2181.0, "end": 2021, "id_basin": 2275, "id_municipality": 24089, "id_saica": null, "id_saih": null, "id_sheet": 161, "lat_wgs84": 42.3537, "lon_wgs84": -5.3442, "municipality": "León", "name": "Leon", "owner": "Estado", "province": "León", "regime": "natural", "river": "Bernesga", "scale_type": "Exterior", "sheet": "León (161)", "start": 2003, "station_type": "CAUCE NATURAL", "system": "Esla - Valderaduey", "weir": false, "weir_type": null, "x_etrs89": 288448, "y_etrs89": 4718917, "years_daily": 18, "years_instant": 6, "years_monthly": 19, "discharge": 1 }, "geometry": { "type": "Point", "coordinates": [ -5.578463816124548, 42.593670277435599 ] } },
{ "type": "Feature", "properties": { "id": 2116, "active": 1, "administration": "C.H. DUERO", "basin": "DUERO", "catch_skm": 1702.0, "catch_skm_basin": 2659.0, "comment": null, "elev_masl": 805.0, "elev_max_masl": 2131.0, "end": 2009, "id_basin": 2188, "id_municipality": 9125, "id_saica": null, "id_saih": null, "id_sheet": 237, "lat_wgs84": 42.1519, "lon_wgs84": -3.5541, "municipality": "Estépar", "name": "Celada Del Camino", "owner": "Estado", "province": "Burgos", "regime": "altered", "river": "Arlanzón", "scale_type": "Exterior", "sheet": "Castrogeriz (237)", "start": 1980, "station_type": "Cauce Natural", "system": "Arlanza", "weir": false, "weir_type": null, "x_etrs89": 423452, "y_etrs89": 4678533, "years_daily": 29, "years_instant": 32, "years_monthly": 45, "discharge": 1 }, "geometry": { "type": "Point", "coordinates": [ -3.928009918614767, 42.25524238621238 ] } },
{ "type": "Feature", "properties": { "id": 2117, "active": 0, "administration": "C.H. DUERO", "basin": "DUERO", "catch_skm": 4246.0, "catch_skm_basin": 16081.0, "comment": "INT 2009                                                              ", "elev_masl": 740.0, "elev_max_masl": 2408.0, "end": 2009, "id_basin": 2280, "id_municipality": 24188, "id_saica": null, "id_saih": null, "id_sheet": 232, "lat_wgs84": 42.172, "lon_wgs84": -5.3128, "municipality": "Valencia de Don Juan", "name": "Valencia De Don Juan", "owner": "PARTICULAR", "province": "León", "regime": "altered", "river": "Esla", "scale_type": null, "sheet": "VILLAMAÑÁN (232)", "start": 2001, "station_type": "CAUCE NATURAL", "system": "Esla - Valderaduey", "weir": false, "weir_type": null, "x_etrs89": 291880, "y_etrs89": 4684953, "years_daily": 8, "years_instant": 13, "years_monthly": 32, "discharge": 1 }, "geometry": { "type": "Point", "coordinates": [ -5.524368961654918, 42.289023777081297 ] } },
{ "type": "Feature", "properties": { "id": 2119, "active": 1, "administration": "C.H. DUERO", "basin": "DUERO", "catch_skm": 1136.0, "catch_skm_basin": 1174.0, "comment": null, "elev_masl": 794.0, "elev_max_masl": null, "end": 2021, "id_basin": 2279, "id_municipality": 24227, "id_saica": null, "id_saih": null, "id_sheet": 161, "lat_wgs84": 42.3122, "lon_wgs84": -5.3212, "municipality": "Alija de la Ribera", "name": "Leon Alija De La Ribera", "owner": "Estado", "province": "León", "regime": "natural", "river": "Bernesga", "scale_type": null, "sheet": "León (161)", "start": 2015, "station_type": "Tramo encauzado con sección aguas bajas", "system": "Esla - Valderaduey", "weir": false, "weir_type": null, "x_etrs89": 291637, "y_etrs89": 4710945, "years_daily": 6, "years_instant": 0, "years_monthly": 7, "discharge": 1 }, "geometry": { "type": "Point", "coordinates": [ -5.536723948857746, 42.52281456928484 ] } },
{ "type": "Feature", "properties": { "id": 2120, "active": 0, "administration": "C.H. DUERO", "basin": "DUERO", "catch_skm": 118.0, "catch_skm_basin": 294.0, "comment": "INT 1995                                                              ", "elev_masl": 845.0, "elev_max_masl": 1012.0, "end": 1986, "id_basin": 2331, "id_municipality": 37277, "id_saica": null, "id_saih": null, "id_sheet": 503, "lat_wgs84": 40.4006, "lon_wgs84": -5.3918, "municipality": "Salvatierra de Tormes", "name": "Salvatierra", "owner": null, "province": "Salamanca", "regime": "unknown", "river": "Alhandiga", "scale_type": null, "sheet": "LAS VEGUILLAS (503)", "start": 1980, "station_type": "-", "system": "Tormes - Águeda", "weir": false, "weir_type": null, "x_etrs89": 275586, "y_etrs89": 4505343, "years_daily": 6, "years_instant": 22, "years_monthly": 32, "discharge": 1 }, "geometry": { "type": "Point", "coordinates": [ -5.654965093975038, 40.668453476114799 ] } },
{ "type": "Feature", "properties": { "id": 2121, "active": 1, "administration": "C.H. DUERO", "basin": "DUERO", "catch_skm": 46137.0, "catch_skm_basin": 97620.0, "comment": null, "elev_masl": 628.0, "elev_max_masl": 2315.0, "end": 2021, "id_basin": 2259, "id_municipality": 49275, "id_saica": null, "id_saih": null, "id_sheet": 369, "lat_wgs84": 41.3043, "lon_wgs84": -5.4321, "municipality": "Zamora", "name": "Zamora", "owner": "Estado", "province": "Zamora", "regime": "altered", "river": "Duero", "scale_type": "Exterior", "sheet": "Coreses (369)", "start": 2003, "station_type": "CAUCE NATURAL", "system": "Bajo Duero", "weir": false, "weir_type": null, "x_etrs89": 272809, "y_etrs89": 4599163, "years_daily": 18, "years_instant": 6, "years_monthly": 19, "discharge": 1 }, "geometry": { "type": "Point", "coordinates": [ -5.722435712662645, 41.511889648892883 ] } },
{ "type": "Feature", "properties": { "id": 2122, "active": 1, "administration": "C.H. DUERO", "basin": "DUERO", "catch_skm": 494.0, "catch_skm_basin": 755.0, "comment": null, "elev_masl": 1026.0, "elev_max_masl": 2417.0, "end": 1994, "id_basin": 2285, "id_municipality": 24012, "id_saica": null, "id_saih": null, "id_sheet": 102, "lat_wgs84": 42.5011, "lon_wgs84": -5.5214, "municipality": "Los Barrios de Luna", "name": "Salida Embalse De Barrios De Luna", "owner": "Estado", "province": "León", "regime": "altered", "river": "Luna", "scale_type": "Exterior", "sheet": "Los Barrios de Luna (102)", "start": 1980, "station_type": "-", "system": "Órbigo", "weir": false, "weir_type": null, "x_etrs89": 265387, "y_etrs89": 4746632, "years_daily": 14, "years_instant": 10, "years_monthly": 65, "discharge": 1 }, "geometry": { "type": "Point", "coordinates": [ -5.870689340102837, 42.836279474589645 ] } },
{ "type": "Feature", "properties": { "id": 2123, "active": 1, "administration": "C.H. DUERO", "basin": "DUERO", "catch_skm": 240.0, "catch_skm_basin": 301.0, "comment": null, "elev_masl": 1038.0, "elev_max_masl": null, "end": 2021, "id_basin": 2164, "id_municipality": 9039, "id_saica": null, "id_saih": null, "id_sheet": 277, "lat_wgs84": 42.0627, "lon_wgs84": -3.1349, "municipality": "Barbadillo del Pez", "name": "Barbadillo Del Pez", "owner": "Estado", "province": "Burgos", "regime": "natural", "river": "Pedroso", "scale_type": "Exterior", "sheet": "Salas de los Infantes (277)", "start": 2005, "station_type": "Cauce Natural", "system": "Arlanza", "weir": false, "weir_type": null, "x_etrs89": 480970, "y_etrs89": 4661739, "years_daily": 16, "years_instant": 4, "years_monthly": 17, "discharge": 1 }, "geometry": { "type": "Point", "coordinates": [ -3.230169805018663, 42.107512890179358 ] } },
{ "type": "Feature", "properties": { "id": 2124, "active": 1, "administration": "C.H. DUERO", "basin": "DUERO", "catch_skm": 802.0, "catch_skm_basin": 1486.0, "comment": null, "elev_masl": 730.0, "elev_max_masl": 900.0, "end": 2021, "id_basin": 2255, "id_municipality": 47086, "id_saica": null, "id_saih": null, "id_sheet": 310, "lat_wgs84": 41.5315, "lon_wgs84": -5.0219, "municipality": "Medina de Rioseco", "name": "Medina De Rioseco", "owner": "Estado", "province": "Valladolid", "regime": "natural", "river": "Sequillo", "scale_type": "Exterior", "sheet": "Medina de Rioseco (310)", "start": 1980, "station_type": "Cauce Natural", "system": "Carrión", "weir": false, "weir_type": null, "x_etrs89": 330860, "y_etrs89": 4639292, "years_daily": 41, "years_instant": 32, "years_monthly": 50, "discharge": 1 }, "geometry": { "type": "Point", "coordinates": [ -5.038683577146161, 41.887471460905715 ] } },
{ "type": "Feature", "properties": { "id": 2125, "active": 0, "administration": "C.H. DUERO", "basin": "DUERO", "catch_skm": 281.0, "catch_skm_basin": 350.0, "comment": "INT 2013                                                              ", "elev_masl": 850.0, "elev_max_masl": 1062.0, "end": 2013, "id_basin": 2179, "id_municipality": 9301, "id_saica": null, "id_saih": null, "id_sheet": 200, "lat_wgs84": 42.2524, "lon_wgs84": -3.4057, "municipality": "Quintanilla - Vivar", "name": "Sotopalacios", "owner": "ESTADO", "province": "Burgos", "regime": "natural", "river": "Ubierna", "scale_type": "EXTERIOR", "sheet": "BURGOS (200)", "start": 1999, "station_type": "CAUCE NATURAL", "system": "Pisuerga - Carrión - Arlanza - Duero Inferior", "weir": false, "weir_type": null, "x_etrs89": 443848, "y_etrs89": 4697000, "years_daily": 14, "years_instant": 31, "years_monthly": 40, "discharge": 1 }, "geometry": { "type": "Point", "coordinates": [ -3.68256063455018, 42.423280936089306 ] } },
{ "type": "Feature", "properties": { "id": 2126, "active": 1, "administration": "C.H. DUERO", "basin": "DUERO", "catch_skm": 1462.0, "catch_skm_basin": 3558.0, "comment": null, "elev_masl": 672.0, "elev_max_masl": 1100.0, "end": 2021, "id_basin": 2250, "id_municipality": 49035, "id_saica": null, "id_saih": null, "id_sheet": 341, "lat_wgs84": 41.462, "lon_wgs84": -5.2955, "municipality": "Cañizo", "name": "Villardiga", "owner": "Estado", "province": "Zamora", "regime": "natural", "river": "Valderaduey", "scale_type": "Exterior", "sheet": "San Pedro de Latarce (341)", "start": 1997, "station_type": "Encauzamiento con Azud Vertedero", "system": "Esla - Valderaduey", "weir": true, "weir_type": null, "x_etrs89": 292335, "y_etrs89": 4627518, "years_daily": 24, "years_instant": 28, "years_monthly": 45, "discharge": 1 }, "geometry": { "type": "Point", "coordinates": [ -5.498521314301503, 41.772346691336743 ] } },
{ "type": "Feature", "properties": { "id": 2127, "active": 0, "administration": "C.H. DUERO", "basin": "DUERO", "catch_skm": 315.0, "catch_skm_basin": 352.0, "comment": "INT 1992                                                              ", "elev_masl": 760.0, "elev_max_masl": 881.0, "end": 1992, "id_basin": 2245, "id_municipality": 37081, "id_saica": null, "id_saih": null, "id_sheet": 453, "lat_wgs84": 41.0823, "lon_wgs84": -5.1555, "municipality": "Cantalapiedra", "name": "Tarazona De Guareña", "owner": null, "province": "Salamanca", "regime": "unknown", "river": "Mazores", "scale_type": null, "sheet": "CANTALPINO (453)", "start": 1980, "station_type": "-", "system": "Pisuerga - Carrión - Arlanza - Duero Inferior", "weir": false, "weir_type": null, "x_etrs89": 309884, "y_etrs89": 4556734, "years_daily": 12, "years_instant": 15, "years_monthly": 17, "discharge": 1 }, "geometry": { "type": "Point", "coordinates": [ -5.26526137606466, 41.139659455281347 ] } },
{ "type": "Feature", "properties": { "id": 2128, "active": 0, "administration": "C.H. DUERO", "basin": "DUERO", "catch_skm": 866.0, "catch_skm_basin": 1063.0, "comment": "INT 1992                                                              ", "elev_masl": 710.0, "elev_max_masl": 918.0, "end": 1992, "id_basin": 2246, "id_municipality": 49226, "id_saica": null, "id_saih": null, "id_sheet": 426, "lat_wgs84": 41.1701, "lon_wgs84": -5.2105, "municipality": "Vadillo de la Guareña", "name": "Vadillo De La Guareña", "owner": null, "province": "Zamora", "regime": "unknown", "river": "Guareña", "scale_type": null, "sheet": "FUENTESAUCO (426)", "start": 1985, "station_type": "-", "system": "Pisuerga - Carrión - Arlanza - Duero Inferior", "weir": false, "weir_type": null, "x_etrs89": 303096, "y_etrs89": 4572898, "years_daily": 7, "years_instant": 14, "years_monthly": 17, "discharge": 1 }, "geometry": { "type": "Point", "coordinates": [ -5.351283505897309, 41.283522329933142 ] } },
{ "type": "Feature", "properties": { "id": 2129, "active": 1, "administration": "C.H. DUERO", "basin": "DUERO", "catch_skm": 1063.0, "catch_skm_basin": 1063.0, "comment": null, "elev_masl": 649.0, "elev_max_masl": 918.0, "end": 1997, "id_basin": 2246, "id_municipality": 49219, "id_saica": null, "id_saih": null, "id_sheet": 398, "lat_wgs84": 41.2919, "lon_wgs84": -5.2315, "municipality": "Toro", "name": "Toro-Guareña", "owner": "Estado", "province": "Zamora", "regime": "altered", "river": "Guareña", "scale_type": "Exterior", "sheet": "Castronuño (398)", "start": 1980, "station_type": "Cauce Natural", "system": "Bajo Duero", "weir": false, "weir_type": null, "x_etrs89": 300691, "y_etrs89": 4595763, "years_daily": 17, "years_instant": 31, "years_monthly": 46, "discharge": 1 }, "geometry": { "type": "Point", "coordinates": [ -5.387498582212372, 41.488713293807642 ] } },
{ "type": "Feature", "properties": { "id": 2130, "active": 0, "administration": "C.H. DUERO", "basin": "DUERO", "catch_skm": 1450.0, "catch_skm_basin": 1450.0, "comment": "INT 1995                                                              ", "elev_masl": 739.0, "elev_max_masl": 2262.0, "end": 1995, "id_basin": 2110, "id_municipality": 47114, "id_saica": null, "id_saih": null, "id_sheet": 374, "lat_wgs84": 41.3504, "lon_wgs84": -4.0724, "municipality": "Peñafiel", "name": "Peñafiel", "owner": null, "province": "Valladolid", "regime": "unknown", "river": "Duratón", "scale_type": null, "sheet": "PEÑAFIEL (374)", "start": 1980, "station_type": "-", "system": "Alto Duero - Riaza - Adaja - Cega", "weir": false, "weir_type": null, "x_etrs89": 406366, "y_etrs89": 4604243, "years_daily": 15, "years_instant": 19, "years_monthly": 20, "discharge": 1 }, "geometry": { "type": "Point", "coordinates": [ -4.123316361384278, 41.584394924738319 ] } },
{ "type": "Feature", "properties": { "id": 2131, "active": 1, "administration": "C.H. DUERO", "basin": "DUERO", "catch_skm": 371.0, "catch_skm_basin": 381.0, "comment": null, "elev_masl": 883.0, "elev_max_masl": null, "end": 2021, "id_basin": 2133, "id_municipality": 34135, "id_saica": null, "id_saih": null, "id_sheet": 133, "lat_wgs84": 42.4551, "lon_wgs84": -4.1448, "municipality": "Pomar de Valdivia", "name": "Villaescusa De Las Torres", "owner": "Estado", "province": "Palencia", "regime": "natural", "river": "Camesa", "scale_type": "Exterior", "sheet": "Prádanos de Ojeda (133)", "start": 2008, "station_type": "Cauce Natural", "system": "Pisuerga", "weir": false, "weir_type": null, "x_etrs89": 397885, "y_etrs89": 4735266, "years_daily": 13, "years_instant": 1, "years_monthly": 14, "discharge": 1 }, "geometry": { "type": "Point", "coordinates": [ -4.248025077175098, 42.763125462074534 ] } },
{ "type": "Feature", "properties": { "id": 2132, "active": 1, "administration": "C.H. DUERO", "basin": "DUERO", "catch_skm": 12093.0, "catch_skm_basin": 97620.0, "comment": null, "elev_masl": 721.0, "elev_max_masl": 2315.0, "end": 2021, "id_basin": 2111, "id_municipality": 47129, "id_saica": null, "id_saih": null, "id_sheet": 373, "lat_wgs84": 41.3742, "lon_wgs84": -4.2141, "municipality": "Quintanilla de Onésimo", "name": "Quintanilla De Onesimo", "owner": "Estado", "province": "Valladolid", "regime": "altered", "river": "Duero", "scale_type": "Exterior", "sheet": "Quintanilla de Onesimo (373)", "start": 1980, "station_type": "Cauce Natural", "system": "Riaza-Duratón", "weir": false, "weir_type": null, "x_etrs89": 386589, "y_etrs89": 4609419, "years_daily": 41, "years_instant": 32, "years_monthly": 46, "discharge": 1 }, "geometry": { "type": "Point", "coordinates": [ -4.361499680639565, 41.628440942362069 ] } },
{ "type": "Feature", "properties": { "id": 2133, "active": 1, "administration": "C.H. DUERO", "basin": "DUERO", "catch_skm": 1464.0, "catch_skm_basin": 15828.0, "comment": null, "elev_masl": 826.0, "elev_max_masl": 2139.0, "end": 2021, "id_basin": 2138, "id_municipality": 34083, "id_saica": null, "id_saih": null, "id_sheet": 165, "lat_wgs84": 41.5354, "lon_wgs84": -4.173, "municipality": "Herrera de Pisuerga", "name": "Herrera De Pisuerga", "owner": "Estado", "province": "Palencia", "regime": "altered", "river": "Pisuerga", "scale_type": "Exterior", "sheet": "Herrera de Pisuerga (165)", "start": 1988, "station_type": "Cauce Natural", "system": "Pisuerga", "weir": false, "weir_type": null, "x_etrs89": 392850, "y_etrs89": 4712906, "years_daily": 33, "years_instant": 20, "years_monthly": 34, "discharge": 1 }, "geometry": { "type": "Point", "coordinates": [ -4.305327614174126, 42.561125168454964 ] } },
{ "type": "Feature", "properties": { "id": 2134, "active": 1, "administration": "C.H. DUERO", "basin": "DUERO", "catch_skm": 413.0, "catch_skm_basin": 3407.0, "comment": null, "elev_masl": 1090.0, "elev_max_masl": 2497.0, "end": 2021, "id_basin": 2197, "id_municipality": 34080, "id_saica": null, "id_saih": null, "id_sheet": 132, "lat_wgs84": 42.4827, "lon_wgs84": -4.506, "municipality": "Guardo", "name": "Guardo", "owner": "Estado", "province": "Palencia", "regime": "altered", "river": "Carrión", "scale_type": "Exterior", "sheet": "Guardo (132)", "start": 1995, "station_type": "Cauce Natural", "system": "Carrión", "weir": false, "weir_type": null, "x_etrs89": 348745, "y_etrs89": 4741095, "years_daily": 26, "years_instant": 45, "years_monthly": 80, "discharge": 1 }, "geometry": { "type": "Point", "coordinates": [ -4.849908907496638, 42.807473489009645 ] } },
{ "type": "Feature", "properties": { "id": 2135, "active": 1, "administration": "C.H. DUERO", "basin": "DUERO", "catch_skm": 886.0, "catch_skm_basin": 946.0, "comment": null, "elev_masl": 740.0, "elev_max_masl": null, "end": 2021, "id_basin": 2204, "id_municipality": 34079, "id_saica": null, "id_saih": null, "id_sheet": 273, "lat_wgs84": 42.0201, "lon_wgs84": -4.3442, "municipality": "Grijota", "name": "Emisario De La Nava", "owner": "Estado", "province": "Palencia", "regime": "unknown", "river": "Valdeginate", "scale_type": "Exterior", "sheet": "Palencia (273)", "start": 2008, "station_type": "-", "system": "Carrión", "weir": false, "weir_type": null, "x_etrs89": 369249, "y_etrs89": 4654599, "years_daily": 13, "years_instant": 1, "years_monthly": 14, "discharge": 1 }, "geometry": { "type": "Point", "coordinates": [ -4.579566960679776, 42.032566837170656 ] } },
{ "type": "Feature", "properties": { "id": 2136, "active": 1, "administration": "C.H. DUERO", "basin": "DUERO", "catch_skm": 99.0, "catch_skm_basin": 101.0, "comment": null, "elev_masl": 892.0, "elev_max_masl": null, "end": 2021, "id_basin": 2132, "id_municipality": 34135, "id_saica": null, "id_saih": null, "id_sheet": 133, "lat_wgs84": 42.4602, "lon_wgs84": -4.1356, "municipality": "Pomar de Valdivia", "name": "Villallano", "owner": "Estado", "province": "Palencia", "regime": "unknown", "river": "Lucio", "scale_type": "Exterior", "sheet": "PRÁDANOS DE OJEDA (133)", "start": 2008, "station_type": "-", "system": "Pisuerga", "weir": false, "weir_type": null, "x_etrs89": 399064, "y_etrs89": 4735569, "years_daily": 13, "years_instant": 1, "years_monthly": 14, "discharge": 1 }, "geometry": { "type": "Point", "coordinates": [ -4.233673033980421, 42.766009590859028 ] } },
{ "type": "Feature", "properties": { "id": 2137, "active": 1, "administration": "C.H. DUERO", "basin": "DUERO", "catch_skm": 1088.0, "catch_skm_basin": 2409.0, "comment": null, "elev_masl": 610.0, "elev_max_masl": null, "end": 2021, "id_basin": 2370, "id_municipality": 37107, "id_saica": null, "id_saih": null, "id_sheet": 525, "lat_wgs84": 40.3614, "lon_wgs84": -6.3349, "municipality": "Ciudad Rodrigo", "name": "Ciudad Rodrigo", "owner": "Estado", "province": "Salamanca", "regime": "unknown", "river": "Águeda", "scale_type": "Exterior", "sheet": "CIUDAD RODRIGO (525)", "start": 2007, "station_type": "CAUCE NATURAL", "system": "Águeda", "weir": false, "weir_type": null, "x_etrs89": 198487, "y_etrs89": 4500879, "years_daily": 14, "years_instant": 2, "years_monthly": 15, "discharge": 1 }, "geometry": { "type": "Point", "coordinates": [ -6.563494971887347, 40.603762322575342 ] } },
{ "type": "Feature", "properties": { "id": 2138, "active": 1, "administration": "C.H. DUERO", "basin": "DUERO", "catch_skm": 276.0, "catch_skm_basin": 516.0, "comment": null, "elev_masl": 1015.0, "elev_max_masl": null, "end": 2021, "id_basin": 2290, "id_municipality": 24132, "id_saica": null, "id_saih": null, "id_sheet": 128, "lat_wgs84": 42.4605, "lon_wgs84": -5.5724, "municipality": "Riello", "name": "Castro De La Lomba", "owner": "Estado", "province": "León", "regime": "unknown", "river": "Omaña", "scale_type": "Exterior", "sheet": "RIELLO (128)", "start": 2011, "station_type": "-", "system": "Órbigo", "weir": false, "weir_type": null, "x_etrs89": 258102, "y_etrs89": 4739311, "years_daily": 10, "years_instant": 1, "years_monthly": 14, "discharge": 1 }, "geometry": { "type": "Point", "coordinates": [ -5.956573828257144, 42.768170477174621 ] } },
{ "type": "Feature", "properties": { "id": 2139, "active": 1, "administration": "C.H. DUERO", "basin": "DUERO", "catch_skm": 680.0, "catch_skm_basin": 2659.0, "comment": null, "elev_masl": 852.0, "elev_max_masl": null, "end": 2021, "id_basin": 2178, "id_municipality": 9059, "id_saica": null, "id_saih": null, "id_sheet": 200, "lat_wgs84": 42.2053, "lon_wgs84": -3.4414, "municipality": "Burgos", "name": "Burgos-Arlanzon", "owner": "Estado", "province": "Burgos", "regime": "natural", "river": "Arlanzón", "scale_type": "Exterior", "sheet": "Burgos (200)", "start": 2010, "station_type": "CAUCE NATURAL", "system": "Arlanza", "weir": false, "weir_type": null, "x_etrs89": 439282, "y_etrs89": 4688697, "years_daily": 11, "years_instant": 0, "years_monthly": 12, "discharge": 1 }, "geometry": { "type": "Point", "coordinates": [ -3.737183391844112, 42.348165929785864 ] } },
{ "type": "Feature", "properties": { "id": 2140, "active": 1, "administration": "C.H. DUERO", "basin": "DUERO", "catch_skm": 1867.0, "catch_skm_basin": 7257.0, "comment": null, "elev_masl": 827.0, "elev_max_masl": null, "end": 2021, "id_basin": 2330, "id_municipality": 37242, "id_saica": null, "id_saih": null, "id_sheet": 503, "lat_wgs84": 40.4244, "lon_wgs84": -5.3525, "municipality": "Pelayos", "name": "Salida Embalse De Santa Teresa", "owner": "Estado", "province": "Salamanca", "regime": "unknown", "river": "Tormes", "scale_type": "Exterior", "sheet": "LAS VEGUILLAS (503)", "start": 2010, "station_type": "-", "system": "Tormes", "weir": false, "weir_type": null, "x_etrs89": 281185, "y_etrs89": 4510037, "years_daily": 11, "years_instant": 0, "years_monthly": 12, "discharge": 1 }, "geometry": { "type": "Point", "coordinates": [ -5.59042690634901, 40.712200825009262 ] } },
{ "type": "Feature", "properties": { "id": 2141, "active": 1, "administration": "C.H. DUERO", "basin": "DUERO", "catch_skm": 288.0, "catch_skm_basin": 301.0, "comment": null, "elev_masl": 965.0, "elev_max_masl": null, "end": 2021, "id_basin": 2164, "id_municipality": 9269, "id_saica": null, "id_saih": null, "id_sheet": 277, "lat_wgs84": 42.0354, "lon_wgs84": -3.194, "municipality": "Pinilla de los Moros", "name": "Pinilla De Los Moros", "owner": "Estado", "province": "Burgos", "regime": "natural", "river": "Pedroso", "scale_type": "Exterior", "sheet": "Salas de los Infantes (277)", "start": 2010, "station_type": "Cauce Natural", "system": "Arlanza", "weir": false, "weir_type": null, "x_etrs89": 472885, "y_etrs89": 4657046, "years_daily": 11, "years_instant": 0, "years_monthly": 12, "discharge": 1 }, "geometry": { "type": "Point", "coordinates": [ -3.327739771981193, 42.065008119515859 ] } },
{ "type": "Feature", "properties": { "id": 2143, "active": 0, "administration": "C.H. DUERO", "basin": "DUERO", "catch_skm": 1546.0, "catch_skm_basin": 1997.0, "comment": "INT 2013                                                              ", "elev_masl": 743.0, "elev_max_masl": 1763.0, "end": 2013, "id_basin": 2283, "id_municipality": 47084, "id_saica": null, "id_saih": null, "id_sheet": 271, "lat_wgs84": 42.1013, "lon_wgs84": -5.1614, "municipality": "Mayorga", "name": "Castrobol", "owner": "ESTADO", "province": "Valladolid", "regime": "altered", "river": "Cea", "scale_type": "EXTERIOR", "sheet": "VALDERAS (271)", "start": 1980, "station_type": "CAUCE NATURAL", "system": "Esla - Valderaduey", "weir": false, "weir_type": null, "x_etrs89": 312454, "y_etrs89": 4671182, "years_daily": 33, "years_instant": 31, "years_monthly": 38, "discharge": 1 }, "geometry": { "type": "Point", "coordinates": [ -5.270571624840265, 42.170316376574526 ] } },
{ "type": "Feature", "properties": { "id": 2144, "active": 0, "administration": "C.H. DUERO", "basin": "DUERO", "catch_skm": 410.0, "catch_skm_basin": 2409.0, "comment": "INT 2009                                                              ", "elev_masl": 895.0, "elev_max_masl": 2124.0, "end": 2009, "id_basin": 2313, "id_municipality": 49166, "id_saica": null, "id_saih": null, "id_sheet": 267, "lat_wgs84": 42.0317, "lon_wgs84": -6.3758, "municipality": "Puebla de Sanabria", "name": "Cernadilla", "owner": "PARTICULAR", "province": "Zamora", "regime": "altered", "river": "Tera", "scale_type": null, "sheet": "PUEBLA DE SANABRIA (267)", "start": 1997, "station_type": "-", "system": "Esla - Valderaduey", "weir": false, "weir_type": null, "x_etrs89": 199374, "y_etrs89": 4662235, "years_daily": 12, "years_instant": 12, "years_monthly": 35, "discharge": 1 }, "geometry": { "type": "Point", "coordinates": [ -6.632834402829015, 42.054672764433292 ] } },
{ "type": "Feature", "properties": { "id": 2145, "active": 1, "administration": "C.H. DUERO", "basin": "DUERO", "catch_skm": 4959.0, "catch_skm_basin": 5039.0, "comment": null, "elev_masl": 719.0, "elev_max_masl": 2417.0, "end": 2021, "id_basin": 2309, "id_municipality": 49238, "id_saica": null, "id_saih": null, "id_sheet": 270, "lat_wgs84": 42.0218, "lon_wgs84": -5.4426, "municipality": "Villabrazaro", "name": "Manganeses De La Polvorosa", "owner": "Estado", "province": "Zamora", "regime": "unknown", "river": "Órbigo", "scale_type": "Exterior", "sheet": "Benavente (270)", "start": 2011, "station_type": "-", "system": "Órbigo", "weir": false, "weir_type": null, "x_etrs89": 273164, "y_etrs89": 4657658, "years_daily": 10, "years_instant": 13, "years_monthly": 27, "discharge": 1 }, "geometry": { "type": "Point", "coordinates": [ -5.740514858250025, 42.038257064973017 ] } },
{ "type": "Feature", "properties": { "id": 2147, "active": 1, "administration": "C.H. DUERO", "basin": "DUERO", "catch_skm": 285.0, "catch_skm_basin": 296.0, "comment": null, "elev_masl": 880.0, "elev_max_masl": null, "end": 2021, "id_basin": 2266, "id_municipality": 24151, "id_saica": null, "id_saih": null, "id_sheet": 130, "lat_wgs84": 42.4232, "lon_wgs84": -5.2239, "municipality": "Santa Colomba de Curueño", "name": "Ambasaguas", "owner": "Estado", "province": "León", "regime": "natural", "river": "Curueño", "scale_type": "Exterior", "sheet": "Vegas del Condado (130)", "start": 2010, "station_type": "Cauce Natural", "system": "Esla - Valderaduey", "weir": false, "weir_type": null, "x_etrs89": 305306, "y_etrs89": 4731243, "years_daily": 11, "years_instant": 0, "years_monthly": 12, "discharge": 1 }, "geometry": { "type": "Point", "coordinates": [ -5.377394997835459, 42.709016970082644 ] } },
{ "type": "Feature", "properties": { "id": 2148, "active": 0, "administration": "C.H. DUERO", "basin": "DUERO", "catch_skm": 3546.0, "catch_skm_basin": 3558.0, "comment": "INT 2012                                                              ", "elev_masl": 630.0, "elev_max_masl": 1100.0, "end": 2012, "id_basin": 2258, "id_municipality": 49275, "id_saica": null, "id_saih": null, "id_sheet": 369, "lat_wgs84": 41.321, "lon_wgs84": -5.4155, "municipality": "Zamora", "name": "Villagodio-2", "owner": "ESTADO", "province": "Zamora", "regime": "natural", "river": "Valderaduey", "scale_type": "EXTERIOR", "sheet": "CORESES (369)", "start": 2001, "station_type": "CAUCE NATURAL", "system": "Pisuerga - Carrión - Arlanza - Duero Inferior", "weir": false, "weir_type": null, "x_etrs89": 274871, "y_etrs89": 4601798, "years_daily": 11, "years_instant": 18, "years_monthly": 23, "discharge": 1 }, "geometry": { "type": "Point", "coordinates": [ -5.698738801210956, 41.536179869441298 ] } },
{ "type": "Feature", "properties": { "id": 2149, "active": 0, "administration": "C.H. DUERO", "basin": "DUERO", "catch_skm": 255.0, "catch_skm_basin": 294.0, "comment": "INT 2013                                                              ", "elev_masl": 826.0, "elev_max_masl": 1012.0, "end": 2013, "id_basin": 2331, "id_municipality": 37134, "id_saica": null, "id_saih": null, "id_sheet": 503, "lat_wgs84": 40.423, "lon_wgs84": -5.362, "municipality": "Fresno - Alhándiga", "name": "Fresno-Alhandiga", "owner": "ESTADO", "province": "Salamanca", "regime": "natural", "river": "Alhándiga", "scale_type": "EXTERIOR", "sheet": "LAS VEGUILLAS (503)", "start": 1988, "station_type": "ENCAUZAMIENTO SIN CANAL DE AGUAS BAJAS", "system": "Tormes - Águeda", "weir": false, "weir_type": null, "x_etrs89": 279901, "y_etrs89": 4509633, "years_daily": 25, "years_instant": 20, "years_monthly": 26, "discharge": 1 }, "geometry": { "type": "Point", "coordinates": [ -5.60547072751779, 40.708223090383939 ] } },
{ "type": "Feature", "properties": { "id": 2150, "active": 1, "administration": "C.H. DUERO", "basin": "DUERO", "catch_skm": 222.0, "catch_skm_basin": 482.0, "comment": null, "elev_masl": 986.0, "elev_max_masl": 2043.0, "end": 2021, "id_basin": 2276, "id_municipality": 24098, "id_saica": null, "id_saih": null, "id_sheet": 103, "lat_wgs84": 42.4925, "lon_wgs84": -5.3028, "municipality": "Matallana", "name": "Pardave", "owner": "Estado", "province": "León", "regime": "natural", "river": "Torío", "scale_type": "Exterior", "sheet": "La Pola de Gordón (103)", "start": 2000, "station_type": "AZUD EN CAUCE NATURAL", "system": "Esla - Valderaduey", "weir": true, "weir_type": null, "x_etrs89": 294993, "y_etrs89": 4744271, "years_daily": 21, "years_instant": 9, "years_monthly": 22, "discharge": 1 }, "geometry": { "type": "Point", "coordinates": [ -5.507938630594677, 42.823545603845666 ] } },
{ "type": "Feature", "properties": { "id": 2151, "active": 1, "administration": "C.H. DUERO", "basin": "DUERO", "catch_skm": 48.0, "catch_skm_basin": 48.0, "comment": null, "elev_masl": 994.0, "elev_max_masl": null, "end": 2021, "id_basin": 2968, "id_municipality": 24060, "id_saica": null, "id_saih": null, "id_sheet": 105, "lat_wgs84": 42.5546, "lon_wgs84": -5.0653, "municipality": "Crémenes", "name": "Cremenes", "owner": "Estado", "province": "León", "regime": "unknown", "river": "Dueñas", "scale_type": "Exterior", "sheet": "Riaño (105)", "start": 2011, "station_type": "CAUCE NATURAL", "system": "Esla - Valderaduey", "weir": false, "weir_type": null, "x_etrs89": 327436, "y_etrs89": 4755157, "years_daily": 10, "years_instant": 0, "years_monthly": 11, "discharge": 1 }, "geometry": { "type": "Point", "coordinates": [ -5.114681589993846, 42.929514260210404 ] } },
{ "type": "Feature", "properties": { "id": 2152, "active": 0, "administration": "C.H. DUERO", "basin": "DUERO", "catch_skm": 343.0, "catch_skm_basin": 1174.0, "comment": "INT 1996                                                              ", "elev_masl": 940.0, "elev_max_masl": 2181.0, "end": 1996, "id_basin": 2275, "id_municipality": 24134, "id_saica": null, "id_saih": null, "id_sheet": 129, "lat_wgs84": 42.482, "lon_wgs84": -5.3801, "municipality": "La Robla", "name": "Robla, La", "owner": null, "province": "León", "regime": "unknown", "river": "Bernesga", "scale_type": null, "sheet": "LA ROBLA (129)", "start": 1989, "station_type": "-", "system": "Esla - Valderaduey", "weir": false, "weir_type": null, "x_etrs89": 284661, "y_etrs89": 4742599, "years_daily": 7, "years_instant": 7, "years_monthly": 8, "discharge": 1 }, "geometry": { "type": "Point", "coordinates": [ -5.633568463572261, 42.805667493011534 ] } },
{ "type": "Feature", "properties": { "id": 2153, "active": 1, "administration": "C.H. DUERO", "basin": "DUERO", "catch_skm": 32.0, "catch_skm_basin": 79.0, "comment": null, "elev_masl": 1022.0, "elev_max_masl": null, "end": 2021, "id_basin": 2055, "id_municipality": 42045, "id_saica": null, "id_saih": null, "id_sheet": 348, "lat_wgs84": 41.435, "lon_wgs84": -2.5127, "municipality": "Cabrejas del Pinar", "name": "Fuentona, La", "owner": "Estado", "province": "Soria", "regime": "unknown", "river": "Abión", "scale_type": "Exterior", "sheet": "Fuentearmegil (348)", "start": 2013, "station_type": "Cauce Natural", "system": "Alto Duero", "weir": false, "weir_type": null, "x_etrs89": 511842, "y_etrs89": 4619857, "years_daily": 8, "years_instant": 0, "years_monthly": 9, "discharge": 1 }, "geometry": { "type": "Point", "coordinates": [ -2.857610498388433, 41.730432918825727 ] } },
{ "type": "Feature", "properties": { "id": 2154, "active": 1, "administration": "C.H. DUERO", "basin": "DUERO", "catch_skm": 366.0, "catch_skm_basin": 1035.0, "comment": null, "elev_masl": 959.0, "elev_max_masl": null, "end": 2021, "id_basin": 2054, "id_municipality": 42189, "id_saica": null, "id_saih": null, "id_sheet": 348, "lat_wgs84": 41.4301, "lon_wgs84": -3.0301, "municipality": "Ucero", "name": "Ucero", "owner": "Estado", "province": "Soria", "regime": "unknown", "river": "Ucero", "scale_type": "Exterior", "sheet": "Fuentearmegil (348)", "start": 2013, "station_type": "Cauce Natural", "system": "Alto Duero", "weir": false, "weir_type": null, "x_etrs89": 495809, "y_etrs89": 4618354, "years_daily": 8, "years_instant": 0, "years_monthly": 9, "discharge": 1 }, "geometry": { "type": "Point", "coordinates": [ -3.050382530852844, 41.716972419107769 ] } },
{ "type": "Feature", "properties": { "id": 2155, "active": 1, "administration": "C.H. DUERO", "basin": "DUERO", "catch_skm": 494.0, "catch_skm_basin": 656.0, "comment": null, "elev_masl": 695.0, "elev_max_masl": null, "end": 2021, "id_basin": 2321, "id_municipality": 49233, "id_saica": null, "id_saih": null, "id_sheet": 339, "lat_wgs84": 41.4201, "lon_wgs84": -6.071, "municipality": "Vegalatrave", "name": "Vegalatrave", "owner": null, "province": "Zamora", "regime": "natural", "river": "Aliste", "scale_type": "Exterior", "sheet": "Moreruela de Tábara (339)", "start": 2014, "station_type": null, "system": "Aliste-Tera", "weir": false, "weir_type": null, "x_etrs89": 240420, "y_etrs89": 4621210, "years_daily": 7, "years_instant": 0, "years_monthly": 8, "discharge": 1 }, "geometry": { "type": "Point", "coordinates": [ -6.119583483380878, 41.700343033276432 ] } },
{ "type": "Feature", "properties": { "id": 2156, "active": 1, "administration": "C.H. DUERO", "basin": "DUERO", "catch_skm": 781.0, "catch_skm_basin": 1383.0, "comment": null, "elev_masl": 804.0, "elev_max_masl": null, "end": 2021, "id_basin": 2300, "id_municipality": 24131, "id_saica": null, "id_saih": null, "id_sheet": 193, "lat_wgs84": 42.24, "lon_wgs84": -5.5709, "municipality": "Riego de la Vega", "name": "San Felix De La Vega", "owner": "Estado", "province": "León", "regime": "unknown", "river": "Tuerto", "scale_type": "Exterior", "sheet": "Astorga (193)", "start": 2010, "station_type": "Encauzamiento con Canal de Aguas Bajas", "system": "Órbigo", "weir": true, "weir_type": null, "x_etrs89": 257016, "y_etrs89": 4698412, "years_daily": 11, "years_instant": 0, "years_monthly": 12, "discharge": 1 }, "geometry": { "type": "Point", "coordinates": [ -5.952407106684423, 42.399993863339219 ] } },
{ "type": "Feature", "properties": { "id": 2157, "active": 1, "administration": "C.H. DUERO", "basin": "DUERO", "catch_skm": 14.0, "catch_skm_basin": 16.0, "comment": null, "elev_masl": 1047.0, "elev_max_masl": null, "end": 2021, "id_basin": 2967, "id_municipality": 24060, "id_saica": null, "id_saih": null, "id_sheet": 105, "lat_wgs84": 42.5534, "lon_wgs84": -5.0447, "municipality": "Cremenes", "name": "Remolina", "owner": null, "province": "León", "regime": "natural", "river": "Remolina", "scale_type": "Exterior", "sheet": "Riaño (105)", "start": 2015, "station_type": null, "system": "Esla - Valderaduey", "weir": false, "weir_type": null, "x_etrs89": 330273, "y_etrs89": 4754699, "years_daily": 6, "years_instant": 0, "years_monthly": 7, "discharge": 1 }, "geometry": { "type": "Point", "coordinates": [ -5.079799479318099, 42.926029407208524 ] } },
{ "type": "Feature", "properties": { "id": 2158, "active": 1, "administration": "C.H. DUERO", "basin": "DUERO", "catch_skm": 1246.0, "catch_skm_basin": 5275.0, "comment": null, "elev_masl": 808.0, "elev_max_masl": null, "end": 2021, "id_basin": 2214, "id_municipality": 5016, "id_saica": null, "id_saih": null, "id_sheet": 455, "lat_wgs84": 41.0156, "lon_wgs84": -4.4216, "municipality": "Arévalo", "name": "Arevalo", "owner": null, "province": "Ávila", "regime": "altered", "river": "Adaja", "scale_type": "Exterior", "sheet": "Arévalo (455)", "start": 2014, "station_type": null, "system": "Cega-Eresma-Adaja", "weir": false, "weir_type": null, "x_etrs89": 356715, "y_etrs89": 4543740, "years_daily": 7, "years_instant": 0, "years_monthly": 8, "discharge": 1 }, "geometry": { "type": "Point", "coordinates": [ -4.704511208711174, 41.032281298489529 ] } },
{ "type": "Feature", "properties": { "id": 2159, "active": 1, "administration": "C.H. DUERO", "basin": "DUERO", "catch_skm": 328.0, "catch_skm_basin": 350.0, "comment": null, "elev_masl": 839.0, "elev_max_masl": null, "end": 2021, "id_basin": 2179, "id_municipality": 9907, "id_saica": null, "id_saih": null, "id_sheet": 200, "lat_wgs84": 42.2317, "lon_wgs84": -3.4343, "municipality": "Alfoz de Quintanadueñas", "name": "Quintanadueñas", "owner": null, "province": "Burgos", "regime": "natural", "river": "Ubierna", "scale_type": "Exterior", "sheet": "Burgos (200)", "start": 2014, "station_type": null, "system": "Arlanza", "weir": false, "weir_type": null, "x_etrs89": 440036, "y_etrs89": 4693124, "years_daily": 7, "years_instant": 0, "years_monthly": 8, "discharge": 1 }, "geometry": { "type": "Point", "coordinates": [ -3.728490243526275, 42.388091141274991 ] } },
{ "type": "Feature", "properties": { "id": 2160, "active": 1, "administration": "C.H. DUERO", "basin": "DUERO", "catch_skm": 196.0, "catch_skm_basin": 272.0, "comment": null, "elev_masl": 411.0, "elev_max_masl": null, "end": 2021, "id_basin": 2386, "id_municipality": 32021, "id_saica": null, "id_saih": null, "id_sheet": 303, "lat_wgs84": 41.5942, "lon_wgs84": -7.2632, "municipality": "Castrelo do Val", "name": "Castrelo Do Val", "owner": "Estado", "province": "Orense", "regime": "natural", "river": "Támega", "scale_type": "Exterior", "sheet": "Verín (303)", "start": 2015, "station_type": "Cauce Natural", "system": "Támega - Manzanas", "weir": false, "weir_type": null, "x_etrs89": 132035, "y_etrs89": 4658757, "years_daily": 6, "years_instant": 0, "years_monthly": 7, "discharge": 1 }, "geometry": { "type": "Point", "coordinates": [ -7.44224562146088, 41.994837167729507 ] } },
{ "type": "Feature", "properties": { "id": 2161, "active": 1, "administration": "C.H. DUERO", "basin": "DUERO", "catch_skm": 1125.0, "catch_skm_basin": 1450.0, "comment": null, "elev_masl": 809.0, "elev_max_masl": 2262.0, "end": 2021, "id_basin": 2110, "id_municipality": 40092, "id_saica": null, "id_saih": null, "id_sheet": 402, "lat_wgs84": 41.2602, "lon_wgs84": -3.5803, "municipality": "Fuentidueña", "name": "Salida Embalse De Las Vencias", "owner": "Estado", "province": "Segovia", "regime": "altered", "river": "Duratón", "scale_type": "Exterior", "sheet": "Olombrada (402)", "start": 1993, "station_type": "Azud en Cauce Natural", "system": "Riaza-Duratón", "weir": true, "weir_type": null, "x_etrs89": 419163, "y_etrs89": 4587391, "years_daily": 28, "years_instant": 21, "years_monthly": 35, "discharge": 1 }, "geometry": { "type": "Point", "coordinates": [ -3.967552416413993, 41.434020693410496 ] } },
{ "type": "Feature", "properties": { "id": 2162, "active": 1, "administration": "C.H. DUERO", "basin": "DUERO", "catch_skm": 1717.0, "catch_skm_basin": 97620.0, "comment": null, "elev_masl": 977.0, "elev_max_masl": 2315.0, "end": 2021, "id_basin": 2023, "id_municipality": 42149, "id_saica": null, "id_saih": null, "id_sheet": 350, "lat_wgs84": 41.3948, "lon_wgs84": -2.2336, "municipality": "Los Rábanos", "name": "Tardajos De Duero", "owner": "Estado", "province": "Soria", "regime": "altered", "river": "Duero", "scale_type": "Exterior", "sheet": "Soria (350)", "start": 1997, "station_type": "Cauce Natural", "system": "Alto Duero", "weir": false, "weir_type": null, "x_etrs89": 550511, "y_etrs89": 4612568, "years_daily": 24, "years_instant": 14, "years_monthly": 28, "discharge": 1 }, "geometry": { "type": "Point", "coordinates": [ -2.39328306364655, 41.663266753763928 ] } },
{ "type": "Feature", "properties": { "id": 2163, "active": 1, "administration": "C.H. DUERO", "basin": "DUERO", "catch_skm": 2959.0, "catch_skm_basin": 97620.0, "comment": null, "elev_masl": 935.0, "elev_max_masl": null, "end": 2021, "id_basin": 2029, "id_municipality": 42020, "id_saica": null, "id_saih": null, "id_sheet": 407, "lat_wgs84": 41.2959, "lon_wgs84": -2.3037, "municipality": "Almazán", "name": "Almazan", "owner": "Estado", "province": "Soria", "regime": "altered", "river": "Duero", "scale_type": "Exterior", "sheet": "Morón de Almazán (407)", "start": 1997, "station_type": "Cauce Natural", "system": "Alto Duero", "weir": false, "weir_type": null, "x_etrs89": 540875, "y_etrs89": 4594335, "years_daily": 24, "years_instant": 12, "years_monthly": 25, "discharge": 1 }, "geometry": { "type": "Point", "coordinates": [ -2.510264475282717, 41.499594885010175 ] } },
{ "type": "Feature", "properties": { "id": 2164, "active": 1, "administration": "C.H. DUERO", "basin": "DUERO", "catch_skm": 375.0, "catch_skm_basin": 2409.0, "comment": null, "elev_masl": 1015.0, "elev_max_masl": null, "end": 2021, "id_basin": 2016, "id_municipality": 42094, "id_saica": null, "id_saih": null, "id_sheet": 350, "lat_wgs84": 41.4945, "lon_wgs84": -2.2713, "municipality": null, "name": "Tardesillas", "owner": null, "province": "SORIA, PROVINCIA / 42", "regime": "natural", "river": "Tera", "scale_type": null, "sheet": null, "start": 2017, "station_type": null, "system": "Alto Duero", "weir": false, "weir_type": null, "x_etrs89": 545382, "y_etrs89": 4630951, "years_daily": 4, "years_instant": 0, "years_monthly": 5, "discharge": 1 }, "geometry": { "type": "Point", "coordinates": [ -2.45348526762599, 41.829144818301614 ] } },
{ "type": "Feature", "properties": { "id": 2500, "active": 1, "administration": "C.H. DUERO", "basin": "DUERO", "catch_skm": 856.0, "catch_skm_basin": 5275.0, "comment": null, "elev_masl": 1000.0, "elev_max_masl": null, "end": 2021, "id_basin": 2214, "id_municipality": 5049, "id_saica": null, "id_saih": null, "id_sheet": 506, "lat_wgs84": 40.4335, "lon_wgs84": -4.414, "municipality": "Cardeñosa", "name": "Salida Emb Castro De Las Cogotas", "owner": null, "province": "Ávila", "regime": "altered", "river": "Adaja", "scale_type": "Exterior", "sheet": "Cardeñosa (506)", "start": 2014, "station_type": null, "system": "Cega-Eresma-Adaja", "weir": false, "weir_type": null, "x_etrs89": 356899, "y_etrs89": 4509771, "years_daily": 7, "years_instant": 0, "years_monthly": 8, "discharge": 1 }, "geometry": { "type": "Point", "coordinates": [ -4.694502746725786, 40.726441076458556 ] } },
{ "type": "Feature", "properties": { "id": 2501, "active": 1, "administration": "C.H. DUERO", "basin": "DUERO", "catch_skm": 166.0, "catch_skm_basin": 178.0, "comment": null, "elev_masl": 670.0, "elev_max_masl": null, "end": 2021, "id_basin": 2369, "id_municipality": 37378, "id_saica": null, "id_saih": null, "id_sheet": 526, "lat_wgs84": 40.2929, "lon_wgs84": -6.2658, "municipality": "Zamarra", "name": "Zamarra", "owner": "Estado", "province": "Salamanca", "regime": "unknown", "river": "Agadón", "scale_type": "Exterior", "sheet": "Serradilla del Arroyo (526)", "start": 2013, "station_type": null, "system": "Águeda", "weir": false, "weir_type": null, "x_etrs89": 207650, "y_etrs89": 4488020, "years_daily": 8, "years_instant": 0, "years_monthly": 9, "discharge": 1 }, "geometry": { "type": "Point", "coordinates": [ -6.449444736658255, 40.491415766156223 ] } },
{ "type": "Feature", "properties": { "id": 2502, "active": 1, "administration": "C.H. DUERO", "basin": "DUERO", "catch_skm": 263.0, "catch_skm_basin": 2409.0, "comment": null, "elev_masl": 780.0, "elev_max_masl": null, "end": 2021, "id_basin": 2362, "id_municipality": 37269, "id_saica": null, "id_saih": null, "id_sheet": 550, "lat_wgs84": 40.2148, "lon_wgs84": -6.4033, "municipality": "Robleda", "name": "Robleda", "owner": "Estado", "province": "Salamanca", "regime": "natural", "river": "Águeda", "scale_type": "Exterior", "sheet": "Fuenteguinaldo (550)", "start": 2014, "station_type": null, "system": "Águeda", "weir": false, "weir_type": null, "x_etrs89": 187860, "y_etrs89": 4474558, "years_daily": 7, "years_instant": 0, "years_monthly": 8, "discharge": 1 }, "geometry": { "type": "Point", "coordinates": [ -6.675900824839355, 40.363185136927903 ] } },
{ "type": "Feature", "properties": { "id": 2503, "active": 1, "administration": "C.H. DUERO", "basin": "DUERO", "catch_skm": 468.0, "catch_skm_basin": 2409.0, "comment": null, "elev_masl": 710.0, "elev_max_masl": null, "end": 2021, "id_basin": 2364, "id_municipality": 37303, "id_saica": null, "id_saih": null, "id_sheet": 550, "lat_wgs84": 40.2641, "lon_wgs84": -6.3428, "municipality": "El Sahugo", "name": "Salida Embalse De Irueña", "owner": "Estado", "province": "Salamanca", "regime": "unknown", "river": "Águeda", "scale_type": "Exterior", "sheet": "FUENTEGUINALDO (550)", "start": 2013, "station_type": null, "system": "Águeda", "weir": false, "weir_type": null, "x_etrs89": 196850, "y_etrs89": 4483270, "years_daily": 8, "years_instant": 0, "years_monthly": 9, "discharge": 1 }, "geometry": { "type": "Point", "coordinates": [ -6.574374957941813, 40.444834959751148 ] } },
{ "type": "Feature", "properties": { "id": 2505, "active": 1, "administration": "C.H. DUERO", "basin": "DUERO", "catch_skm": 1609.0, "catch_skm_basin": 2409.0, "comment": null, "elev_masl": 590.0, "elev_max_masl": null, "end": 2021, "id_basin": 2372, "id_municipality": 37272, "id_saica": null, "id_saih": null, "id_sheet": 525, "lat_wgs84": 40.386, "lon_wgs84": -6.3941, "municipality": "Saelices el Chico", "name": "Saelices El Chico", "owner": "Estado", "province": "Salamanca", "regime": "unknown", "river": "Águeda", "scale_type": "Exterior", "sheet": "CIUDAD RODRIGO (525)", "start": 2013, "station_type": null, "system": "Águeda", "weir": false, "weir_type": null, "x_etrs89": 190425, "y_etrs89": 4506336, "years_daily": 8, "years_instant": 0, "years_monthly": 9, "discharge": 1 }, "geometry": { "type": "Point", "coordinates": [ -6.661276939834902, 40.649845935663265 ] } },
{ "type": "Feature", "properties": { "id": 2508, "active": 1, "administration": "C.H. DUERO", "basin": "DUERO", "catch_skm": 59.0, "catch_skm_basin": 2659.0, "comment": null, "elev_masl": 1160.0, "elev_max_masl": null, "end": 2021, "id_basin": 2170, "id_municipality": 9266, "id_saica": null, "id_saih": null, "id_sheet": 239, "lat_wgs84": 42.1332, "lon_wgs84": -3.1817, "municipality": "Pineda de la Sierra", "name": "Pineda De La Sierra", "owner": "Estado", "province": "Burgos", "regime": "unknown", "river": "Arlanzón", "scale_type": "Exterior", "sheet": "PRADOLUENGO (239)", "start": 2013, "station_type": null, "system": "Arlanza", "weir": false, "weir_type": null, "x_etrs89": 474856, "y_etrs89": 4674854, "years_daily": 8, "years_instant": 0, "years_monthly": 9, "discharge": 1 }, "geometry": { "type": "Point", "coordinates": [ -3.304684630188147, 42.225458076200539 ] } },
{ "type": "Feature", "properties": { "id": 2510, "active": 1, "administration": "C.H. DUERO", "basin": "DUERO", "catch_skm": 406.0, "catch_skm_basin": 1174.0, "comment": null, "elev_masl": 920.0, "elev_max_masl": null, "end": 2021, "id_basin": 2275, "id_municipality": 24061, "id_saica": null, "id_saih": null, "id_sheet": 129, "lat_wgs84": 42.4535, "lon_wgs84": -5.381, "municipality": "Cuadros", "name": "Cascantes", "owner": "Estado", "province": "León", "regime": "unknown", "river": "Bernesga", "scale_type": "Exterior", "sheet": "LA ROBLA (129)", "start": 2013, "station_type": null, "system": "Esla - Valderaduey", "weir": false, "weir_type": null, "x_etrs89": 284291, "y_etrs89": 4737494, "years_daily": 8, "years_instant": 0, "years_monthly": 9, "discharge": 1 }, "geometry": { "type": "Point", "coordinates": [ -5.636138404537285, 42.759639411822377 ] } },
{ "type": "Feature", "properties": { "id": 2511, "active": 1, "administration": "C.H. DUERO", "basin": "DUERO", "catch_skm": 45.0, "catch_skm_basin": 64.0, "comment": null, "elev_masl": 1300.0, "elev_max_masl": null, "end": 2021, "id_basin": 2195, "id_municipality": 34199, "id_saica": null, "id_saih": null, "id_sheet": 106, "lat_wgs84": 42.5604, "lon_wgs84": -4.4537, "municipality": "Velilla de Río Carrión", "name": "Cardaño De Arriba", "owner": "Estado", "province": "Palencia", "regime": "unknown", "river": "Cardaño", "scale_type": "Exterior", "sheet": "Camporredondo de Alba (106)", "start": 2013, "station_type": null, "system": "Carrión", "weir": false, "weir_type": null, "x_etrs89": 356368, "y_etrs89": 4755037, "years_daily": 8, "years_instant": 0, "years_monthly": 9, "discharge": 1 }, "geometry": { "type": "Point", "coordinates": [ -4.760284266205675, 42.93443404181015 ] } },
{ "type": "Feature", "properties": { "id": 2512, "active": 1, "administration": "C.H. DUERO", "basin": "DUERO", "catch_skm": 118.0, "catch_skm_basin": 3407.0, "comment": null, "elev_masl": 1295.0, "elev_max_masl": null, "end": 2021, "id_basin": 2195, "id_municipality": 34185, "id_saica": null, "id_saih": null, "id_sheet": 106, "lat_wgs84": 42.5545, "lon_wgs84": -4.403, "municipality": "Triollo", "name": "Triollo", "owner": "Estado", "province": "Palencia", "regime": "unknown", "river": "Carrión", "scale_type": "Exterior", "sheet": "Camporredondo de Alba (106)", "start": 2013, "station_type": null, "system": "Carrión", "weir": false, "weir_type": null, "x_etrs89": 363308, "y_etrs89": 4754321, "years_daily": 8, "years_instant": 0, "years_monthly": 9, "discharge": 1 }, "geometry": { "type": "Point", "coordinates": [ -4.67509269529081, 42.929265187476503 ] } },
{ "type": "Feature", "properties": { "id": 2514, "active": 1, "administration": "C.H. DUERO", "basin": "DUERO", "catch_skm": 26.0, "catch_skm_basin": 98.0, "comment": null, "elev_masl": 1250.0, "elev_max_masl": null, "end": 2021, "id_basin": 2274, "id_municipality": 24901, "id_saica": null, "id_saih": null, "id_sheet": 103, "lat_wgs84": 42.5525, "lon_wgs84": -5.4541, "municipality": "Villamanín", "name": "Salida Del Embalse De Casares", "owner": null, "province": "León", "regime": "altered", "river": "Casares", "scale_type": "Exterior", "sheet": "La Pola de Gordón (103)", "start": 2014, "station_type": null, "system": "Esla - Valderaduey", "weir": false, "weir_type": null, "x_etrs89": 274641, "y_etrs89": 4756045, "years_daily": 7, "years_instant": 0, "years_monthly": 8, "discharge": 1 }, "geometry": { "type": "Point", "coordinates": [ -5.761365555523539, 42.923729560007537 ] } },
{ "type": "Feature", "properties": { "id": 2516, "active": 1, "administration": "C.H. DUERO", "basin": "DUERO", "catch_skm": 1819.0, "catch_skm_basin": 2015.0, "comment": null, "elev_masl": 718.0, "elev_max_masl": null, "end": 2021, "id_basin": 2283, "id_municipality": 24181, "id_saica": null, "id_saih": null, "id_sheet": 271, "lat_wgs84": 42.0454, "lon_wgs84": -5.2744, "municipality": "Valderas", "name": "Valderas", "owner": "Estado", "province": "León", "regime": "unknown", "river": "Cea", "scale_type": "Exterior", "sheet": "VALDERAS (271)", "start": 2013, "station_type": null, "system": "Esla - Valderaduey", "weir": false, "weir_type": null, "x_etrs89": 296338, "y_etrs89": 4661768, "years_daily": 8, "years_instant": 0, "years_monthly": 9, "discharge": 1 }, "geometry": { "type": "Point", "coordinates": [ -5.462231846375138, 42.081581959289231 ] } },
{ "type": "Feature", "properties": { "id": 2517, "active": 1, "administration": "C.H. DUERO", "basin": "DUERO", "catch_skm": 576.0, "catch_skm_basin": 2525.0, "comment": null, "elev_masl": 820.0, "elev_max_masl": null, "end": 2021, "id_basin": 2112, "id_municipality": 40004, "id_saica": null, "id_saih": null, "id_sheet": 430, "lat_wgs84": 41.1626, "lon_wgs84": -4.0536, "municipality": "Aguilafuente", "name": "Aguilafuente", "owner": "Estado", "province": "Segovia", "regime": "unknown", "river": "Cega", "scale_type": "Exterior", "sheet": "CANTALEJO (430)", "start": 2013, "station_type": null, "system": "Cega-Eresma-Adaja", "weir": false, "weir_type": null, "x_etrs89": 408427, "y_etrs89": 4569724, "years_daily": 8, "years_instant": 0, "years_monthly": 9, "discharge": 1 }, "geometry": { "type": "Point", "coordinates": [ -4.093366362356385, 41.273758670773525 ] } },
{ "type": "Feature", "properties": { "id": 2518, "active": 1, "administration": "C.H. DUERO", "basin": "DUERO", "catch_skm": 2250.0, "catch_skm_basin": 2525.0, "comment": null, "elev_masl": 720.0, "elev_max_masl": null, "end": 2021, "id_basin": 2116, "id_municipality": 47087, "id_saica": null, "id_saih": null, "id_sheet": 400, "lat_wgs84": 41.2458, "lon_wgs84": -4.3418, "municipality": "Megeces", "name": "Megeces", "owner": "Estado", "province": "Valladolid", "regime": "unknown", "river": "Cega", "scale_type": "Exterior", "sheet": "PORTILLO (400)", "start": 2013, "station_type": null, "system": "Cega-Eresma-Adaja", "weir": false, "weir_type": null, "x_etrs89": 368662, "y_etrs89": 4586138, "years_daily": 8, "years_instant": 0, "years_monthly": 9, "discharge": 1 }, "geometry": { "type": "Point", "coordinates": [ -4.571559377492925, 41.416068520755083 ] } },
{ "type": "Feature", "properties": { "id": 2519, "active": 1, "administration": "C.H. DUERO", "basin": "DUERO", "catch_skm": 145.0, "catch_skm_basin": 302.0, "comment": null, "elev_masl": 1060.0, "elev_max_masl": null, "end": 2021, "id_basin": 2301, "id_municipality": 24090, "id_saica": null, "id_saih": null, "id_sheet": 192, "lat_wgs84": 42.2227, "lon_wgs84": -6.1719, "municipality": "Lucillo", "name": "Boisan", "owner": "Estado", "province": "León", "regime": "unknown", "river": "Duerna", "scale_type": "Exterior", "sheet": "LUCILLO (192)", "start": 2013, "station_type": null, "system": "Órbigo", "weir": false, "weir_type": null, "x_etrs89": 229240, "y_etrs89": 4696558, "years_daily": 8, "years_instant": 0, "years_monthly": 9, "discharge": 1 }, "geometry": { "type": "Point", "coordinates": [ -6.288519432548428, 42.374141587799976 ] } },
{ "type": "Feature", "properties": { "id": 2520, "active": 1, "administration": "C.H. DUERO", "basin": "DUERO", "catch_skm": 248.0, "catch_skm_basin": 302.0, "comment": null, "elev_masl": 915.0, "elev_max_masl": null, "end": 2021, "id_basin": 2301, "id_municipality": 24044, "id_saica": null, "id_saih": null, "id_sheet": 231, "lat_wgs84": 42.1928, "lon_wgs84": -6.0848, "municipality": "Castrillo de la Valduerna", "name": "Velilla De La Valduerna", "owner": "Estado", "province": "León", "regime": "unknown", "river": "Duerna", "scale_type": "Exterior", "sheet": "LA BAÑEZA (231)", "start": 2013, "station_type": null, "system": "Órbigo", "weir": false, "weir_type": null, "x_etrs89": 240710, "y_etrs89": 4690609, "years_daily": 8, "years_instant": 0, "years_monthly": 9, "discharge": 1 }, "geometry": { "type": "Point", "coordinates": [ -6.146746929260952, 42.324554739588606 ] } },
{ "type": "Feature", "properties": { "id": 2522, "active": 1, "administration": "C.H. DUERO", "basin": "DUERO", "catch_skm": 7323.0, "catch_skm_basin": 97620.0, "comment": null, "elev_masl": 795.0, "elev_max_masl": null, "end": 2021, "id_basin": 2067, "id_municipality": 9400, "id_saica": null, "id_saih": null, "id_sheet": 375, "lat_wgs84": 41.3839, "lon_wgs84": -3.3425, "municipality": "Vadocondes", "name": "Vadocondes", "owner": "Estado", "province": "Burgos", "regime": "unknown", "river": "Duero", "scale_type": "Exterior", "sheet": "FUENTELCESPED (375)", "start": 2013, "station_type": null, "system": "Alto Duero", "weir": false, "weir_type": null, "x_etrs89": 452240, "y_etrs89": 4610443, "years_daily": 8, "years_instant": 0, "years_monthly": 9, "discharge": 1 }, "geometry": { "type": "Point", "coordinates": [ -3.573504915208535, 41.644297059014797 ] } },
{ "type": "Feature", "properties": { "id": 2524, "active": 1, "administration": "C.H. DUERO", "basin": "DUERO", "catch_skm": 75163.0, "catch_skm_basin": 97620.0, "comment": null, "elev_masl": 133.0, "elev_max_masl": null, "end": 2021, "id_basin": 2357, "id_municipality": 37160, "id_saica": null, "id_saih": null, "id_sheet": 449, "lat_wgs84": 41.0152, "lon_wgs84": -6.4914, "municipality": "Hinojosa de Duero", "name": "Saucelle-Duero", "owner": "Estado", "province": "Salamanca", "regime": "altered", "river": "Duero", "scale_type": "Exterior", "sheet": "Vilvestre (449)", "start": 2015, "station_type": "Cauce Natural", "system": "Bajo Duero", "weir": false, "weir_type": null, "x_etrs89": 178790, "y_etrs89": 4549236, "years_daily": 6, "years_instant": 0, "years_monthly": 7, "discharge": 1 }, "geometry": { "type": "Point", "coordinates": [ -6.820708194032067, 41.031012630670205 ] } },
{ "type": "Feature", "properties": { "id": 2525, "active": 1, "administration": "C.H. DUERO", "basin": "DUERO", "catch_skm": 80.0, "catch_skm_basin": 2968.0, "comment": null, "elev_masl": 1120.0, "elev_max_masl": null, "end": 2021, "id_basin": 2217, "id_municipality": 40181, "id_saica": null, "id_saih": null, "id_sheet": 483, "lat_wgs84": 40.5325, "lon_wgs84": -4.012, "municipality": "San Ildefonso", "name": "Valsain", "owner": "Estado", "province": "Segovia", "regime": "unknown", "river": "Eresma", "scale_type": "Exterior", "sheet": "SEGOVIA (483)", "start": 2013, "station_type": null, "system": "Cega-Eresma-Adaja", "weir": false, "weir_type": null, "x_etrs89": 413891, "y_etrs89": 4527070, "years_daily": 8, "years_instant": 0, "years_monthly": 9, "discharge": 1 }, "geometry": { "type": "Point", "coordinates": [ -4.022167138454187, 40.890189437486903 ] } },
{ "type": "Feature", "properties": { "id": 2526, "active": 1, "administration": "C.H. DUERO", "basin": "DUERO", "catch_skm": 165.0, "catch_skm_basin": 2968.0, "comment": null, "elev_masl": 1056.0, "elev_max_masl": null, "end": 2021, "id_basin": 2217, "id_municipality": 40155, "id_saica": null, "id_saih": null, "id_sheet": 483, "lat_wgs84": 40.5517, "lon_wgs84": -4.0259, "municipality": "Palazuelos de Eresma", "name": "Salida Embalse Ponton Alto", "owner": "Estado", "province": "Segovia", "regime": "unknown", "river": "Eresma", "scale_type": "Exterior", "sheet": "SEGOVIA (483)", "start": 2013, "station_type": null, "system": "Cega-Eresma-Adaja", "weir": false, "weir_type": null, "x_etrs89": 411613, "y_etrs89": 4530552, "years_daily": 8, "years_instant": 0, "years_monthly": 9, "discharge": 1 }, "geometry": { "type": "Point", "coordinates": [ -4.049699979302024, 40.921308558351186 ] } },
{ "type": "Feature", "properties": { "id": 2527, "active": 1, "administration": "C.H. DUERO", "basin": "DUERO", "catch_skm": 2528.0, "catch_skm_basin": 2968.0, "comment": null, "elev_masl": 740.0, "elev_max_masl": null, "end": 2021, "id_basin": 2229, "id_municipality": 40057, "id_saica": null, "id_saih": null, "id_sheet": 428, "lat_wgs84": 41.1548, "lon_wgs84": -4.3338, "municipality": "Coca", "name": "Coca-Eresma", "owner": "Estado", "province": "Segovia", "regime": "unknown", "river": "Eresma", "scale_type": "Exterior", "sheet": "Olmedo (428)", "start": 2013, "station_type": null, "system": "Cega-Eresma-Adaja", "weir": false, "weir_type": null, "x_etrs89": 369272, "y_etrs89": 4569179, "years_daily": 8, "years_instant": 0, "years_monthly": 9, "discharge": 1 }, "geometry": { "type": "Point", "coordinates": [ -4.560612353073787, 41.263463209077074 ] } },
{ "type": "Feature", "properties": { "id": 2528, "active": 1, "administration": "C.H. DUERO", "basin": "DUERO", "catch_skm": 677.0, "catch_skm_basin": 998.0, "comment": null, "elev_masl": 782.0, "elev_max_masl": null, "end": 2021, "id_basin": 2209, "id_municipality": 47169, "id_saica": null, "id_saih": null, "id_sheet": 344, "lat_wgs84": 41.4545, "lon_wgs84": -4.1151, "municipality": "Torre de Esgueva", "name": "Torre De Esgueva", "owner": "Estado", "province": "Valladolid", "regime": "unknown", "river": "Esgueva", "scale_type": "Exterior", "sheet": "ESQUEVILLAS DE ESQUEVA (344)", "start": 2013, "station_type": null, "system": "Pisuerga", "weir": false, "weir_type": null, "x_etrs89": 400459, "y_etrs89": 4624104, "years_daily": 8, "years_instant": 0, "years_monthly": 9, "discharge": 1 }, "geometry": { "type": "Point", "coordinates": [ -4.197478337052469, 41.762533390217534 ] } },
{ "type": "Feature", "properties": { "id": 2529, "active": 1, "administration": "C.H. DUERO", "basin": "DUERO", "catch_skm": 120.0, "catch_skm_basin": 16081.0, "comment": null, "elev_masl": 1120.0, "elev_max_masl": null, "end": 2021, "id_basin": 2260, "id_municipality": 24001, "id_saica": null, "id_saih": null, "id_sheet": 80, "lat_wgs84": 43.0142, "lon_wgs84": -5.0436, "municipality": "Acebedo", "name": "Liegos", "owner": "Estado", "province": "León", "regime": "unknown", "river": "Esla", "scale_type": "Exterior", "sheet": "Burón (080)", "start": 2013, "station_type": null, "system": "Esla - Valderaduey", "weir": false, "weir_type": null, "x_etrs89": 330814, "y_etrs89": 4766065, "years_daily": 8, "years_instant": 0, "years_monthly": 9, "discharge": 1 }, "geometry": { "type": "Point", "coordinates": [ -5.0766149403264, 43.028434661046361 ] } },
{ "type": "Feature", "properties": { "id": 2530, "active": 1, "administration": "C.H. DUERO", "basin": "DUERO", "catch_skm": 14420.0, "catch_skm_basin": 16081.0, "comment": null, "elev_masl": 685.0, "elev_max_masl": null, "end": 2008, "id_basin": 2318, "id_municipality": 49025, "id_saica": null, "id_saih": null, "id_sheet": 308, "lat_wgs84": 41.522, "lon_wgs84": -5.4556, "municipality": "Bretó", "name": "Breto", "owner": "Estado", "province": "Zamora", "regime": "unknown", "river": "Esla", "scale_type": "Exterior", "sheet": "VILLAFÁFILA (308)", "start": 1997, "station_type": null, "system": "Esla - Valderaduey", "weir": false, "weir_type": null, "x_etrs89": 270490, "y_etrs89": 4639291, "years_daily": 11, "years_instant": 0, "years_monthly": 9, "discharge": 1 }, "geometry": { "type": "Point", "coordinates": [ -5.765626166499032, 41.872248256256874 ] } },
{ "type": "Feature", "properties": { "id": 2532, "active": 1, "administration": "C.H. DUERO", "basin": "DUERO", "catch_skm": 317.0, "catch_skm_basin": 755.0, "comment": null, "elev_masl": 1120.0, "elev_max_masl": null, "end": 2021, "id_basin": 2285, "id_municipality": 24164, "id_saica": null, "id_saih": null, "id_sheet": 102, "lat_wgs84": 42.5544, "lon_wgs84": -5.5801, "municipality": "Sena de Luna", "name": "Sena De Luna", "owner": "Estado", "province": "León", "regime": "unknown", "river": "Luna", "scale_type": "Exterior", "sheet": "Los Barrios de Luna (102)", "start": 2013, "station_type": null, "system": "Órbigo", "weir": false, "weir_type": null, "x_etrs89": 257891, "y_etrs89": 4757195, "years_daily": 8, "years_instant": 0, "years_monthly": 9, "discharge": 1 }, "geometry": { "type": "Point", "coordinates": [ -5.966843604562903, 42.928939492479273 ] } },
{ "type": "Feature", "properties": { "id": 2535, "active": 1, "administration": "C.H. DUERO", "basin": "DUERO", "catch_skm": 79.0, "catch_skm_basin": 87.0, "comment": null, "elev_masl": 1110.0, "elev_max_masl": null, "end": 2021, "id_basin": 2966, "id_municipality": 24025, "id_saica": null, "id_saih": null, "id_sheet": 80, "lat_wgs84": 43.0232, "lon_wgs84": -5.003, "municipality": "Burón", "name": "Vegacerneja", "owner": "Estado", "province": "León", "regime": "unknown", "river": "Orza", "scale_type": "Exterior", "sheet": "Burón (080)", "start": 2013, "station_type": null, "system": "Esla - Valderaduey", "weir": false, "weir_type": null, "x_etrs89": 336404, "y_etrs89": 4767455, "years_daily": 8, "years_instant": 0, "years_monthly": 9, "discharge": 1 }, "geometry": { "type": "Point", "coordinates": [ -5.008452432997332, 43.042168088992639 ] } },
{ "type": "Feature", "properties": { "id": 2536, "active": 1, "administration": "C.H. DUERO", "basin": "DUERO", "catch_skm": 144.0, "catch_skm_basin": 15828.0, "comment": null, "elev_masl": 1095.0, "elev_max_masl": null, "end": 2021, "id_basin": 2124, "id_municipality": 34904, "id_saica": null, "id_saih": null, "id_sheet": 107, "lat_wgs84": 42.5738, "lon_wgs84": -4.2917, "municipality": "La Pernía", "name": "San Salvador De Cantamuda", "owner": "Estado", "province": "Palencia", "regime": "unknown", "river": "Pisuerga", "scale_type": "Exterior", "sheet": "BARRUELO DE SANTULLÁN (107)", "start": 2013, "station_type": null, "system": "Pisuerga", "weir": false, "weir_type": null, "x_etrs89": 378621, "y_etrs89": 4757508, "years_daily": 8, "years_instant": 0, "years_monthly": 9, "discharge": 1 }, "geometry": { "type": "Point", "coordinates": [ -4.48819625944108, 42.960546831032502 ] } },
{ "type": "Feature", "properties": { "id": 2538, "active": 1, "administration": "C.H. DUERO", "basin": "DUERO", "catch_skm": 364.0, "catch_skm_basin": 1082.0, "comment": null, "elev_masl": 950.0, "elev_max_masl": null, "end": 2021, "id_basin": 2096, "id_municipality": 40109, "id_saica": null, "id_saih": null, "id_sheet": 404, "lat_wgs84": 41.2653, "lon_wgs84": -3.2532, "municipality": "Languilla", "name": "Languilla", "owner": null, "province": "Segovia", "regime": "natural", "river": "Riaza", "scale_type": "Exterior", "sheet": "Ayllón (404)", "start": 2014, "station_type": null, "system": "Riaza-Duratón", "weir": false, "weir_type": null, "x_etrs89": 464443, "y_etrs89": 4588593, "years_daily": 7, "years_instant": 0, "years_monthly": 8, "discharge": 1 }, "geometry": { "type": "Point", "coordinates": [ -3.425682295982432, 41.448128929788361 ] } },
{ "type": "Feature", "properties": { "id": 2539, "active": 1, "administration": "C.H. DUERO", "basin": "DUERO", "catch_skm": 34.0, "catch_skm_basin": 90.0, "comment": null, "elev_masl": 1050.0, "elev_max_masl": null, "end": 2021, "id_basin": 2129, "id_municipality": 34056, "id_saica": null, "id_saih": null, "id_sheet": 106, "lat_wgs84": 42.5327, "lon_wgs84": -4.3455, "municipality": "Cervera de Pisuerga", "name": "Ventanilla", "owner": "Estado", "province": "Palencia", "regime": "unknown", "river": "Rivera", "scale_type": "Exterior", "sheet": "Camporredondo de Alba (106)", "start": 2013, "station_type": null, "system": "Pisuerga", "weir": false, "weir_type": null, "x_etrs89": 370822, "y_etrs89": 4749901, "years_daily": 8, "years_instant": 0, "years_monthly": 9, "discharge": 1 }, "geometry": { "type": "Point", "coordinates": [ -4.582029512876396, 42.890787471884202 ] } },
{ "type": "Feature", "properties": { "id": 2541, "active": 1, "administration": "C.H. DUERO", "basin": "DUERO", "catch_skm": 1418.0, "catch_skm_basin": 2409.0, "comment": null, "elev_masl": 750.0, "elev_max_masl": null, "end": 2021, "id_basin": 2315, "id_municipality": 49033, "id_saica": null, "id_saih": null, "id_sheet": 307, "lat_wgs84": 41.5914, "lon_wgs84": -6.0229, "municipality": "Camarzana de Tera", "name": "Camarzana De Tera", "owner": "Estado", "province": "Zamora", "regime": "natural", "river": "Tera", "scale_type": "Exterior", "sheet": "Micereces de Tera (307)", "start": 2015, "station_type": "Cauce Natural", "system": "Aliste-Tera", "weir": false, "weir_type": null, "x_etrs89": 248050, "y_etrs89": 4652821, "years_daily": 6, "years_instant": 0, "years_monthly": 7, "discharge": 1 }, "geometry": { "type": "Point", "coordinates": [ -6.041460954434923, 41.987111974985275 ] } },
{ "type": "Feature", "properties": { "id": 2542, "active": 1, "administration": "C.H. DUERO", "basin": "DUERO", "catch_skm": 117.0, "catch_skm_basin": 482.0, "comment": null, "elev_masl": 1100.0, "elev_max_masl": null, "end": 2021, "id_basin": 2276, "id_municipality": 24037, "id_saica": null, "id_saih": null, "id_sheet": 103, "lat_wgs84": 42.5632, "lon_wgs84": -5.331, "municipality": "Cármenes", "name": "Getino", "owner": "Estado", "province": "León", "regime": "unknown", "river": "Torío", "scale_type": "Exterior", "sheet": "La Pola de Gordón (103)", "start": 2013, "station_type": null, "system": "Esla - Valderaduey", "weir": false, "weir_type": null, "x_etrs89": 291728, "y_etrs89": 4757547, "years_daily": 8, "years_instant": 0, "years_monthly": 9, "discharge": 1 }, "geometry": { "type": "Point", "coordinates": [ -5.552765093186972, 42.942099511766301 ] } },
{ "type": "Feature", "properties": { "id": 2545, "active": 1, "administration": "C.H. DUERO", "basin": "DUERO", "catch_skm": 3807.0, "catch_skm_basin": 7257.0, "comment": null, "elev_masl": 788.0, "elev_max_masl": null, "end": 2021, "id_basin": 2340, "id_municipality": 37121, "id_saica": null, "id_saih": null, "id_sheet": 479, "lat_wgs84": 40.5559, "lon_wgs84": -5.2853, "municipality": "Encinas de Abajo", "name": "Encinas De Abajo", "owner": "Estado", "province": "Salamanca", "regime": "altered", "river": "Tormes", "scale_type": "Exterior", "sheet": "PEÑARANDA DE BRACAMONTE (479)", "start": 2015, "station_type": "Tramo encauzado con sección aguas bajas", "system": "Tormes", "weir": false, "weir_type": null, "x_etrs89": 291084, "y_etrs89": 4534276, "years_daily": 6, "years_instant": 0, "years_monthly": 7, "discharge": 1 }, "geometry": { "type": "Point", "coordinates": [ -5.481467341412935, 40.932923289327746 ] } },
{ "type": "Feature", "properties": { "id": 2546, "active": 1, "administration": "C.H. DUERO", "basin": "DUERO", "catch_skm": 5263.0, "catch_skm_basin": 7257.0, "comment": null, "elev_masl": 735.0, "elev_max_masl": null, "end": 2021, "id_basin": 2340, "id_municipality": 37170, "id_saica": null, "id_saih": null, "id_sheet": 451, "lat_wgs84": 41.0538, "lon_wgs84": -5.5948, "municipality": "Ledesma", "name": "Ledesma", "owner": null, "province": "Salamanca", "regime": "altered", "river": "Tormes", "scale_type": "Exterior", "sheet": "Ledesma (451)", "start": 2014, "station_type": null, "system": "Tormes", "weir": false, "weir_type": null, "x_etrs89": 248312, "y_etrs89": 4553503, "years_daily": 7, "years_instant": 0, "years_monthly": 8, "discharge": 1 }, "geometry": { "type": "Point", "coordinates": [ -5.99673492785511, 41.093842577127901 ] } },
{ "type": "Feature", "properties": { "id": 2547, "active": 1, "administration": "C.H. DUERO", "basin": "DUERO", "catch_skm": 39.0, "catch_skm_basin": 1383.0, "comment": null, "elev_masl": 1010.0, "elev_max_masl": null, "end": 2021, "id_basin": 2292, "id_municipality": 24123, "id_saica": null, "id_saih": null, "id_sheet": 128, "lat_wgs84": 42.4023, "lon_wgs84": -6.0556, "municipality": "Quintana del Castillo", "name": "Quintanilla Del Castillo", "owner": "Estado", "province": "León", "regime": "unknown", "river": "Tuerto", "scale_type": "Exterior", "sheet": "RIELLO (128)", "start": 2013, "station_type": null, "system": "Órbigo", "weir": false, "weir_type": null, "x_etrs89": 246060, "y_etrs89": 4729166, "years_daily": 8, "years_instant": 0, "years_monthly": 9, "discharge": 1 }, "geometry": { "type": "Point", "coordinates": [ -6.099002879103326, 42.673051078253017 ] } },
{ "type": "Feature", "properties": { "id": 2548, "active": 1, "administration": "C.H. DUERO", "basin": "DUERO", "catch_skm": 3187.0, "catch_skm_basin": 3558.0, "comment": null, "elev_masl": 645.0, "elev_max_masl": null, "end": 2021, "id_basin": 2256, "id_municipality": 49022, "id_saica": null, "id_saih": null, "id_sheet": 369, "lat_wgs84": 41.3724, "lon_wgs84": -5.3755, "municipality": "Benegiles", "name": "Benegiles", "owner": "Estado", "province": "Zamora", "regime": "unknown", "river": "Valderaduey", "scale_type": "Exterior", "sheet": "CORESES (369)", "start": 2013, "station_type": null, "system": "Esla - Valderaduey", "weir": false, "weir_type": null, "x_etrs89": 280740, "y_etrs89": 4611293, "years_daily": 8, "years_instant": 0, "years_monthly": 9, "discharge": 1 }, "geometry": { "type": "Point", "coordinates": [ -5.631925170539899, 41.623243211452085 ] } },
{ "type": "Feature", "properties": { "id": 2549, "active": 1, "administration": "C.H. DUERO", "basin": "DUERO", "catch_skm": 151.0, "catch_skm_basin": 177.0, "comment": null, "elev_masl": 870.0, "elev_max_masl": null, "end": 2021, "id_basin": 2177, "id_municipality": 9059, "id_saica": null, "id_saih": null, "id_sheet": 200, "lat_wgs84": 42.204, "lon_wgs84": -3.4148, "municipality": "Burgos", "name": "Burgos-Vena", "owner": "Estado", "province": "Burgos", "regime": "unknown", "river": "Vena", "scale_type": "Exterior", "sheet": "Burgos (200)", "start": 2013, "station_type": null, "system": "Arlanza", "weir": false, "weir_type": null, "x_etrs89": 442609, "y_etrs89": 4688248, "years_daily": 8, "years_instant": 0, "years_monthly": 9, "discharge": 1 }, "geometry": { "type": "Point", "coordinates": [ -3.696748276803873, 42.344375057545221 ] } },
{ "type": "Feature", "properties": { "id": 2550, "active": 1, "administration": "C.H. DUERO", "basin": "DUERO", "catch_skm": 197.0, "catch_skm_basin": 289.0, "comment": null, "elev_masl": 1010.0, "elev_max_masl": null, "end": 2021, "id_basin": 2261, "id_municipality": 24020, "id_saica": null, "id_saih": null, "id_sheet": 105, "lat_wgs84": 42.5816, "lon_wgs84": -4.5524, "municipality": "Boca de Huérgano", "name": "Boca De Huergano", "owner": "Estado", "province": "León", "regime": "unknown", "river": "Yuso", "scale_type": "Exterior", "sheet": "Riaño (105)", "start": 2013, "station_type": null, "system": "Esla - Valderaduey", "weir": false, "weir_type": null, "x_etrs89": 343163, "y_etrs89": 4759389, "years_daily": 8, "years_instant": 0, "years_monthly": 9, "discharge": 1 }, "geometry": { "type": "Point", "coordinates": [ -4.923252743053287, 42.971000077026602 ] } },
{ "type": "Feature", "properties": { "id": 2552, "active": 1, "administration": "C.H. DUERO", "basin": "DUERO", "catch_skm": 759.0, "catch_skm_basin": 1082.0, "comment": null, "elev_masl": 912.0, "elev_max_masl": null, "end": 2021, "id_basin": 2098, "id_municipality": 40115, "id_saica": null, "id_saih": null, "id_sheet": 375, "lat_wgs84": 41.3148, "lon_wgs84": -3.3317, "municipality": "Maderuelo", "name": "Salida Embalse De Linares", "owner": "Estado", "province": "Segovia", "regime": "altered", "river": "Riaza", "scale_type": "Exterior", "sheet": "Fuentelcésped (375)", "start": 2013, "station_type": null, "system": "Riaza-Duratón", "weir": false, "weir_type": null, "x_etrs89": 453732, "y_etrs89": 4597743, "years_daily": 8, "years_instant": 0, "years_monthly": 9, "discharge": 1 }, "geometry": { "type": "Point", "coordinates": [ -3.55460989369189, 41.529997499279979 ] } },
{ "type": "Feature", "properties": { "id": 2710, "active": 1, "administration": "C.H. DUERO", "basin": "DUERO", "catch_skm": 3980.0, "catch_skm_basin": 16081.0, "comment": null, "elev_masl": 757.0, "elev_max_masl": 2408.0, "end": 2021, "id_basin": 2280, "id_municipality": 24028, "id_saica": null, "id_saih": null, "id_sheet": 194, "lat_wgs84": 42.2347, "lon_wgs84": -5.3321, "municipality": "Cabreros del Río", "name": "Villalobar", "owner": "Estado", "province": "León", "regime": "altered", "river": "Esla", "scale_type": "Exterior", "sheet": "Santa María del Páramo (194)", "start": 1998, "station_type": "Cauce Natural", "system": "Esla - Valderaduey", "weir": false, "weir_type": null, "x_etrs89": 289634, "y_etrs89": 4696942, "years_daily": 23, "years_instant": 11, "years_monthly": 24, "discharge": 1 }, "geometry": { "type": "Point", "coordinates": [ -5.555953631996655, 42.396288093903266 ] } },
{ "type": "Feature", "properties": { "id": 2711, "active": 1, "administration": "C.H. DUERO", "basin": "DUERO", "catch_skm": 3980.0, "catch_skm_basin": 16081.0, "comment": null, "elev_masl": 757.0, "elev_max_masl": 2408.0, "end": 2021, "id_basin": 2280, "id_municipality": 24212, "id_saica": null, "id_saih": null, "id_sheet": 194, "lat_wgs84": 42.22, "lon_wgs84": -5.3353, "municipality": "Villamañán", "name": "Benamariel-2", "owner": "Estado", "province": "León", "regime": "altered", "river": "Esla", "scale_type": "Exterior", "sheet": "Santa María del Páramo (194)", "start": 2000, "station_type": "Cauce Natural", "system": "Esla - Valderaduey", "weir": false, "weir_type": null, "x_etrs89": 288802, "y_etrs89": 4693683, "years_daily": 21, "years_instant": 9, "years_monthly": 22, "discharge": 1 }, "geometry": { "type": "Point", "coordinates": [ -5.564858176983602, 42.366741050280531 ] } },
{ "type": "Feature", "properties": { "id": 2712, "active": 1, "administration": "C.H. DUERO", "basin": "DUERO", "catch_skm": 439.0, "catch_skm_basin": 1117.0, "comment": null, "elev_masl": 830.0, "elev_max_masl": null, "end": 2021, "id_basin": 2333, "id_municipality": 37012, "id_saica": null, "id_saih": null, "id_sheet": 479, "lat_wgs84": 40.5452, "lon_wgs84": -5.2145, "municipality": "Alconada", "name": "Alconada", "owner": "Estado", "province": "Salamanca", "regime": "natural", "river": "Almar", "scale_type": "Exterior", "sheet": "Peñaranda de Bracamonte (479)", "start": 2007, "station_type": "Cauce Natural", "system": "Tormes", "weir": false, "weir_type": null, "x_etrs89": 300928, "y_etrs89": 4531818, "years_daily": 14, "years_instant": 2, "years_monthly": 15, "discharge": 1 }, "geometry": { "type": "Point", "coordinates": [ -5.363850540819942, 40.913256020795096 ] } },
{ "type": "Feature", "properties": { "id": 2713, "active": 1, "administration": "C.H. DUERO", "basin": "DUERO", "catch_skm": 290.0, "catch_skm_basin": 302.0, "comment": null, "elev_masl": 786.0, "elev_max_masl": null, "end": 2021, "id_basin": 2301, "id_municipality": 24010, "id_saica": null, "id_saih": null, "id_sheet": 231, "lat_wgs84": 42.1837, "lon_wgs84": -5.5531, "municipality": "La Bañeza", "name": "Santiago De La Valduerna", "owner": "Estado", "province": "León", "regime": "natural", "river": "Duerna", "scale_type": "Exterior", "sheet": "La Bañeza (231)", "start": 2007, "station_type": "Encauzamiento con Canal de Aguas Bajas", "system": "Órbigo", "weir": false, "weir_type": null, "x_etrs89": 258786, "y_etrs89": 4688258, "years_daily": 14, "years_instant": 2, "years_monthly": 15, "discharge": 1 }, "geometry": { "type": "Point", "coordinates": [ -5.926683662860855, 42.309217152851012 ] } },
{ "type": "Feature", "properties": { "id": 2714, "active": 0, "administration": "C.H. DUERO", "basin": "DUERO", "catch_skm": 631.0, "catch_skm_basin": 2525.0, "comment": "INT 2013                                                              ", "elev_masl": 838.0, "elev_max_masl": 2209.0, "end": 2013, "id_basin": 2112, "id_municipality": 40110, "id_saica": null, "id_saih": null, "id_sheet": 430, "lat_wgs84": 41.1727, "lon_wgs84": -4.0909, "municipality": "Lastras de Cuéllar", "name": "Lastras De Cuellar", "owner": "ESTADO", "province": "Segovia", "regime": "natural", "river": "Cega", "scale_type": "EXTERIOR", "sheet": "CANTALEJO (430)", "start": 2004, "station_type": "CAUCE NATURAL", "system": "Alto Duero - Riaza - Adaja - Cega", "weir": false, "weir_type": null, "x_etrs89": 403509, "y_etrs89": 4571682, "years_daily": 9, "years_instant": 5, "years_monthly": 10, "discharge": 1 }, "geometry": { "type": "Point", "coordinates": [ -4.152385581760388, 41.290819770576817 ] } },
{ "type": "Feature", "properties": { "id": 2716, "active": 1, "administration": "C.H. DUERO", "basin": "DUERO", "catch_skm": 257.0, "catch_skm_basin": 269.0, "comment": null, "elev_masl": 730.0, "elev_max_masl": null, "end": 2021, "id_basin": 2969, "id_municipality": 49033, "id_saica": null, "id_saih": null, "id_sheet": 307, "lat_wgs84": 41.5954, "lon_wgs84": -6.0105, "municipality": "Camarzana de Tera", "name": "Camarzana-Regato", "owner": "Estado", "province": "Zamora", "regime": "natural", "river": "Regato", "scale_type": "Exterior", "sheet": "Micereces de Tera (307)", "start": 2008, "station_type": "Cauce Natural", "system": "Aliste-Tera", "weir": false, "weir_type": null, "x_etrs89": 250030, "y_etrs89": 4653997, "years_daily": 13, "years_instant": 1, "years_monthly": 14, "discharge": 1 }, "geometry": { "type": "Point", "coordinates": [ -6.018091286602385, 41.998319611758404 ] } },
{ "type": "Feature", "properties": { "id": 2717, "active": 1, "administration": "C.H. DUERO", "basin": "DUERO", "catch_skm": 186.0, "catch_skm_basin": 204.0, "comment": null, "elev_masl": 710.0, "elev_max_masl": null, "end": 2021, "id_basin": 2316, "id_municipality": 49272, "id_saica": null, "id_saih": null, "id_sheet": 308, "lat_wgs84": 41.5657, "lon_wgs84": -5.5053, "municipality": "Villaveza de Valverde", "name": "Villaveza De Valverde", "owner": "Estado", "province": "Zamora", "regime": "natural", "river": "Castrón", "scale_type": "Exterior", "sheet": "Villafáfila (308)", "start": 2007, "station_type": "Cauce Natural", "system": "Aliste-Tera", "weir": false, "weir_type": null, "x_etrs89": 263815, "y_etrs89": 4647943, "years_daily": 14, "years_instant": 2, "years_monthly": 15, "discharge": 1 }, "geometry": { "type": "Point", "coordinates": [ -5.849428319451947, 41.948114439279713 ] } },
{ "type": "Feature", "properties": { "id": 2718, "active": 1, "administration": "C.H. DUERO", "basin": "DUERO", "catch_skm": 285.0, "catch_skm_basin": 307.0, "comment": null, "elev_masl": 744.0, "elev_max_masl": null, "end": 2021, "id_basin": 2306, "id_municipality": 24124, "id_saica": null, "id_saih": null, "id_sheet": 232, "lat_wgs84": 42.1143, "lon_wgs84": -5.51, "municipality": "Quintana del Marco", "name": "Genestacio", "owner": "Estado", "province": "León", "regime": "natural", "river": "Jamuz", "scale_type": "Exterior", "sheet": "Villamañán (232)", "start": 2008, "station_type": "Cauce Natural", "system": "Órbigo", "weir": false, "weir_type": null, "x_etrs89": 264679, "y_etrs89": 4675390, "years_daily": 13, "years_instant": 1, "years_monthly": 14, "discharge": 1 }, "geometry": { "type": "Point", "coordinates": [ -5.850049915599987, 42.195270255445692 ] } },
{ "type": "Feature", "properties": { "id": 2719, "active": 1, "administration": "C.H. DUERO", "basin": "DUERO", "catch_skm": 243.0, "catch_skm_basin": 294.0, "comment": null, "elev_masl": 720.0, "elev_max_masl": null, "end": 2021, "id_basin": 2995, "id_municipality": 49028, "id_saica": null, "id_saih": null, "id_sheet": 269, "lat_wgs84": 42.0222, "lon_wgs84": -5.5222, "municipality": "Brime de Urz", "name": "Brime De Urz", "owner": "Estado", "province": "Zamora", "regime": "natural", "river": "Almucera", "scale_type": "Exterior", "sheet": "Arrabalde (269)", "start": 2010, "station_type": "Cauce Natural", "system": "Aliste-Tera", "weir": false, "weir_type": null, "x_etrs89": 262227, "y_etrs89": 4658150, "years_daily": 11, "years_instant": 0, "years_monthly": 12, "discharge": 1 }, "geometry": { "type": "Point", "coordinates": [ -5.872692620048357, 42.0394531326099 ] } },
{ "type": "Feature", "properties": { "id": 2818, "active": 1, "administration": "C.H. DUERO", "basin": "DUERO", "catch_skm": 719.0, "catch_skm_basin": 3310.0, "comment": null, "elev_masl": 366.0, "elev_max_masl": null, "end": 2021, "id_basin": 2388, "id_municipality": 32053, "id_saica": null, "id_saih": null, "id_sheet": 303, "lat_wgs84": 41.5055, "lon_wgs84": -7.2607, "municipality": "Oimbra", "name": "Rabal", "owner": "Estado", "province": "Orense", "regime": "natural", "river": "Támega", "scale_type": "Exterior", "sheet": "Verín (303)", "start": 1996, "station_type": "Cauce Natural", "system": "Támega - Manzanas", "weir": false, "weir_type": null, "x_etrs89": 131770, "y_etrs89": 4642490, "years_daily": 25, "years_instant": 14, "years_monthly": 51, "discharge": 1 }, "geometry": { "type": "Point", "coordinates": [ -7.435287829429712, 41.848640638550755 ] } },
{ "type": "Feature", "properties": { "id": 3001, "active": 1, "administration": "C.H. TAJO", "basin": "TAJO", "catch_skm": 410.0, "catch_skm_basin": 71364.0, "comment": null, "elev_masl": 1143.0, "elev_max_masl": 1920.0, "end": 2021, "id_basin": 3003, "id_municipality": 19216, "id_saica": null, "id_saih": null, "id_sheet": 539, "lat_wgs84": 40.3539, "lon_wgs84": -1.5555, "municipality": "Peralejos de las Truchas y Beteta", "name": "Peralejos De Las Truchas", "owner": null, "province": "Guadalajara y Cuenca", "regime": "natural", "river": "Tajo", "scale_type": "EXTERIOR", "sheet": "PERALEJOS DE LAS TRUCHAS (539)", "start": 1980, "station_type": "CAUCE NATURAL", "system": "Macrosistema", "weir": false, "weir_type": null, "x_etrs89": 590373, "y_etrs89": 4494253, "years_daily": 41, "years_instant": 44, "years_monthly": 77, "discharge": 1 }, "geometry": { "type": "Point", "coordinates": [ -1.931963871844488, 40.594144822754863 ] } },
{ "type": "Feature", "properties": { "id": 3002, "active": 1, "administration": "C.H. TAJO", "basin": "TAJO", "catch_skm": 42.0, "catch_skm_basin": 983.0, "comment": null, "elev_masl": 1270.0, "elev_max_masl": 2430.0, "end": 2021, "id_basin": 3071, "id_municipality": 28120, "id_saica": null, "id_saih": null, "id_sheet": 483, "lat_wgs84": 40.5047, "lon_wgs84": -3.5309, "municipality": "Rascafría", "name": "Paular, El", "owner": null, "province": "Madrid", "regime": "natural", "river": "Lozoya", "scale_type": "EXTERIOR", "sheet": "SEGOVIA (483)", "start": 1980, "station_type": "ENCAUZAMIENTO CON CANAL DE AGUAS BAJAS", "system": "Macrosistema", "weir": false, "weir_type": null, "x_etrs89": 425321, "y_etrs89": 4522069, "years_daily": 41, "years_instant": 37, "years_monthly": 55, "discharge": 1 }, "geometry": { "type": "Point", "coordinates": [ -3.885902041555537, 40.846266247597256 ] } },
{ "type": "Feature", "properties": { "id": 3003, "active": 1, "administration": "C.H. TAJO", "basin": "TAJO", "catch_skm": 1545.0, "catch_skm_basin": 2601.0, "comment": null, "elev_masl": 666.0, "elev_max_masl": 1367.0, "end": 2021, "id_basin": 3139, "id_municipality": 19160, "id_saica": null, "id_saih": null, "id_sheet": 561, "lat_wgs84": 40.272, "lon_wgs84": -3.0544, "municipality": "Loranca de Tajuña", "name": "Loranca De Tajuña", "owner": null, "province": "Guadalajara", "regime": "altered", "river": "Tajuña", "scale_type": "EXTERIOR", "sheet": "PASTRANA (561)", "start": 1980, "station_type": "CAUCE NATURAL", "system": "Macrosistema", "weir": false, "weir_type": null, "x_etrs89": 491892, "y_etrs89": 4478337, "years_daily": 41, "years_instant": 41, "years_monthly": 56, "discharge": 1 }, "geometry": { "type": "Point", "coordinates": [ -3.095624901618291, 40.455656324395385 ] } },
{ "type": "Feature", "properties": { "id": 3005, "active": 1, "administration": "C.H. TAJO", "basin": "TAJO", "catch_skm": 3253.0, "catch_skm_basin": 71364.0, "comment": null, "elev_masl": 720.0, "elev_max_masl": 1920.0, "end": 2021, "id_basin": 3023, "id_municipality": 19291, "id_saica": null, "id_saih": null, "id_sheet": 512, "lat_wgs84": 40.4146, "lon_wgs84": -2.3509, "municipality": "Trillo", "name": "Trillo", "owner": null, "province": "Guadalajara", "regime": "natural", "river": "Tajo", "scale_type": "EXTERIOR", "sheet": "CIFUENTES (512)", "start": 1980, "station_type": "CAUCE NATURAL", "system": "Macrosistema", "weir": false, "weir_type": null, "x_etrs89": 534988, "y_etrs89": 4505111, "years_daily": 41, "years_instant": 53, "years_monthly": 89, "discharge": 1 }, "geometry": { "type": "Point", "coordinates": [ -2.585875487686971, 40.696157486528634 ] } },
{ "type": "Feature", "properties": { "id": 3006, "active": 0, "administration": "C.H. TAJO", "basin": "TAJO", "catch_skm": 3829.0, "catch_skm_basin": 71364.0, "comment": "INT 1986                                                              ", "elev_masl": 644.0, "elev_max_masl": 1920.0, "end": 1986, "id_basin": 3029, "id_municipality": 19245, "id_saica": null, "id_saih": null, "id_sheet": 562, "lat_wgs84": 40.293, "lon_wgs84": -2.4508, "municipality": "Sacedón", "name": "Entrepeñas", "owner": null, "province": "Guadalajara", "regime": "unknown", "river": "Tajo", "scale_type": null, "sheet": "SACEDÓN (562)", "start": 1980, "station_type": null, "system": "Macrosistema", "weir": false, "weir_type": null, "x_etrs89": 520981, "y_etrs89": 4482352, "years_daily": 6, "years_instant": 8, "years_monthly": 53, "discharge": 1 }, "geometry": { "type": "Point", "coordinates": [ -2.752420404552105, 40.49160208606429 ] } },
{ "type": "Feature", "properties": { "id": 3007, "active": 0, "administration": "C.H. TAJO", "basin": "TAJO", "catch_skm": 7402.0, "catch_skm_basin": 71364.0, "comment": "INT 1986                                                              ", "elev_masl": 620.0, "elev_max_masl": 1920.0, "end": 1986, "id_basin": 3057, "id_municipality": 19022, "id_saica": null, "id_saih": null, "id_sheet": 562, "lat_wgs84": 40.2145, "lon_wgs84": -2.4907, "municipality": "Almonacid de Zorita", "name": "Bolarque", "owner": null, "province": "Guadalajara", "regime": "unknown", "river": "Tajo", "scale_type": null, "sheet": "SACEDÓN (562)", "start": 1980, "station_type": null, "system": "Macrosistema", "weir": false, "weir_type": null, "x_etrs89": 515406, "y_etrs89": 4467997, "years_daily": 6, "years_instant": 2, "years_monthly": 75, "discharge": 1 }, "geometry": { "type": "Point", "coordinates": [ -2.818553908900639, 40.3623987889166 ] } },
{ "type": "Feature", "properties": { "id": 3008, "active": 0, "administration": "C.H. TAJO", "basin": "TAJO", "catch_skm": 7452.0, "catch_skm_basin": 71364.0, "comment": "INT 1986                                                              ", "elev_masl": 590.0, "elev_max_masl": 1920.0, "end": 1986, "id_basin": 3057, "id_municipality": 19335, "id_saica": null, "id_saih": null, "id_sheet": 561, "lat_wgs84": 40.2054, "lon_wgs84": -2.535, "municipality": "Zorita de los Canes", "name": "Zorita", "owner": null, "province": "Guadalajara", "regime": "unknown", "river": "Tajo", "scale_type": null, "sheet": "PASTRANA (561)", "start": 1980, "station_type": null, "system": "Macrosistema", "weir": false, "weir_type": null, "x_etrs89": 508711, "y_etrs89": 4466417, "years_daily": 6, "years_instant": 0, "years_monthly": 23, "discharge": 1 }, "geometry": { "type": "Point", "coordinates": [ -2.897426514327196, 40.348261024637765 ] } },
{ "type": "Feature", "properties": { "id": 3009, "active": 0, "administration": "C.H. TAJO", "basin": "TAJO", "catch_skm": 7750.0, "catch_skm_basin": 71364.0, "comment": "INT 1986                                                              ", "elev_masl": 574.0, "elev_max_masl": 1920.0, "end": 1986, "id_basin": 3059, "id_municipality": 19021, "id_saica": null, "id_saih": null, "id_sheet": 584, "lat_wgs84": 40.1741, "lon_wgs84": -2.5521, "municipality": "Almoguera", "name": "Almoguera", "owner": null, "province": "Guadalajara", "regime": "unknown", "river": "Tajo", "scale_type": null, "sheet": "MONDÉJAR (584)", "start": 1980, "station_type": null, "system": "Macrosistema", "weir": false, "weir_type": null, "x_etrs89": 506571, "y_etrs89": 4460462, "years_daily": 6, "years_instant": 0, "years_monthly": 23, "discharge": 1 }, "geometry": { "type": "Point", "coordinates": [ -2.922686573863339, 40.29463028658941 ] } },
{ "type": "Feature", "properties": { "id": 3012, "active": 1, "administration": "C.H. TAJO", "basin": "TAJO", "catch_skm": 27159.0, "catch_skm_basin": 71364.0, "comment": null, "elev_masl": 430.0, "elev_max_masl": 2430.0, "end": 2021, "id_basin": 3179, "id_municipality": 45003, "id_saica": null, "id_saih": null, "id_sheet": 628, "lat_wgs84": 39.5147, "lon_wgs84": -4.1149, "municipality": "Albarreal de Tajo", "name": "Portusa, La", "owner": null, "province": "Toledo", "regime": "unknown", "river": "Tajo", "scale_type": null, "sheet": "TORRIJOS (628)", "start": 1980, "station_type": null, "system": "Macrosistema", "weir": false, "weir_type": null, "x_etrs89": 398877, "y_etrs89": 4415678, "years_daily": 41, "years_instant": 39, "years_monthly": 57, "discharge": 1 }, "geometry": { "type": "Point", "coordinates": [ -4.18267475070853, 39.885137170128587 ] } },
{ "type": "Feature", "properties": { "id": 3014, "active": 1, "administration": "C.H. TAJO", "basin": "TAJO", "catch_skm": 23065.0, "catch_skm_basin": 71364.0, "comment": null, "elev_masl": 462.0, "elev_max_masl": null, "end": 2021, "id_basin": 3157, "id_municipality": 45102, "id_saica": null, "id_saih": null, "id_sheet": 629, "lat_wgs84": 39.5518, "lon_wgs84": -3.5216, "municipality": "Mocejón", "name": "Puente Algodor", "owner": null, "province": "Toledo", "regime": "unknown", "river": "Tajo", "scale_type": null, "sheet": "TOLEDO (629)", "start": 2010, "station_type": null, "system": "Macrosistema", "weir": false, "weir_type": null, "x_etrs89": 425551, "y_etrs89": 4419414, "years_daily": 11, "years_instant": 0, "years_monthly": 12, "discharge": 1 }, "geometry": { "type": "Point", "coordinates": [ -3.871177671173708, 39.921556024482058 ] } },
{ "type": "Feature", "properties": { "id": 3015, "active": 0, "administration": "C.H. TAJO", "basin": "TAJO", "catch_skm": 33849.0, "catch_skm_basin": 71364.0, "comment": "INT 2013                                                              ", "elev_masl": 366.0, "elev_max_masl": 2430.0, "end": 1986, "id_basin": 3239, "id_municipality": 45165, "id_saica": null, "id_saih": null, "id_sheet": 627, "lat_wgs84": 39.5716, "lon_wgs84": -4.4858, "municipality": "Talavera de la Reina", "name": "Talavera", "owner": null, "province": "Toledo", "regime": "unknown", "river": "Tajo", "scale_type": null, "sheet": "TALAVERA DE LA REINA (627)", "start": 1980, "station_type": null, "system": "Macrosistema", "weir": false, "weir_type": null, "x_etrs89": 344868, "y_etrs89": 4424270, "years_daily": 6, "years_instant": 17, "years_monthly": 79, "discharge": 1 }, "geometry": { "type": "Point", "coordinates": [ -4.816128864299511, 39.954352622064263 ] } },
{ "type": "Feature", "properties": { "id": 3016, "active": 0, "administration": "C.H. TAJO", "basin": "TAJO", "catch_skm": 37094.0, "catch_skm_basin": 71364.0, "comment": "INT 1986                                                              ", "elev_masl": 196.0, "elev_max_masl": 2430.0, "end": 1986, "id_basin": 3261, "id_municipality": 10175, "id_saica": null, "id_saih": null, "id_sheet": 651, "lat_wgs84": 39.5017, "lon_wgs84": -6.0116, "municipality": "Serradilla", "name": "Torrejon-Tajo", "owner": null, "province": "Cáceres", "regime": "unknown", "river": "Tajo", "scale_type": null, "sheet": "SERRADILLA (651)", "start": 1980, "station_type": null, "system": "Bajo Tajo - Extremadura", "weir": false, "weir_type": null, "x_etrs89": 241491, "y_etrs89": 4414140, "years_daily": 6, "years_instant": 0, "years_monthly": 33, "discharge": 1 }, "geometry": { "type": "Point", "coordinates": [ -6.021083104209629, 39.837952320819191 ] } },
{ "type": "Feature", "properties": { "id": 3019, "active": 0, "administration": "C.H. TAJO", "basin": "TAJO", "catch_skm": 51958.0, "catch_skm_basin": 71364.0, "comment": "INT 1985                                                              ", "elev_masl": 110.0, "elev_max_masl": 2592.0, "end": 1986, "id_basin": 3371, "id_municipality": 10008, "id_saica": null, "id_saih": null, "id_sheet": 648, "lat_wgs84": 39.432, "lon_wgs84": -6.5335, "municipality": "Alcantára", "name": "Alcantara", "owner": null, "province": "Cáceres", "regime": "unknown", "river": "Tajo", "scale_type": null, "sheet": "Alcántara (648)", "start": 1980, "station_type": null, "system": "Árrago", "weir": false, "weir_type": null, "x_etrs89": 166301, "y_etrs89": 4404166, "years_daily": 6, "years_instant": 8, "years_monthly": 49, "discharge": 1 }, "geometry": { "type": "Point", "coordinates": [ -6.893035846781462, 39.722110210710653 ] } },
{ "type": "Feature", "properties": { "id": 3024, "active": 1, "administration": "C.H. TAJO", "basin": "TAJO", "catch_skm": 33859.0, "catch_skm_basin": 71364.0, "comment": null, "elev_masl": 357.0, "elev_max_masl": null, "end": 2021, "id_basin": 3239, "id_municipality": 45165, "id_saica": null, "id_saih": null, "id_sheet": 627, "lat_wgs84": 39.5624, "lon_wgs84": -4.5051, "municipality": "Talavera de la Reina", "name": "Talavera La Vistilla", "owner": null, "province": "Toledo", "regime": "unknown", "river": "Tajo", "scale_type": null, "sheet": "Talavera de la Reina (627)", "start": 2013, "station_type": "Cauce Natural", "system": "Macrosistema", "weir": false, "weir_type": null, "x_etrs89": 342156, "y_etrs89": 4422744, "years_daily": 8, "years_instant": 0, "years_monthly": 9, "discharge": 1 }, "geometry": { "type": "Point", "coordinates": [ -4.847492969802627, 39.940109064981641 ] } },
{ "type": "Feature", "properties": { "id": 3030, "active": 1, "administration": "C.H. TAJO", "basin": "TAJO", "catch_skm": 944.0, "catch_skm_basin": 1311.0, "comment": null, "elev_masl": 1016.0, "elev_max_masl": 1920.0, "end": 2021, "id_basin": 3010, "id_municipality": 19099, "id_saica": null, "id_saih": null, "id_sheet": 514, "lat_wgs84": 40.4945, "lon_wgs84": -1.5755, "municipality": "Corduente", "name": "Ventosa", "owner": null, "province": "Guadalajara", "regime": "altered", "river": "Gallo", "scale_type": "EXTERIOR", "sheet": "TARAVILLA (514)", "start": 1980, "station_type": "ENCAUZAMIENTO CON CANAL DE AGUAS BAJAS", "system": "Macrosistema", "weir": false, "weir_type": null, "x_etrs89": 587251, "y_etrs89": 4520316, "years_daily": 41, "years_instant": 47, "years_monthly": 77, "discharge": 1 }, "geometry": { "type": "Point", "coordinates": [ -1.965225936889853, 40.829235325337322 ] } },
{ "type": "Feature", "properties": { "id": 3031, "active": 1, "administration": "C.H. TAJO", "basin": "TAJO", "catch_skm": 175.0, "catch_skm_basin": 179.0, "comment": null, "elev_masl": 1250.0, "elev_max_masl": null, "end": 2021, "id_basin": 3002, "id_municipality": 19216, "id_saica": null, "id_saih": null, "id_sheet": 539, "lat_wgs84": 40.3153, "lon_wgs84": -1.5308, "municipality": "Peralejos de las Truchas", "name": "Hoz Seca", "owner": null, "province": "Guadalajara", "regime": "unknown", "river": "La Hoz Seca", "scale_type": null, "sheet": "Peralejos de las Truchas (539)", "start": 2010, "station_type": "Encauzamiento", "system": "Macrosistema", "weir": false, "weir_type": null, "x_etrs89": 594375, "y_etrs89": 4487325, "years_daily": 11, "years_instant": 0, "years_monthly": 12, "discharge": 1 }, "geometry": { "type": "Point", "coordinates": [ -1.885711603213096, 40.531295872860213 ] } },
{ "type": "Feature", "properties": { "id": 3034, "active": 1, "administration": "C.H. TAJO", "basin": "TAJO", "catch_skm": 31.0, "catch_skm_basin": 1311.0, "comment": null, "elev_masl": 1400.0, "elev_max_masl": 1920.0, "end": 2021, "id_basin": 3006, "id_municipality": 44174, "id_saica": null, "id_saih": null, "id_sheet": 540, "lat_wgs84": 40.3305, "lon_wgs84": -1.3756, "municipality": "Orihuela del Tremedal", "name": "Orihuela Del Tremedal", "owner": null, "province": "Teruel", "regime": "unknown", "river": "Gallo", "scale_type": null, "sheet": "Checa (540)", "start": 2010, "station_type": "Encauzamiento con Canal de Aguas Bajas", "system": "Macrosistema", "weir": false, "weir_type": null, "x_etrs89": 615812, "y_etrs89": 4489868, "years_daily": 11, "years_instant": 0, "years_monthly": 12, "discharge": 1 }, "geometry": { "type": "Point", "coordinates": [ -1.632200594263493, 40.551481430442728 ] } },
{ "type": "Feature", "properties": { "id": 3040, "active": 1, "administration": "C.H. TAJO", "basin": "TAJO", "catch_skm": 116.0, "catch_skm_basin": 216.0, "comment": null, "elev_masl": 1175.0, "elev_max_masl": null, "end": 2021, "id_basin": 3031, "id_municipality": 16197, "id_saica": null, "id_saih": null, "id_sheet": 564, "lat_wgs84": 40.2947, "lon_wgs84": -2.0151, "municipality": "Santa María del Val", "name": "Santa Maria Del Val", "owner": null, "province": "Cuenca", "regime": "unknown", "river": "Cuervo", "scale_type": null, "sheet": "Fuertescusa (564)", "start": 2010, "station_type": "Cauce Natural", "system": "Bajo Tajo - Extremadura", "weir": false, "weir_type": null, "x_etrs89": 582124, "y_etrs89": 4483309, "years_daily": 11, "years_instant": 0, "years_monthly": 12, "discharge": 1 }, "geometry": { "type": "Point", "coordinates": [ -2.030859411163302, 40.496425245796416 ] } },
{ "type": "Feature", "properties": { "id": 3041, "active": 1, "administration": "C.H. TAJO", "basin": "TAJO", "catch_skm": 666.0, "catch_skm_basin": 3470.0, "comment": null, "elev_masl": 754.0, "elev_max_masl": 1798.0, "end": 2021, "id_basin": 3032, "id_municipality": 16009, "id_saica": null, "id_saih": null, "id_sheet": 538, "lat_wgs84": 40.3027, "lon_wgs84": -2.1933, "municipality": "Alcantud", "name": "Alcantud", "owner": null, "province": "Cuenca", "regime": "altered", "river": "Guadiela", "scale_type": "EXTERIOR", "sheet": "VALDEOLIVAS (538)", "start": 1980, "station_type": "CAUCE NATURAL", "system": "Macrosistema", "weir": false, "weir_type": null, "x_etrs89": 557128, "y_etrs89": 4484316, "years_daily": 41, "years_instant": 31, "years_monthly": 57, "discharge": 1 }, "geometry": { "type": "Point", "coordinates": [ -2.325721306667319, 40.507593840483665 ] } },
{ "type": "Feature", "properties": { "id": 3043, "active": 0, "administration": "C.H. TAJO", "basin": "TAJO", "catch_skm": 3342.0, "catch_skm_basin": 3470.0, "comment": "INT 1986                                                              ", "elev_masl": 640.0, "elev_max_masl": 1798.0, "end": 1986, "id_basin": 3054, "id_municipality": 16041, "id_saica": null, "id_saih": null, "id_sheet": 562, "lat_wgs84": 40.2355, "lon_wgs84": -2.4711, "municipality": "Buendía", "name": "Buendia", "owner": null, "province": "Cuenca", "regime": "unknown", "river": "Guadiela", "scale_type": null, "sheet": "SACEDÓN (562)", "start": 1980, "station_type": null, "system": "Macrosistema", "weir": false, "weir_type": null, "x_etrs89": 518111, "y_etrs89": 4472012, "years_daily": 6, "years_instant": 4, "years_monthly": 71, "discharge": 1 }, "geometry": { "type": "Point", "coordinates": [ -2.786581514540298, 40.398516143732621 ] } },
{ "type": "Feature", "properties": { "id": 3045, "active": 1, "administration": "C.H. TAJO", "basin": "TAJO", "catch_skm": 345.0, "catch_skm_basin": 772.0, "comment": null, "elev_masl": 818.0, "elev_max_masl": 1796.0, "end": 2021, "id_basin": 3037, "id_municipality": 16170, "id_saica": null, "id_saih": null, "id_sheet": 563, "lat_wgs84": 40.2637, "lon_wgs84": -2.1841, "municipality": "Priego", "name": "Priego", "owner": null, "province": "Cuenca", "regime": "natural", "river": "Escabas", "scale_type": "EXTERIOR", "sheet": "PRIEGO (563)", "start": 1982, "station_type": "ENCAUZAMIENTO", "system": "Macrosistema", "weir": false, "weir_type": null, "x_etrs89": 558403, "y_etrs89": 4477230, "years_daily": 39, "years_instant": 32, "years_monthly": 81, "discharge": 1 }, "geometry": { "type": "Point", "coordinates": [ -2.311326103938133, 40.443671483486284 ] } },
{ "type": "Feature", "properties": { "id": 3046, "active": 1, "administration": "C.H. TAJO", "basin": "TAJO", "catch_skm": 32.0, "catch_skm_basin": 46.0, "comment": null, "elev_masl": 832.0, "elev_max_masl": null, "end": 2021, "id_basin": 3821, "id_municipality": 28169, "id_saica": null, "id_saih": null, "id_sheet": 509, "lat_wgs84": 40.4706, "lon_wgs84": -3.3748, "municipality": "Venturada", "name": "Pedrezuela-Albala", "owner": "CYII", "province": "Madrid", "regime": "unknown", "river": "Albalá", "scale_type": "EXTERIOR", "sheet": "TORRELAGUNA (509)", "start": 2009, "station_type": "ENCAUZAMIENTO", "system": "Macrosistema", "weir": false, "weir_type": null, "x_etrs89": 446834, "y_etrs89": 4515079, "years_daily": 12, "years_instant": 0, "years_monthly": 13, "discharge": 1 }, "geometry": { "type": "Point", "coordinates": [ -3.630119264942714, 40.784977994397231 ] } },
{ "type": "Feature", "properties": { "id": 3047, "active": 1, "administration": "C.H. TAJO", "basin": "TAJO", "catch_skm": 26.0, "catch_skm_basin": 196.0, "comment": null, "elev_masl": 832.0, "elev_max_masl": null, "end": 2021, "id_basin": 3820, "id_municipality": 28067, "id_saica": null, "id_saih": null, "id_sheet": 509, "lat_wgs84": 40.4724, "lon_wgs84": -3.4008, "municipality": "Guadalix de la Sierra", "name": "Pedrezuela-Gargüera", "owner": "CYII", "province": "Madrid", "regime": "unknown", "river": "Gargüera", "scale_type": "EXTERIOR", "sheet": "TORRELAGUNA (509)", "start": 2009, "station_type": "ENCAUZAMIENTO", "system": "Macrosistema", "weir": false, "weir_type": null, "x_etrs89": 443576, "y_etrs89": 4515669, "years_daily": 12, "years_instant": 0, "years_monthly": 13, "discharge": 1 }, "geometry": { "type": "Point", "coordinates": [ -3.668783710790965, 40.790075386958939 ] } },
{ "type": "Feature", "properties": { "id": 3048, "active": 1, "administration": "C.H. TAJO", "basin": "TAJO", "catch_skm": 168.0, "catch_skm_basin": 330.0, "comment": null, "elev_masl": 840.0, "elev_max_masl": null, "end": 2021, "id_basin": 3077, "id_municipality": 28067, "id_saica": null, "id_saih": null, "id_sheet": 509, "lat_wgs84": 40.4718, "lon_wgs84": -3.4128, "municipality": "Guadalix de la Sierra", "name": "Pedrezuela-Guadalix", "owner": "CYII", "province": "Madrid", "regime": "unknown", "river": "Guadalix", "scale_type": "EXTERIOR", "sheet": "TORRELAGUNA (509)", "start": 2010, "station_type": "ENCAUZAMIENTO", "system": "Macrosistema", "weir": false, "weir_type": null, "x_etrs89": 441687, "y_etrs89": 4515494, "years_daily": 11, "years_instant": 0, "years_monthly": 12, "discharge": 1 }, "geometry": { "type": "Point", "coordinates": [ -3.69115582183932, 40.788367068805734 ] } },
{ "type": "Feature", "properties": { "id": 3049, "active": 1, "administration": "C.H. TAJO", "basin": "TAJO", "catch_skm": 143.0, "catch_skm_basin": 11597.0, "comment": null, "elev_masl": 940.0, "elev_max_masl": null, "end": 2021, "id_basin": 3070, "id_municipality": 19060, "id_saica": null, "id_saih": null, "id_sheet": 459, "lat_wgs84": 41.0311, "lon_wgs84": -3.1951, "municipality": "Campillo de Ranas", "name": "Matallana", "owner": "CYII", "province": "Guadalajara", "regime": "unknown", "river": "Jarama", "scale_type": null, "sheet": "Tamajón (459)", "start": 2010, "station_type": null, "system": "Macrosistema", "weir": false, "weir_type": null, "x_etrs89": 472191, "y_etrs89": 4544697, "years_daily": 11, "years_instant": 0, "years_monthly": 12, "discharge": 1 }, "geometry": { "type": "Point", "coordinates": [ -3.330924988343664, 41.053033012025693 ] } },
{ "type": "Feature", "properties": { "id": 3050, "active": 0, "administration": "C.H. TAJO", "basin": "TAJO", "catch_skm": 426.0, "catch_skm_basin": 11597.0, "comment": "INT 1986                                                              ", "elev_masl": 810.0, "elev_max_masl": 2262.0, "end": 1986, "id_basin": 3070, "id_municipality": 19234, "id_saica": null, "id_saih": null, "id_sheet": 462, "lat_wgs84": 41.001, "lon_wgs84": -3.1802, "municipality": "Retiendas", "name": "Vado, El", "owner": null, "province": "Guadalajara", "regime": "unknown", "river": "Jarama", "scale_type": null, "sheet": "MARANCHÓN (462)", "start": 1980, "station_type": null, "system": "Macrosistema", "weir": false, "weir_type": null, "x_etrs89": 474726, "y_etrs89": 4539102, "years_daily": 6, "years_instant": 0, "years_monthly": 56, "discharge": 1 }, "geometry": { "type": "Point", "coordinates": [ -3.300529855845233, 41.002715527398813 ] } },
{ "type": "Feature", "properties": { "id": 3051, "active": 1, "administration": "C.H. TAJO", "basin": "TAJO", "catch_skm": 2448.0, "catch_skm_basin": 11597.0, "comment": null, "elev_masl": 585.0, "elev_max_masl": 2430.0, "end": 2021, "id_basin": 3080, "id_municipality": 28009, "id_saica": null, "id_saih": null, "id_sheet": 534, "lat_wgs84": 40.3513, "lon_wgs84": -3.33, "municipality": "Algete", "name": "Algete", "owner": null, "province": "Madrid", "regime": "altered", "river": "Jarama", "scale_type": "EXTERIOR", "sheet": "COLMENAR VIEJO (534)", "start": 1997, "station_type": "ENCAUZAMIENTO CON CANAL DE AGUAS BAJAS", "system": "Macrosistema", "weir": false, "weir_type": null, "x_etrs89": 452061, "y_etrs89": 4493067, "years_daily": 24, "years_instant": 33, "years_monthly": 89, "discharge": 1 }, "geometry": { "type": "Point", "coordinates": [ -3.566490796041405, 40.587009196280292 ] } },
{ "type": "Feature", "properties": { "id": 3052, "active": 1, "administration": "C.H. TAJO", "basin": "TAJO", "catch_skm": 7005.0, "catch_skm_basin": 11597.0, "comment": null, "elev_masl": 550.0, "elev_max_masl": 2430.0, "end": 2021, "id_basin": 3112, "id_municipality": 28123, "id_saica": null, "id_saih": null, "id_sheet": 560, "lat_wgs84": 40.2343, "lon_wgs84": -3.3034, "municipality": "Rivas - Vaciamadrid", "name": "Mejorada Del Campo", "owner": null, "province": "Madrid", "regime": "unknown", "river": "Jarama", "scale_type": "EXTERIOR", "sheet": "ALCALÁ DE HENARES (560)", "start": 1980, "station_type": "CAUCE NATURAL", "system": "Macrosistema", "weir": false, "weir_type": null, "x_etrs89": 456766, "y_etrs89": 4471748, "years_daily": 41, "years_instant": 42, "years_monthly": 106, "discharge": 1 }, "geometry": { "type": "Point", "coordinates": [ -3.509439984800071, 40.395212467040416 ] } },
{ "type": "Feature", "properties": { "id": 3054, "active": 1, "administration": "C.H. TAJO", "basin": "TAJO", "catch_skm": 238.0, "catch_skm_basin": 330.0, "comment": null, "elev_masl": 630.0, "elev_max_masl": 2106.0, "end": 2021, "id_basin": 3077, "id_municipality": 28129, "id_saica": null, "id_saih": null, "id_sheet": 509, "lat_wgs84": 40.4141, "lon_wgs84": -3.3643, "municipality": "San Agustin de Guadalix", "name": "Pesadilla", "owner": null, "province": "Madrid", "regime": "altered", "river": "Guadalix", "scale_type": "EXTERIOR", "sheet": "TORRELAGUNA (509)", "start": 1996, "station_type": "ENCAUZAMIENTO CON CANAL DE AGUAS BAJAS", "system": "Macrosistema", "weir": false, "weir_type": null, "x_etrs89": 448311, "y_etrs89": 4505053, "years_daily": 25, "years_instant": 26, "years_monthly": 49, "discharge": 1 }, "geometry": { "type": "Point", "coordinates": [ -3.611786901609099, 40.694756727418856 ] } },
{ "type": "Feature", "properties": { "id": 3060, "active": 1, "administration": "C.H. TAJO", "basin": "TAJO", "catch_skm": 1036.0, "catch_skm_basin": 4144.0, "comment": null, "elev_masl": 798.0, "elev_max_masl": 1409.0, "end": 2021, "id_basin": 3093, "id_municipality": 19157, "id_saica": null, "id_saih": null, "id_sheet": 489, "lat_wgs84": 40.5708, "lon_wgs84": -2.551, "municipality": "Jirueque", "name": "Bujalaro", "owner": null, "province": "Guadalajara", "regime": "altered", "river": "Henares", "scale_type": "EXTERIOR", "sheet": "MOLINA (489)", "start": 1980, "station_type": "CAUCE NATURAL", "system": "Macrosistema", "weir": false, "weir_type": null, "x_etrs89": 506778, "y_etrs89": 4533467, "years_daily": 41, "years_instant": 42, "years_monthly": 61, "discharge": 1 }, "geometry": { "type": "Point", "coordinates": [ -2.919464951665542, 40.952317534852938 ] } },
{ "type": "Feature", "properties": { "id": 3061, "active": 1, "administration": "C.H. TAJO", "basin": "TAJO", "catch_skm": 2597.0, "catch_skm_basin": 4144.0, "comment": null, "elev_masl": 700.0, "elev_max_masl": 2036.0, "end": 2021, "id_basin": 3103, "id_municipality": 19151, "id_saica": null, "id_saih": null, "id_sheet": 486, "lat_wgs84": 40.5022, "lon_wgs84": -3.07, "municipality": "Humanes", "name": "Humanes", "owner": null, "province": "Guadalajara", "regime": "altered", "river": "Henares", "scale_type": "EXTERIOR", "sheet": "JADRAQUE (486)", "start": 1980, "station_type": "CAUCE NATURAL", "system": "Macrosistema", "weir": false, "weir_type": null, "x_etrs89": 490164, "y_etrs89": 4520947, "years_daily": 41, "years_instant": 41, "years_monthly": 92, "discharge": 1 }, "geometry": { "type": "Point", "coordinates": [ -3.116671307650407, 40.839501468723533 ] } },
{ "type": "Feature", "properties": { "id": 3062, "active": 1, "administration": "C.H. TAJO", "basin": "TAJO", "catch_skm": 4031.0, "catch_skm_basin": 4144.0, "comment": null, "elev_masl": 565.0, "elev_max_masl": 2036.0, "end": 2021, "id_basin": 3111, "id_municipality": 28005, "id_saica": null, "id_saih": null, "id_sheet": 560, "lat_wgs84": 40.2736, "lon_wgs84": -3.2518, "municipality": "Alcalá de Henares", "name": "Espinillos", "owner": null, "province": "Madrid", "regime": "altered", "river": "Henares", "scale_type": "EXTERIOR", "sheet": "ALCALÁ DE HENARES (560)", "start": 1997, "station_type": "ENCAUZAMIENTO CON CANAL DE AGUAS BAJAS", "system": "Macrosistema", "weir": false, "weir_type": null, "x_etrs89": 464261, "y_etrs89": 4478887, "years_daily": 24, "years_instant": 38, "years_monthly": 109, "discharge": 1 }, "geometry": { "type": "Point", "coordinates": [ -3.421527850789576, 40.459882294128633 ] } },
{ "type": "Feature", "properties": { "id": 3063, "active": 0, "administration": "C.H. TAJO", "basin": "TAJO", "catch_skm": 3553.0, "catch_skm_basin": 4144.0, "comment": "INT 2020                                                              ", "elev_masl": 600.0, "elev_max_masl": null, "end": 2020, "id_basin": 3107, "id_municipality": 28137, "id_saica": null, "id_saih": null, "id_sheet": 535, "lat_wgs84": 40.3145, "lon_wgs84": -3.1647, "municipality": "Los Santos de la Humosa", "name": "Santos De La Humosa", "owner": null, "province": "Madrid", "regime": "unknown", "river": "Henares", "scale_type": null, "sheet": "Algete (535)", "start": 2010, "station_type": "Cauce Natural", "system": "Macrosistema", "weir": false, "weir_type": null, "x_etrs89": 476307, "y_etrs89": 4486517, "years_daily": 10, "years_instant": 0, "years_monthly": 11, "discharge": 1 }, "geometry": { "type": "Point", "coordinates": [ -3.279737215977947, 40.529051164354541 ] } },
{ "type": "Feature", "properties": { "id": 3065, "active": 0, "administration": "C.H. TAJO", "basin": "TAJO", "catch_skm": 275.0, "catch_skm_basin": 338.0, "comment": "INT 1986                                                              ", "elev_masl": 855.0, "elev_max_masl": 1472.0, "end": 1986, "id_basin": 3094, "id_municipality": 19208, "id_saica": null, "id_saih": null, "id_sheet": 463, "lat_wgs84": 41.03, "lon_wgs84": -2.5627, "municipality": "Palmaces de Jadraque", "name": "Palmaces", "owner": null, "province": "Guadalajara", "regime": "unknown", "river": "Cañamares", "scale_type": null, "sheet": "MILMARCOS (463)", "start": 1980, "station_type": null, "system": "Macrosistema", "weir": false, "weir_type": null, "x_etrs89": 504976, "y_etrs89": 4544302, "years_daily": 6, "years_instant": 3, "years_monthly": 53, "discharge": 1 }, "geometry": { "type": "Point", "coordinates": [ -2.940788711226426, 41.049934701612955 ] } },
{ "type": "Feature", "properties": { "id": 3067, "active": 1, "administration": "C.H. TAJO", "basin": "TAJO", "catch_skm": 519.0, "catch_skm_basin": 547.0, "comment": null, "elev_masl": 755.0, "elev_max_masl": 2036.0, "end": 2021, "id_basin": 3102, "id_municipality": 19228, "id_saica": null, "id_saih": null, "id_sheet": 486, "lat_wgs84": 40.5329, "lon_wgs84": -3.1053, "municipality": "Puebla de Beleña", "name": "Beleña", "owner": null, "province": "Guadalajara", "regime": "altered", "river": "Sorbe", "scale_type": "EXTERIOR", "sheet": "JADRAQUE (486)", "start": 1985, "station_type": "CAUCE NATURAL", "system": "Macrosistema", "weir": false, "weir_type": null, "x_etrs89": 484735, "y_etrs89": 4526717, "years_daily": 36, "years_instant": 35, "years_monthly": 64, "discharge": 1 }, "geometry": { "type": "Point", "coordinates": [ -3.181209645513093, 40.89139686681844 ] } },
{ "type": "Feature", "properties": { "id": 3069, "active": 0, "administration": "C.H. TAJO", "basin": "TAJO", "catch_skm": 244.0, "catch_skm_basin": 1242.0, "comment": "INT 1986                                                              ", "elev_masl": 870.0, "elev_max_masl": 2383.0, "end": 1986, "id_basin": 3119, "id_municipality": 28082, "id_saica": null, "id_saih": null, "id_sheet": 509, "lat_wgs84": 40.4226, "lon_wgs84": -3.4907, "municipality": "Manzanares el Real", "name": "Santillana", "owner": null, "province": "Madrid", "regime": "unknown", "river": "Manzanares", "scale_type": null, "sheet": "TORRELAGUNA (509)", "start": 1980, "station_type": null, "system": "Macrosistema", "weir": false, "weir_type": null, "x_etrs89": 430851, "y_etrs89": 4506568, "years_daily": 6, "years_instant": 2, "years_monthly": 43, "discharge": 1 }, "geometry": { "type": "Point", "coordinates": [ -3.818591599354965, 40.70712353883988 ] } },
{ "type": "Feature", "properties": { "id": 3070, "active": 1, "administration": "C.H. TAJO", "basin": "TAJO", "catch_skm": 710.0, "catch_skm_basin": 1242.0, "comment": null, "elev_masl": 588.0, "elev_max_masl": 2383.0, "end": 2021, "id_basin": 3123, "id_municipality": 28079, "id_saica": null, "id_saih": null, "id_sheet": 559, "lat_wgs84": 40.2734, "lon_wgs84": -3.4452, "municipality": "Madrid", "name": "Madrid", "owner": null, "province": "Madrid", "regime": "altered", "river": "Manzanares", "scale_type": "EXTERIOR", "sheet": "MADRID (559)", "start": 2001, "station_type": "ENCAUZAMIENTO CON CANAL DE AGUAS BAJAS", "system": "Macrosistema", "weir": false, "weir_type": null, "x_etrs89": 436606, "y_etrs89": 4479033, "years_daily": 20, "years_instant": 17, "years_monthly": 101, "discharge": 1 }, "geometry": { "type": "Point", "coordinates": [ -3.74770198598178, 40.459547938900187 ] } },
{ "type": "Feature", "properties": { "id": 3071, "active": 1, "administration": "C.H. TAJO", "basin": "TAJO", "catch_skm": 56.0, "catch_skm_basin": 1242.0, "comment": null, "elev_masl": 905.0, "elev_max_masl": null, "end": 2015, "id_basin": 3117, "id_municipality": 28082, "id_saica": null, "id_saih": null, "id_sheet": 508, "lat_wgs84": 40.4333, "lon_wgs84": -3.5204, "municipality": "Manzanares el Real", "name": "Santillana Manzanares", "owner": "CYII", "province": "Madrid", "regime": "unknown", "river": "Manzanares", "scale_type": null, "sheet": "Cercedilla (508)", "start": 2011, "station_type": "Encauzamiento", "system": "Macrosistema", "weir": true, "weir_type": null, "x_etrs89": 426717, "y_etrs89": 4508687, "years_daily": 4, "years_instant": 0, "years_monthly": 11, "discharge": 1 }, "geometry": { "type": "Point", "coordinates": [ -3.867772865886573, 40.725853369096036 ] } },
{ "type": "Feature", "properties": { "id": 3075, "active": 1, "administration": "C.H. TAJO", "basin": "TAJO", "catch_skm": 46.0, "catch_skm_basin": 93.0, "comment": null, "elev_masl": 925.0, "elev_max_masl": null, "end": 2021, "id_basin": 3118, "id_municipality": 28023, "id_saica": null, "id_saih": null, "id_sheet": 508, "lat_wgs84": 40.4151, "lon_wgs84": -3.552, "municipality": "El Boalo", "name": "Santillana Samburiel", "owner": "CYII", "province": "Madrid", "regime": "unknown", "river": "Samburiel O Navacerrada", "scale_type": null, "sheet": "Cercedilla (508)", "start": 2011, "station_type": "Encauzamiento", "system": "Macrosistema", "weir": true, "weir_type": null, "x_etrs89": 422081, "y_etrs89": 4505598, "years_daily": 10, "years_instant": 0, "years_monthly": 11, "discharge": 1 }, "geometry": { "type": "Point", "coordinates": [ -3.922278971532486, 40.69760340933896 ] } },
{ "type": "Feature", "properties": { "id": 3080, "active": 1, "administration": "C.H. TAJO", "basin": "TAJO", "catch_skm": 658.0, "catch_skm_basin": 2601.0, "comment": null, "elev_masl": 869.0, "elev_max_masl": 1367.0, "end": 2021, "id_basin": 3131, "id_municipality": 19172, "id_saica": null, "id_saih": null, "id_sheet": 512, "lat_wgs84": 40.4915, "lon_wgs84": -2.4148, "municipality": "Masegoso de Tajuña", "name": "Masegoso", "owner": null, "province": "Guadalajara", "regime": "altered", "river": "Tajuña", "scale_type": "EXTERIOR", "sheet": "CIFUENTES (512)", "start": 1980, "station_type": "CAUCE NATURAL", "system": "Macrosistema", "weir": false, "weir_type": null, "x_etrs89": 525586, "y_etrs89": 4518907, "years_daily": 41, "years_instant": 39, "years_monthly": 61, "discharge": 1 }, "geometry": { "type": "Point", "coordinates": [ -2.696593022911197, 40.820784175665239 ] } },
{ "type": "Feature", "properties": { "id": 3082, "active": 1, "administration": "C.H. TAJO", "basin": "TAJO", "catch_skm": 2029.0, "catch_skm_basin": 2601.0, "comment": null, "elev_masl": 615.0, "elev_max_masl": 1367.0, "end": 2021, "id_basin": 3147, "id_municipality": 28102, "id_saica": null, "id_saih": null, "id_sheet": 583, "lat_wgs84": 40.1817, "lon_wgs84": -3.114, "municipality": "Orusco", "name": "Orusco", "owner": null, "province": "Madrid", "regime": "unknown", "river": "Tajuña", "scale_type": "EXTERIOR", "sheet": "ARGANDA (583)", "start": 1980, "station_type": "CAUCE NATURAL", "system": "Macrosistema", "weir": false, "weir_type": null, "x_etrs89": 483485, "y_etrs89": 4461595, "years_daily": 41, "years_instant": 44, "years_monthly": 107, "discharge": 1 }, "geometry": { "type": "Point", "coordinates": [ -3.194341877427952, 40.304700467770225 ] } },
{ "type": "Feature", "properties": { "id": 3100, "active": 1, "administration": "C.H. TAJO", "basin": "TAJO", "catch_skm": 234.0, "catch_skm_basin": 1703.0, "comment": null, "elev_masl": 850.0, "elev_max_masl": 2181.0, "end": 2001, "id_basin": 3166, "id_municipality": 28047, "id_saica": null, "id_saih": null, "id_sheet": 533, "lat_wgs84": 40.3741, "lon_wgs84": -4.0021, "municipality": "Collado Villalba", "name": "Villalba", "owner": null, "province": "Madrid", "regime": "altered", "river": "Guadarrama", "scale_type": "EXTERIOR", "sheet": "SAN LORENZO DE EL ESCORIAL (533)", "start": 1984, "station_type": "ENCAUZAMIENTO CON CANAL DE AGUAS BAJAS", "system": "Macrosistema", "weir": false, "weir_type": null, "x_etrs89": 414935, "y_etrs89": 4497967, "years_daily": 17, "years_instant": 27, "years_monthly": 52, "discharge": 1 }, "geometry": { "type": "Point", "coordinates": [ -4.005816713391908, 40.628161481325137 ] } },
{ "type": "Feature", "properties": { "id": 3101, "active": 1, "administration": "C.H. TAJO", "basin": "TAJO", "catch_skm": 3997.0, "catch_skm_basin": 4104.0, "comment": null, "elev_masl": 375.0, "elev_max_masl": null, "end": 2021, "id_basin": 3238, "id_municipality": 45045, "id_saica": null, "id_saih": null, "id_sheet": 602, "lat_wgs84": 40.0039, "lon_wgs84": -4.426, "municipality": "Cazalegas", "name": "Cazalegas", "owner": null, "province": "Toledo", "regime": "unknown", "river": "Alberche", "scale_type": null, "sheet": "Navamorcuende (602)", "start": 2013, "station_type": "Sección Natural", "system": "Macrosistema", "weir": false, "weir_type": null, "x_etrs89": 353487, "y_etrs89": 4430358, "years_daily": 8, "years_instant": 0, "years_monthly": 9, "discharge": 1 }, "geometry": { "type": "Point", "coordinates": [ -4.716642203907663, 40.010716414845497 ] } },
{ "type": "Feature", "properties": { "id": 3102, "active": 1, "administration": "C.H. TAJO", "basin": "TAJO", "catch_skm": 1353.0, "catch_skm_basin": 1703.0, "comment": null, "elev_masl": 475.0, "elev_max_masl": 2181.0, "end": 2021, "id_basin": 3174, "id_municipality": 45019, "id_saica": null, "id_saih": "AR20", "id_sheet": 629, "lat_wgs84": 39.5937, "lon_wgs84": -4.0209, "municipality": "Bargas", "name": "Bargas", "owner": null, "province": "Toledo", "regime": "unknown", "river": "Guadarrama", "scale_type": null, "sheet": "TOLEDO (629)", "start": 2011, "station_type": null, "system": "Macrosistema", "weir": false, "weir_type": null, "x_etrs89": 411572, "y_etrs89": 4427550, "years_daily": 10, "years_instant": 18, "years_monthly": 44, "discharge": 1 }, "geometry": { "type": "Point", "coordinates": [ -4.035837453184025, 39.99350408675177 ] } },
{ "type": "Feature", "properties": { "id": 3103, "active": 0, "administration": "C.H. TAJO", "basin": "TAJO", "catch_skm": 962.0, "catch_skm_basin": 1703.0, "comment": "INT 2020                                                              ", "elev_masl": 542.0, "elev_max_masl": null, "end": 2020, "id_basin": 3172, "id_municipality": 28017, "id_saica": null, "id_saih": null, "id_sheet": 581, "lat_wgs84": 40.1311, "lon_wgs84": -3.5644, "municipality": "Batres", "name": "Batres", "owner": null, "province": "Madrid", "regime": "unknown", "river": "Guadarrama", "scale_type": null, "sheet": "Navalcarnero (581)", "start": 2010, "station_type": null, "system": "Macrosistema", "weir": false, "weir_type": null, "x_etrs89": 419553, "y_etrs89": 4452575, "years_daily": 10, "years_instant": 0, "years_monthly": 11, "discharge": 1 }, "geometry": { "type": "Point", "coordinates": [ -3.945477483774881, 40.219737337804133 ] } },
{ "type": "Feature", "properties": { "id": 3111, "active": 0, "administration": "C.H. TAJO", "basin": "TAJO", "catch_skm": 1050.0, "catch_skm_basin": 4104.0, "comment": "INT 1986                                                              ", "elev_masl": 655.0, "elev_max_masl": 2198.0, "end": 1986, "id_basin": 3210, "id_municipality": 5241, "id_saica": null, "id_saih": null, "id_sheet": 557, "lat_wgs84": 40.2536, "lon_wgs84": -4.3238, "municipality": "El Tiemblo", "name": "Burguillo", "owner": null, "province": "Ávila", "regime": "unknown", "river": "Alberche", "scale_type": null, "sheet": "SAN MARTÍN DE VALDEIGLESIAS (557)", "start": 1980, "station_type": null, "system": "Macrosistema", "weir": false, "weir_type": null, "x_etrs89": 369015, "y_etrs89": 4476248, "years_daily": 6, "years_instant": 13, "years_monthly": 46, "discharge": 1 }, "geometry": { "type": "Point", "coordinates": [ -4.544127521954938, 40.42656287997837 ] } },
{ "type": "Feature", "properties": { "id": 3112, "active": 0, "administration": "C.H. TAJO", "basin": "TAJO", "catch_skm": 1911.0, "catch_skm_basin": 4104.0, "comment": "INT 1986                                                              ", "elev_masl": 520.0, "elev_max_masl": 2198.0, "end": 1986, "id_basin": 3220, "id_municipality": 28133, "id_saica": null, "id_saih": null, "id_sheet": 557, "lat_wgs84": 40.2216, "lon_wgs84": -4.1836, "municipality": "San Martín de Valdeiglesias", "name": "San Juan", "owner": null, "province": "Madrid", "regime": "unknown", "river": "Alberche", "scale_type": null, "sheet": "SAN MARTÍN DE VALDEIGLESIAS (557)", "start": 1980, "station_type": null, "system": "Macrosistema", "weir": false, "weir_type": null, "x_etrs89": 388785, "y_etrs89": 4469763, "years_daily": 6, "years_instant": 8, "years_monthly": 41, "discharge": 1 }, "geometry": { "type": "Point", "coordinates": [ -4.309997429386834, 40.371031361269054 ] } },
{ "type": "Feature", "properties": { "id": 3113, "active": 0, "administration": "C.H. TAJO", "basin": "TAJO", "catch_skm": 2008.0, "catch_skm_basin": 4104.0, "comment": "INT 1986                                                              ", "elev_masl": 469.0, "elev_max_masl": 2198.0, "end": 1986, "id_basin": 3220, "id_municipality": 28133, "id_saica": null, "id_saih": null, "id_sheet": 580, "lat_wgs84": 40.1956, "lon_wgs84": -4.1504, "municipality": "San Martín de Valdeiglesias", "name": "Picadas, Las", "owner": null, "province": "Madrid", "regime": "unknown", "river": "Alberche", "scale_type": null, "sheet": "MÉNTRIDA (580)", "start": 1980, "station_type": null, "system": "Macrosistema", "weir": false, "weir_type": null, "x_etrs89": 393725, "y_etrs89": 4465373, "years_daily": 6, "years_instant": 0, "years_monthly": 23, "discharge": 1 }, "geometry": { "type": "Point", "coordinates": [ -4.251091780342323, 40.332134621413843 ] } },
{ "type": "Feature", "properties": { "id": 3114, "active": 0, "administration": "C.H. TAJO", "basin": "TAJO", "catch_skm": 1055.0, "catch_skm_basin": 4104.0, "comment": "INT 1986                                                              ", "elev_masl": 620.0, "elev_max_masl": 2198.0, "end": 1986, "id_basin": 3210, "id_municipality": 5241, "id_saica": null, "id_saih": null, "id_sheet": 557, "lat_wgs84": 40.2527, "lon_wgs84": -4.3007, "municipality": "El Tiemblo", "name": "Puente Nuevo", "owner": null, "province": "Ávila", "regime": "unknown", "river": "Alberche", "scale_type": null, "sheet": "SAN MARTÍN DE VALDEIGLESIAS (557)", "start": 1980, "station_type": null, "system": "Macrosistema", "weir": false, "weir_type": null, "x_etrs89": 372590, "y_etrs89": 4475908, "years_daily": 6, "years_instant": 0, "years_monthly": 22, "discharge": 1 }, "geometry": { "type": "Point", "coordinates": [ -4.501929140429374, 40.424055961631026 ] } },
{ "type": "Feature", "properties": { "id": 3115, "active": 0, "administration": "C.H. TAJO", "basin": "TAJO", "catch_skm": 3993.0, "catch_skm_basin": 4104.0, "comment": "INT 1986                                                              ", "elev_masl": 375.0, "elev_max_masl": 2198.0, "end": 1986, "id_basin": 3238, "id_municipality": 45045, "id_saica": null, "id_saih": null, "id_sheet": 602, "lat_wgs84": 40.0051, "lon_wgs84": -4.4222, "municipality": "Cazalegas", "name": "Cazalegas=Bajo Alberche", "owner": null, "province": "Toledo", "regime": "unknown", "river": "Alberche", "scale_type": null, "sheet": "NAVAMORCUENDE (602)", "start": 1980, "station_type": null, "system": "Macrosistema", "weir": false, "weir_type": null, "x_etrs89": 354395, "y_etrs89": 4430713, "years_daily": 6, "years_instant": 0, "years_monthly": 32, "discharge": 1 }, "geometry": { "type": "Point", "coordinates": [ -4.706087569517183, 40.014070543342967 ] } },
{ "type": "Feature", "properties": { "id": 3127, "active": 0, "administration": "C.H. TAJO", "basin": "TAJO", "catch_skm": 1754.0, "catch_skm_basin": 4507.0, "comment": "INT 1986                                                              ", "elev_masl": 287.0, "elev_max_masl": 2437.0, "end": 1986, "id_basin": 3280, "id_municipality": 45125, "id_saica": null, "id_saih": null, "id_sheet": 600, "lat_wgs84": 40.0636, "lon_wgs84": -5.1927, "municipality": "Oropesa", "name": "Rosarito", "owner": null, "province": "Toledo", "regime": "unknown", "river": "Tiétar", "scale_type": null, "sheet": "VILLANUEVA DE LA VERA (600)", "start": 1980, "station_type": null, "system": "Tiétar", "weir": false, "weir_type": null, "x_etrs89": 301921, "y_etrs89": 4442543, "years_daily": 6, "years_instant": 1, "years_monthly": 59, "discharge": 1 }, "geometry": { "type": "Point", "coordinates": [ -5.324141739172024, 40.109889293685121 ] } },
{ "type": "Feature", "properties": { "id": 3128, "active": 0, "administration": "C.H. TAJO", "basin": "TAJO", "catch_skm": 4505.0, "catch_skm_basin": 4507.0, "comment": "INT 1986                                                              ", "elev_masl": 208.0, "elev_max_masl": 2592.0, "end": 1986, "id_basin": 3296, "id_municipality": 10190, "id_saica": null, "id_saih": null, "id_sheet": 623, "lat_wgs84": 39.5024, "lon_wgs84": -6.0122, "municipality": "Torrejón el Rubio", "name": "Torrejon-Tietar", "owner": null, "province": "Cáceres", "regime": "unknown", "river": "Tiétar", "scale_type": null, "sheet": "MALPARTIDA DE PLASENCIA (623)", "start": 1980, "station_type": null, "system": "Tiétar", "weir": false, "weir_type": null, "x_etrs89": 241356, "y_etrs89": 4414361, "years_daily": 6, "years_instant": 0, "years_monthly": 19, "discharge": 1 }, "geometry": { "type": "Point", "coordinates": [ -6.022745981286148, 39.839899687493563 ] } },
{ "type": "Feature", "properties": { "id": 3142, "active": 0, "administration": "C.H. TAJO", "basin": "TAJO", "catch_skm": 1848.0, "catch_skm_basin": 5385.0, "comment": "INT 1986                                                              ", "elev_masl": 321.0, "elev_max_masl": 2425.0, "end": 1986, "id_basin": 3346, "id_municipality": 10090, "id_saica": null, "id_saih": null, "id_sheet": 575, "lat_wgs84": 40.1316, "lon_wgs84": -6.0757, "municipality": "Guijo de Granadilla", "name": "Gabriel Y Galan", "owner": null, "province": "Cáceres", "regime": "unknown", "river": "Alagón", "scale_type": null, "sheet": "HERVÁS (575)", "start": 1980, "station_type": null, "system": "Alagón", "weir": false, "weir_type": null, "x_etrs89": 233454, "y_etrs89": 4456997, "years_daily": 6, "years_instant": 0, "years_monthly": 32, "discharge": 1 }, "geometry": { "type": "Point", "coordinates": [ -6.132482947499017, 40.221025780254315 ] } },
{ "type": "Feature", "properties": { "id": 3143, "active": 0, "administration": "C.H. TAJO", "basin": "TAJO", "catch_skm": 2449.0, "catch_skm_basin": 5385.0, "comment": "INT 1986                                                              ", "elev_masl": 262.0, "elev_max_masl": 2425.0, "end": 1986, "id_basin": 3350, "id_municipality": 10202, "id_saica": null, "id_saih": null, "id_sheet": 597, "lat_wgs84": 40.0511, "lon_wgs84": -6.1621, "municipality": "Valdeobispo", "name": "Valdeobispo", "owner": null, "province": "Cáceres", "regime": "unknown", "river": "Alagón", "scale_type": null, "sheet": "MONTEHERMOSO (597)", "start": 1980, "station_type": null, "system": "Alagón", "weir": false, "weir_type": null, "x_etrs89": 220988, "y_etrs89": 4442469, "years_daily": 6, "years_instant": 0, "years_monthly": 21, "discharge": 1 }, "geometry": { "type": "Point", "coordinates": [ -6.272478377715709, 40.086293781397238 ] } },
{ "type": "Feature", "properties": { "id": 3144, "active": 1, "administration": "C.H. TAJO", "basin": "TAJO", "catch_skm": 386.0, "catch_skm_basin": 394.0, "comment": null, "elev_masl": 352.0, "elev_max_masl": 2395.0, "end": 2021, "id_basin": 3347, "id_municipality": 10090, "id_saica": null, "id_saih": null, "id_sheet": 575, "lat_wgs84": 40.1014, "lon_wgs84": -6.0612, "municipality": "Guijo de Granadilla", "name": "Villar, El", "owner": null, "province": "Cáceres", "regime": "altered", "river": "Ambroz", "scale_type": "EXTERIOR", "sheet": "HERVÁS (575)", "start": 1998, "station_type": "CAUCE NATURAL", "system": "Alagón", "weir": false, "weir_type": null, "x_etrs89": 235744, "y_etrs89": 4451299, "years_daily": 23, "years_instant": 29, "years_monthly": 51, "discharge": 1 }, "geometry": { "type": "Point", "coordinates": [ -6.10326823129802, 40.170490078967298 ] } },
{ "type": "Feature", "properties": { "id": 3146, "active": 1, "administration": "C.H. TAJO", "basin": "TAJO", "catch_skm": 313.0, "catch_skm_basin": 637.0, "comment": null, "elev_masl": 380.0, "elev_max_masl": 2395.0, "end": 1994, "id_basin": 3353, "id_municipality": 10184, "id_saica": null, "id_saih": "AR42", "id_sheet": 598, "lat_wgs84": 40.0641, "lon_wgs84": -5.5645, "municipality": "El Torno", "name": "Torno, El", "owner": null, "province": "Cáceres", "regime": "unknown", "river": "Jerte", "scale_type": null, "sheet": "PLASENCIA (598)", "start": 1980, "station_type": null, "system": "Alagón", "weir": false, "weir_type": null, "x_etrs89": 248933, "y_etrs89": 4444275, "years_daily": 14, "years_instant": 19, "years_monthly": 51, "discharge": 1 }, "geometry": { "type": "Point", "coordinates": [ -5.94584999399891, 40.11133710245722 ] } },
{ "type": "Feature", "properties": { "id": 3147, "active": 1, "administration": "C.H. TAJO", "basin": "TAJO", "catch_skm": 631.0, "catch_skm_basin": 637.0, "comment": null, "elev_masl": 258.0, "elev_max_masl": 2395.0, "end": 2021, "id_basin": 3353, "id_municipality": 10076, "id_saica": null, "id_saih": null, "id_sheet": 622, "lat_wgs84": 39.5854, "lon_wgs84": -6.1621, "municipality": "Galisteo", "name": "Galisteo", "owner": null, "province": "Cáceres", "regime": "altered", "river": "Jerte", "scale_type": "EXTERIOR", "sheet": "TORREJONCILLO (622)", "start": 1980, "station_type": "CAUCE NATURAL", "system": "Alagón", "weir": false, "weir_type": null, "x_etrs89": 220554, "y_etrs89": 4430862, "years_daily": 41, "years_instant": 36, "years_monthly": 57, "discharge": 1 }, "geometry": { "type": "Point", "coordinates": [ -6.272561414832164, 39.981744957664318 ] } },
{ "type": "Feature", "properties": { "id": 3148, "active": 0, "administration": "C.H. TAJO", "basin": "TAJO", "catch_skm": 329.0, "catch_skm_basin": 1022.0, "comment": "INT 1986                                                              ", "elev_masl": 290.0, "elev_max_masl": 1367.0, "end": 1986, "id_basin": 3363, "id_municipality": 10171, "id_saica": null, "id_saih": null, "id_sheet": 596, "lat_wgs84": 40.0731, "lon_wgs84": -6.3447, "municipality": "Santibáñez el Alto", "name": "Borbollon", "owner": null, "province": "Cáceres", "regime": "unknown", "river": "Árrago", "scale_type": null, "sheet": "MORALEJA (596)", "start": 1980, "station_type": null, "system": "Árrago", "weir": false, "weir_type": null, "x_etrs89": 194962, "y_etrs89": 4447797, "years_daily": 6, "years_instant": 10, "years_monthly": 52, "discharge": 1 }, "geometry": { "type": "Point", "coordinates": [ -6.579707533769819, 40.125183848529616 ] } },
{ "type": "Feature", "properties": { "id": 3149, "active": 1, "administration": "C.H. TAJO", "basin": "TAJO", "catch_skm": 7880.0, "catch_skm_basin": 71364.0, "comment": null, "elev_masl": 575.0, "elev_max_masl": null, "end": 2021, "id_basin": 3059, "id_municipality": 19021, "id_saica": null, "id_saih": "AR08", "id_sheet": 584, "lat_wgs84": 40.1541, "lon_wgs84": -2.5805, "municipality": "Almoguera", "name": "Almoguera", "owner": null, "province": "Guadalajara", "regime": "unknown", "river": "Tajo", "scale_type": null, "sheet": "Mondéjar (584)", "start": 2010, "station_type": "Encauzamiento", "system": "Macrosistema", "weir": false, "weir_type": null, "x_etrs89": 502711, "y_etrs89": 4456770, "years_daily": 11, "years_instant": 0, "years_monthly": 12, "discharge": 1 }, "geometry": { "type": "Point", "coordinates": [ -2.968118385383963, 40.261389135451502 ] } },
{ "type": "Feature", "properties": { "id": 3151, "active": 0, "administration": "C.H. TAJO", "basin": "TAJO", "catch_skm": 27482.0, "catch_skm_basin": 71364.0, "comment": "INT 1986                                                              ", "elev_masl": 413.0, "elev_max_masl": 2430.0, "end": 1986, "id_basin": 3183, "id_municipality": 45133, "id_saica": null, "id_saih": null, "id_sheet": 656, "lat_wgs84": 39.4955, "lon_wgs84": -4.1716, "municipality": "Polán", "name": "Castrejon", "owner": null, "province": "Toledo", "regime": "unknown", "river": "Tajo", "scale_type": null, "sheet": "GÁLVEZ (656)", "start": 1980, "station_type": null, "system": "Macrosistema", "weir": false, "weir_type": null, "x_etrs89": 389785, "y_etrs89": 4409888, "years_daily": 6, "years_instant": 0, "years_monthly": 21, "discharge": 1 }, "geometry": { "type": "Point", "coordinates": [ -4.288009575510751, 39.831849405843705 ] } },
{ "type": "Feature", "properties": { "id": 3152, "active": 0, "administration": "C.H. TAJO", "basin": "TAJO", "catch_skm": 36513.0, "catch_skm_basin": 71364.0, "comment": "INT 1986                                                              ", "elev_masl": 250.0, "elev_max_masl": 2430.0, "end": 1986, "id_basin": 3259, "id_municipality": 10197, "id_saica": null, "id_saih": null, "id_sheet": 652, "lat_wgs84": 39.4641, "lon_wgs84": -5.3647, "municipality": "Valdecañas de Tajo", "name": "Valdecañas", "owner": null, "province": "Cáceres", "regime": "unknown", "river": "Tajo", "scale_type": null, "sheet": "JARAICEJO (652)", "start": 1980, "station_type": null, "system": "Bajo Tajo - Extremadura", "weir": false, "weir_type": null, "x_etrs89": 276216, "y_etrs89": 4406379, "years_daily": 6, "years_instant": 0, "years_monthly": 22, "discharge": 1 }, "geometry": { "type": "Point", "coordinates": [ -5.613047988925574, 39.777954362482092 ] } },
{ "type": "Feature", "properties": { "id": 3153, "active": 1, "administration": "C.H. TAJO", "basin": "TAJO", "catch_skm": 1620.0, "catch_skm_basin": 11597.0, "comment": null, "elev_masl": 695.0, "elev_max_masl": 2430.0, "end": 2021, "id_basin": 3076, "id_municipality": 28107, "id_saica": null, "id_saih": null, "id_sheet": 485, "lat_wgs84": 40.5204, "lon_wgs84": -3.2803, "municipality": "Patones", "name": "Valdepeñas De La Sierra", "owner": null, "province": "Madrid", "regime": "altered", "river": "Jarama", "scale_type": "EXTERIOR", "sheet": "VALDEPEÑAS DE LA SIERRA (485)", "start": 1980, "station_type": "ENCAUZAMIENTO CON CANAL DE AGUAS BAJAS", "system": "Macrosistema", "weir": false, "weir_type": null, "x_etrs89": 460611, "y_etrs89": 4524182, "years_daily": 41, "years_instant": 31, "years_monthly": 50, "discharge": 1 }, "geometry": { "type": "Point", "coordinates": [ -3.467416825966937, 40.867755816740413 ] } },
{ "type": "Feature", "properties": { "id": 3154, "active": 0, "administration": "C.H. TAJO", "basin": "TAJO", "catch_skm": 385.0, "catch_skm_basin": 983.0, "comment": "INT 1986                                                              ", "elev_masl": 965.0, "elev_max_masl": 2430.0, "end": 1986, "id_basin": 3071, "id_municipality": 28027, "id_saica": null, "id_saih": null, "id_sheet": 484, "lat_wgs84": 40.585, "lon_wgs84": -3.3927, "municipality": "Buitrago del Lozoya", "name": "Riosequillo", "owner": null, "province": "Madrid", "regime": "unknown", "river": "Lozoya", "scale_type": null, "sheet": "BUITRAGO DE LOZOYA (484)", "start": 1980, "station_type": null, "system": "Macrosistema", "weir": false, "weir_type": null, "x_etrs89": 444691, "y_etrs89": 4536798, "years_daily": 6, "years_instant": 0, "years_monthly": 23, "discharge": 1 }, "geometry": { "type": "Point", "coordinates": [ -3.657449579918438, 40.980477584082934 ] } },
{ "type": "Feature", "properties": { "id": 3155, "active": 0, "administration": "C.H. TAJO", "basin": "TAJO", "catch_skm": 675.0, "catch_skm_basin": 983.0, "comment": "INT 1986                                                              ", "elev_masl": 920.0, "elev_max_masl": 2430.0, "end": 1986, "id_basin": 3073, "id_municipality": 28902, "id_saica": null, "id_saih": null, "id_sheet": 484, "lat_wgs84": 40.5935, "lon_wgs84": -3.3422, "municipality": "Puentes Viejas", "name": "Puentes Viejas", "owner": null, "province": "Madrid", "regime": "unknown", "river": "Lozoya", "scale_type": null, "sheet": "BUITRAGO DE LOZOYA (484)", "start": 1980, "station_type": null, "system": "Macrosistema", "weir": false, "weir_type": null, "x_etrs89": 451826, "y_etrs89": 4538137, "years_daily": 6, "years_instant": 0, "years_monthly": 23, "discharge": 1 }, "geometry": { "type": "Point", "coordinates": [ -3.572745630883094, 40.992991506173624 ] } },
{ "type": "Feature", "properties": { "id": 3156, "active": 0, "administration": "C.H. TAJO", "basin": "TAJO", "catch_skm": 923.0, "catch_skm_basin": 983.0, "comment": "INT 1986                                                              ", "elev_masl": 750.0, "elev_max_masl": 2430.0, "end": 1986, "id_basin": 3075, "id_municipality": 28107, "id_saica": null, "id_saih": null, "id_sheet": 485, "lat_wgs84": 40.5444, "lon_wgs84": -3.2824, "municipality": "Patones", "name": "Atazar, El", "owner": null, "province": "Madrid", "regime": "unknown", "river": "Lozoya", "scale_type": null, "sheet": "VALDEPEÑAS DE LA SIERRA (485)", "start": 1980, "station_type": null, "system": "Macrosistema", "weir": false, "weir_type": null, "x_etrs89": 460141, "y_etrs89": 4529112, "years_daily": 6, "years_instant": 0, "years_monthly": 16, "discharge": 1 }, "geometry": { "type": "Point", "coordinates": [ -3.473310343836793, 40.912143033600259 ] } },
{ "type": "Feature", "properties": { "id": 3157, "active": 0, "administration": "C.H. TAJO", "basin": "TAJO", "catch_skm": 210.0, "catch_skm_basin": 330.0, "comment": "INT 1986                                                              ", "elev_masl": 770.0, "elev_max_masl": 2106.0, "end": 1986, "id_basin": 3077, "id_municipality": 28108, "id_saica": null, "id_saih": null, "id_sheet": 509, "lat_wgs84": 40.4524, "lon_wgs84": -3.373, "municipality": "Pedrezuela", "name": "Vellon, El", "owner": null, "province": "Madrid", "regime": "unknown", "river": "Guadalix", "scale_type": null, "sheet": "TORRELAGUNA (509)", "start": 1980, "station_type": null, "system": "Macrosistema", "weir": false, "weir_type": null, "x_etrs89": 447226, "y_etrs89": 4511923, "years_daily": 6, "years_instant": 0, "years_monthly": 19, "discharge": 1 }, "geometry": { "type": "Point", "coordinates": [ -3.625207040239663, 40.756573830161656 ] } },
{ "type": "Feature", "properties": { "id": 3158, "active": 1, "administration": "C.H. TAJO", "basin": "TAJO", "catch_skm": 419.0, "catch_skm_basin": 487.0, "comment": null, "elev_masl": 870.0, "elev_max_masl": 1409.0, "end": 2021, "id_basin": 3090, "id_municipality": 19147, "id_saica": null, "id_saih": null, "id_sheet": 461, "lat_wgs84": 41.0341, "lon_wgs84": -2.4804, "municipality": "Huérmeces del Cerro", "name": "Huermeces", "owner": null, "province": "Guadalajara", "regime": "altered", "river": "Salado", "scale_type": "EXTERIOR", "sheet": "SIGÜENZA (461)", "start": 1988, "station_type": "ENCAUZAMIENTO CON CANAL DE AGUAS BAJAS", "system": "Macrosistema", "weir": false, "weir_type": null, "x_etrs89": 516701, "y_etrs89": 4545587, "years_daily": 33, "years_instant": 26, "years_monthly": 50, "discharge": 1 }, "geometry": { "type": "Point", "coordinates": [ -2.801234223278848, 41.06135397371861 ] } },
{ "type": "Feature", "properties": { "id": 3159, "active": 1, "administration": "C.H. TAJO", "basin": "TAJO", "catch_skm": 439.0, "catch_skm_basin": 547.0, "comment": null, "elev_masl": 850.0, "elev_max_masl": 2036.0, "end": 2021, "id_basin": 3102, "id_municipality": 19262, "id_saica": null, "id_saih": null, "id_sheet": 485, "lat_wgs84": 40.5921, "lon_wgs84": -3.1151, "municipality": "Tamajón", "name": "Muriel", "owner": null, "province": "Guadalajara", "regime": "altered", "river": "Sorbe", "scale_type": "EXTERIOR", "sheet": "VALDEPEÑAS DE LA SIERRA (485)", "start": 1980, "station_type": "CAUCE NATURAL", "system": "Macrosistema", "weir": false, "weir_type": null, "x_etrs89": 483388, "y_etrs89": 4537561, "years_daily": 41, "years_instant": 32, "years_monthly": 51, "discharge": 1 }, "geometry": { "type": "Point", "coordinates": [ -3.197490441179609, 40.98905641653004 ] } },
{ "type": "Feature", "properties": { "id": 3161, "active": 1, "administration": "C.H. TAJO", "basin": "TAJO", "catch_skm": 730.0, "catch_skm_basin": 4507.0, "comment": null, "elev_masl": 367.0, "elev_max_masl": 2188.0, "end": 2021, "id_basin": 3268, "id_municipality": 45130, "id_saica": null, "id_saih": null, "id_sheet": 601, "lat_wgs84": 40.0905, "lon_wgs84": -5.0244, "municipality": "Parrillas", "name": "Arenas De San Pedro", "owner": null, "province": "Toledo", "regime": "natural", "river": "Tiétar", "scale_type": "EXTERIOR", "sheet": "NAVALCÁN (601)", "start": 1986, "station_type": "CAUCE NATURAL", "system": "Tiétar", "weir": false, "weir_type": null, "x_etrs89": 325768, "y_etrs89": 4446569, "years_daily": 35, "years_instant": 31, "years_monthly": 54, "discharge": 1 }, "geometry": { "type": "Point", "coordinates": [ -5.045601993055269, 40.151414880928691 ] } },
{ "type": "Feature", "properties": { "id": 3162, "active": 1, "administration": "C.H. TAJO", "basin": "TAJO", "catch_skm": 388.0, "catch_skm_basin": 450.0, "comment": null, "elev_masl": 252.0, "elev_max_masl": 1492.0, "end": 2021, "id_basin": 3368, "id_municipality": 10128, "id_saica": null, "id_saih": null, "id_sheet": 596, "lat_wgs84": 40.005, "lon_wgs84": -6.4145, "municipality": "Moraleja", "name": "Moraleja", "owner": null, "province": "Cáceres", "regime": "altered", "river": "Rivera De Gata", "scale_type": "EXTERIOR", "sheet": "MORALEJA (596)", "start": 1984, "station_type": "CAUCE NATURAL", "system": "Árrago", "weir": false, "weir_type": null, "x_etrs89": 184544, "y_etrs89": 4435846, "years_daily": 37, "years_instant": 21, "years_monthly": 51, "discharge": 1 }, "geometry": { "type": "Point", "coordinates": [ -6.695908890721798, 40.013892773658441 ] } },
{ "type": "Feature", "properties": { "id": 3163, "active": 1, "administration": "C.H. TAJO", "basin": "TAJO", "catch_skm": 887.0, "catch_skm_basin": 1294.0, "comment": null, "elev_masl": 172.0, "elev_max_masl": null, "end": 2021, "id_basin": 3378, "id_municipality": 10008, "id_saica": null, "id_saih": null, "id_sheet": 648, "lat_wgs84": 39.4854, "lon_wgs84": -6.5901, "municipality": "Alcántara", "name": "Piedras Albas", "owner": null, "province": "Cáceres", "regime": "natural", "river": "Erjas", "scale_type": "EXTERIOR", "sheet": "ALCÁNTARA (648)", "start": 1989, "station_type": "CAUCE NATURAL", "system": "Árrago", "weir": false, "weir_type": null, "x_etrs89": 158996, "y_etrs89": 4414820, "years_daily": 32, "years_instant": 25, "years_monthly": 49, "discharge": 1 }, "geometry": { "type": "Point", "coordinates": [ -6.983591073746917, 39.814985469319197 ] } },
{ "type": "Feature", "properties": { "id": 3164, "active": 1, "administration": "C.H. TAJO", "basin": "TAJO", "catch_skm": 1265.0, "catch_skm_basin": 1315.0, "comment": null, "elev_masl": 509.0, "elev_max_masl": 829.0, "end": 2021, "id_basin": 3156, "id_municipality": 45197, "id_saica": null, "id_saih": null, "id_sheet": 630, "lat_wgs84": 39.5242, "lon_wgs84": -3.4349, "municipality": "Villasequilla de Yepes", "name": "Villasequilla De Yepes", "owner": null, "province": "Toledo", "regime": "altered", "river": "Arroyo De Martín Román", "scale_type": "EXTERIOR", "sheet": "YEPES (630)", "start": 2001, "station_type": "ENCAUZAMIENTO CON CANAL DE AGUAS BAJAS", "system": "Macrosistema", "weir": false, "weir_type": null, "x_etrs89": 437557, "y_etrs89": 4414513, "years_daily": 20, "years_instant": 23, "years_monthly": 44, "discharge": 1 }, "geometry": { "type": "Point", "coordinates": [ -3.730230370913635, 39.878372202460163 ] } },
{ "type": "Feature", "properties": { "id": 3165, "active": 1, "administration": "C.H. TAJO", "basin": "TAJO", "catch_skm": 284.0, "catch_skm_basin": 547.0, "comment": null, "elev_masl": 1062.0, "elev_max_masl": null, "end": 2021, "id_basin": 3102, "id_municipality": 19311, "id_saica": null, "id_saih": null, "id_sheet": 459, "lat_wgs84": 41.0806, "lon_wgs84": -3.1138, "municipality": "Valverde de los Arroyos", "name": "Valverde De Los Arroyos", "owner": null, "province": "Guadalajara", "regime": "unknown", "river": "Sorbe", "scale_type": null, "sheet": "Tamajón (459)", "start": 2011, "station_type": "Cauce Natural", "system": "Macrosistema", "weir": false, "weir_type": null, "x_etrs89": 483718, "y_etrs89": 4553750, "years_daily": 10, "years_instant": 0, "years_monthly": 11, "discharge": 1 }, "geometry": { "type": "Point", "coordinates": [ -3.193995334330439, 41.134895044690396 ] } },
{ "type": "Feature", "properties": { "id": 3168, "active": 1, "administration": "C.H. TAJO", "basin": "TAJO", "catch_skm": 787.0, "catch_skm_basin": 3110.0, "comment": null, "elev_masl": 315.0, "elev_max_masl": 1601.0, "end": 2021, "id_basin": 3308, "id_municipality": 10195, "id_saica": null, "id_saih": "AR50", "id_sheet": 679, "lat_wgs84": 39.3948, "lon_wgs84": -5.5734, "municipality": "Trujillo", "name": "Monroy", "owner": null, "province": "Cáceres", "regime": "unknown", "river": "Almonte", "scale_type": null, "sheet": "ALDEA DE TRUJILLO (679)", "start": 2011, "station_type": null, "system": "Bajo Tajo - Extremadura", "weir": false, "weir_type": null, "x_etrs89": 246115, "y_etrs89": 4394581, "years_daily": 10, "years_instant": 12, "years_monthly": 38, "discharge": 1 }, "geometry": { "type": "Point", "coordinates": [ -5.959565764357405, 39.663352326959277 ] } },
{ "type": "Feature", "properties": { "id": 3169, "active": 1, "administration": "C.H. TAJO", "basin": "TAJO", "catch_skm": 2058.0, "catch_skm_basin": 2116.0, "comment": null, "elev_masl": 149.0, "elev_max_masl": 710.0, "end": 2021, "id_basin": 3392, "id_municipality": 10119, "id_saica": null, "id_saih": null, "id_sheet": 676, "lat_wgs84": 39.3427, "lon_wgs84": -6.595, "municipality": "Membrío", "name": "Membrio", "owner": null, "province": "Cáceres", "regime": "unknown", "river": "Salor", "scale_type": "EXTERIOR", "sheet": "MEMBRÍO (676)", "start": 1980, "station_type": "CAUCE NATURAL", "system": "Bajo Tajo - Extremadura", "weir": false, "weir_type": null, "x_etrs89": 156630, "y_etrs89": 4388135, "years_daily": 41, "years_instant": 22, "years_monthly": 54, "discharge": 1 }, "geometry": { "type": "Point", "coordinates": [ -6.997285980065396, 39.574182926356265 ] } },
{ "type": "Feature", "properties": { "id": 3170, "active": 1, "administration": "C.H. TAJO", "basin": "TAJO", "catch_skm": 88.0, "catch_skm_basin": 169.0, "comment": null, "elev_masl": 960.0, "elev_max_masl": null, "end": 2015, "id_basin": 3072, "id_municipality": 28114, "id_saica": null, "id_saih": null, "id_sheet": 458, "lat_wgs84": 41.0158, "lon_wgs84": -3.3503, "municipality": "Piñuécar", "name": "Puentes Viejas Madarquillos", "owner": "CYII", "province": "Madrid", "regime": "unknown", "river": "Madarquillos O La Puebla", "scale_type": null, "sheet": "Prádena (458)", "start": 2011, "station_type": "Encauzamiento", "system": "Macrosistema", "weir": false, "weir_type": null, "x_etrs89": 450895, "y_etrs89": 4542567, "years_daily": 4, "years_instant": 0, "years_monthly": 11, "discharge": 1 }, "geometry": { "type": "Point", "coordinates": [ -3.584166224997787, 41.032840314784373 ] } },
{ "type": "Feature", "properties": { "id": 3171, "active": 1, "administration": "C.H. TAJO", "basin": "TAJO", "catch_skm": 69.0, "catch_skm_basin": 71.0, "comment": null, "elev_masl": 945.0, "elev_max_masl": null, "end": 2015, "id_basin": 3819, "id_municipality": 28078, "id_saica": null, "id_saih": null, "id_sheet": 458, "lat_wgs84": 41.0125, "lon_wgs84": -3.344, "municipality": "Madarcos", "name": "Puentes Viejas La Nava", "owner": "CYII", "province": "Madrid", "regime": "unknown", "river": "La Nava", "scale_type": null, "sheet": "Prádena (458)", "start": 2011, "station_type": "Encauzamiento", "system": "Macrosistema", "weir": false, "weir_type": null, "x_etrs89": 451421, "y_etrs89": 4541537, "years_daily": 4, "years_instant": 0, "years_monthly": 11, "discharge": 1 }, "geometry": { "type": "Point", "coordinates": [ -3.577827977904727, 41.023593891717219 ] } },
{ "type": "Feature", "properties": { "id": 3172, "active": 1, "administration": "C.H. TAJO", "basin": "TAJO", "catch_skm": 430.0, "catch_skm_basin": 1059.0, "comment": null, "elev_masl": 757.0, "elev_max_masl": 1181.0, "end": 2021, "id_basin": 3051, "id_municipality": 16112, "id_saica": null, "id_saih": null, "id_sheet": 585, "lat_wgs84": 40.1015, "lon_wgs84": -2.4121, "municipality": "Huete", "name": "Huete", "owner": null, "province": "Cuenca", "regime": "altered", "river": "Mayor", "scale_type": "EXTERIOR", "sheet": "ALMONACID DE ZORITA (585)", "start": 1986, "station_type": "ENCAUZAMIENTO CON CANAL DE AGUAS BAJAS", "system": "Macrosistema", "weir": false, "weir_type": null, "x_etrs89": 526480, "y_etrs89": 4446764, "years_daily": 35, "years_instant": 25, "years_monthly": 53, "discharge": 1 }, "geometry": { "type": "Point", "coordinates": [ -2.689007253723446, 40.170827152953024 ] } },
{ "type": "Feature", "properties": { "id": 3173, "active": 1, "administration": "C.H. TAJO", "basin": "TAJO", "catch_skm": 253.0, "catch_skm_basin": 404.0, "comment": null, "elev_masl": 780.0, "elev_max_masl": 1191.0, "end": 2021, "id_basin": 3052, "id_municipality": 16156, "id_saica": null, "id_saih": null, "id_sheet": 586, "lat_wgs84": 40.1545, "lon_wgs84": -2.3251, "municipality": "La Peraleja", "name": "Peraleja, La", "owner": null, "province": "Cuenca", "regime": "altered", "river": "Guadamejud", "scale_type": "EXTERIOR", "sheet": "GASCUEÑA (586)", "start": 1987, "station_type": "ENCAUZAMIENTO CON CANAL DE AGUAS BAJAS", "system": "Macrosistema", "weir": false, "weir_type": null, "x_etrs89": 538485, "y_etrs89": 4456983, "years_daily": 34, "years_instant": 28, "years_monthly": 52, "discharge": 1 }, "geometry": { "type": "Point", "coordinates": [ -2.547406647913868, 40.262427464142341 ] } },
{ "type": "Feature", "properties": { "id": 3174, "active": 1, "administration": "C.H. TAJO", "basin": "TAJO", "catch_skm": 8890.0, "catch_skm_basin": 11597.0, "comment": null, "elev_masl": 498.0, "elev_max_masl": null, "end": 2021, "id_basin": 3128, "id_municipality": 28040, "id_saica": null, "id_saih": null, "id_sheet": 605, "lat_wgs84": 40.0812, "lon_wgs84": -3.3451, "municipality": "Ciempozuelos", "name": "Puente Titulcia", "owner": null, "province": "Madrid", "regime": "unknown", "river": "Jarama", "scale_type": null, "sheet": "Aranjuez (605)", "start": 2009, "station_type": "CAUCE NATURAL", "system": "Macrosistema", "weir": false, "weir_type": null, "x_etrs89": 450521, "y_etrs89": 4443099, "years_daily": 12, "years_instant": 0, "years_monthly": 13, "discharge": 1 }, "geometry": { "type": "Point", "coordinates": [ -3.580811662662389, 40.136768252462225 ] } },
{ "type": "Feature", "properties": { "id": 3175, "active": 0, "administration": "C.H. TAJO", "basin": "TAJO", "catch_skm": 11549.0, "catch_skm_basin": 11597.0, "comment": "INT 2009                                                              ", "elev_masl": 491.0, "elev_max_masl": 2430.0, "end": 2009, "id_basin": 3148, "id_municipality": 28013, "id_saica": null, "id_saih": null, "id_sheet": 605, "lat_wgs84": 40.0503, "lon_wgs84": -3.3631, "municipality": "Aranjuez", "name": "Aranjuez", "owner": null, "province": "Madrid", "regime": "altered", "river": "Jarama", "scale_type": "EXTERIOR", "sheet": "ARANJUEZ (605)", "start": 1989, "station_type": "CAUCE NATURAL", "system": "Macrosistema", "weir": false, "weir_type": null, "x_etrs89": 448110, "y_etrs89": 4437272, "years_daily": 20, "years_instant": 33, "years_monthly": 41, "discharge": 1 }, "geometry": { "type": "Point", "coordinates": [ -3.608643710192583, 40.084126706540836 ] } },
{ "type": "Feature", "properties": { "id": 3176, "active": 0, "administration": "C.H. TAJO", "basin": "TAJO", "catch_skm": 899.0, "catch_skm_basin": 1242.0, "comment": "INT 1986                                                              ", "elev_masl": 564.0, "elev_max_masl": 2383.0, "end": 1986, "id_basin": 3123, "id_municipality": 28079, "id_saica": null, "id_saih": null, "id_sheet": 559, "lat_wgs84": 40.2146, "lon_wgs84": -3.4102, "municipality": "Madrid", "name": "China, La", "owner": null, "province": "Madrid", "regime": "unknown", "river": "Manzanares", "scale_type": null, "sheet": "MADRID (559)", "start": 1980, "station_type": null, "system": "Macrosistema", "weir": false, "weir_type": null, "x_etrs89": 441935, "y_etrs89": 4468237, "years_daily": 6, "years_instant": 1, "years_monthly": 22, "discharge": 1 }, "geometry": { "type": "Point", "coordinates": [ -3.68386818656736, 40.362681451104628 ] } },
{ "type": "Feature", "properties": { "id": 3177, "active": 1, "administration": "C.H. TAJO", "basin": "TAJO", "catch_skm": 1240.0, "catch_skm_basin": 1242.0, "comment": null, "elev_masl": 535.0, "elev_max_masl": 2383.0, "end": 2021, "id_basin": 3127, "id_municipality": 28123, "id_saica": null, "id_saih": null, "id_sheet": 582, "lat_wgs84": 40.1926, "lon_wgs84": -3.3317, "municipality": "Rivas-vaciamadrid", "name": "Vaciamadrid", "owner": null, "province": "Madrid", "regime": "altered", "river": "Manzanares", "scale_type": "EXTERIOR", "sheet": "GETAFE (582)", "start": 1990, "station_type": "CAUCE NATURAL", "system": "Macrosistema", "weir": false, "weir_type": null, "x_etrs89": 452863, "y_etrs89": 4463848, "years_daily": 31, "years_instant": 24, "years_monthly": 57, "discharge": 1 }, "geometry": { "type": "Point", "coordinates": [ -3.554844558175046, 40.323831049762504 ] } },
{ "type": "Feature", "properties": { "id": 3180, "active": 1, "administration": "C.H. TAJO", "basin": "TAJO", "catch_skm": 629.0, "catch_skm_basin": 638.0, "comment": null, "elev_masl": 580.0, "elev_max_masl": 1902.0, "end": 2021, "id_basin": 3219, "id_municipality": 5057, "id_saica": null, "id_saih": "AR22", "id_sheet": 557, "lat_wgs84": 40.2441, "lon_wgs84": -4.1921, "municipality": "Cebreros", "name": "San Martin De Valdeiglesias", "owner": null, "province": "Ávila", "regime": "unknown", "river": "Cofio", "scale_type": null, "sheet": "SAN MARTÍN DE VALDEIGLESIAS (557)", "start": 2011, "station_type": null, "system": "Macrosistema", "weir": false, "weir_type": null, "x_etrs89": 387792, "y_etrs89": 4474253, "years_daily": 10, "years_instant": 3, "years_monthly": 33, "discharge": 1 }, "geometry": { "type": "Point", "coordinates": [ -4.322481980315557, 40.411338772827037 ] } },
{ "type": "Feature", "properties": { "id": 3182, "active": 1, "administration": "C.H. TAJO", "basin": "TAJO", "catch_skm": 426.0, "catch_skm_basin": 5385.0, "comment": null, "elev_masl": 520.0, "elev_max_masl": 1433.0, "end": 2021, "id_basin": 3330, "id_municipality": 37298, "id_saica": null, "id_saih": null, "id_sheet": 527, "lat_wgs84": 40.3006, "lon_wgs84": -5.5647, "municipality": "Santibáñez de la Sierra", "name": "Garcibuey", "owner": null, "province": "Salamanca", "regime": "natural", "river": "Alagón", "scale_type": "EXTERIOR", "sheet": "SEQUEROS (527)", "start": 1980, "station_type": "CAUCE NATURAL", "system": "Alagón", "weir": false, "weir_type": null, "x_etrs89": 250325, "y_etrs89": 4487657, "years_daily": 41, "years_instant": 25, "years_monthly": 53, "discharge": 1 }, "geometry": { "type": "Point", "coordinates": [ -5.946464385547922, 40.502078806100094 ] } },
{ "type": "Feature", "properties": { "id": 3183, "active": 0, "administration": "C.H. TAJO", "basin": "TAJO", "catch_skm": 3102.0, "catch_skm_basin": 4104.0, "comment": "INT 2013                                                              ", "elev_masl": 419.0, "elev_max_masl": 2198.0, "end": 2013, "id_basin": 3230, "id_municipality": 45061, "id_saica": null, "id_saih": null, "id_sheet": 580, "lat_wgs84": 40.0954, "lon_wgs84": -4.2404, "municipality": "Escalona", "name": "Escalona", "owner": null, "province": "Toledo", "regime": "altered", "river": "Alberche", "scale_type": "EXTERIOR", "sheet": "MÉNTRIDA (580)", "start": 1997, "station_type": "CAUCE NATURAL", "system": "Macrosistema", "weir": false, "weir_type": null, "x_etrs89": 380684, "y_etrs89": 4447013, "years_daily": 16, "years_instant": 22, "years_monthly": 42, "discharge": 1 }, "geometry": { "type": "Point", "coordinates": [ -4.40115726170982, 40.165009348865823 ] } },
{ "type": "Feature", "properties": { "id": 3184, "active": 1, "administration": "C.H. TAJO", "basin": "TAJO", "catch_skm": 4090.0, "catch_skm_basin": 4507.0, "comment": null, "elev_masl": 230.0, "elev_max_masl": 2592.0, "end": 2021, "id_basin": 3294, "id_municipality": 10116, "id_saica": null, "id_saih": null, "id_sheet": 623, "lat_wgs84": 39.5559, "lon_wgs84": -5.5417, "municipality": "Malpartida de Plasencia", "name": "Bazagona, La", "owner": null, "province": "Cáceres", "regime": "altered", "river": "Tiétar", "scale_type": "EXTERIOR", "sheet": "MALPARTIDA DE PLASENCIA (623)", "start": 2006, "station_type": "CAUCE NATURAL", "system": "Tiétar", "weir": false, "weir_type": null, "x_etrs89": 251787, "y_etrs89": 4424358, "years_daily": 15, "years_instant": 28, "years_monthly": 52, "discharge": 1 }, "geometry": { "type": "Point", "coordinates": [ -5.904787601742614, 39.932967837174857 ] } },
{ "type": "Feature", "properties": { "id": 3185, "active": 1, "administration": "C.H. TAJO", "basin": "TAJO", "catch_skm": 47.0, "catch_skm_basin": 157.0, "comment": null, "elev_masl": 426.0, "elev_max_masl": 1010.0, "end": 2021, "id_basin": 3351, "id_municipality": 10167, "id_saica": null, "id_saih": null, "id_sheet": 574, "lat_wgs84": 40.1306, "lon_wgs84": -6.1906, "municipality": "Santa Cruz de Paniagua", "name": "Santibañez El Bajo", "owner": null, "province": "Cáceres", "regime": "natural", "river": "Arroyo Del Bronco", "scale_type": "EXTERIOR", "sheet": "CASAR DE PALOMERO (574)", "start": 2003, "station_type": "ENCAUZAMIENTO CON CANAL DE AGUAS BAJAS", "system": "Alagón", "weir": false, "weir_type": null, "x_etrs89": 217621, "y_etrs89": 4457284, "years_daily": 18, "years_instant": 28, "years_monthly": 50, "discharge": 1 }, "geometry": { "type": "Point", "coordinates": [ -6.318393496944461, 40.218424818451027 ] } },
{ "type": "Feature", "properties": { "id": 3186, "active": 1, "administration": "C.H. TAJO", "basin": "TAJO", "catch_skm": 361.0, "catch_skm_basin": 409.0, "comment": null, "elev_masl": 798.0, "elev_max_masl": 1618.0, "end": 2021, "id_basin": 3042, "id_municipality": 16170, "id_saica": null, "id_saih": null, "id_sheet": 563, "lat_wgs84": 40.2529, "lon_wgs84": -2.1935, "municipality": "Priego", "name": "Priego-Trabaque", "owner": null, "province": "Cuenca", "regime": "altered", "river": "Trabaque", "scale_type": "EXTERIOR", "sheet": "PRIEGO (563)", "start": 1980, "station_type": "ENCAUZAMIENTO CON CANAL DE AGUAS BAJAS", "system": "Macrosistema", "weir": false, "weir_type": null, "x_etrs89": 557154, "y_etrs89": 4475104, "years_daily": 41, "years_instant": 34, "years_monthly": 53, "discharge": 1 }, "geometry": { "type": "Point", "coordinates": [ -2.32624422304219, 40.424606207550717 ] } },
{ "type": "Feature", "properties": { "id": 3187, "active": 0, "administration": "C.H. TAJO", "basin": "TAJO", "catch_skm": 537.0, "catch_skm_basin": 1242.0, "comment": "INT 1999                                                              ", "elev_masl": 605.0, "elev_max_masl": 2383.0, "end": 1999, "id_basin": 3121, "id_municipality": 28079, "id_saica": null, "id_saih": null, "id_sheet": 534, "lat_wgs84": 40.3124, "lon_wgs84": -3.4717, "municipality": "Madrid", "name": "Pardo, El", "owner": null, "province": "Madrid", "regime": "unknown", "river": "Manzanares", "scale_type": null, "sheet": "COLMENAR VIEJO (534)", "start": 1990, "station_type": null, "system": "Macrosistema", "weir": false, "weir_type": null, "x_etrs89": 433251, "y_etrs89": 4486133, "years_daily": 9, "years_instant": 11, "years_monthly": 24, "discharge": 1 }, "geometry": { "type": "Point", "coordinates": [ -3.788016988910176, 40.523243316174984 ] } },
{ "type": "Feature", "properties": { "id": 3188, "active": 1, "administration": "C.H. TAJO", "basin": "TAJO", "catch_skm": 2577.0, "catch_skm_basin": 4104.0, "comment": null, "elev_masl": 455.0, "elev_max_masl": null, "end": 2021, "id_basin": 3226, "id_municipality": 28008, "id_saica": null, "id_saih": null, "id_sheet": 580, "lat_wgs84": 40.1828, "lon_wgs84": -4.1308, "municipality": "Aldea del Fresno", "name": "Aldea Del Fresno", "owner": null, "province": "Madrid", "regime": "unknown", "river": "Alberche", "scale_type": null, "sheet": "Méntrida (580)", "start": 2009, "station_type": "CAUCE NATURAL", "system": "Macrosistema", "weir": false, "weir_type": null, "x_etrs89": 396415, "y_etrs89": 4462629, "years_daily": 12, "years_instant": 0, "years_monthly": 13, "discharge": 1 }, "geometry": { "type": "Point", "coordinates": [ -4.218986745899638, 40.30775684321415 ] } },
{ "type": "Feature", "properties": { "id": 3189, "active": 0, "administration": "C.H. TAJO", "basin": "TAJO", "catch_skm": 21.0, "catch_skm_basin": 93.0, "comment": "INT 1986                                                              ", "elev_masl": 1120.0, "elev_max_masl": 2262.0, "end": 1986, "id_basin": 3118, "id_municipality": 28018, "id_saica": null, "id_saih": null, "id_sheet": 508, "lat_wgs84": 40.4245, "lon_wgs84": -4.0012, "municipality": "Becerril de La Sierra", "name": "Navacerrada", "owner": null, "province": "Madrid", "regime": "unknown", "river": "Navacerrada", "scale_type": null, "sheet": "CERCEDILLA (508)", "start": 1980, "station_type": null, "system": "Macrosistema", "weir": false, "weir_type": null, "x_etrs89": 415256, "y_etrs89": 4507318, "years_daily": 6, "years_instant": 0, "years_monthly": 22, "discharge": 1 }, "geometry": { "type": "Point", "coordinates": [ -4.003283442663442, 40.712422420026954 ] } },
{ "type": "Feature", "properties": { "id": 3190, "active": 0, "administration": "C.H. TAJO", "basin": "TAJO", "catch_skm": 18.0, "catch_skm_basin": 24.0, "comment": "INT 1986                                                              ", "elev_masl": 1059.0, "elev_max_masl": 1824.0, "end": 1986, "id_basin": 3993, "id_municipality": 28068, "id_saica": null, "id_saih": null, "id_sheet": 508, "lat_wgs84": 40.4001, "lon_wgs84": -4.0719, "municipality": "Guadarrama", "name": "Jarosa, La", "owner": null, "province": "Madrid", "regime": "unknown", "river": "Guatel", "scale_type": null, "sheet": "CERCEDILLA (508)", "start": 1980, "station_type": null, "system": "Macrosistema", "weir": false, "weir_type": null, "x_etrs89": 405171, "y_etrs89": 4502383, "years_daily": 6, "years_instant": 0, "years_monthly": 22, "discharge": 1 }, "geometry": { "type": "Point", "coordinates": [ -4.121913207981568, 40.666873569635094 ] } },
{ "type": "Feature", "properties": { "id": 3193, "active": 1, "administration": "C.H. TAJO", "basin": "TAJO", "catch_skm": 252.0, "catch_skm_basin": 253.0, "comment": null, "elev_masl": 579.0, "elev_max_masl": 940.0, "end": 2021, "id_basin": 3110, "id_municipality": 28005, "id_saica": null, "id_saih": null, "id_sheet": 560, "lat_wgs84": 40.281, "lon_wgs84": -3.2513, "municipality": "Alcalá de Henares", "name": "Torote", "owner": null, "province": "Madrid", "regime": "natural", "river": "Arroyo De Torote", "scale_type": "EXTERIOR", "sheet": "ALCALÁ DE HENARES (560)", "start": 2000, "station_type": "ENCAUZAMIENTO CON CANAL DE AGUAS BAJAS", "system": "Macrosistema", "weir": false, "weir_type": null, "x_etrs89": 464380, "y_etrs89": 4479933, "years_daily": 21, "years_instant": 16, "years_monthly": 42, "discharge": 1 }, "geometry": { "type": "Point", "coordinates": [ -3.420183043364241, 40.469310644885972 ] } },
{ "type": "Feature", "properties": { "id": 3194, "active": 1, "administration": "C.H. TAJO", "basin": "TAJO", "catch_skm": 366.0, "catch_skm_basin": 1703.0, "comment": null, "elev_masl": 619.0, "elev_max_masl": 2181.0, "end": 2021, "id_basin": 3166, "id_municipality": 28127, "id_saica": null, "id_saih": "AR19", "id_sheet": 533, "lat_wgs84": 40.2931, "lon_wgs84": -3.5612, "municipality": "Las Rozas de Madrid", "name": "Picotejo, El", "owner": null, "province": "Madrid", "regime": "unknown", "river": "Guadarrama", "scale_type": null, "sheet": "SAN LORENZO DEL ESCORIAL (533)", "start": 2011, "station_type": null, "system": "Macrosistema", "weir": false, "weir_type": null, "x_etrs89": 420623, "y_etrs89": 4482773, "years_daily": 10, "years_instant": 6, "years_monthly": 32, "discharge": 1 }, "geometry": { "type": "Point", "coordinates": [ -3.936660438124893, 40.491864334557874 ] } },
{ "type": "Feature", "properties": { "id": 3195, "active": 0, "administration": "C.H. TAJO", "basin": "TAJO", "catch_skm": 725.0, "catch_skm_basin": 983.0, "comment": "INT 1986                                                              ", "elev_masl": 900.0, "elev_max_masl": 2430.0, "end": 1986, "id_basin": 3073, "id_municipality": 28902, "id_saica": null, "id_saih": null, "id_sheet": 484, "lat_wgs84": 40.565, "lon_wgs84": -3.3352, "municipality": "Puentes Viejas", "name": "Villar, El", "owner": null, "province": "Madrid", "regime": "unknown", "river": "Lozoya", "scale_type": null, "sheet": "Buitrago de Lozoya (484)", "start": 1980, "station_type": null, "system": "Macrosistema", "weir": false, "weir_type": null, "x_etrs89": 452496, "y_etrs89": 4533042, "years_daily": 6, "years_instant": 0, "years_monthly": 23, "discharge": 1 }, "geometry": { "type": "Point", "coordinates": [ -3.564389080332184, 40.947135822466123 ] } },
{ "type": "Feature", "properties": { "id": 3196, "active": 0, "administration": "C.H. TAJO", "basin": "TAJO", "catch_skm": 246.0, "catch_skm_basin": 983.0, "comment": "INT 1986                                                              ", "elev_masl": 1062.0, "elev_max_masl": 2430.0, "end": 1986, "id_basin": 3071, "id_municipality": 28076, "id_saica": null, "id_saih": null, "id_sheet": 484, "lat_wgs84": 40.5638, "lon_wgs84": -3.4632, "municipality": "Lozoya", "name": "Pinilla", "owner": null, "province": "Madrid", "regime": "unknown", "river": "Lozoya", "scale_type": null, "sheet": "BUITRAGO DE LOZOYA (484)", "start": 1980, "station_type": null, "system": "Macrosistema", "weir": false, "weir_type": null, "x_etrs89": 434721, "y_etrs89": 4532808, "years_daily": 6, "years_instant": 0, "years_monthly": 20, "discharge": 1 }, "geometry": { "type": "Point", "coordinates": [ -3.775531020218499, 40.943801039378421 ] } },
{ "type": "Feature", "properties": { "id": 3197, "active": 0, "administration": "C.H. TAJO", "basin": "TAJO", "catch_skm": 53.0, "catch_skm_basin": 340.0, "comment": "INT 2010                                                              ", "elev_masl": 720.0, "elev_max_masl": 1369.0, "end": 2010, "id_basin": 3194, "id_municipality": 45075, "id_saica": null, "id_saih": null, "id_sheet": 683, "lat_wgs84": 39.3757, "lon_wgs84": -4.332, "municipality": "Hontanar", "name": "Cantos Blancos", "owner": null, "province": "Toledo", "regime": "natural", "river": "Cedena", "scale_type": "EXTERIOR", "sheet": "ESPINOSO DEL REY (683)", "start": 1986, "station_type": "CAUCE NATURAL", "system": "Macrosistema", "weir": false, "weir_type": null, "x_etrs89": 366513, "y_etrs89": 4388127, "years_daily": 24, "years_instant": 18, "years_monthly": 39, "discharge": 1 }, "geometry": { "type": "Point", "coordinates": [ -4.555475188146514, 39.63251309362051 ] } },
{ "type": "Feature", "properties": { "id": 3198, "active": 1, "administration": "C.H. TAJO", "basin": "TAJO", "catch_skm": 261.0, "catch_skm_basin": 532.0, "comment": null, "elev_masl": 497.0, "elev_max_masl": 1461.0, "end": 2021, "id_basin": 3221, "id_municipality": 28095, "id_saica": null, "id_saih": null, "id_sheet": 558, "lat_wgs84": 40.2211, "lon_wgs84": -4.0812, "municipality": "Navalagamella", "name": "Villamantilla", "owner": null, "province": "Madrid", "regime": "altered", "river": "Perales", "scale_type": "EXTERIOR", "sheet": "MAJADAHONDA (558)", "start": 2006, "station_type": "ENCAUZAMIENTO CON CANAL DE AGUAS BAJAS", "system": "Macrosistema", "weir": false, "weir_type": null, "x_etrs89": 403501, "y_etrs89": 4469425, "years_daily": 15, "years_instant": 24, "years_monthly": 51, "discharge": 1 }, "geometry": { "type": "Point", "coordinates": [ -4.136641843410369, 40.369820325350155 ] } },
{ "type": "Feature", "properties": { "id": 3200, "active": 1, "administration": "C.H. TAJO", "basin": "TAJO", "catch_skm": 239.0, "catch_skm_basin": 239.0, "comment": null, "elev_masl": 405.0, "elev_max_masl": 2425.0, "end": 2021, "id_basin": 3335, "id_municipality": 37313, "id_saica": null, "id_saih": null, "id_sheet": 552, "lat_wgs84": 40.2528, "lon_wgs84": -6.0051, "municipality": "Sotoserrano", "name": "Sotoserrano", "owner": null, "province": "Salamanca", "regime": "altered", "river": "Cuerpo De Hombre", "scale_type": "EXTERIOR", "sheet": "MIRANDA DEL CASTAÑAR (552)", "start": 2000, "station_type": "CAUCE NATURAL", "system": "Alagón", "weir": false, "weir_type": null, "x_etrs89": 244291, "y_etrs89": 4479233, "years_daily": 21, "years_instant": 32, "years_monthly": 54, "discharge": 1 }, "geometry": { "type": "Point", "coordinates": [ -6.014187657332692, 40.424454987080317 ] } },
{ "type": "Feature", "properties": { "id": 3201, "active": 0, "administration": "C.H. TAJO", "basin": "TAJO", "catch_skm": 354.0, "catch_skm_basin": 3470.0, "comment": "INT 1986                                                              ", "elev_masl": 921.0, "elev_max_masl": 1798.0, "end": 1986, "id_basin": 3032, "id_municipality": 16053, "id_saica": null, "id_saih": null, "id_sheet": 539, "lat_wgs84": 40.3155, "lon_wgs84": -2.0921, "municipality": "Cañizares", "name": "Molino De Chincha", "owner": null, "province": "Cuenca", "regime": "unknown", "river": "Guadiela", "scale_type": null, "sheet": "PARALEJOS DE LAS TRUCHAS (539)", "start": 1980, "station_type": null, "system": "Macrosistema", "weir": false, "weir_type": null, "x_etrs89": 571481, "y_etrs89": 4487136, "years_daily": 6, "years_instant": 0, "years_monthly": 22, "discharge": 1 }, "geometry": { "type": "Point", "coordinates": [ -2.156010782897249, 40.53188388819882 ] } },
{ "type": "Feature", "properties": { "id": 3203, "active": 0, "administration": "C.H. TAJO", "basin": "TAJO", "catch_skm": 35069.0, "catch_skm_basin": 71364.0, "comment": "INT 1986                                                              ", "elev_masl": 320.0, "elev_max_masl": 2430.0, "end": 1986, "id_basin": 3249, "id_municipality": 45017, "id_saica": null, "id_saih": null, "id_sheet": 654, "lat_wgs84": 39.4628, "lon_wgs84": -5.052, "municipality": "Azután", "name": "Azutan", "owner": null, "province": "Toledo", "regime": "unknown", "river": "Tajo", "scale_type": null, "sheet": "PUENTE DEL ARZOBISPO (654)", "start": 1980, "station_type": null, "system": "Bajo Tajo - Extremadura", "weir": false, "weir_type": null, "x_etrs89": 321080, "y_etrs89": 4404798, "years_daily": 6, "years_instant": 0, "years_monthly": 17, "discharge": 1 }, "geometry": { "type": "Point", "coordinates": [ -5.089124914182447, 39.774330863470283 ] } },
{ "type": "Feature", "properties": { "id": 3211, "active": 1, "administration": "C.H. TAJO", "basin": "TAJO", "catch_skm": 140.0, "catch_skm_basin": 340.0, "comment": null, "elev_masl": 509.0, "elev_max_masl": 1369.0, "end": 2021, "id_basin": 3194, "id_municipality": 45194, "id_saica": null, "id_saih": null, "id_sheet": 655, "lat_wgs84": 39.4616, "lon_wgs84": -4.3401, "municipality": "Villarejo de Montalbán", "name": "Villarejo De Montalban", "owner": null, "province": "Toledo", "regime": "altered", "river": "Cedena", "scale_type": "EXTERIOR", "sheet": "LOS NAVALMORALES (655)", "start": 1996, "station_type": "ENCAUZAMIENTO CON CANAL DE AGUAS BAJAS", "system": "Macrosistema", "weir": false, "weir_type": null, "x_etrs89": 365790, "y_etrs89": 4403514, "years_daily": 25, "years_instant": 29, "years_monthly": 52, "discharge": 1 }, "geometry": { "type": "Point", "coordinates": [ -4.567029280925807, 39.770989113055471 ] } },
{ "type": "Feature", "properties": { "id": 3212, "active": 1, "administration": "C.H. TAJO", "basin": "TAJO", "catch_skm": 423.0, "catch_skm_basin": 424.0, "comment": null, "elev_masl": 388.0, "elev_max_masl": 1419.0, "end": 2021, "id_basin": 3200, "id_municipality": 45089, "id_saica": null, "id_saih": null, "id_sheet": 627, "lat_wgs84": 39.5506, "lon_wgs84": -4.3455, "municipality": "Malpica de Tajo", "name": "Malpica", "owner": null, "province": "Toledo", "regime": "natural", "river": "Pusa", "scale_type": "EXTERIOR", "sheet": "TALAVERA DE LA REINA (627)", "start": 1988, "station_type": "ENCAUZAMIENTO CON CANAL DE AGUAS BAJAS", "system": "Macrosistema", "weir": false, "weir_type": null, "x_etrs89": 364805, "y_etrs89": 4419903, "years_daily": 33, "years_instant": 21, "years_monthly": 49, "discharge": 1 }, "geometry": { "type": "Point", "coordinates": [ -4.581910684520291, 39.918442623551286 ] } },
{ "type": "Feature", "properties": { "id": 3213, "active": 1, "administration": "C.H. TAJO", "basin": "TAJO", "catch_skm": 196.0, "catch_skm_basin": 313.0, "comment": null, "elev_masl": 425.0, "elev_max_masl": 1378.0, "end": 2021, "id_basin": 3240, "id_municipality": 45006, "id_saica": null, "id_saih": null, "id_sheet": 655, "lat_wgs84": 39.462, "lon_wgs84": -4.5049, "municipality": "Alcaudete de la Jara", "name": "Alcaudete De La Jara", "owner": null, "province": "Toledo", "regime": "altered", "river": "Gébalo", "scale_type": "EXTERIOR", "sheet": "LOS NAVALMORALES (655)", "start": 1980, "station_type": "CAUCE NATURAL", "system": "Macrosistema", "weir": false, "weir_type": null, "x_etrs89": 341810, "y_etrs89": 4404093, "years_daily": 41, "years_instant": 31, "years_monthly": 50, "discharge": 1 }, "geometry": { "type": "Point", "coordinates": [ -4.847031437029472, 39.772086181371002 ] } },
{ "type": "Feature", "properties": { "id": 3217, "active": 1, "administration": "C.H. TAJO", "basin": "TAJO", "catch_skm": 177.0, "catch_skm_basin": 211.0, "comment": null, "elev_masl": 717.0, "elev_max_masl": 1524.0, "end": 2021, "id_basin": 3331, "id_municipality": 37161, "id_saica": null, "id_saih": null, "id_sheet": 552, "lat_wgs84": 40.2534, "lon_wgs84": -5.5338, "municipality": "Horcajo de Montemayor", "name": "Horcajo De Montemayor", "owner": null, "province": "Salamanca", "regime": "natural", "river": "Sangusín", "scale_type": "EXTERIOR", "sheet": "MIRANDA DEL CASTAÑAR (552)", "start": 1990, "station_type": "ENCAUZAMIENTO CON CANAL DE AGUAS BAJAS", "system": "Alagón", "weir": false, "weir_type": null, "x_etrs89": 254512, "y_etrs89": 4479089, "years_daily": 31, "years_instant": 24, "years_monthly": 51, "discharge": 1 }, "geometry": { "type": "Point", "coordinates": [ -5.893800115547768, 40.426236584346483 ] } },
{ "type": "Feature", "properties": { "id": 3218, "active": 1, "administration": "C.H. TAJO", "basin": "TAJO", "catch_skm": 101.0, "catch_skm_basin": 125.0, "comment": null, "elev_masl": 509.0, "elev_max_masl": 1723.0, "end": 2021, "id_basin": 3333, "id_municipality": 37193, "id_saica": null, "id_saih": null, "id_sheet": 552, "lat_wgs84": 40.2907, "lon_wgs84": -6.0024, "municipality": "Miranda del Castañar", "name": "Miranda Del Castañar", "owner": null, "province": "Salamanca", "regime": "natural", "river": "Francia", "scale_type": "EXTERIOR", "sheet": "MIRANDA DEL CASTAÑAR (552)", "start": 1993, "station_type": "CAUCE NATURAL", "system": "Alagón", "weir": false, "weir_type": null, "x_etrs89": 245162, "y_etrs89": 4485951, "years_daily": 28, "years_instant": 20, "years_monthly": 50, "discharge": 1 }, "geometry": { "type": "Point", "coordinates": [ -6.006629356813501, 40.48516175333188 ] } },
{ "type": "Feature", "properties": { "id": 3220, "active": 1, "administration": "C.H. TAJO", "basin": "TAJO", "catch_skm": 457.0, "catch_skm_basin": 1030.0, "comment": null, "elev_masl": 270.0, "elev_max_masl": 998.0, "end": 2021, "id_basin": 3313, "id_municipality": 10037, "id_saica": null, "id_saih": null, "id_sheet": 679, "lat_wgs84": 39.3003, "lon_wgs84": -6.0658, "municipality": "Cáceres", "name": "Santa Marta De Magasca", "owner": null, "province": "Cáceres", "regime": "natural", "river": "Tamuja", "scale_type": "EXTERIOR", "sheet": "ALDEA DE TRUJILLO (679)", "start": 2000, "station_type": "CAUCE NATURAL", "system": "Bajo Tajo - Extremadura", "weir": false, "weir_type": null, "x_etrs89": 232064, "y_etrs89": 4376984, "years_daily": 21, "years_instant": 19, "years_monthly": 51, "discharge": 1 }, "geometry": { "type": "Point", "coordinates": [ -6.116032378599004, 39.50074358647192 ] } },
{ "type": "Feature", "properties": { "id": 3221, "active": 1, "administration": "C.H. TAJO", "basin": "TAJO", "catch_skm": 266.0, "catch_skm_basin": 279.0, "comment": null, "elev_masl": 319.0, "elev_max_masl": 1601.0, "end": 2021, "id_basin": 3258, "id_municipality": 10030, "id_saica": null, "id_saih": null, "id_sheet": 652, "lat_wgs84": 39.4618, "lon_wgs84": -5.3111, "municipality": "Bohonal de Ibor", "name": "Bohonal De Ibor", "owner": null, "province": "Cáceres", "regime": "natural", "river": "Ibor", "scale_type": "EXTERIOR", "sheet": "JARAICEJO (652)", "start": 1980, "station_type": "CAUCE NATURAL", "system": "Bajo Tajo - Extremadura", "weir": false, "weir_type": null, "x_etrs89": 284194, "y_etrs89": 4405445, "years_daily": 41, "years_instant": 24, "years_monthly": 49, "discharge": 1 }, "geometry": { "type": "Point", "coordinates": [ -5.519671242007127, 39.771606555421407 ] } },
{ "type": "Feature", "properties": { "id": 3222, "active": 1, "administration": "C.H. TAJO", "basin": "TAJO", "catch_skm": 184.0, "catch_skm_basin": 200.0, "comment": null, "elev_masl": 330.0, "elev_max_masl": 1429.0, "end": 2021, "id_basin": 3256, "id_municipality": 10141, "id_saica": null, "id_saih": null, "id_sheet": 653, "lat_wgs84": 39.4538, "lon_wgs84": -5.2511, "municipality": "Peraleda de San Román", "name": "Peraleda De San Roman", "owner": null, "province": "Cáceres", "regime": "natural", "river": "Gualija", "scale_type": "EXTERIOR", "sheet": "VALDEVERDEJA (653)", "start": 1986, "station_type": "ENCAUZAMIENTO CON CANAL DE AGUAS BAJAS", "system": "Bajo Tajo - Extremadura", "weir": false, "weir_type": null, "x_etrs89": 292733, "y_etrs89": 4403997, "years_daily": 35, "years_instant": 30, "years_monthly": 49, "discharge": 1 }, "geometry": { "type": "Point", "coordinates": [ -5.419601840944713, 39.76069260159985 ] } },
{ "type": "Feature", "properties": { "id": 3224, "active": 1, "administration": "C.H. TAJO", "basin": "TAJO", "catch_skm": 97.0, "catch_skm_basin": 196.0, "comment": null, "elev_masl": 380.0, "elev_max_masl": 1358.0, "end": 2021, "id_basin": 3293, "id_municipality": 10081, "id_saica": null, "id_saih": null, "id_sheet": 598, "lat_wgs84": 40.0033, "lon_wgs84": -5.5456, "municipality": "Gargüera", "name": "Gargüera", "owner": null, "province": "Cáceres", "regime": "natural", "river": "Garganta Gargüera", "scale_type": "EXTERIOR", "sheet": "PLASENCIA (598)", "start": 1996, "station_type": "ENCAUZAMIENTO", "system": "Tiétar", "weir": false, "weir_type": null, "x_etrs89": 251155, "y_etrs89": 4432849, "years_daily": 25, "years_instant": 29, "years_monthly": 49, "discharge": 1 }, "geometry": { "type": "Point", "coordinates": [ -5.915421747932188, 40.009185858961239 ] } },
{ "type": "Feature", "properties": { "id": 3225, "active": 1, "administration": "C.H. TAJO", "basin": "TAJO", "catch_skm": 90.0, "catch_skm_basin": 148.0, "comment": null, "elev_masl": 360.0, "elev_max_masl": 2592.0, "end": 2021, "id_basin": 3281, "id_municipality": 10212, "id_saica": null, "id_saih": null, "id_sheet": 600, "lat_wgs84": 40.0856, "lon_wgs84": -5.2124, "municipality": "Villanueva de la Vera", "name": "Madrigal De La Vera", "owner": null, "province": "Cáceres", "regime": "altered", "river": "Garganta De Alardos", "scale_type": "EXTERIOR", "sheet": "VILLANUEVA DE LA VERA (600)", "start": 1990, "station_type": "ENCAUZAMIENTO CON CANAL DE AGUAS BAJAS", "system": "Tiétar", "weir": false, "weir_type": null, "x_etrs89": 299255, "y_etrs89": 4446932, "years_daily": 31, "years_instant": 27, "years_monthly": 48, "discharge": 1 }, "geometry": { "type": "Point", "coordinates": [ -5.356763118037593, 40.148767168545128 ] } },
{ "type": "Feature", "properties": { "id": 3226, "active": 1, "administration": "C.H. TAJO", "basin": "TAJO", "catch_skm": 62.0, "catch_skm_basin": 73.0, "comment": null, "elev_masl": 420.0, "elev_max_masl": 2437.0, "end": 2021, "id_basin": 3279, "id_municipality": 5047, "id_saica": null, "id_saih": null, "id_sheet": 600, "lat_wgs84": 40.0919, "lon_wgs84": -5.1446, "municipality": "Candeleda", "name": "Candeleda", "owner": null, "province": "Ávila", "regime": "natural", "river": "Garganta Santa María", "scale_type": "EXTERIOR", "sheet": "VILLANUEVA DE LA VERA (600)", "start": 1989, "station_type": "ENCAUZAMIENTO CON CANAL DE AGUAS BAJAS", "system": "Tiétar", "weir": false, "weir_type": null, "x_etrs89": 308709, "y_etrs89": 4447417, "years_daily": 32, "years_instant": 28, "years_monthly": 49, "discharge": 1 }, "geometry": { "type": "Point", "coordinates": [ -5.245998865745661, 40.155338773924498 ] } },
{ "type": "Feature", "properties": { "id": 3228, "active": 1, "administration": "C.H. TAJO", "basin": "TAJO", "catch_skm": 56.0, "catch_skm_basin": 88.0, "comment": null, "elev_masl": 1210.0, "elev_max_masl": 1902.0, "end": 2021, "id_basin": 3214, "id_municipality": 28135, "id_saica": null, "id_saih": null, "id_sheet": 532, "lat_wgs84": 40.3613, "lon_wgs84": -4.1306, "municipality": "Santa María de la Alameda", "name": "Peguerinos", "owner": null, "province": "Madrid", "regime": "altered", "river": "Aceña", "scale_type": "EXTERIOR", "sheet": "LAS NAVAS DEL MARQUÉS (532)", "start": 1993, "station_type": "ENCAUZAMIENTO CON CANAL DE AGUAS BAJAS", "system": "Macrosistema", "weir": false, "weir_type": null, "x_etrs89": 396926, "y_etrs89": 4495483, "years_daily": 28, "years_instant": 21, "years_monthly": 49, "discharge": 1 }, "geometry": { "type": "Point", "coordinates": [ -4.218308542102233, 40.603737959136701 ] } },
{ "type": "Feature", "properties": { "id": 3229, "active": 1, "administration": "C.H. TAJO", "basin": "TAJO", "catch_skm": 71.0, "catch_skm_basin": 97.0, "comment": null, "elev_masl": 352.0, "elev_max_masl": null, "end": 2021, "id_basin": 3287, "id_municipality": 10110, "id_saica": null, "id_saih": null, "id_sheet": 599, "lat_wgs84": 40.0637, "lon_wgs84": -5.3455, "municipality": "Losar de la Vera", "name": "Losar De La Vera", "owner": null, "province": "Cáceres", "regime": "natural", "river": "Garganta De Cuartos", "scale_type": "EXTERIOR", "sheet": "JARAÍZ DE LA VERA (599)", "start": 1990, "station_type": "CAUCE NATURAL", "system": "Tiétar", "weir": false, "weir_type": null, "x_etrs89": 279952, "y_etrs89": 4443196, "years_daily": 31, "years_instant": 20, "years_monthly": 46, "discharge": 1 }, "geometry": { "type": "Point", "coordinates": [ -5.581900412313133, 40.110309284094015 ] } },
{ "type": "Feature", "properties": { "id": 3230, "active": 1, "administration": "C.H. TAJO", "basin": "TAJO", "catch_skm": 1266.0, "catch_skm_basin": 1266.0, "comment": null, "elev_masl": 465.0, "elev_max_masl": 1208.0, "end": 2021, "id_basin": 3158, "id_municipality": 28013, "id_saica": null, "id_saih": null, "id_sheet": 629, "lat_wgs84": 39.543, "lon_wgs84": -3.5209, "municipality": "Aranjuez", "name": "Villamejor", "owner": null, "province": "Madrid", "regime": "altered", "river": "Algodor", "scale_type": "EXTERIOR", "sheet": "TOLEDO (629)", "start": 1987, "station_type": "ENCAUZAMIENTO CON CANAL DE AGUAS BAJAS", "system": "Macrosistema", "weir": false, "weir_type": null, "x_etrs89": 425722, "y_etrs89": 4417950, "years_daily": 34, "years_instant": 31, "years_monthly": 48, "discharge": 1 }, "geometry": { "type": "Point", "coordinates": [ -3.869010187308103, 39.908382015533284 ] } },
{ "type": "Feature", "properties": { "id": 3231, "active": 1, "administration": "C.H. TAJO", "basin": "TAJO", "catch_skm": 698.0, "catch_skm_basin": 4104.0, "comment": null, "elev_masl": 753.0, "elev_max_masl": 2198.0, "end": 2021, "id_basin": 3208, "id_municipality": 5163, "id_saica": null, "id_saih": null, "id_sheet": 556, "lat_wgs84": 40.2427, "lon_wgs84": -4.4216, "municipality": "Navaluenga", "name": "Navaluenga", "owner": null, "province": "Ávila", "regime": "natural", "river": "Alberche", "scale_type": "EXTERIOR", "sheet": "NAVALUENGA (556)", "start": 1987, "station_type": "CAUCE NATURAL", "system": "Macrosistema", "weir": false, "weir_type": null, "x_etrs89": 355375, "y_etrs89": 4474393, "years_daily": 34, "years_instant": 20, "years_monthly": 48, "discharge": 1 }, "geometry": { "type": "Point", "coordinates": [ -4.704437768893952, 40.407599307610326 ] } },
{ "type": "Feature", "properties": { "id": 3232, "active": 1, "administration": "C.H. TAJO", "basin": "TAJO", "catch_skm": 430.0, "catch_skm_basin": 432.0, "comment": null, "elev_masl": 474.0, "elev_max_masl": 716.0, "end": 2021, "id_basin": 3150, "id_municipality": 45196, "id_saica": null, "id_saih": null, "id_sheet": 630, "lat_wgs84": 39.572, "lon_wgs84": -3.495, "municipality": "Villaseca de la Sagra", "name": "Villaseca", "owner": null, "province": "Toledo", "regime": "altered", "river": "Arroyo De Guatén", "scale_type": "EXTERIOR", "sheet": "YEPES (630)", "start": 1987, "station_type": "ENCAUZAMIENTO CON CANAL DE AGUAS BAJAS", "system": "Macrosistema", "weir": false, "weir_type": null, "x_etrs89": 429050, "y_etrs89": 4423145, "years_daily": 34, "years_instant": 24, "years_monthly": 48, "discharge": 1 }, "geometry": { "type": "Point", "coordinates": [ -3.830643998180963, 39.955468793721302 ] } },
{ "type": "Feature", "properties": { "id": 3233, "active": 1, "administration": "C.H. TAJO", "basin": "TAJO", "catch_skm": 256.0, "catch_skm_basin": 259.0, "comment": null, "elev_masl": 469.0, "elev_max_masl": 1228.0, "end": 2021, "id_basin": 3160, "id_municipality": 45168, "id_saica": null, "id_saih": null, "id_sheet": 629, "lat_wgs84": 39.5328, "lon_wgs84": -3.5332, "municipality": "Toledo", "name": "Valdecaba Baja", "owner": null, "province": "Toledo", "regime": "natural", "river": "Guazalete", "scale_type": "EXTERIOR", "sheet": "TOLEDO (629)", "start": 1986, "station_type": "ENCAUZAMIENTO CON CANAL DE AGUAS BAJAS", "system": "Macrosistema", "weir": false, "weir_type": null, "x_etrs89": 423727, "y_etrs89": 4416039, "years_daily": 35, "years_instant": 21, "years_monthly": 48, "discharge": 1 }, "geometry": { "type": "Point", "coordinates": [ -3.892124623551707, 39.89098882771502 ] } },
{ "type": "Feature", "properties": { "id": 3234, "active": 1, "administration": "C.H. TAJO", "basin": "TAJO", "catch_skm": 224.0, "catch_skm_basin": 265.0, "comment": null, "elev_masl": 260.0, "elev_max_masl": null, "end": 2021, "id_basin": 3291, "id_municipality": 10104, "id_saica": null, "id_saih": null, "id_sheet": 599, "lat_wgs84": 40.0021, "lon_wgs84": -5.425, "municipality": "Jaraíz de la Vera", "name": "Jaraiz De La Vera", "owner": null, "province": "Cáceres", "regime": "natural", "river": "Garganta De Jaranda", "scale_type": "EXTERIOR", "sheet": "JARAÍZ DE LA VERA (599)", "start": 1994, "station_type": "ENCAUZAMIENTO CON CANAL DE AGUAS BAJAS", "system": "Tiétar", "weir": false, "weir_type": null, "x_etrs89": 268356, "y_etrs89": 4431944, "years_daily": 27, "years_instant": 20, "years_monthly": 48, "discharge": 1 }, "geometry": { "type": "Point", "coordinates": [ -5.71379653166905, 40.005934311819608 ] } },
{ "type": "Feature", "properties": { "id": 3235, "active": 1, "administration": "C.H. TAJO", "basin": "TAJO", "catch_skm": 109.0, "catch_skm_basin": 140.0, "comment": null, "elev_masl": 411.0, "elev_max_masl": null, "end": 2021, "id_basin": 3339, "id_municipality": 10135, "id_saica": null, "id_saih": null, "id_sheet": 551, "lat_wgs84": 40.2301, "lon_wgs84": -6.1123, "municipality": "Nuñomoral", "name": "Nuñomoral", "owner": null, "province": "Cáceres", "regime": "natural", "river": "Hurdano", "scale_type": "EXTERIOR", "sheet": "MARTIAGO (551)", "start": 2006, "station_type": "ENCAUZAMIENTO CON CANAL DE AGUAS BAJAS", "system": "Alagón", "weir": false, "weir_type": null, "x_etrs89": 229229, "y_etrs89": 4475220, "years_daily": 15, "years_instant": 22, "years_monthly": 48, "discharge": 1 }, "geometry": { "type": "Point", "coordinates": [ -6.189772058845757, 40.383594742985714 ] } },
{ "type": "Feature", "properties": { "id": 3236, "active": 1, "administration": "C.H. TAJO", "basin": "TAJO", "catch_skm": 73.0, "catch_skm_basin": 108.0, "comment": null, "elev_masl": 430.0, "elev_max_masl": null, "end": 2021, "id_basin": 3337, "id_municipality": 10108, "id_saica": null, "id_saih": null, "id_sheet": 552, "lat_wgs84": 40.2525, "lon_wgs84": -6.0837, "municipality": "Ladrillar", "name": "Ladrillar, El", "owner": null, "province": "Cáceres", "regime": "natural", "river": "Batuecas", "scale_type": "EXTERIOR", "sheet": "MIRANDA DEL CASTAÑAR (552)", "start": 1994, "station_type": "CAUCE NATURAL", "system": "Alagón", "weir": false, "weir_type": null, "x_etrs89": 233301, "y_etrs89": 4479519, "years_daily": 27, "years_instant": 16, "years_monthly": 48, "discharge": 1 }, "geometry": { "type": "Point", "coordinates": [ -6.143671809622103, 40.423579454978196 ] } },
{ "type": "Feature", "properties": { "id": 3237, "active": 1, "administration": "C.H. TAJO", "basin": "TAJO", "catch_skm": 247.0, "catch_skm_basin": 247.0, "comment": null, "elev_masl": 697.0, "elev_max_masl": null, "end": 2021, "id_basin": 3134, "id_municipality": 19143, "id_saica": null, "id_saih": null, "id_sheet": 536, "lat_wgs84": 40.3241, "lon_wgs84": -3.0126, "municipality": "Horche", "name": "Romanones", "owner": null, "province": "Guadalajara", "regime": "altered", "river": "Ungría", "scale_type": "EXTERIOR", "sheet": "GUADALAJARA (536)", "start": 1999, "station_type": "ENCAUZAMIENTO CON CANAL DE AGUAS BAJAS", "system": "Macrosistema", "weir": false, "weir_type": null, "x_etrs89": 497976, "y_etrs89": 4488227, "years_daily": 22, "years_instant": 21, "years_monthly": 44, "discharge": 1 }, "geometry": { "type": "Point", "coordinates": [ -3.023902460927887, 40.544792628498989 ] } },
{ "type": "Feature", "properties": { "id": 3238, "active": 1, "administration": "C.H. TAJO", "basin": "TAJO", "catch_skm": 469.0, "catch_skm_basin": 1022.0, "comment": null, "elev_masl": 262.0, "elev_max_masl": null, "end": 2021, "id_basin": 3363, "id_municipality": 10053, "id_saica": null, "id_saih": null, "id_sheet": 596, "lat_wgs84": 40.0325, "lon_wgs84": -6.3803, "municipality": "Casas de Don Gómez", "name": "Huelaga", "owner": null, "province": "Cáceres", "regime": "altered", "river": "Árrago", "scale_type": "EXTERIOR", "sheet": "MORALEJA (596)", "start": 1990, "station_type": "CAUCE NATURAL", "system": "Árrago", "weir": false, "weir_type": null, "x_etrs89": 190020, "y_etrs89": 4440395, "years_daily": 31, "years_instant": 18, "years_monthly": 41, "discharge": 1 }, "geometry": { "type": "Point", "coordinates": [ -6.634047731215476, 40.056822799150247 ] } },
{ "type": "Feature", "properties": { "id": 3240, "active": 1, "administration": "C.H. TAJO", "basin": "TAJO", "catch_skm": 100.0, "catch_skm_basin": 239.0, "comment": null, "elev_masl": 803.0, "elev_max_masl": null, "end": 2021, "id_basin": 3335, "id_municipality": 37046, "id_saica": null, "id_saih": null, "id_sheet": 553, "lat_wgs84": 40.2312, "lon_wgs84": -5.4721, "municipality": "Béjar", "name": "Bejar", "owner": null, "province": "Salamanca", "regime": "altered", "river": "Cuerpo De Hombre", "scale_type": "EXTERIOR", "sheet": "BÉJAR (553)", "start": 1980, "station_type": "ENCAUZAMIENTO CON CANAL DE AGUAS BAJAS", "system": "Alagón", "weir": false, "weir_type": null, "x_etrs89": 263257, "y_etrs89": 4474417, "years_daily": 41, "years_instant": 23, "years_monthly": 42, "discharge": 1 }, "geometry": { "type": "Point", "coordinates": [ -5.789095301477745, 40.386729235184589 ] } },
{ "type": "Feature", "properties": { "id": 3241, "active": 0, "administration": "C.H. TAJO", "basin": "TAJO", "catch_skm": 90.0, "catch_skm_basin": 90.0, "comment": "INT 1991                                                              ", "elev_masl": 585.0, "elev_max_masl": null, "end": 1987, "id_basin": 3108, "id_municipality": 28005, "id_saica": null, "id_saih": null, "id_sheet": 560, "lat_wgs84": 40.2825, "lon_wgs84": -3.233, "municipality": "Alcalá de Henares", "name": "Rinconada, La", "owner": null, "province": "Madrid", "regime": "unknown", "river": "Arroyo De Camarmilla", "scale_type": null, "sheet": "ALCALÁ DE HENARES (560)", "start": 1980, "station_type": null, "system": "Macrosistema", "weir": false, "weir_type": null, "x_etrs89": 466781, "y_etrs89": 4480392, "years_daily": 7, "years_instant": 8, "years_monthly": 16, "discharge": 1 }, "geometry": { "type": "Point", "coordinates": [ -3.391884893889198, 40.47354519689727 ] } },
{ "type": "Feature", "properties": { "id": 3242, "active": 1, "administration": "C.H. TAJO", "basin": "TAJO", "catch_skm": 188.0, "catch_skm_basin": 279.0, "comment": null, "elev_masl": 398.0, "elev_max_masl": null, "end": 1995, "id_basin": 3343, "id_municipality": 10041, "id_saica": null, "id_saih": "AR40", "id_sheet": 574, "lat_wgs84": 40.181, "lon_wgs84": -6.1552, "municipality": "Caminomorisco", "name": "Casar De Palomero", "owner": null, "province": "Cáceres", "regime": "unknown", "river": "Ángeles", "scale_type": null, "sheet": "CASAR DE PALOMERO (574)", "start": 1980, "station_type": null, "system": "Alagón", "weir": false, "weir_type": null, "x_etrs89": 222552, "y_etrs89": 4466476, "years_daily": 15, "years_instant": 7, "years_monthly": 35, "discharge": 1 }, "geometry": { "type": "Point", "coordinates": [ -6.264512033422528, 40.302750687723659 ] } },
{ "type": "Feature", "properties": { "id": 3243, "active": 0, "administration": "C.H. TAJO", "basin": "TAJO", "catch_skm": 535.0, "catch_skm_basin": 1242.0, "comment": "INT 2011                                                              ", "elev_masl": 605.0, "elev_max_masl": null, "end": 2011, "id_basin": 3121, "id_municipality": 28079, "id_saica": null, "id_saih": null, "id_sheet": 534, "lat_wgs84": 40.3152, "lon_wgs84": -3.4728, "municipality": "Madrid", "name": "Mingorrubio", "owner": null, "province": "Madrid", "regime": "altered", "river": "Manzanares", "scale_type": "EXTERIOR", "sheet": "COLMENAR VIEJO (534)", "start": 1985, "station_type": "ENCAUZAMIENTO CON CANAL DE AGUAS BAJAS", "system": "Macrosistema", "weir": false, "weir_type": null, "x_etrs89": 432999, "y_etrs89": 4487003, "years_daily": 26, "years_instant": 23, "years_monthly": 31, "discharge": 1 }, "geometry": { "type": "Point", "coordinates": [ -3.791083897735646, 40.531060054141733 ] } },
{ "type": "Feature", "properties": { "id": 3244, "active": 1, "administration": "C.H. TAJO", "basin": "TAJO", "catch_skm": 120.0, "catch_skm_basin": 204.0, "comment": null, "elev_masl": 305.0, "elev_max_masl": null, "end": 2021, "id_basin": 3260, "id_municipality": 10042, "id_saica": null, "id_saih": null, "id_sheet": 652, "lat_wgs84": 39.4326, "lon_wgs84": -5.3503, "municipality": "Campillo de Deleitosa", "name": "Campillo De Deleitosa", "owner": null, "province": "Cáceres", "regime": "natural", "river": "Garganta De Cuernacabras", "scale_type": "EXTERIOR", "sheet": "JARAICEJO (652)", "start": 1980, "station_type": "CAUCE NATURAL", "system": "Bajo Tajo - Extremadura", "weir": false, "weir_type": null, "x_etrs89": 278511, "y_etrs89": 4400302, "years_daily": 41, "years_instant": 23, "years_monthly": 45, "discharge": 1 }, "geometry": { "type": "Point", "coordinates": [ -5.584229870957463, 39.723855385609568 ] } },
{ "type": "Feature", "properties": { "id": 3245, "active": 1, "administration": "C.H. TAJO", "basin": "TAJO", "catch_skm": 52.0, "catch_skm_basin": 100.0, "comment": null, "elev_masl": 386.0, "elev_max_masl": null, "end": 2021, "id_basin": 3362, "id_municipality": 10093, "id_saica": null, "id_saih": null, "id_sheet": 574, "lat_wgs84": 40.1256, "lon_wgs84": -6.263, "municipality": "Hernán - Pérez", "name": "Hernan-Perez", "owner": null, "province": "Cáceres", "regime": "natural", "river": "Tralgas", "scale_type": "EXTERIOR", "sheet": "CASAR DE PALOMERO (574)", "start": 1980, "station_type": "ENCAUZAMIENTO CON CANAL DE AGUAS BAJAS", "system": "Árrago", "weir": false, "weir_type": null, "x_etrs89": 207106, "y_etrs89": 4457360, "years_daily": 41, "years_instant": 25, "years_monthly": 46, "discharge": 1 }, "geometry": { "type": "Point", "coordinates": [ -6.441788620724044, 40.215501861017316 ] } },
{ "type": "Feature", "properties": { "id": 3246, "active": 1, "administration": "C.H. TAJO", "basin": "TAJO", "catch_skm": 252.0, "catch_skm_basin": 390.0, "comment": null, "elev_masl": 335.0, "elev_max_masl": null, "end": 2021, "id_basin": 3381, "id_municipality": 10037, "id_saica": null, "id_saih": null, "id_sheet": 729, "lat_wgs84": 39.2004, "lon_wgs84": -6.2916, "municipality": "Cáceres", "name": "Ayuela", "owner": null, "province": "Cáceres", "regime": "natural", "river": "Ayuela", "scale_type": "EXTERIOR", "sheet": "ALCUÉSCAR (729)", "start": 1986, "station_type": "CAUCE NATURAL", "system": "Bajo Tajo - Extremadura", "weir": false, "weir_type": null, "x_etrs89": 199381, "y_etrs89": 4359688, "years_daily": 35, "years_instant": 18, "years_monthly": 43, "discharge": 1 }, "geometry": { "type": "Point", "coordinates": [ -6.487731864848476, 39.334383438484707 ] } },
{ "type": "Feature", "properties": { "id": 3248, "active": 0, "administration": "C.H. TAJO", "basin": "TAJO", "catch_skm": 8528.0, "catch_skm_basin": 71364.0, "comment": "INT 2020                                                              ", "elev_masl": 537.0, "elev_max_masl": null, "end": 2020, "id_basin": 3065, "id_municipality": 28060, "id_saica": null, "id_saih": null, "id_sheet": 607, "lat_wgs84": 40.0633, "lon_wgs84": -3.09, "municipality": "Fuentidueña del Tajo", "name": "Fuentidueña", "owner": null, "province": "Madrid", "regime": "unknown", "river": "Tajo", "scale_type": null, "sheet": "Tarancón (607)", "start": 2010, "station_type": "CAUCE NATURAL", "system": "Macrosistema", "weir": false, "weir_type": null, "x_etrs89": 487218, "y_etrs89": 4439887, "years_daily": 10, "years_instant": 0, "years_monthly": 11, "discharge": 1 }, "geometry": { "type": "Point", "coordinates": [ -3.149981926942174, 40.109188800533865 ] } },
{ "type": "Feature", "properties": { "id": 3249, "active": 1, "administration": "C.H. TAJO", "basin": "TAJO", "catch_skm": 84.0, "catch_skm_basin": 113.0, "comment": null, "elev_masl": 750.0, "elev_max_masl": null, "end": 2021, "id_basin": 3055, "id_municipality": 16173, "id_saica": null, "id_saih": null, "id_sheet": 585, "lat_wgs84": 40.1716, "lon_wgs84": -2.4627, "municipality": "Valle de Altomira", "name": "Jabalera", "owner": null, "province": "Cuenca", "regime": "unknown", "river": "Jabalera", "scale_type": null, "sheet": "ALMONACID DE ZORITA (585)", "start": 2010, "station_type": "ENCAUZAMIENTO CON CANAL DE AGUAS BAJAS", "system": "Macrosistema", "weir": false, "weir_type": null, "x_etrs89": 519201, "y_etrs89": 4459732, "years_daily": 11, "years_instant": 6, "years_monthly": 29, "discharge": 1 }, "geometry": { "type": "Point", "coordinates": [ -2.77410647120369, 40.287858785395308 ] } },
{ "type": "Feature", "properties": { "id": 3250, "active": 1, "administration": "C.H. TAJO", "basin": "TAJO", "catch_skm": 231.0, "catch_skm_basin": 414.0, "comment": null, "elev_masl": 395.0, "elev_max_masl": null, "end": 2021, "id_basin": 3314, "id_municipality": 10195, "id_saica": null, "id_saih": null, "id_sheet": 705, "lat_wgs84": 39.2727, "lon_wgs84": -5.5533, "municipality": "Trujillo", "name": "Trujillo", "owner": null, "province": "Cáceres", "regime": "natural", "river": "Magasca", "scale_type": "EXTERIOR", "sheet": "TRUJILLO (705)", "start": 1984, "station_type": "ENCAUZAMIENTO CON CANAL DE AGUAS BAJAS", "system": "Bajo Tajo - Extremadura", "weir": false, "weir_type": null, "x_etrs89": 248256, "y_etrs89": 4371622, "years_daily": 37, "years_instant": 17, "years_monthly": 43, "discharge": 1 }, "geometry": { "type": "Point", "coordinates": [ -5.92593703464166, 39.457384756562 ] } },
{ "type": "Feature", "properties": { "id": 3251, "active": 1, "administration": "C.H. TAJO", "basin": "TAJO", "catch_skm": 223.0, "catch_skm_basin": 258.0, "comment": null, "elev_masl": 404.0, "elev_max_masl": null, "end": 2021, "id_basin": 3202, "id_municipality": 45137, "id_saica": null, "id_saih": null, "id_sheet": 627, "lat_wgs84": 39.5507, "lon_wgs84": -4.4218, "municipality": "La Pueblanueva", "name": "Pueblanueva, La", "owner": null, "province": "Toledo", "regime": "natural", "river": "Sangreras", "scale_type": "EXTERIOR", "sheet": "TALAVERA DE LA REINA (627)", "start": 1992, "station_type": "ENCAUZAMIENTO CON CANAL DE AGUAS BAJAS", "system": "Macrosistema", "weir": false, "weir_type": null, "x_etrs89": 354276, "y_etrs89": 4420103, "years_daily": 29, "years_instant": 19, "years_monthly": 42, "discharge": 1 }, "geometry": { "type": "Point", "coordinates": [ -4.705105157685855, 39.918497928929099 ] } },
{ "type": "Feature", "properties": { "id": 3252, "active": 0, "administration": "C.H. TAJO", "basin": "TAJO", "catch_skm": 375.0, "catch_skm_basin": 423.0, "comment": "INT 1986                                                              ", "elev_masl": 570.0, "elev_max_masl": 1371.0, "end": 1986, "id_basin": 3164, "id_municipality": 45016, "id_saica": null, "id_saih": null, "id_sheet": 657, "lat_wgs84": 39.4759, "lon_wgs84": -4.0514, "municipality": "Argés", "name": "Guajaraz", "owner": null, "province": "Toledo", "regime": "unknown", "river": "Guajaraz", "scale_type": null, "sheet": "SONSECA (657)", "start": 1980, "station_type": null, "system": "Macrosistema", "weir": false, "weir_type": null, "x_etrs89": 406905, "y_etrs89": 4406083, "years_daily": 6, "years_instant": 0, "years_monthly": 14, "discharge": 1 }, "geometry": { "type": "Point", "coordinates": [ -4.087436187830464, 39.799620756974768 ] } },
{ "type": "Feature", "properties": { "id": 3253, "active": 0, "administration": "C.H. TAJO", "basin": "TAJO", "catch_skm": 208.0, "catch_skm_basin": 208.0, "comment": "INT 2006                                                              ", "elev_masl": 152.0, "elev_max_masl": null, "end": 2006, "id_basin": 3391, "id_municipality": 10008, "id_saica": null, "id_saih": null, "id_sheet": 676, "lat_wgs84": 39.3423, "lon_wgs84": -6.5935, "municipality": "Alcántara", "name": "Alcantara", "owner": null, "province": "Cáceres", "regime": "altered", "river": "Jumadiel", "scale_type": "EXTERIOR", "sheet": "MEMBRÍO (676)", "start": 1989, "station_type": "CAUCE NATURAL", "system": "Bajo Tajo - Extremadura", "weir": false, "weir_type": null, "x_etrs89": 156989, "y_etrs89": 4387981, "years_daily": 17, "years_instant": 8, "years_monthly": 28, "discharge": 1 }, "geometry": { "type": "Point", "coordinates": [ -6.993036728674751, 39.572942273141095 ] } },
{ "type": "Feature", "properties": { "id": 3254, "active": 1, "administration": "C.H. TAJO", "basin": "TAJO", "catch_skm": 263.0, "catch_skm_basin": 263.0, "comment": null, "elev_masl": 875.0, "elev_max_masl": null, "end": 2021, "id_basin": 3092, "id_municipality": 19168, "id_saica": null, "id_saih": null, "id_sheet": 487, "lat_wgs84": 40.5741, "lon_wgs84": -2.4341, "municipality": "Mandayona", "name": "Aragosa", "owner": null, "province": "Guadalajara", "regime": "unknown", "river": "Dulce", "scale_type": "EXTERIOR", "sheet": "LEDANCA (487)", "start": 1981, "station_type": "CAUCE NATURAL", "system": "Macrosistema", "weir": false, "weir_type": null, "x_etrs89": 522878, "y_etrs89": 4534503, "years_daily": 40, "years_instant": 26, "years_monthly": 43, "discharge": 1 }, "geometry": { "type": "Point", "coordinates": [ -2.728130523473984, 40.961357730650064 ] } },
{ "type": "Feature", "properties": { "id": 3255, "active": 1, "administration": "C.H. TAJO", "basin": "TAJO", "catch_skm": 333.0, "catch_skm_basin": 346.0, "comment": null, "elev_masl": 716.0, "elev_max_masl": null, "end": 2021, "id_basin": 3104, "id_municipality": 19279, "id_saica": null, "id_saih": null, "id_sheet": 511, "lat_wgs84": 40.4749, "lon_wgs84": -3.0452, "municipality": "Torre del Burgo", "name": "Torre Del Burgo", "owner": null, "province": "Guadalajara", "regime": "natural", "river": "Badiel", "scale_type": "EXTERIOR", "sheet": "BRIHUEGA (511)", "start": 1987, "station_type": "ENCAUZAMIENTO CON CANAL DE AGUAS BAJAS", "system": "Macrosistema", "weir": false, "weir_type": null, "x_etrs89": 493150, "y_etrs89": 4516208, "years_daily": 34, "years_instant": 23, "years_monthly": 43, "discharge": 1 }, "geometry": { "type": "Point", "coordinates": [ -3.081200352301937, 40.796840498779297 ] } },
{ "type": "Feature", "properties": { "id": 3256, "active": 1, "administration": "C.H. TAJO", "basin": "TAJO", "catch_skm": 377.0, "catch_skm_basin": 392.0, "comment": null, "elev_masl": 385.0, "elev_max_masl": null, "end": 2021, "id_basin": 3248, "id_municipality": 45111, "id_saica": null, "id_saih": null, "id_sheet": 654, "lat_wgs84": 39.4429, "lon_wgs84": -5.0329, "municipality": "Navalmoralejo", "name": "Aldeanueva De Barbarroya", "owner": null, "province": "Toledo", "regime": "natural", "river": "Uso", "scale_type": "EXTERIOR", "sheet": "PUENTE DEL ARZOBISPO (654)", "start": 2006, "station_type": "CAUCE NATURAL", "system": "Macrosistema", "weir": false, "weir_type": null, "x_etrs89": 323645, "y_etrs89": 4401078, "years_daily": 15, "years_instant": 12, "years_monthly": 43, "discharge": 1 }, "geometry": { "type": "Point", "coordinates": [ -5.058195789082994, 39.741369820233395 ] } },
{ "type": "Feature", "properties": { "id": 3258, "active": 1, "administration": "C.H. TAJO", "basin": "TAJO", "catch_skm": 9312.0, "catch_skm_basin": 71364.0, "comment": null, "elev_masl": 497.0, "elev_max_masl": null, "end": 2002, "id_basin": 3067, "id_municipality": 28013, "id_saica": null, "id_saih": null, "id_sheet": 605, "lat_wgs84": 40.0239, "lon_wgs84": -3.3341, "municipality": "Aranjuez", "name": "Embocador", "owner": null, "province": "Madrid", "regime": "unknown", "river": "Tajo", "scale_type": null, "sheet": "ARANJUEZ (605)", "start": 1980, "station_type": null, "system": "Macrosistema", "weir": false, "weir_type": null, "x_etrs89": 452121, "y_etrs89": 4432823, "years_daily": 22, "years_instant": 17, "years_monthly": 38, "discharge": 1 }, "geometry": { "type": "Point", "coordinates": [ -3.561269883885124, 40.044282100333113 ] } },
{ "type": "Feature", "properties": { "id": 3259, "active": 1, "administration": "C.H. TAJO", "basin": "TAJO", "catch_skm": 9048.0, "catch_skm_basin": 71364.0, "comment": null, "elev_masl": 518.0, "elev_max_masl": null, "end": 2021, "id_basin": 3067, "id_municipality": 45195, "id_saica": null, "id_saih": null, "id_sheet": 606, "lat_wgs84": 40.0219, "lon_wgs84": -3.2158, "municipality": "Villarrubia de Santiago", "name": "Villarubia De Santiago", "owner": null, "province": "Toledo", "regime": "altered", "river": "Tajo", "scale_type": "EXTERIOR", "sheet": "CHINCHÓN (606)", "start": 1986, "station_type": "CAUCE NATURAL", "system": "Macrosistema", "weir": false, "weir_type": null, "x_etrs89": 468775, "y_etrs89": 4432107, "years_daily": 35, "years_instant": 20, "years_monthly": 43, "discharge": 1 }, "geometry": { "type": "Point", "coordinates": [ -3.366010749280798, 40.038612476949517 ] } },
{ "type": "Feature", "properties": { "id": 3260, "active": 1, "administration": "C.H. TAJO", "basin": "TAJO", "catch_skm": 54.0, "catch_skm_basin": 64.0, "comment": null, "elev_masl": 355.0, "elev_max_masl": null, "end": 2021, "id_basin": 3283, "id_municipality": 10212, "id_saica": null, "id_saih": null, "id_sheet": 600, "lat_wgs84": 40.0816, "lon_wgs84": -5.2404, "municipality": "Villanueva de la Vera", "name": "Villanueva De La Vera", "owner": null, "province": "Cáceres", "regime": "natural", "river": "Garganta De Minchones", "scale_type": "EXTERIOR", "sheet": "VILLANUEVA DE LA VERA (600)", "start": 1990, "station_type": "ENCAUZAMIENTO CON CANAL DE AGUAS BAJAS", "system": "Tiétar", "weir": false, "weir_type": null, "x_etrs89": 295456, "y_etrs89": 4445804, "years_daily": 31, "years_instant": 20, "years_monthly": 43, "discharge": 1 }, "geometry": { "type": "Point", "coordinates": [ -5.400969336419362, 40.137697225920419 ] } },
{ "type": "Feature", "properties": { "id": 3261, "active": 1, "administration": "C.H. TAJO", "basin": "TAJO", "catch_skm": 395.0, "catch_skm_basin": 397.0, "comment": null, "elev_masl": 264.0, "elev_max_masl": null, "end": 2021, "id_basin": 3285, "id_municipality": 10180, "id_saica": null, "id_saih": null, "id_sheet": 600, "lat_wgs84": 40.0324, "lon_wgs84": -5.2611, "municipality": "Talayuela", "name": "Majada", "owner": null, "province": "Cáceres", "regime": "natural", "river": "Arroyo De Alcañizo", "scale_type": "EXTERIOR", "sheet": "VILLANUEVA DE LA VERA (600)", "start": 1990, "station_type": "ENCAUZAMIENTO CON CANAL DE AGUAS BAJAS", "system": "Tiétar", "weir": false, "weir_type": null, "x_etrs89": 292193, "y_etrs89": 4436904, "years_daily": 31, "years_instant": 17, "years_monthly": 41, "discharge": 1 }, "geometry": { "type": "Point", "coordinates": [ -5.436377905827635, 40.056783840357319 ] } },
{ "type": "Feature", "properties": { "id": 3262, "active": 0, "administration": "C.H. TAJO", "basin": "TAJO", "catch_skm": 152.0, "catch_skm_basin": 152.0, "comment": "INT 2000                                                              ", "elev_masl": 550.0, "elev_max_masl": null, "end": 2000, "id_basin": 3126, "id_municipality": 28065, "id_saica": null, "id_saih": null, "id_sheet": 582, "lat_wgs84": 40.1813, "lon_wgs84": -3.355, "municipality": "Getafe", "name": "Getafe", "owner": null, "province": "Madrid", "regime": "unknown", "river": "Culebro", "scale_type": null, "sheet": "GETAFE (582)", "start": 1994, "station_type": null, "system": "Macrosistema", "weir": false, "weir_type": null, "x_etrs89": 449230, "y_etrs89": 4461617, "years_daily": 6, "years_instant": 10, "years_monthly": 21, "discharge": 1 }, "geometry": { "type": "Point", "coordinates": [ -3.597428932551389, 40.303519359757239 ] } },
{ "type": "Feature", "properties": { "id": 3263, "active": 0, "administration": "C.H. TAJO", "basin": "TAJO", "catch_skm": 520.0, "catch_skm_basin": 1242.0, "comment": "INT 1986                                                              ", "elev_masl": 610.0, "elev_max_masl": 2383.0, "end": 1986, "id_basin": 3121, "id_municipality": 28079, "id_saica": null, "id_saih": null, "id_sheet": 534, "lat_wgs84": 40.322, "lon_wgs84": -3.4721, "municipality": "Madrid", "name": "Pardo, El", "owner": null, "province": "Madrid", "regime": "unknown", "river": "Manzanares", "scale_type": null, "sheet": "COLMENAR VIEJO (534)", "start": 1980, "station_type": null, "system": "Macrosistema", "weir": false, "weir_type": null, "x_etrs89": 433171, "y_etrs89": 4487863, "years_daily": 6, "years_instant": 0, "years_monthly": 13, "discharge": 1 }, "geometry": { "type": "Point", "coordinates": [ -3.789144158998246, 40.538820914931563 ] } },
{ "type": "Feature", "properties": { "id": 3264, "active": 0, "administration": "C.H. TAJO", "basin": "TAJO", "catch_skm": 135.0, "catch_skm_basin": 275.0, "comment": "INT 1986                                                              ", "elev_masl": 335.0, "elev_max_masl": 664.0, "end": 1986, "id_basin": 3317, "id_municipality": 10037, "id_saica": null, "id_saih": null, "id_sheet": 704, "lat_wgs84": 39.2917, "lon_wgs84": -6.1756, "municipality": "Cáceres", "name": "Guadiloba-Caceres", "owner": null, "province": "Cáceres", "regime": "unknown", "river": "Guadiloba", "scale_type": null, "sheet": "CÁCERES (704)", "start": 1980, "station_type": null, "system": "Bajo Tajo - Extremadura", "weir": false, "weir_type": null, "x_etrs89": 216264, "y_etrs89": 4376124, "years_daily": 6, "years_instant": 0, "years_monthly": 14, "discharge": 1 }, "geometry": { "type": "Point", "coordinates": [ -6.299138755251069, 39.48794024923788 ] } },
{ "type": "Feature", "properties": { "id": 3265, "active": 1, "administration": "C.H. TAJO", "basin": "TAJO", "catch_skm": 35.0, "catch_skm_basin": 291.0, "comment": null, "elev_masl": 263.0, "elev_max_masl": null, "end": 2021, "id_basin": 3326, "id_municipality": 10189, "id_saica": null, "id_saih": null, "id_sheet": 622, "lat_wgs84": 39.5211, "lon_wgs84": -6.3649, "municipality": "Torrejoncillo", "name": "Torrejoncillo", "owner": null, "province": "Cáceres", "regime": "altered", "river": "Arroyo De Fresnedosa", "scale_type": "EXTERIOR", "sheet": "TORREJONCILLO (622)", "start": 1990, "station_type": "CAUCE NATURAL", "system": "Bajo Tajo - Extremadura", "weir": false, "weir_type": null, "x_etrs89": 190919, "y_etrs89": 4419544, "years_daily": 31, "years_instant": 17, "years_monthly": 42, "discharge": 1 }, "geometry": { "type": "Point", "coordinates": [ -6.61363113676754, 39.86966353638924 ] } },
{ "type": "Feature", "properties": { "id": 3266, "active": 1, "administration": "C.H. TAJO", "basin": "TAJO", "catch_skm": 94.0, "catch_skm_basin": 94.0, "comment": null, "elev_masl": 500.0, "elev_max_masl": null, "end": 2021, "id_basin": 3173, "id_municipality": 45032, "id_saica": null, "id_saih": null, "id_sheet": 604, "lat_wgs84": 40.0134, "lon_wgs84": -4.0305, "municipality": "Camarenilla", "name": "Camarenilla", "owner": null, "province": "Toledo", "regime": "natural", "river": "Vallehermoso", "scale_type": "EXTERIOR", "sheet": "VILLALUENGA (604)", "start": 1980, "station_type": "ENCAUZAMIENTO CON CANAL DE AGUAS BAJAS", "system": "Macrosistema", "weir": false, "weir_type": null, "x_etrs89": 410286, "y_etrs89": 4431172, "years_daily": 41, "years_instant": 17, "years_monthly": 43, "discharge": 1 }, "geometry": { "type": "Point", "coordinates": [ -4.051399694312209, 40.025996435048889 ] } },
{ "type": "Feature", "properties": { "id": 3268, "active": 1, "administration": "C.H. TAJO", "basin": "TAJO", "catch_skm": 206.0, "catch_skm_basin": 206.0, "comment": null, "elev_masl": 1107.0, "elev_max_masl": null, "end": 2021, "id_basin": 3004, "id_municipality": 19223, "id_saica": null, "id_saih": null, "id_sheet": 514, "lat_wgs84": 40.4047, "lon_wgs84": -1.5758, "municipality": "Poveda de la Sierra", "name": "Taravillas", "owner": null, "province": "Guadalajara", "regime": "natural", "river": "Cabrillas", "scale_type": "EXTERIOR", "sheet": "TARAVILLA (514)", "start": 1982, "station_type": "ENCAUZAMIENTO", "system": "Macrosistema", "weir": false, "weir_type": null, "x_etrs89": 587371, "y_etrs89": 4503726, "years_daily": 39, "years_instant": 21, "years_monthly": 40, "discharge": 1 }, "geometry": { "type": "Point", "coordinates": [ -1.96612060677306, 40.679793923072246 ] } },
{ "type": "Feature", "properties": { "id": 3269, "active": 1, "administration": "C.H. TAJO", "basin": "TAJO", "catch_skm": 105.0, "catch_skm_basin": 112.0, "comment": null, "elev_masl": 720.0, "elev_max_masl": null, "end": 2021, "id_basin": 3026, "id_municipality": 19211, "id_saica": null, "id_saih": null, "id_sheet": 537, "lat_wgs84": 40.3805, "lon_wgs84": -2.3905, "municipality": "Pareja", "name": "Cereceda", "owner": null, "province": "Guadalajara", "regime": "unknown", "river": "Solana", "scale_type": "EXTERIOR", "sheet": "AUÑÓN (537)", "start": 2008, "station_type": "ENCAUZAMIENTO", "system": "Macrosistema", "weir": false, "weir_type": null, "x_etrs89": 529486, "y_etrs89": 4498257, "years_daily": 13, "years_instant": 1, "years_monthly": 14, "discharge": 1 }, "geometry": { "type": "Point", "coordinates": [ -2.651318646086692, 40.634627801809735 ] } },
{ "type": "Feature", "properties": { "id": 3270, "active": 0, "administration": "C.H. TAJO", "basin": "TAJO", "catch_skm": 117.0, "catch_skm_basin": 117.0, "comment": "INT 2007                                                              ", "elev_masl": 717.0, "elev_max_masl": null, "end": 2007, "id_basin": 3028, "id_municipality": 19211, "id_saica": null, "id_saih": null, "id_sheet": 537, "lat_wgs84": 40.332, "lon_wgs84": -2.3924, "municipality": "Pareja", "name": "Pareja", "owner": null, "province": "Guadalajara", "regime": "altered", "river": "Ompolveda", "scale_type": "EXTERIOR", "sheet": "AUÑÓN (537)", "start": 1990, "station_type": "ENCAUZAMIENTO CON CANAL DE AGUAS BAJAS", "system": "Macrosistema", "weir": false, "weir_type": null, "x_etrs89": 529051, "y_etrs89": 4489467, "years_daily": 17, "years_instant": 18, "years_monthly": 28, "discharge": 1 }, "geometry": { "type": "Point", "coordinates": [ -2.656867636729134, 40.555456645632709 ] } },
{ "type": "Feature", "properties": { "id": 3271, "active": 1, "administration": "C.H. TAJO", "basin": "TAJO", "catch_skm": 112.0, "catch_skm_basin": 625.0, "comment": null, "elev_masl": 600.0, "elev_max_masl": null, "end": 2021, "id_basin": 3058, "id_municipality": 19212, "id_saica": null, "id_saih": null, "id_sheet": 561, "lat_wgs84": 40.2135, "lon_wgs84": -2.5449, "municipality": "Pastrana", "name": "Pastrana", "owner": null, "province": "Guadalajara", "regime": "unknown", "river": "Arlés", "scale_type": null, "sheet": "PASTRANA (561)", "start": 2012, "station_type": null, "system": "Macrosistema", "weir": false, "weir_type": null, "x_etrs89": 507335, "y_etrs89": 4467697, "years_daily": 9, "years_instant": 2, "years_monthly": 18, "discharge": 1 }, "geometry": { "type": "Point", "coordinates": [ -2.91361441161481, 40.35980608561939 ] } },
{ "type": "Feature", "properties": { "id": 3273, "active": 1, "administration": "C.H. TAJO", "basin": "TAJO", "catch_skm": 238.0, "catch_skm_basin": 239.0, "comment": null, "elev_masl": 545.0, "elev_max_masl": null, "end": 2021, "id_basin": 3115, "id_municipality": 28167, "id_saica": null, "id_saih": null, "id_sheet": 560, "lat_wgs84": 40.215, "lon_wgs84": -3.2858, "municipality": "Velilla de San Antonio", "name": "Velilla De San Antonio", "owner": null, "province": "Madrid", "regime": "altered", "river": "Arroyo De Pantuerta", "scale_type": "EXTERIOR", "sheet": "ALCALÁ DE HENARES (560)", "start": 1987, "station_type": "ENCAUZAMIENTO CON CANAL DE AGUAS BAJAS", "system": "Macrosistema", "weir": false, "weir_type": null, "x_etrs89": 459011, "y_etrs89": 4468266, "years_daily": 34, "years_instant": 21, "years_monthly": 41, "discharge": 1 }, "geometry": { "type": "Point", "coordinates": [ -3.482763386528029, 40.363957029100213 ] } },
{ "type": "Feature", "properties": { "id": 3275, "active": 0, "administration": "C.H. TAJO", "basin": "TAJO", "catch_skm": 36.0, "catch_skm_basin": 36.0, "comment": "INT 1994                                                              ", "elev_masl": 584.0, "elev_max_masl": null, "end": 1994, "id_basin": 3995, "id_municipality": 28079, "id_saica": null, "id_saih": null, "id_sheet": 560, "lat_wgs84": 40.2957, "lon_wgs84": -3.3342, "municipality": "Madrid", "name": "Barajas", "owner": null, "province": "Madrid", "regime": "unknown", "river": "Valdebebas", "scale_type": null, "sheet": "ALCALÁ DE HENARES (560)", "start": 1986, "station_type": null, "system": "Macrosistema", "weir": false, "weir_type": null, "x_etrs89": 452411, "y_etrs89": 4483302, "years_daily": 8, "years_instant": 4, "years_monthly": 16, "discharge": 1 }, "geometry": { "type": "Point", "coordinates": [ -3.561619849516668, 40.499061202341309 ] } },
{ "type": "Feature", "properties": { "id": 3276, "active": 1, "administration": "C.H. TAJO", "basin": "TAJO", "catch_skm": 158.0, "catch_skm_basin": 250.0, "comment": null, "elev_masl": 220.0, "elev_max_masl": null, "end": 2021, "id_basin": 3300, "id_municipality": 10190, "id_saica": null, "id_saih": null, "id_sheet": 651, "lat_wgs84": 39.4811, "lon_wgs84": -6.0131, "municipality": "Torrejón el Rubio", "name": "Torrejon", "owner": null, "province": "Cáceres", "regime": "natural", "river": "Arroyo De La Vid", "scale_type": "EXTERIOR", "sheet": "SERRADILLA (651)", "start": 1984, "station_type": "ENCAUZAMIENTO", "system": "Bajo Tajo - Extremadura", "weir": false, "weir_type": null, "x_etrs89": 240996, "y_etrs89": 4410284, "years_daily": 37, "years_instant": 18, "years_monthly": 37, "discharge": 1 }, "geometry": { "type": "Point", "coordinates": [ -6.025337182102929, 39.803107275620313 ] } },
{ "type": "Feature", "properties": { "id": 3278, "active": 1, "administration": "C.H. TAJO", "basin": "TAJO", "catch_skm": 169.0, "catch_skm_basin": 355.0, "comment": null, "elev_masl": 313.0, "elev_max_masl": null, "end": 2021, "id_basin": 3401, "id_municipality": 10203, "id_saica": null, "id_saih": null, "id_sheet": 701, "lat_wgs84": 39.2759, "lon_wgs84": -7.1224, "municipality": "Valencia de Alcántara", "name": "Valencia De Alcantara", "owner": null, "province": "Cáceres", "regime": "natural", "river": "Alburrel", "scale_type": "EXTERIOR", "sheet": "VALENCIA DE ALCÁNTARA (701)", "start": 1988, "station_type": "CAUCE NATURAL", "system": "Bajo Tajo - Extremadura", "weir": false, "weir_type": null, "x_etrs89": 138071, "y_etrs89": 4376991, "years_daily": 33, "years_instant": 20, "years_monthly": 36, "discharge": 1 }, "geometry": { "type": "Point", "coordinates": [ -7.2067476843177, 39.466415053530447 ] } },
{ "type": "Feature", "properties": { "id": 3279, "active": 1, "administration": "C.H. TAJO", "basin": "TAJO", "catch_skm": 260.0, "catch_skm_basin": 420.0, "comment": null, "elev_masl": 372.0, "elev_max_masl": null, "end": 2021, "id_basin": 3309, "id_municipality": 10195, "id_saica": null, "id_saih": null, "id_sheet": 679, "lat_wgs84": 39.362, "lon_wgs84": -5.5436, "municipality": "Trujillo", "name": "Trujillo", "owner": null, "province": "Cáceres", "regime": "unknown", "river": "Tozo", "scale_type": "EXTERIOR", "sheet": "ALDEA DE TRUJILLO (679)", "start": 1990, "station_type": "CAUCE NATURAL", "system": "Bajo Tajo - Extremadura", "weir": false, "weir_type": null, "x_etrs89": 250163, "y_etrs89": 4388038, "years_daily": 31, "years_instant": 16, "years_monthly": 34, "discharge": 1 }, "geometry": { "type": "Point", "coordinates": [ -5.909965283626979, 39.605666180260187 ] } },
{ "type": "Feature", "properties": { "id": 3280, "active": 1, "administration": "C.H. TAJO", "basin": "TAJO", "catch_skm": 89.0, "catch_skm_basin": 330.0, "comment": null, "elev_masl": 330.0, "elev_max_masl": null, "end": 2021, "id_basin": 3377, "id_municipality": 10205, "id_saica": null, "id_saih": null, "id_sheet": 595, "lat_wgs84": 40.065, "lon_wgs84": -6.5343, "municipality": "Valverde del Fresno", "name": "Cilleros", "owner": null, "province": "Cáceres", "regime": "natural", "river": "Trevejana", "scale_type": "EXTERIOR", "sheet": "TESO MORENO (595)", "start": 1988, "station_type": "ENCAUZAMIENTO", "system": "Árrago", "weir": false, "weir_type": null, "x_etrs89": 167998, "y_etrs89": 4447663, "years_daily": 33, "years_instant": 18, "years_monthly": 37, "discharge": 1 }, "geometry": { "type": "Point", "coordinates": [ -6.895405803281466, 40.113774548373407 ] } },
{ "type": "Feature", "properties": { "id": 3281, "active": 1, "administration": "C.H. TAJO", "basin": "TAJO", "catch_skm": 160.0, "catch_skm_basin": 230.0, "comment": null, "elev_masl": 240.0, "elev_max_masl": null, "end": 2021, "id_basin": 3359, "id_municipality": 10067, "id_saica": null, "id_saih": null, "id_sheet": 622, "lat_wgs84": 39.5843, "lon_wgs84": -6.2512, "municipality": "Coria", "name": "Batan, El", "owner": null, "province": "Cáceres", "regime": "altered", "river": "Arroyo Grande", "scale_type": "EXTERIOR", "sheet": "TORREJONCILLO (622)", "start": 1999, "station_type": "CAUCE NATURAL", "system": "Alagón", "weir": false, "weir_type": null, "x_etrs89": 207948, "y_etrs89": 4430988, "years_daily": 22, "years_instant": 13, "years_monthly": 36, "discharge": 1 }, "geometry": { "type": "Point", "coordinates": [ -6.420002702791849, 39.978618571962912 ] } },
{ "type": "Feature", "properties": { "id": 3283, "active": 1, "administration": "C.H. TAJO", "basin": "TAJO", "catch_skm": 48.0, "catch_skm_basin": 79.0, "comment": null, "elev_masl": 401.0, "elev_max_masl": null, "end": 2021, "id_basin": 3365, "id_municipality": 10003, "id_saica": null, "id_saih": null, "id_sheet": 573, "lat_wgs84": 40.1048, "lon_wgs84": -6.4137, "municipality": "Acebo", "name": "Acebo", "owner": null, "province": "Cáceres", "regime": "natural", "river": "Cervigona", "scale_type": "EXTERIOR", "sheet": "GATA (573)", "start": 2001, "station_type": "ENCAUZAMIENTO CON CANAL DE AGUAS BAJAS", "system": "Árrago", "weir": false, "weir_type": null, "x_etrs89": 185497, "y_etrs89": 4454283, "years_daily": 20, "years_instant": 13, "years_monthly": 41, "discharge": 1 }, "geometry": { "type": "Point", "coordinates": [ -6.693729550722243, 40.180014036733581 ] } },
{ "type": "Feature", "properties": { "id": 3284, "active": 1, "administration": "C.H. TAJO", "basin": "TAJO", "catch_skm": 19.0, "catch_skm_basin": 87.0, "comment": null, "elev_masl": 238.0, "elev_max_masl": null, "end": 2021, "id_basin": 3322, "id_municipality": 10045, "id_saica": null, "id_saih": null, "id_sheet": 650, "lat_wgs84": 39.4555, "lon_wgs84": -6.2551, "municipality": "Cañaveral", "name": "Cañaveral", "owner": null, "province": "Cáceres", "regime": "natural", "river": "Guadancil", "scale_type": "EXTERIOR", "sheet": "CAÑAVERAL (650)", "start": 1995, "station_type": "CAUCE NATURAL", "system": "Bajo Tajo - Extremadura", "weir": false, "weir_type": null, "x_etrs89": 206123, "y_etrs89": 4407335, "years_daily": 26, "years_instant": 14, "years_monthly": 40, "discharge": 1 }, "geometry": { "type": "Point", "coordinates": [ -6.430710857096019, 39.765256775644133 ] } },
{ "type": "Feature", "properties": { "id": 3285, "active": 0, "administration": "C.H. TAJO", "basin": "TAJO", "catch_skm": 57964.0, "catch_skm_basin": 71364.0, "comment": "INT 1986                                                              ", "elev_masl": 132.0, "elev_max_masl": null, "end": 1986, "id_basin": 3399, "id_municipality": 10062, "id_saica": null, "id_saih": null, "id_sheet": 674, "lat_wgs84": 39.3951, "lon_wgs84": -7.3225, "municipality": "Cedillo", "name": "Cedillo", "owner": null, "province": "Cáceres", "regime": "unknown", "river": "Tajo", "scale_type": null, "sheet": "SEVER (674)", "start": 1980, "station_type": null, "system": "Bajo Tajo - Extremadura", "weir": false, "weir_type": null, "x_etrs89": 110468, "y_etrs89": 4400332, "years_daily": 6, "years_instant": 0, "years_monthly": 11, "discharge": 1 }, "geometry": { "type": "Point", "coordinates": [ -7.54035310624353, 39.66403354530464 ] } },
{ "type": "Feature", "properties": { "id": 3500, "active": 1, "administration": "C.H. TAJO", "basin": "TAJO", "catch_skm": 41.0, "catch_skm_basin": 81.0, "comment": null, "elev_masl": 800.0, "elev_max_masl": null, "end": 2021, "id_basin": 3024, "id_municipality": 19086, "id_saica": null, "id_saih": null, "id_sheet": 512, "lat_wgs84": 40.4401, "lon_wgs84": -2.3742, "municipality": "Cifuentes", "name": "Gargoles De Abajo", "owner": null, "province": "Guadalajara", "regime": "unknown", "river": "Cifuentes", "scale_type": null, "sheet": "CIFUENTES (512)", "start": 2016, "station_type": "SECCIÓN EN PUENTE", "system": "Macrosistema", "weir": false, "weir_type": null, "x_etrs89": 531387, "y_etrs89": 4509247, "years_daily": 5, "years_instant": 0, "years_monthly": 6, "discharge": 1 }, "geometry": { "type": "Point", "coordinates": [ -2.628289530122939, 40.733561645170155 ] } },
{ "type": "Feature", "properties": { "id": 3501, "active": 1, "administration": "C.H. TAJO", "basin": "TAJO", "catch_skm": 351.0, "catch_skm_basin": 2601.0, "comment": null, "elev_masl": 1020.0, "elev_max_masl": null, "end": 2021, "id_basin": 3129, "id_municipality": 19001, "id_saica": null, "id_saih": null, "id_sheet": 488, "lat_wgs84": 40.5327, "lon_wgs84": -2.2913, "municipality": "Abánades", "name": "Abanades", "owner": null, "province": "Guadalajara", "regime": "unknown", "river": "Tajuña", "scale_type": null, "sheet": "Ablanque (488)", "start": 2016, "station_type": "CAUCE NATURAL", "system": "Macrosistema", "weir": false, "weir_type": null, "x_etrs89": 543227, "y_etrs89": 4526775, "years_daily": 5, "years_instant": 0, "years_monthly": 6, "discharge": 1 }, "geometry": { "type": "Point", "coordinates": [ -2.486860148846944, 40.890920190748147 ] } },
{ "type": "Feature", "properties": { "id": 3502, "active": 1, "administration": "C.H. TAJO", "basin": "TAJO", "catch_skm": 2456.0, "catch_skm_basin": 4507.0, "comment": null, "elev_masl": 257.0, "elev_max_masl": null, "end": 2021, "id_basin": 3286, "id_municipality": 10180, "id_saica": null, "id_saih": null, "id_sheet": 600, "lat_wgs84": 40.0406, "lon_wgs84": -5.2806, "municipality": "Talayuela", "name": "Pozo Del Rey", "owner": null, "province": "Cáceres", "regime": "unknown", "river": "Tiétar", "scale_type": null, "sheet": "Villanueva de la Vera (600)", "start": 2016, "station_type": "CAUCE NATURAL", "system": "Tiétar", "weir": false, "weir_type": null, "x_etrs89": 289508, "y_etrs89": 4438252, "years_daily": 5, "years_instant": 0, "years_monthly": 6, "discharge": 1 }, "geometry": { "type": "Point", "coordinates": [ -5.468268161257519, 40.068251566666312 ] } },
{ "type": "Feature", "properties": { "id": 3503, "active": 1, "administration": "C.H. TAJO", "basin": "TAJO", "catch_skm": 157.0, "catch_skm_basin": 983.0, "comment": null, "elev_masl": 1104.0, "elev_max_masl": null, "end": 2021, "id_basin": 3071, "id_municipality": 28003, "id_saica": null, "id_saih": null, "id_sheet": 484, "lat_wgs84": 40.5452, "lon_wgs84": -3.5033, "municipality": "Alameda del Valle", "name": "Alameda Del Valle", "owner": null, "province": "Madrid", "regime": "unknown", "river": "Lozoya", "scale_type": null, "sheet": "Buitrago del Lozoya (484)", "start": 2017, "station_type": "SECCIÓN EN PUENTE", "system": "Macrosistema", "weir": false, "weir_type": null, "x_etrs89": 429049, "y_etrs89": 4529587, "years_daily": 4, "years_instant": 0, "years_monthly": 5, "discharge": 1 }, "geometry": { "type": "Point", "coordinates": [ -3.842540503585, 40.914315396751896 ] } },
{ "type": "Feature", "properties": { "id": 3904, "active": 0, "administration": "C.H. TAJO", "basin": "TAJO", "catch_skm": 24788.0, "catch_skm_basin": 71364.0, "comment": "INT 2010. HASTA EL AÑO 2008-09 EL INDICATIVO ERA 3014                 ", "elev_masl": 450.0, "elev_max_masl": 2430.0, "end": 2010, "id_basin": 3161, "id_municipality": 45168, "id_saica": null, "id_saih": null, "id_sheet": 629, "lat_wgs84": 39.522, "lon_wgs84": -3.5927, "municipality": "Toledo", "name": "Toledo", "owner": null, "province": "Toledo", "regime": "altered", "river": "Tajo", "scale_type": "EXTERIOR", "sheet": "TOLEDO (629)", "start": 1980, "station_type": "CAUCE NATURAL", "system": "Macrosistema", "weir": false, "weir_type": null, "x_etrs89": 415260, "y_etrs89": 4414058, "years_daily": 30, "years_instant": 29, "years_monthly": 38, "discharge": 1 }, "geometry": { "type": "Point", "coordinates": [ -3.990888414759045, 39.872338689948535 ] } },
{ "type": "Feature", "properties": { "id": 3940, "active": 1, "administration": "C.H. TAJO", "basin": "TAJO", "catch_skm": 2672.0, "catch_skm_basin": 5385.0, "comment": null, "elev_masl": 260.0, "elev_max_masl": null, "end": 2021, "id_basin": 3352, "id_municipality": 10076, "id_saica": null, "id_saih": null, "id_sheet": 622, "lat_wgs84": 39.5856, "lon_wgs84": -6.1816, "municipality": "Galisteo", "name": "Galisteo", "owner": null, "province": "Cáceres", "regime": "altered", "river": "Alagón", "scale_type": "EXTERIOR", "sheet": "TORREJONCILLO (622)", "start": 1982, "station_type": "CAUCE NATURAL", "system": "Alagón", "weir": false, "weir_type": null, "x_etrs89": 217831, "y_etrs89": 4431024, "years_daily": 39, "years_instant": 18, "years_monthly": 42, "discharge": 1 }, "geometry": { "type": "Point", "coordinates": [ -6.304470649706915, 39.982297846779943 ] } },
{ "type": "Feature", "properties": { "id": 4004, "active": 1, "administration": "C.H. GUADIANA", "basin": "GUADIANA", "catch_skm": 856.0, "catch_skm_basin": 66889.0, "comment": null, "elev_masl": 758.0, "elev_max_masl": 1074.0, "end": 2014, "id_basin": 4001, "id_municipality": 13902, "id_saica": null, "id_saih": "CR1-26", "id_sheet": 787, "lat_wgs84": 38.5839, "lon_wgs84": -2.5336, "municipality": "Ruidera", "name": "Cubeta, La", "owner": "ESTADO", "province": "Ciudad Real", "regime": "natural", "river": "Guadiana", "scale_type": "EXTERIOR", "sheet": "ALHAMBRA (787)", "start": 1989, "station_type": "ENCAUZAMIENTO CON CANAL DE AGUAS BAJAS", "system": "Central", "weir": true, "weir_type": "SOLERA VERTEDERO", "x_etrs89": 509242, "y_etrs89": 4314292, "years_daily": 25, "years_instant": 39, "years_monthly": 98, "discharge": 1 }, "geometry": { "type": "Point", "coordinates": [ -2.893302986475641, 38.977561713527479 ] } },
{ "type": "Feature", "properties": { "id": 4008, "active": 0, "administration": "C.H. GUADIANA", "basin": "GUADIANA", "catch_skm": 18816.0, "catch_skm_basin": 66889.0, "comment": "INT 2002                                                              ", "elev_masl": 558.0, "elev_max_masl": 1208.0, "end": 1995, "id_basin": 4031, "id_municipality": 13035, "id_saica": null, "id_saih": null, "id_sheet": 784, "lat_wgs84": 38.5335, "lon_wgs84": -4.0655, "municipality": "Corral de Calatrava", "name": "Balbuena O Valbuena", "owner": "ESTADO", "province": "Ciudad Real", "regime": "altered", "river": "Guadiana", "scale_type": "EXTERIOR", "sheet": "CIUDAD REAL (784)", "start": 1987, "station_type": "ENCAUZAMIENTO CON CANAL DE AGUAS BAJAS", "system": "Oriental - Alto Guadiana", "weir": false, "weir_type": null, "x_etrs89": 403289, "y_etrs89": 4305494, "years_daily": 8, "years_instant": 31, "years_monthly": 46, "discharge": 1 }, "geometry": { "type": "Point", "coordinates": [ -4.115168846130775, 38.893002220096626 ] } },
{ "type": "Feature", "properties": { "id": 4009, "active": 0, "administration": "C.H. GUADIANA", "basin": "GUADIANA", "catch_skm": 21072.0, "catch_skm_basin": 66889.0, "comment": "INT 2010                                                              ", "elev_masl": 525.0, "elev_max_masl": 1430.0, "end": 2008, "id_basin": 4041, "id_municipality": 13051, "id_saica": null, "id_saih": null, "id_sheet": 783, "lat_wgs84": 38.5858, "lon_wgs84": -4.1825, "municipality": "Luciana", "name": "Luciana", "owner": "ESTADO", "province": "Ciudad Real", "regime": "natural", "river": "Guadiana", "scale_type": "EXTERIOR", "sheet": "ABENÓJAR (783)", "start": 2000, "station_type": "CAUCE NATURAL", "system": "Oriental - Bullaque", "weir": false, "weir_type": null, "x_etrs89": 386795, "y_etrs89": 4315684, "years_daily": 8, "years_instant": 14, "years_monthly": 53, "discharge": 1 }, "geometry": { "type": "Point", "coordinates": [ -4.307001919345822, 38.982833958603038 ] } },
{ "type": "Feature", "properties": { "id": 4013, "active": 0, "administration": "C.H. GUADIANA", "basin": "GUADIANA", "catch_skm": 26125.0, "catch_skm_basin": 66889.0, "comment": "INT 2001                                                              ", "elev_masl": 258.0, "elev_max_masl": 1447.0, "end": 1999, "id_basin": 4065, "id_municipality": 6044, "id_saica": null, "id_saih": null, "id_sheet": 754, "lat_wgs84": 39.0106, "lon_wgs84": -5.39, "municipality": "Don Benito", "name": "Orellana", "owner": "ESTADO", "province": "Badajoz", "regime": "altered", "river": "Guadiana", "scale_type": "EXTERIOR", "sheet": "MADRIGALEJO (754)", "start": 1989, "station_type": "CAUCE NATURAL", "system": "Central", "weir": false, "weir_type": null, "x_etrs89": 270566, "y_etrs89": 4322165, "years_daily": 10, "years_instant": 0, "years_monthly": 35, "discharge": 1 }, "geometry": { "type": "Point", "coordinates": [ -5.65009587183479, 39.018442563796981 ] } },
{ "type": "Feature", "properties": { "id": 4014, "active": 1, "administration": "C.H. GUADIANA", "basin": "GUADIANA", "catch_skm": 34771.0, "catch_skm_basin": 66889.0, "comment": null, "elev_masl": 250.0, "elev_max_masl": 1447.0, "end": 1988, "id_basin": 4085, "id_municipality": 6153, "id_saica": null, "id_saih": null, "id_sheet": 754, "lat_wgs84": 39.0111, "lon_wgs84": -5.4803, "municipality": "Villanueva de la Serena", "name": "Villanueva De La Serena", "owner": "ESTADO", "province": "Badajoz", "regime": "natural", "river": "Guadiana", "scale_type": "EXTERIOR", "sheet": "MADRIGALEJO (754)", "start": 1980, "station_type": "CAUCE NATURAL", "system": "Central", "weir": false, "weir_type": null, "x_etrs89": 257507, "y_etrs89": 4322693, "years_daily": 8, "years_instant": 26, "years_monthly": 102, "discharge": 1 }, "geometry": { "type": "Point", "coordinates": [ -5.800958996830273, 39.019672134252573 ] } },
{ "type": "Feature", "properties": { "id": 4018, "active": 0, "administration": "C.H. GUADIANA", "basin": "GUADIANA", "catch_skm": 48515.0, "catch_skm_basin": 66889.0, "comment": "INT 1995                                                              ", "elev_masl": 165.0, "elev_max_masl": 1601.0, "end": 1993, "id_basin": 4142, "id_municipality": 6015, "id_saica": null, "id_saih": null, "id_sheet": 775, "lat_wgs84": 38.5256, "lon_wgs84": -6.5838, "municipality": "Badajoz", "name": "Puente De Palmas", "owner": "ESTADO", "province": "Badajoz", "regime": "altered", "river": "Guadiana", "scale_type": "EXTERIOR", "sheet": "BADAJOZ (775)", "start": 1980, "station_type": "CAUCE NATURAL", "system": "Central", "weir": false, "weir_type": null, "x_etrs89": 154989, "y_etrs89": 4311240, "years_daily": 13, "years_instant": 7, "years_monthly": 82, "discharge": 1 }, "geometry": { "type": "Point", "coordinates": [ -6.97707617770494, 38.882312681983954 ] } },
{ "type": "Feature", "properties": { "id": 4024, "active": 0, "administration": "C.H. GUADIANA", "basin": "GUADIANA", "catch_skm": 14497.0, "catch_skm_basin": 66889.0, "comment": "INT 1984                                                              ", "elev_masl": 615.0, "elev_max_masl": null, "end": 1984, "id_basin": 4025, "id_municipality": 13039, "id_saica": null, "id_saih": null, "id_sheet": 760, "lat_wgs84": 39.0645, "lon_wgs84": -3.4547, "municipality": "Daimiel", "name": "Puente Navarro", "owner": "ESTADO", "province": "Ciudad Real", "regime": "altered", "river": "Guadiana", "scale_type": "EXTERIOR", "sheet": "DAIMIEL (760)", "start": 1980, "station_type": "CAUCE NATURAL", "system": "Oriental - Alto Guadiana", "weir": false, "weir_type": null, "x_etrs89": 434026, "y_etrs89": 4329521, "years_daily": 4, "years_instant": 7, "years_monthly": 9, "discharge": 1 }, "geometry": { "type": "Point", "coordinates": [ -3.763100614354261, 39.112345780575708 ] } },
{ "type": "Feature", "properties": { "id": 4030, "active": 1, "administration": "C.H. GUADIANA", "basin": "GUADIANA", "catch_skm": 48530.0, "catch_skm_basin": 66889.0, "comment": null, "elev_masl": 166.0, "elev_max_masl": 1601.0, "end": 2014, "id_basin": 4142, "id_municipality": 6015, "id_saica": "E225", "id_saih": "E2-25", "id_sheet": 775, "lat_wgs84": 38.5143, "lon_wgs84": -7.0103, "municipality": "Badajoz", "name": "Azud De Badajoz", "owner": "ESTADO", "province": "Badajoz", "regime": "natural", "river": "Guadiana", "scale_type": "EXTERIOR", "sheet": "BADAJOZ (775)", "start": 1995, "station_type": "ENCAUZAMIENTO SIN CANAL DE AGUAS BAJAS", "system": "Central", "weir": true, "weir_type": "ESCALÓN (SOLERA)", "x_etrs89": 151378, "y_etrs89": 4309138, "years_daily": 19, "years_instant": 9, "years_monthly": 27, "discharge": 1 }, "geometry": { "type": "Point", "coordinates": [ -7.017541193987285, 38.861992964912297 ] } },
{ "type": "Feature", "properties": { "id": 4101, "active": 0, "administration": "C.H. GUADIANA", "basin": "GUADIANA", "catch_skm": 470.0, "catch_skm_basin": 1721.0, "comment": "INT 1996                                                              ", "elev_masl": 742.0, "elev_max_masl": 1087.0, "end": 1996, "id_basin": 4004, "id_municipality": 13010, "id_saica": null, "id_saih": null, "id_sheet": 787, "lat_wgs84": 38.5046, "lon_wgs84": -3.0901, "municipality": "Alhambra", "name": "Vallehermoso", "owner": "ESTADO", "province": "Ciudad Real", "regime": "altered", "river": "Azuer", "scale_type": "INTERIOR Y EXTERIOR", "sheet": "ALHAMBRA (787)", "start": 1980, "station_type": "ENCAUZAMIENTO SIN CANAL DE AGUAS BAJAS", "system": "Oriental - Alto Guadiana", "weir": true, "weir_type": "SOLERA VERTEDERO", "x_etrs89": 486956, "y_etrs89": 4299696, "years_daily": 16, "years_instant": 25, "years_monthly": 84, "discharge": 1 }, "geometry": { "type": "Point", "coordinates": [ -3.150312536152396, 38.845982016091021 ] } },
{ "type": "Feature", "properties": { "id": 4102, "active": 1, "administration": "C.H. GUADIANA", "basin": "GUADIANA", "catch_skm": 1699.0, "catch_skm_basin": 1721.0, "comment": null, "elev_masl": 619.0, "elev_max_masl": 1887.0, "end": 2011, "id_basin": 4006, "id_municipality": 13039, "id_saica": null, "id_saih": "CR1-03", "id_sheet": 760, "lat_wgs84": 39.0432, "lon_wgs84": -3.3601, "municipality": "Daimiel", "name": "Daimiel", "owner": "ESTADO", "province": "Ciudad Real", "regime": "altered", "river": "Azuer", "scale_type": "EXTERIOR", "sheet": "DAIMIEL (760)", "start": 2007, "station_type": "ENCAUZAMIENTO CON CANAL DE AGUAS BAJAS", "system": "Oriental - Alto Guadiana", "weir": true, "weir_type": "ESCALÓN (SOLERA)", "x_etrs89": 448087, "y_etrs89": 4325334, "years_daily": 4, "years_instant": 15, "years_monthly": 63, "discharge": 1 }, "geometry": { "type": "Point", "coordinates": [ -3.600151002076708, 39.075569044678289 ] } },
{ "type": "Feature", "properties": { "id": 4103, "active": 0, "administration": "C.H. GUADIANA", "basin": "GUADIANA", "catch_skm": 2337.0, "catch_skm_basin": 2362.0, "comment": "INT 2002                                                              ", "elev_masl": 580.0, "elev_max_masl": 1037.0, "end": 1995, "id_basin": 4030, "id_municipality": 13035, "id_saica": null, "id_saih": null, "id_sheet": 784, "lat_wgs84": 38.5321, "lon_wgs84": -4.0111, "municipality": "Corral de Calatrava", "name": "Puente Morena", "owner": "ESTADO", "province": "Ciudad Real", "regime": "altered", "river": "Jabalón", "scale_type": "EXTERIOR", "sheet": "CIUDAD REAL (784)", "start": 1989, "station_type": "ENCAUZAMIENTO CON CANAL DE AGUAS BAJAS", "system": "Oriental - Alto Guadiana", "weir": true, "weir_type": "SOLERA VERTEDERO", "x_etrs89": 411561, "y_etrs89": 4304966, "years_daily": 6, "years_instant": 30, "years_monthly": 54, "discharge": 1 }, "geometry": { "type": "Point", "coordinates": [ -4.019731596652582, 38.889116847349818 ] } },
{ "type": "Feature", "properties": { "id": 4105, "active": 1, "administration": "C.H. GUADIANA", "basin": "GUADIANA", "catch_skm": 8508.0, "catch_skm_basin": 8511.0, "comment": null, "elev_masl": 250.0, "elev_max_masl": 1252.0, "end": 2008, "id_basin": 4084, "id_municipality": 6153, "id_saica": null, "id_saih": null, "id_sheet": 754, "lat_wgs84": 39.0001, "lon_wgs84": -5.4531, "municipality": "Villanueva de la Serena", "name": "Villanueva De La Serena", "owner": "ESTADO", "province": "Badajoz", "regime": "natural", "river": "Zújar", "scale_type": "EXTERIOR", "sheet": "MADRIGALEJO (754)", "start": 1999, "station_type": "CAUCE NATURAL", "system": "Central", "weir": false, "weir_type": null, "x_etrs89": 261113, "y_etrs89": 4320431, "years_daily": 9, "years_instant": 1, "years_monthly": 75, "discharge": 1 }, "geometry": { "type": "Point", "coordinates": [ -5.758561029414202, 39.000304487393713 ] } },
{ "type": "Feature", "properties": { "id": 4108, "active": 1, "administration": "C.H. GUADIANA", "basin": "GUADIANA", "catch_skm": 734.0, "catch_skm_basin": 912.0, "comment": null, "elev_masl": 569.0, "elev_max_masl": 1004.0, "end": 1995, "id_basin": 4042, "id_municipality": 13001, "id_saica": null, "id_saih": "CR1-22", "id_sheet": 783, "lat_wgs84": 38.5321, "lon_wgs84": -4.2418, "municipality": "Abenójar", "name": "Abenojar", "owner": "ESTADO", "province": "Ciudad Real", "regime": "unknown", "river": "Tirteafuera", "scale_type": "EXTERIOR", "sheet": "ABENÓJAR (783)", "start": 1983, "station_type": "ENCAUZAMIENTO CON CANAL DE AGUAS BAJAS", "system": "Oriental - Tirteafuera", "weir": true, "weir_type": "ESCALÓN (SOLERA)", "x_etrs89": 378152, "y_etrs89": 4305420, "years_daily": 12, "years_instant": 11, "years_monthly": 33, "discharge": 1 }, "geometry": { "type": "Point", "coordinates": [ -4.404936208144735, 38.889208050265495 ] } },
{ "type": "Feature", "properties": { "id": 4123, "active": 1, "administration": "C.H. GUADIANA", "basin": "GUADIANA", "catch_skm": 163.0, "catch_skm_basin": 183.0, "comment": null, "elev_masl": 615.0, "elev_max_masl": null, "end": 2019, "id_basin": 4027, "id_municipality": 13040, "id_saica": null, "id_saih": "CR1-23", "id_sheet": 759, "lat_wgs84": 39.0737, "lon_wgs84": -3.5604, "municipality": "Fernán Caballero", "name": "Gasset", "owner": "ESTADO", "province": "Ciudad Real", "regime": "regulated", "river": "Becea", "scale_type": "EXTERIOR", "sheet": "PIEDRABUENA (759)", "start": 2015, "station_type": "MARCO DE CONTROL CON SOLERA", "system": "Oriental - Alto Guadiana", "weir": false, "weir_type": null, "x_etrs89": 419221, "y_etrs89": 4331265, "years_daily": 4, "years_instant": 0, "years_monthly": 12, "discharge": 1 }, "geometry": { "type": "Point", "coordinates": [ -3.934533688275506, 39.12681256657249 ] } },
{ "type": "Feature", "properties": { "id": 4124, "active": 1, "administration": "C.H. GUADIANA", "basin": "GUADIANA", "catch_skm": 552.0, "catch_skm_basin": 10582.0, "comment": null, "elev_masl": 787.0, "elev_max_masl": null, "end": 2021, "id_basin": 4012, "id_municipality": 16186, "id_saica": null, "id_saih": "CR1-04", "id_sheet": 633, "lat_wgs84": 39.5301, "lon_wgs84": -2.4803, "municipality": "Saelices", "name": "Saelices", "owner": "ESTADO", "province": "Cuenca", "regime": "natural", "river": "Cigüela", "scale_type": "EXTERIOR", "sheet": "PALOMARES DEL CAMPO (633)", "start": 2015, "station_type": "MARCO DE CONTROL", "system": "Oriental - Alto Guadiana", "weir": false, "weir_type": null, "x_etrs89": 517024, "y_etrs89": 4414856, "years_daily": 6, "years_instant": 0, "years_monthly": 12, "discharge": 1 }, "geometry": { "type": "Point", "coordinates": [ -2.800899375481442, 39.883590501980493 ] } },
{ "type": "Feature", "properties": { "id": 4130, "active": 1, "administration": "C.H. GUADIANA", "basin": "GUADIANA", "catch_skm": 129.0, "catch_skm_basin": 368.0, "comment": null, "elev_masl": 819.0, "elev_max_masl": null, "end": 2021, "id_basin": 4022, "id_municipality": 2019, "id_saica": null, "id_saih": "CR1-10", "id_sheet": 763, "lat_wgs84": 39.0512, "lon_wgs84": -2.3347, "municipality": "El Bonillo", "name": "Corcoles En Cabecera", "owner": "ESTADO", "province": "Albacete", "regime": "natural", "river": "Córcoles", "scale_type": "EXTERIOR", "sheet": "SOTUÉLAMOS (763)", "start": 2015, "station_type": "ENCAUZAMIENTO SIN CANAL DE AGUAS BAJAS", "system": "Oriental - Alto Guadiana", "weir": true, "weir_type": "ESCALÓN (SOLERA)", "x_etrs89": 537779, "y_etrs89": 4326472, "years_daily": 6, "years_instant": 0, "years_monthly": 12, "discharge": 1 }, "geometry": { "type": "Point", "coordinates": [ -2.563179544374771, 39.08654998960494 ] } },
{ "type": "Feature", "properties": { "id": 4136, "active": 1, "administration": "C.H. GUADIANA", "basin": "GUADIANA", "catch_skm": 412.0, "catch_skm_basin": 687.0, "comment": null, "elev_masl": 606.0, "elev_max_masl": null, "end": 2021, "id_basin": 4028, "id_municipality": 13040, "id_saica": null, "id_saih": "CR1-16", "id_sheet": 759, "lat_wgs84": 39.0608, "lon_wgs84": -3.5521, "municipality": "Fernancaballero", "name": "Fernancaballero", "owner": "ESTADO", "province": "Ciudad Real", "regime": "natural", "river": "Bañuelo", "scale_type": "EXTERIOR", "sheet": "PIEDRABUENA (759)", "start": 2016, "station_type": "ENCAUZAMIENTO SIN CANAL DE AGUAS BAJAS", "system": "Oriental - Alto Guadiana", "weir": true, "weir_type": "SOLERA (ESCALÓN)", "x_etrs89": 420242, "y_etrs89": 4328516, "years_daily": 5, "years_instant": 0, "years_monthly": 10, "discharge": 1 }, "geometry": { "type": "Point", "coordinates": [ -3.922400165804529, 39.102138146687025 ] } },
{ "type": "Feature", "properties": { "id": 4138, "active": 1, "administration": "C.H. GUADIANA", "basin": "GUADIANA", "catch_skm": 544.0, "catch_skm_basin": 2362.0, "comment": null, "elev_masl": 740.0, "elev_max_masl": null, "end": 2021, "id_basin": 4030, "id_municipality": 13087, "id_saica": null, "id_saih": "CR1-18", "id_sheet": 812, "lat_wgs84": 38.4119, "lon_wgs84": -3.1653, "municipality": "Valdepeñas", "name": "Cabezuela, La", "owner": "ESTADO", "province": "Ciudad Real", "regime": "regulated", "river": "Jabalón", "scale_type": "EXTERIOR", "sheet": "VALDEPEÑAS (812)", "start": 2016, "station_type": "MARCO DE CONTROL", "system": "Oriental - Alto Guadiana", "weir": false, "weir_type": null, "x_etrs89": 475539, "y_etrs89": 4282249, "years_daily": 5, "years_instant": 0, "years_monthly": 11, "discharge": 1 }, "geometry": { "type": "Point", "coordinates": [ -3.281257233755673, 38.688513094788611 ] } },
{ "type": "Feature", "properties": { "id": 4156, "active": 0, "administration": "C.H. GUADIANA", "basin": "GUADIANA", "catch_skm": 43.0, "catch_skm_basin": 848.0, "comment": "INT 2010                                                              ", "elev_masl": 410.0, "elev_max_masl": 959.0, "end": 1994, "id_basin": 4151, "id_municipality": 21051, "id_saica": null, "id_saih": null, "id_sheet": 917, "lat_wgs84": 37.5733, "lon_wgs84": -6.4441, "municipality": "La Nava", "name": "Nava, La", "owner": "ESTADO", "province": "Huelva", "regime": "natural", "river": "Múrtigas", "scale_type": "EXTERIOR", "sheet": "ARACENA (917)", "start": 1980, "station_type": "CAUCE NATURAL", "system": "Ardila", "weir": false, "weir_type": null, "x_etrs89": 170974, "y_etrs89": 4207896, "years_daily": 14, "years_instant": 0, "years_monthly": 49, "discharge": 1 }, "geometry": { "type": "Point", "coordinates": [ -6.744829018565047, 37.959097506028137 ] } },
{ "type": "Feature", "properties": { "id": 4158, "active": 0, "administration": "C.H. GUADIANA", "basin": "GUADIANA", "catch_skm": 88.0, "catch_skm_basin": 2162.0, "comment": "INT 2005                                                              ", "elev_masl": 280.0, "elev_max_masl": 811.0, "end": 1990, "id_basin": 4154, "id_municipality": 21008, "id_saica": null, "id_saih": null, "id_sheet": 916, "lat_wgs84": 37.5837, "lon_wgs84": -6.571, "municipality": "Aroche", "name": "Aroche", "owner": "ESTADO", "province": "Huelva", "regime": "natural", "river": "Chanza", "scale_type": "EXTERIOR", "sheet": "AROCHE (916)", "start": 1980, "station_type": "ENCAUZAMIENTO CON CANAL DE AGUAS BAJAS", "system": "Sur", "weir": false, "weir_type": null, "x_etrs89": 152779, "y_etrs89": 4210646, "years_daily": 10, "years_instant": 20, "years_monthly": 49, "discharge": 1 }, "geometry": { "type": "Point", "coordinates": [ -6.952802404864556, 37.977054827937287 ] } },
{ "type": "Feature", "properties": { "id": 4160, "active": 0, "administration": "C.H. GUADIANA", "basin": "GUADIANA", "catch_skm": 48.0, "catch_skm_basin": 48.0, "comment": "INT 2000                                                              ", "elev_masl": 280.0, "elev_max_masl": 764.0, "end": 1990, "id_basin": 4155, "id_municipality": 21008, "id_saica": null, "id_saih": null, "id_sheet": 916, "lat_wgs84": 37.5845, "lon_wgs84": -6.5636, "municipality": "Aroche", "name": "Aroche", "owner": "ESTADO", "province": "Huelva", "regime": "natural", "river": "Arochete", "scale_type": "EXTERIOR", "sheet": "AROCHE (916)", "start": 1980, "station_type": "ENCAUZAMIENTO CON CANAL DE AGUAS BAJAS", "system": "Sur", "weir": true, "weir_type": "SOLERA VERTEDERO", "x_etrs89": 153631, "y_etrs89": 4210831, "years_daily": 10, "years_instant": 17, "years_monthly": 70, "discharge": 1 }, "geometry": { "type": "Point", "coordinates": [ -6.943213458871624, 37.979043602284975 ] } },
{ "type": "Feature", "properties": { "id": 4161, "active": 0, "administration": "C.H. GUADIANA", "basin": "GUADIANA", "catch_skm": 98.0, "catch_skm_basin": 821.0, "comment": "INT 2004                                                              ", "elev_masl": 125.0, "elev_max_masl": 397.0, "end": 1988, "id_basin": 4157, "id_municipality": 21058, "id_saica": null, "id_saih": null, "id_sheet": 958, "lat_wgs84": 37.3829, "lon_wgs84": -7.1546, "municipality": "Puebla de Guzmán", "name": "Puebla De Guzman", "owner": "ESTADO", "province": "Huelva", "regime": "natural", "river": "Cobica", "scale_type": "EXTERIOR", "sheet": "PUEBLA DE GUZMÁN (958)", "start": 1980, "station_type": "ENCAUZAMIENTO CON CANAL DE AGUAS BAJAS", "system": "Sur", "weir": false, "weir_type": null, "x_etrs89": 123846, "y_etrs89": 4174593, "years_daily": 8, "years_instant": 11, "years_monthly": 35, "discharge": 1 }, "geometry": { "type": "Point", "coordinates": [ -7.262664490377052, 37.641487905517998 ] } },
{ "type": "Feature", "properties": { "id": 4163, "active": 1, "administration": "C.H. GUADIANA", "basin": "GUADIANA", "catch_skm": 2497.0, "catch_skm_basin": 2546.0, "comment": null, "elev_masl": 222.0, "elev_max_masl": 931.0, "end": 2021, "id_basin": 4109, "id_municipality": 6004, "id_saica": null, "id_saih": "CR2-31", "id_sheet": 803, "lat_wgs84": 38.4734, "lon_wgs84": -6.1603, "municipality": "Alange", "name": "Alange", "owner": "ESTADO", "province": "Badajoz", "regime": "regulated", "river": "Matachel", "scale_type": "EXTERIOR", "sheet": "ALMENDRALEJO (803)", "start": 2015, "station_type": "ENCAUZAMIENTO CON CANAL DE AGUAS BAJAS", "system": "Central", "weir": true, "weir_type": null, "x_etrs89": 216211, "y_etrs89": 4298849, "years_daily": 6, "years_instant": 5, "years_monthly": 59, "discharge": 1 }, "geometry": { "type": "Point", "coordinates": [ -6.26742446674975, 38.792732893089919 ] } },
{ "type": "Feature", "properties": { "id": 4165, "active": 1, "administration": "C.H. GUADIANA", "basin": "GUADIANA", "catch_skm": 430.0, "catch_skm_basin": 435.0, "comment": null, "elev_masl": 186.0, "elev_max_masl": 853.0, "end": 2011, "id_basin": 4123, "id_municipality": 6128, "id_saica": "CR242", "id_saih": "CR2-42", "id_sheet": 776, "lat_wgs84": 38.5248, "lon_wgs84": -6.4635, "municipality": "Talavera la Real", "name": "Talavera La Real", "owner": "ESTADO", "province": "Badajoz", "regime": "natural", "river": "Albuera", "scale_type": "EXTERIOR", "sheet": "MONTIJO (776)", "start": 2006, "station_type": "CAUCE NATURAL", "system": "Central", "weir": true, "weir_type": "SOLERA VERTEDERO", "x_etrs89": 172400, "y_etrs89": 4310247, "years_daily": 5, "years_instant": 0, "years_monthly": 37, "discharge": 1 }, "geometry": { "type": "Point", "coordinates": [ -6.776316128909484, 38.880043468188482 ] } },
{ "type": "Feature", "properties": { "id": 4172, "active": 0, "administration": "C.H. GUADIANA", "basin": "GUADIANA", "catch_skm": 250.0, "catch_skm_basin": 500.0, "comment": "INT 2009                                                              ", "elev_masl": 108.0, "elev_max_masl": 648.0, "end": 1996, "id_basin": 4158, "id_municipality": 21057, "id_saica": null, "id_saih": null, "id_sheet": 936, "lat_wgs84": 37.4145, "lon_wgs84": -7.1647, "municipality": "Paymogo", "name": "Paymogo", "owner": "ESTADO", "province": "Huelva", "regime": "natural", "river": "Malagón", "scale_type": "EXTERIOR", "sheet": "PAYMOGO (936)", "start": 1980, "station_type": "ENCAUZAMIENTO CON CANAL DE AGUAS BAJAS", "system": "Sur", "weir": false, "weir_type": null, "x_etrs89": 122607, "y_etrs89": 4180711, "years_daily": 16, "years_instant": 11, "years_monthly": 36, "discharge": 1 }, "geometry": { "type": "Point", "coordinates": [ -7.279831842978645, 37.695970099084704 ] } },
{ "type": "Feature", "properties": { "id": 4173, "active": 0, "administration": "C.H. GUADIANA", "basin": "GUADIANA", "catch_skm": 119.0, "catch_skm_basin": 153.0, "comment": "INT 2004                                                              ", "elev_masl": 135.0, "elev_max_masl": 613.0, "end": 1997, "id_basin": 4159, "id_municipality": 21057, "id_saica": null, "id_saih": null, "id_sheet": 936, "lat_wgs84": 37.4325, "lon_wgs84": -7.1931, "municipality": "Paymogo", "name": "Paymogo", "owner": "ESTADO", "province": "Huelva", "regime": "altered", "river": "Albahacar", "scale_type": "EXTERIOR", "sheet": "PAYMOGO (936)", "start": 1980, "station_type": "ENCAUZAMIENTO CON CANAL DE AGUAS BAJAS", "system": "Sur", "weir": false, "weir_type": null, "x_etrs89": 118732, "y_etrs89": 4183959, "years_daily": 17, "years_instant": 18, "years_monthly": 36, "discharge": 1 }, "geometry": { "type": "Point", "coordinates": [ -7.325361670224966, 37.723559948003469 ] } },
{ "type": "Feature", "properties": { "id": 4174, "active": 1, "administration": "C.H. GUADIANA", "basin": "GUADIANA", "catch_skm": 1800.0, "catch_skm_basin": 1837.0, "comment": null, "elev_masl": 208.0, "elev_max_masl": 1110.0, "end": 1990, "id_basin": 4150, "id_municipality": 6070, "id_saica": "CR250", "id_saih": "CR2-50", "id_sheet": 874, "lat_wgs84": 38.135, "lon_wgs84": -6.5308, "municipality": "Jerez de los Caballeros", "name": "Oliva De La Frontera", "owner": "ESTADO", "province": "Badajoz", "regime": "natural", "river": "Ardila", "scale_type": "EXTERIOR", "sheet": "OLIVA DE LA FRONTERA (874)", "start": 1980, "station_type": "ENCAUZAMIENTO CON CANAL DE AGUAS BAJAS", "system": "Ardila", "weir": true, "weir_type": "ESCALÓN (SOLERA)", "x_etrs89": 159864, "y_etrs89": 4238538, "years_daily": 10, "years_instant": 13, "years_monthly": 45, "discharge": 1 }, "geometry": { "type": "Point", "coordinates": [ -6.885598755152509, 38.230542052599233 ] } },
{ "type": "Feature", "properties": { "id": 4176, "active": 0, "administration": "C.H. GUADIANA", "basin": "GUADIANA", "catch_skm": 320.0, "catch_skm_basin": 2162.0, "comment": "INT 2002                                                              ", "elev_masl": 162.0, "elev_max_masl": null, "end": 1995, "id_basin": 4156, "id_municipality": 21062, "id_saica": null, "id_saih": null, "id_sheet": 915, "lat_wgs84": 37.5704, "lon_wgs84": -7.1245, "municipality": "Rosal de la Frontera", "name": "Rosal De La Frontera", "owner": "ESTADO", "province": "Huelva", "regime": "natural", "river": "Chanza", "scale_type": "EXTERIOR", "sheet": "ROSAL DE LA FRONTERA (915)", "start": 1980, "station_type": "ENCAUZAMIENTO CON CANAL DE AGUAS BAJAS", "system": "Sur", "weir": true, "weir_type": "SOLERA VERTEDERO", "x_etrs89": 129835, "y_etrs89": 4208756, "years_daily": 15, "years_instant": 17, "years_monthly": 34, "discharge": 1 }, "geometry": { "type": "Point", "coordinates": [ -7.21239707403009, 37.951006797698007 ] } },
{ "type": "Feature", "properties": { "id": 4201, "active": 1, "administration": "C.H. GUADIANA", "basin": "GUADIANA", "catch_skm": 995.0, "catch_skm_basin": 10582.0, "comment": null, "elev_masl": 694.0, "elev_max_masl": 1181.0, "end": 2002, "id_basin": 4012, "id_municipality": 45135, "id_saica": null, "id_saih": "CR1-05", "id_sheet": 688, "lat_wgs84": 39.3833, "lon_wgs84": -3.0452, "municipality": "La Puebla de Almoradiel", "name": "Quintanar De La Orden", "owner": "ESTADO", "province": "Toledo", "regime": "natural", "river": "Cigüela", "scale_type": "EXTERIOR", "sheet": "QUINTANAR DE LA ORDEN (688)", "start": 1980, "station_type": "ENCAUZAMIENTO CON CANAL DE AGUAS BAJAS", "system": "Oriental - Alto Guadiana", "weir": true, "weir_type": "ESCALÓN (SOLERA)", "x_etrs89": 493050, "y_etrs89": 4388098, "years_daily": 22, "years_instant": 21, "years_monthly": 96, "discharge": 1 }, "geometry": { "type": "Point", "coordinates": [ -3.080999488815949, 39.642638973320032 ] } },
{ "type": "Feature", "properties": { "id": 4202, "active": 1, "administration": "C.H. GUADIANA", "basin": "GUADIANA", "catch_skm": 2557.0, "catch_skm_basin": 10582.0, "comment": null, "elev_masl": 642.0, "elev_max_masl": 1181.0, "end": 1998, "id_basin": 4016, "id_municipality": 45187, "id_saica": null, "id_saih": "CR1-07", "id_sheet": 713, "lat_wgs84": 39.2454, "lon_wgs84": -3.1836, "municipality": "Villafranca de los Caballeros", "name": "Villafranca De Los Caballeros", "owner": "ESTADO", "province": "Toledo", "regime": "natural", "river": "Cigüela", "scale_type": "EXTERIOR", "sheet": "ALCÁZAR DE SAN JUAN (713)", "start": 1980, "station_type": "ENCAUZAMIENTO CON CANAL DE AGUAS BAJAS", "system": "Oriental - Alto Guadiana", "weir": true, "weir_type": "SOLERA VERTEDERO", "x_etrs89": 473316, "y_etrs89": 4362877, "years_daily": 18, "years_instant": 27, "years_monthly": 70, "discharge": 1 }, "geometry": { "type": "Point", "coordinates": [ -3.309977283531742, 39.414999510569885 ] } },
{ "type": "Feature", "properties": { "id": 4203, "active": 1, "administration": "C.H. GUADIANA", "basin": "GUADIANA", "catch_skm": 9930.0, "catch_skm_basin": 10582.0, "comment": null, "elev_masl": 628.0, "elev_max_masl": 1181.0, "end": 2001, "id_basin": 4024, "id_municipality": 13047, "id_saica": "CR115", "id_saih": "CR1-15", "id_sheet": 738, "lat_wgs84": 39.1806, "lon_wgs84": -3.2154, "municipality": "Herencia", "name": "Buenavista", "owner": "ESTADO", "province": "Ciudad Real", "regime": "natural", "river": "Cigüela", "scale_type": "EXTERIOR", "sheet": "VILLARTA DE SAN JUAN (738)", "start": 1993, "station_type": "ENCAUZAMIENTO CON CANAL DE AGUAS BAJAS", "system": "Oriental - Alto Guadiana", "weir": true, "weir_type": "SOLERA VERTEDERO", "x_etrs89": 468517, "y_etrs89": 4350309, "years_daily": 8, "years_instant": 20, "years_monthly": 55, "discharge": 1 }, "geometry": { "type": "Point", "coordinates": [ -3.36513431980795, 39.30159216767855 ] } },
{ "type": "Feature", "properties": { "id": 4205, "active": 1, "administration": "C.H. GUADIANA", "basin": "GUADIANA", "catch_skm": 5506.0, "catch_skm_basin": 5596.0, "comment": null, "elev_masl": 638.0, "elev_max_masl": 1102.0, "end": 1986, "id_basin": 4023, "id_municipality": 13005, "id_saica": null, "id_saih": "CR1-12", "id_sheet": 739, "lat_wgs84": 39.1832, "lon_wgs84": -3.0919, "municipality": "Alcázar de San Juan", "name": "Alcazar", "owner": "ESTADO", "province": "Ciudad Real", "regime": "natural", "river": "Záncara", "scale_type": "EXTERIOR", "sheet": "LA ALAMEDA DE CERVERA (739)", "start": 1980, "station_type": "ENCAUZAMIENTO CON CANAL DE AGUAS BAJAS", "system": "Oriental - Alto Guadiana", "weir": true, "weir_type": "ESCALÓN (SOLERA)", "x_etrs89": 486610, "y_etrs89": 4351060, "years_daily": 6, "years_instant": 23, "years_monthly": 54, "discharge": 1 }, "geometry": { "type": "Point", "coordinates": [ -3.15531103927915, 39.308828312296605 ] } },
{ "type": "Feature", "properties": { "id": 4207, "active": 0, "administration": "C.H. GUADIANA", "basin": "GUADIANA", "catch_skm": 312.0, "catch_skm_basin": 687.0, "comment": "INT 2002                                                              ", "elev_masl": 626.0, "elev_max_masl": 1100.0, "end": 2002, "id_basin": 4026, "id_municipality": 13052, "id_saica": null, "id_saih": null, "id_sheet": 736, "lat_wgs84": 39.103, "lon_wgs84": -3.5247, "municipality": "Malagón", "name": "Malagon", "owner": "ESTADO", "province": "Ciudad Real", "regime": "altered", "river": "Bañuelos", "scale_type": "EXTERIOR", "sheet": "MALAGÓN (736)", "start": 1981, "station_type": "OTROS ( CAUCE NATURAL Y EN CANAL)", "system": "Oriental - Alto Guadiana", "weir": false, "weir_type": null, "x_etrs89": 424017, "y_etrs89": 4336561, "years_daily": 21, "years_instant": 0, "years_monthly": 56, "discharge": 1 }, "geometry": { "type": "Point", "coordinates": [ -3.879648855313294, 39.174961445018141 ] } },
{ "type": "Feature", "properties": { "id": 4209, "active": 0, "administration": "C.H. GUADIANA", "basin": "GUADIANA", "catch_skm": 123.0, "catch_skm_basin": 183.0, "comment": "INT 2003                                                              ", "elev_masl": 630.0, "elev_max_masl": 1068.0, "end": 2003, "id_basin": 4027, "id_municipality": 13052, "id_saica": null, "id_saih": null, "id_sheet": 759, "lat_wgs84": 39.1015, "lon_wgs84": -3.5816, "municipality": "Malagón", "name": "Malagon", "owner": "ESTADO", "province": "Ciudad Real", "regime": "unknown", "river": "Becea", "scale_type": "EXTERIOR", "sheet": "PIEDRABUENA (759)", "start": 1991, "station_type": "CAUCE NATURAL", "system": "Oriental - Alto Guadiana", "weir": false, "weir_type": null, "x_etrs89": 416103, "y_etrs89": 4336195, "years_daily": 12, "years_instant": 0, "years_monthly": 82, "discharge": 1 }, "geometry": { "type": "Point", "coordinates": [ -3.971211488902234, 39.170936270281842 ] } },
{ "type": "Feature", "properties": { "id": 4212, "active": 1, "administration": "C.H. GUADIANA", "basin": "GUADIANA", "catch_skm": 287.0, "catch_skm_basin": 287.0, "comment": null, "elev_masl": 371.0, "elev_max_masl": 1441.0, "end": 2011, "id_basin": 4060, "id_municipality": 10017, "id_saica": null, "id_saih": "CR2-05", "id_sheet": 708, "lat_wgs84": 39.2236, "lon_wgs84": -5.0146, "municipality": "Alía", "name": "Alia", "owner": "ESTADO", "province": "Cáceres", "regime": "natural", "river": "Guadarranque", "scale_type": "EXTERIOR", "sheet": "SANTA QUITERIA (708)", "start": 2004, "station_type": "ENCAUZAMIENTO CON CANAL DE AGUAS BAJAS", "system": "Central", "weir": true, "weir_type": "ESCALÓN (SOLERA)", "x_etrs89": 325183, "y_etrs89": 4360537, "years_daily": 7, "years_instant": 18, "years_monthly": 42, "discharge": 1 }, "geometry": { "type": "Point", "coordinates": [ -5.029584570389222, 39.376623283142727 ] } },
{ "type": "Feature", "properties": { "id": 4213, "active": 0, "administration": "C.H. GUADIANA", "basin": "GUADIANA", "catch_skm": 303.0, "catch_skm_basin": 416.0, "comment": "INT 1985                                                              ", "elev_masl": 360.0, "elev_max_masl": 1342.0, "end": 1985, "id_basin": 4064, "id_municipality": 6137, "id_saica": null, "id_saih": null, "id_sheet": 733, "lat_wgs84": 39.1825, "lon_wgs84": -5.0951, "municipality": "Valdecaballeros", "name": "Valdecaballeros", "owner": "ESTADO", "province": "Badajoz", "regime": "natural", "river": "Guadalupejo", "scale_type": "EXTERIOR", "sheet": "CASTILBLANCO (733)", "start": 1980, "station_type": "ENCAUZAMIENTO CON CANAL DE AGUAS BAJAS", "system": "Central", "weir": false, "weir_type": null, "x_etrs89": 313414, "y_etrs89": 4353072, "years_daily": 5, "years_instant": 9, "years_monthly": 14, "discharge": 1 }, "geometry": { "type": "Point", "coordinates": [ -5.164056718511317, 39.306942824493028 ] } },
{ "type": "Feature", "properties": { "id": 4214, "active": 1, "administration": "C.H. GUADIANA", "basin": "GUADIANA", "catch_skm": 2029.0, "catch_skm_basin": 2034.0, "comment": null, "elev_masl": 536.0, "elev_max_masl": 1430.0, "end": 1988, "id_basin": 4040, "id_municipality": 13051, "id_saica": null, "id_saih": "CR1-21", "id_sheet": 783, "lat_wgs84": 38.5906, "lon_wgs84": -4.1714, "municipality": "Luciana", "name": "Puente De Luciana", "owner": "ESTADO", "province": "Ciudad Real", "regime": "unknown", "river": "Bullaque", "scale_type": "EXTERIOR", "sheet": "ABENÓJAR (783)", "start": 1980, "station_type": "ENCAUZAMIENTO CON CANAL DE AGUAS BAJAS", "system": "Oriental - Bullaque", "weir": true, "weir_type": "ESCALÓN (SOLERA)", "x_etrs89": 388503, "y_etrs89": 4315914, "years_daily": 8, "years_instant": 0, "years_monthly": 81, "discharge": 1 }, "geometry": { "type": "Point", "coordinates": [ -4.287324508699238, 38.9851252418431 ] } },
{ "type": "Feature", "properties": { "id": 4224, "active": 1, "administration": "C.H. GUADIANA", "basin": "GUADIANA", "catch_skm": 2020.0, "catch_skm_basin": 5596.0, "comment": null, "elev_masl": 698.0, "elev_max_masl": 1023.0, "end": 1989, "id_basin": 4020, "id_municipality": 16171, "id_saica": null, "id_saih": "CR1-08", "id_sheet": 715, "lat_wgs84": 39.2131, "lon_wgs84": -2.3443, "municipality": "El Provencio", "name": "Provencio, El", "owner": "ESTADO", "province": "Cuenca", "regime": "natural", "river": "Záncara", "scale_type": "EXTERIOR", "sheet": "EL PROVENCIO (715)", "start": 1980, "station_type": "ENCAUZAMIENTO CON CANAL DE AGUAS BAJAS", "system": "Oriental - Alto Guadiana", "weir": true, "weir_type": "SOLERA VERTEDERO", "x_etrs89": 536302, "y_etrs89": 4356648, "years_daily": 9, "years_instant": 20, "years_monthly": 42, "discharge": 1 }, "geometry": { "type": "Point", "coordinates": [ -2.578634414088764, 39.358521677070733 ] } },
{ "type": "Feature", "properties": { "id": 4232, "active": 1, "administration": "C.H. GUADIANA", "basin": "GUADIANA", "catch_skm": 103.0, "catch_skm_basin": 427.0, "comment": null, "elev_masl": 293.0, "elev_max_masl": null, "end": 2021, "id_basin": 4115, "id_municipality": 6038, "id_saica": null, "id_saih": "CR2-32", "id_sheet": 752, "lat_wgs84": 39.0833, "lon_wgs84": -6.2557, "municipality": "Cordobilla de Lácara", "name": "Cordobilla", "owner": "ESTADO", "province": "Badajoz", "regime": "regulated", "river": "Lácara", "scale_type": "EXTERIOR", "sheet": "MIRANDILLA (752)", "start": 2015, "station_type": "ENCAUZAMIENTO SIN CANAL DE AGUAS BAJAS", "system": "Central", "weir": true, "weir_type": "ESCALÓN (SOLERA)", "x_etrs89": 203338, "y_etrs89": 4338189, "years_daily": 6, "years_instant": 0, "years_monthly": 12, "discharge": 1 }, "geometry": { "type": "Point", "coordinates": [ -6.432453666174299, 39.142371458804398 ] } },
{ "type": "Feature", "properties": { "id": 4243, "active": 1, "administration": "C.H. GUADIANA", "basin": "GUADIANA", "catch_skm": 1049.0, "catch_skm_basin": 1156.0, "comment": null, "elev_masl": 218.0, "elev_max_masl": null, "end": 2021, "id_basin": 4138, "id_municipality": 6155, "id_saica": null, "id_saih": "CR2-43", "id_sheet": 750, "lat_wgs84": 39.0842, "lon_wgs84": -6.5215, "municipality": "Villar del Rey", "name": "Villar Del Rey", "owner": "ESTADO", "province": "Badajoz", "regime": "regulated", "river": "Zapatón", "scale_type": "EXTERIOR", "sheet": "BOTOA (750)", "start": 2015, "station_type": "AZUD", "system": "Central", "weir": true, "weir_type": "LABIO FIJO", "x_etrs89": 165440, "y_etrs89": 4340010, "years_daily": 6, "years_instant": 0, "years_monthly": 12, "discharge": 1 }, "geometry": { "type": "Point", "coordinates": [ -6.870959459831441, 39.145016620631488 ] } },
{ "type": "Feature", "properties": { "id": 4251, "active": 1, "administration": "C.H. GUADIANA", "basin": "GUADIANA", "catch_skm": 42.0, "catch_skm_basin": 1865.0, "comment": null, "elev_masl": 550.0, "elev_max_masl": 1601.0, "end": 2021, "id_basin": 4086, "id_municipality": 10044, "id_saica": null, "id_saih": "CR2-15", "id_sheet": 707, "lat_wgs84": 39.2247, "lon_wgs84": -5.2241, "municipality": "Cañamero", "name": "Cañamero", "owner": "ESTADO", "province": "Cáceres", "regime": "natural", "river": "Ruecas", "scale_type": "EXTERIOR", "sheet": "LOGROSÁN (707)", "start": 2015, "station_type": "ENCAUZAMIENTO CON CANAL DE AGUAS BAJAS", "system": "Central", "weir": true, "weir_type": "ESCALÓN (SOLERA)", "x_etrs89": 295182, "y_etrs89": 4361607, "years_daily": 6, "years_instant": 19, "years_monthly": 62, "discharge": 1 }, "geometry": { "type": "Point", "coordinates": [ -5.37795583228325, 39.379662513413301 ] } },
{ "type": "Feature", "properties": { "id": 4253, "active": 0, "administration": "C.H. GUADIANA", "basin": "GUADIANA", "catch_skm": 1810.0, "catch_skm_basin": 1865.0, "comment": "INT 1990                                                              ", "elev_masl": 250.0, "elev_max_masl": 1601.0, "end": 1990, "id_basin": 4092, "id_municipality": 6111, "id_saica": null, "id_saih": null, "id_sheet": 754, "lat_wgs84": 39.024, "lon_wgs84": -5.4815, "municipality": "Rena", "name": "Rena", "owner": "ESTADO", "province": "Badajoz", "regime": "natural", "river": "Ruecas", "scale_type": "EXTERIOR", "sheet": "MADRIGALEJO (754)", "start": 1980, "station_type": "CAUCE NATURAL", "system": "Central", "weir": false, "weir_type": null, "x_etrs89": 257304, "y_etrs89": 4325451, "years_daily": 10, "years_instant": 0, "years_monthly": 17, "discharge": 1 }, "geometry": { "type": "Point", "coordinates": [ -5.804282772370461, 39.04443919268558 ] } },
{ "type": "Feature", "properties": { "id": 4255, "active": 1, "administration": "C.H. GUADIANA", "basin": "GUADIANA", "catch_skm": 2165.0, "catch_skm_basin": 2184.0, "comment": null, "elev_masl": 167.0, "elev_max_masl": null, "end": 2010, "id_basin": 4139, "id_municipality": 6015, "id_saica": null, "id_saih": null, "id_sheet": 775, "lat_wgs84": 38.5455, "lon_wgs84": -6.5729, "municipality": "Badajoz", "name": "Badajoz", "owner": "ESTADO", "province": "Badajoz", "regime": "natural", "river": "Gévora", "scale_type": "EXTERIOR", "sheet": "BADAJOZ (775)", "start": 2003, "station_type": "CAUCE NATURAL", "system": "Central", "weir": false, "weir_type": null, "x_etrs89": 156805, "y_etrs89": 4314829, "years_daily": 7, "years_instant": 13, "years_monthly": 49, "discharge": 1 }, "geometry": { "type": "Point", "coordinates": [ -6.957982586956418, 38.915288335370626 ] } },
{ "type": "Feature", "properties": { "id": 4264, "active": 1, "administration": "C.H. GUADIANA", "basin": "GUADIANA", "catch_skm": 163.0, "catch_skm_basin": 163.0, "comment": null, "elev_masl": 439.0, "elev_max_masl": null, "end": 2019, "id_basin": 4057, "id_municipality": 45162, "id_saica": null, "id_saih": "CR2-04", "id_sheet": 708, "lat_wgs84": 39.2716, "lon_wgs84": -4.584, "municipality": "Sevilleja de la Jara", "name": "Sevilleja", "owner": "ESTADO", "province": "Toledo", "regime": "natural", "river": "Fresnedoso", "scale_type": "EXTERIOR", "sheet": "SANTA QUITERIA (708)", "start": 2015, "station_type": "MARCO DE CONTROL", "system": "Central", "weir": false, "weir_type": null, "x_etrs89": 329834, "y_etrs89": 4369085, "years_daily": 4, "years_instant": 0, "years_monthly": 12, "discharge": 1 }, "geometry": { "type": "Point", "coordinates": [ -4.977792831665099, 39.454530020878074 ] } },
{ "type": "Feature", "properties": { "id": 4267, "active": 1, "administration": "C.H. GUADIANA", "basin": "GUADIANA", "catch_skm": 395.0, "catch_skm_basin": 395.0, "comment": null, "elev_masl": 441.0, "elev_max_masl": null, "end": 2019, "id_basin": 4069, "id_municipality": 14008, "id_saica": null, "id_saih": "CR2-07", "id_sheet": 833, "lat_wgs84": 38.3238, "lon_wgs84": -5.0041, "municipality": "Belarcázar", "name": "Colada", "owner": "ESTADO", "province": "Córdoba", "regime": "regulated", "river": "Guadamatilla", "scale_type": "EXTERIOR", "sheet": "HINOJOSA DEL DUQUE (833)", "start": 2015, "station_type": "ENCAUZAMIENTO CON CANAL DE AGUAS BAJAS", "system": "Central", "weir": true, "weir_type": "ESCALÓN (SOLERA)", "x_etrs89": 324699, "y_etrs89": 4268066, "years_daily": 4, "years_instant": 0, "years_monthly": 12, "discharge": 1 }, "geometry": { "type": "Point", "coordinates": [ -5.011505685071048, 38.543751053569373 ] } },
{ "type": "Feature", "properties": { "id": 4279, "active": 1, "administration": "C.H. GUADIANA", "basin": "GUADIANA", "catch_skm": 1715.0, "catch_skm_basin": 1865.0, "comment": null, "elev_masl": 249.0, "elev_max_masl": null, "end": 2021, "id_basin": 4092, "id_municipality": 6044, "id_saica": null, "id_saih": "CR2-19", "id_sheet": 753, "lat_wgs84": 39.0156, "lon_wgs84": -5.5441, "municipality": "Don Benito", "name": "Hernan Cortes", "owner": "ESTADO", "province": "Badajoz", "regime": "altered", "river": "Ruecas", "scale_type": "EXTERIOR", "sheet": "MIAJADAS (753)", "start": 2015, "station_type": "ENCAUZAMIENTO CON CANAL DE AGUAS BAJAS", "system": "Central", "weir": true, "weir_type": "PANTALLA", "x_etrs89": 247993, "y_etrs89": 4324386, "years_daily": 6, "years_instant": 0, "years_monthly": 12, "discharge": 1 }, "geometry": { "type": "Point", "coordinates": [ -5.911347840932831, 39.032219330771341 ] } },
{ "type": "Feature", "properties": { "id": 4280, "active": 1, "administration": "C.H. GUADIANA", "basin": "GUADIANA", "catch_skm": 455.0, "catch_skm_basin": 455.0, "comment": null, "elev_masl": 248.0, "elev_max_masl": null, "end": 2021, "id_basin": 4094, "id_municipality": 6082, "id_saica": null, "id_saih": "CR2-20", "id_sheet": 778, "lat_wgs84": 38.57, "lon_wgs84": -5.5549, "municipality": "Mengabril", "name": "Cruces, Las", "owner": "ESTADO", "province": "Badajoz", "regime": "natural", "river": "Ortigas", "scale_type": "EXTERIOR", "sheet": "DON BENITO (778)", "start": 2015, "station_type": "ENCAUZAMIENTO CON CANAL DE AGUAS BAJAS", "system": "Central", "weir": true, "weir_type": "ESCALÓN (SOLERA)", "x_etrs89": 246067, "y_etrs89": 4315323, "years_daily": 6, "years_instant": 0, "years_monthly": 12, "discharge": 1 }, "geometry": { "type": "Point", "coordinates": [ -5.930203213410148, 38.950099182608049 ] } },
{ "type": "Feature", "properties": { "id": 4283, "active": 1, "administration": "C.H. GUADIANA", "basin": "GUADIANA", "catch_skm": 575.0, "catch_skm_basin": 588.0, "comment": null, "elev_masl": 239.0, "elev_max_masl": null, "end": 2021, "id_basin": 4098, "id_municipality": 6120, "id_saica": null, "id_saih": "CR2-23", "id_sheet": 753, "lat_wgs84": 39.0051, "lon_wgs84": -6.0259, "municipality": "Santa Amalia", "name": "Santa Amalia", "owner": "ESTADO", "province": "Badajoz", "regime": "natural", "river": "Búrdalo", "scale_type": "EXTERIOR", "sheet": "MIAJADAS (753)", "start": 2015, "station_type": "ENCAUZAMIENTO CON CANAL DE AGUAS BAJAS", "system": "Central", "weir": true, "weir_type": "ESCALÓN (SOLERA)", "x_etrs89": 235939, "y_etrs89": 4322767, "years_daily": 6, "years_instant": 0, "years_monthly": 12, "discharge": 1 }, "geometry": { "type": "Point", "coordinates": [ -6.049797013297838, 39.014093549485359 ] } },
{ "type": "Feature", "properties": { "id": 4286, "active": 1, "administration": "C.H. GUADIANA", "basin": "GUADIANA", "catch_skm": 48563.0, "catch_skm_basin": 66889.0, "comment": null, "elev_masl": 158.0, "elev_max_masl": null, "end": 2021, "id_basin": 4142, "id_municipality": 6015, "id_saica": null, "id_saih": "CR2-55", "id_sheet": 775, "lat_wgs84": 38.5042, "lon_wgs84": -7.0241, "municipality": "Badajoz", "name": "Charco De Los Pollos", "owner": null, "province": "Badajoz", "regime": "unknown", "river": "Guadiana", "scale_type": null, "sheet": "Badajoz (775)", "start": 2014, "station_type": null, "system": "Sistema Central", "weir": false, "weir_type": null, "x_etrs89": 148938, "y_etrs89": 4307357, "years_daily": 7, "years_instant": 0, "years_monthly": 7, "discharge": 1 }, "geometry": { "type": "Point", "coordinates": [ -7.044686575018177, 38.845013444698559 ] } },
{ "type": "Feature", "properties": { "id": 4287, "active": 1, "administration": "C.H. GUADIANA", "basin": "GUADIANA", "catch_skm": 32.0, "catch_skm_basin": 64.0, "comment": null, "elev_masl": 852.0, "elev_max_masl": null, "end": 2021, "id_basin": 4010, "id_municipality": 16901, "id_saica": null, "id_saih": "CR1-25", "id_sheet": 633, "lat_wgs84": 39.5834, "lon_wgs84": -2.4413, "municipality": "Campos del Paraíso", "name": "Valdejudios", "owner": null, "province": "Cuenca", "regime": "natural", "river": "Valdejudíos", "scale_type": "Exterior", "sheet": "Palomares del Campo (633)", "start": 2015, "station_type": "Encauzamiento con canal de aguas bajas", "system": "Sistema General", "weir": true, "weir_type": null, "x_etrs89": 522451, "y_etrs89": 4425149, "years_daily": 6, "years_instant": 0, "years_monthly": 7, "discharge": 1 }, "geometry": { "type": "Point", "coordinates": [ -2.737075023834469, 39.97620223116261 ] } },
{ "type": "Feature", "properties": { "id": 4904, "active": 1, "administration": "C.H. GUADIANA", "basin": "GUADIANA", "catch_skm": 10319.0, "catch_skm_basin": 66889.0, "comment": null, "elev_masl": 628.0, "elev_max_masl": null, "end": 2003, "id_basin": 4024, "id_municipality": 13096, "id_saica": null, "id_saih": "CR1-24", "id_sheet": 737, "lat_wgs84": 39.1156, "lon_wgs84": -3.3514, "municipality": "Villarrubia de los Ojos", "name": "Villarrubia", "owner": "ESTADO", "province": "Ciudad Real", "regime": "natural", "river": "Guadiana", "scale_type": "EXTERIOR", "sheet": "VILLARRUBIA DE LOS OJOS (737)", "start": 1993, "station_type": "ENCAUZAMIENTO CON CANAL DE AGUAS BAJAS", "system": "Oriental - Alto Guadiana", "weir": true, "weir_type": "ESCALÓN (SOLERA)", "x_etrs89": 449297, "y_etrs89": 4339013, "years_daily": 10, "years_instant": 9, "years_monthly": 55, "discharge": 1 }, "geometry": { "type": "Point", "coordinates": [ -3.587186153343622, 39.198897165141325 ] } },
{ "type": "Feature", "properties": { "id": 5001, "active": 1, "administration": "C.H. GUADALQUIVIR", "basin": "GUADALQUIVIR", "catch_skm": 583.0, "catch_skm_basin": 54970.0, "comment": null, "elev_masl": 538.0, "elev_max_masl": 2105.0, "end": 2021, "id_basin": 5003, "id_municipality": 23097, "id_saica": null, "id_saih": "A40", "id_sheet": 887, "lat_wgs84": 38.1045, "lon_wgs84": -2.5009, "municipality": "Villanueva del Arzobispo", "name": "Arroyo Maria", "owner": "Estado", "province": "Jaén", "regime": "unknown", "river": "Guadalquivir", "scale_type": null, "sheet": "Orcera (887)", "start": 2011, "station_type": "Encauzamiento con Azud Vertedero", "system": "Regulación General", "weir": true, "weir_type": null, "x_etrs89": 514369, "y_etrs89": 4225694, "years_daily": 10, "years_instant": 9, "years_monthly": 89, "discharge": 1 }, "geometry": { "type": "Point", "coordinates": [ -2.835939344102111, 38.17904992034326 ] } },
{ "type": "Feature", "properties": { "id": 5002, "active": 0, "administration": "C.H. GUADALQUIVIR", "basin": "GUADALQUIVIR", "catch_skm": 1330.0, "catch_skm_basin": 54970.0, "comment": "INT 1994                                                              ", "elev_masl": 341.0, "elev_max_masl": 2105.0, "end": 1994, "id_basin": 5009, "id_municipality": 23092, "id_saica": null, "id_saih": null, "id_sheet": 927, "lat_wgs84": 37.5642, "lon_wgs84": -3.1321, "municipality": "Úbeda", "name": "Puente Cerrada", "owner": "Estado", "province": "Jaén", "regime": "unknown", "river": "Guadalquivir", "scale_type": null, "sheet": "Baeza (927)", "start": 1980, "station_type": null, "system": "Regulación General", "weir": false, "weir_type": null, "x_etrs89": 480450, "y_etrs89": 4199732, "years_daily": 14, "years_instant": 14, "years_monthly": 73, "discharge": 1 }, "geometry": { "type": "Point", "coordinates": [ -3.222505600565361, 37.944963709598852 ] } },
{ "type": "Feature", "properties": { "id": 5003, "active": 0, "administration": "C.H. GUADALQUIVIR", "basin": "GUADALQUIVIR", "catch_skm": 8415.0, "catch_skm_basin": 54970.0, "comment": "INT 1995                                                              ", "elev_masl": 315.0, "elev_max_masl": 3139.0, "end": 1995, "id_basin": 5053, "id_municipality": 23902, "id_saica": null, "id_saih": null, "id_sheet": 927, "lat_wgs84": 37.5431, "lon_wgs84": -3.2445, "municipality": "Bedmar y Garcíez", "name": "Pedro Marin", "owner": "Endesa Generación", "province": "Jaén", "regime": "unknown", "river": "Guadalquivir", "scale_type": null, "sheet": "Baeza (927)", "start": 1980, "station_type": null, "system": "Regulación General", "weir": false, "weir_type": null, "x_etrs89": 463723, "y_etrs89": 4195739, "years_daily": 15, "years_instant": 7, "years_monthly": 72, "discharge": 1 }, "geometry": { "type": "Point", "coordinates": [ -3.4126769311556, 37.908461672572116 ] } },
{ "type": "Feature", "properties": { "id": 5004, "active": 1, "administration": "C.H. GUADALQUIVIR", "basin": "GUADALQUIVIR", "catch_skm": 16166.0, "catch_skm_basin": 54970.0, "comment": null, "elev_masl": 240.0, "elev_max_masl": 3139.0, "end": 2008, "id_basin": 5099, "id_municipality": 23061, "id_saica": null, "id_saih": "A08", "id_sheet": 926, "lat_wgs84": 37.5903, "lon_wgs84": -3.4758, "municipality": "Mengíbar", "name": "Mengibar", "owner": "Estado", "province": "Jaén", "regime": "unknown", "river": "Guadalquivir", "scale_type": null, "sheet": "Mengíbar (926)", "start": 1996, "station_type": "Encauzamiento con Canal de Aguas Bajas", "system": "Regulación General", "weir": true, "weir_type": null, "x_etrs89": 429800, "y_etrs89": 4204369, "years_daily": 12, "years_instant": 20, "years_monthly": 102, "discharge": 1 }, "geometry": { "type": "Point", "coordinates": [ -3.799391465076379, 37.984250622039141 ] } },
{ "type": "Feature", "properties": { "id": 5008, "active": 0, "administration": "C.H. GUADALQUIVIR", "basin": "GUADALQUIVIR", "catch_skm": 44002.0, "catch_skm_basin": 54970.0, "comment": "INT 1995                                                              ", "elev_masl": 12.0, "elev_max_masl": 3478.0, "end": 1995, "id_basin": 5337, "id_municipality": 41023, "id_saica": null, "id_saih": null, "id_sheet": 963, "lat_wgs84": 37.3523, "lon_wgs84": -5.4948, "municipality": "Cantillana", "name": "Cantillana", "owner": "Estado", "province": "Sevilla", "regime": "unknown", "river": "Guadalquivir", "scale_type": null, "sheet": "Lora del Río (963)", "start": 1980, "station_type": null, "system": "Viar", "weir": false, "weir_type": null, "x_etrs89": 250129, "y_etrs89": 4164045, "years_daily": 15, "years_instant": 0, "years_monthly": 49, "discharge": 1 }, "geometry": { "type": "Point", "coordinates": [ -5.829999716289477, 37.589574003483648 ] } },
{ "type": "Feature", "properties": { "id": 5012, "active": 1, "administration": "C.H. GUADALQUIVIR", "basin": "GUADALQUIVIR", "catch_skm": 28.0, "catch_skm_basin": 2275.0, "comment": null, "elev_masl": 1064.0, "elev_max_masl": 2128.0, "end": 2008, "id_basin": 5013, "id_municipality": 18098, "id_saica": null, "id_saih": null, "id_sheet": 929, "lat_wgs84": 37.5308, "lon_wgs84": -2.4014, "municipality": "Huéscar", "name": "Doctor, El", "owner": "Estado", "province": "Granada", "regime": "unknown", "river": "Guardal", "scale_type": "Exterior", "sheet": "San Clemente ( Huéscar ) (929)", "start": 1995, "station_type": "Encauzamiento con Canal de Aguas Bajas", "system": "Alto Guadiana Menor", "weir": false, "weir_type": null, "x_etrs89": 528969, "y_etrs89": 4193166, "years_daily": 13, "years_instant": 12, "years_monthly": 88, "discharge": 1 }, "geometry": { "type": "Point", "coordinates": [ -2.670558768243113, 37.885533579284612 ] } },
{ "type": "Feature", "properties": { "id": 5014, "active": 1, "administration": "C.H. GUADALQUIVIR", "basin": "GUADALQUIVIR", "catch_skm": 259.0, "catch_skm_basin": 2275.0, "comment": null, "elev_masl": 982.0, "elev_max_masl": null, "end": 2008, "id_basin": 5015, "id_municipality": 18098, "id_saica": null, "id_saih": null, "id_sheet": 950, "lat_wgs84": 37.5104, "lon_wgs84": -2.3917, "municipality": "Huéscar", "name": "Ballesteros", "owner": "Estado", "province": "Granada", "regime": "unknown", "river": "Guardal", "scale_type": "Exterior", "sheet": "Huéscar (950)", "start": 1995, "station_type": "Encauzamiento con Canal de Aguas Bajas", "system": "Alto Guadiana Menor", "weir": false, "weir_type": null, "x_etrs89": 530357, "y_etrs89": 4189341, "years_daily": 13, "years_instant": 9, "years_monthly": 46, "discharge": 1 }, "geometry": { "type": "Point", "coordinates": [ -2.65493522334677, 37.851013859590957 ] } },
{ "type": "Feature", "properties": { "id": 5016, "active": 1, "administration": "C.H. GUADALQUIVIR", "basin": "GUADALQUIVIR", "catch_skm": 2420.0, "catch_skm_basin": 2425.0, "comment": null, "elev_masl": 94.0, "elev_max_masl": null, "end": 2021, "id_basin": 5192, "id_municipality": 14021, "id_saica": null, "id_saih": "A14", "id_sheet": 944, "lat_wgs84": 37.4913, "lon_wgs84": -4.4816, "municipality": "Córdoba", "name": "Valchillon", "owner": "Estado", "province": "Córdoba", "regime": "unknown", "river": "Guadajoz", "scale_type": "Exterior", "sheet": "Espejo (944)", "start": 2015, "station_type": "Encauzamiento con Canal de Aguas Bajas", "system": "Regulación General", "weir": false, "weir_type": null, "x_etrs89": 341173, "y_etrs89": 4187414, "years_daily": 6, "years_instant": 0, "years_monthly": 37, "discharge": 1 }, "geometry": { "type": "Point", "coordinates": [ -4.804549789773445, 37.820325232757824 ] } },
{ "type": "Feature", "properties": { "id": 5019, "active": 1, "administration": "C.H. GUADALQUIVIR", "basin": "GUADALQUIVIR", "catch_skm": 4144.0, "catch_skm_basin": 7181.0, "comment": null, "elev_masl": 584.0, "elev_max_masl": 2381.0, "end": 1988, "id_basin": 5028, "id_municipality": 18064, "id_saica": null, "id_saih": "A26", "id_sheet": 971, "lat_wgs84": 37.334, "lon_wgs84": -2.5729, "municipality": "Dehesas de Guadix", "name": "Negratin", "owner": "Estado", "province": "Granada", "regime": "unknown", "river": "Guadiana Menor", "scale_type": null, "sheet": "Cuevas del Campo (971)", "start": 1980, "station_type": "Encauzamiento con Canal de Aguas Bajas", "system": "Alto Guadiana Menor", "weir": false, "weir_type": null, "x_etrs89": 503694, "y_etrs89": 4157118, "years_daily": 8, "years_instant": 16, "years_monthly": 74, "discharge": 1 }, "geometry": { "type": "Point", "coordinates": [ -2.958173887548828, 37.561074814382927 ] } },
{ "type": "Feature", "properties": { "id": 5020, "active": 1, "administration": "C.H. GUADALQUIVIR", "basin": "GUADALQUIVIR", "catch_skm": 178.0, "catch_skm_basin": 8415.0, "comment": null, "elev_masl": 783.0, "elev_max_masl": null, "end": 2021, "id_basin": 5230, "id_municipality": 18157, "id_saica": null, "id_saih": "A23", "id_sheet": 1027, "lat_wgs84": 37.0945, "lon_wgs84": -3.2934, "municipality": "Pinos - Genil", "name": "Pinos-Genil", "owner": "Estado", "province": "Granada", "regime": "unknown", "river": "Genil", "scale_type": null, "sheet": "Güéjar 0 Sierra (1027)", "start": 2011, "station_type": "Encauzamiento con Canal de Aguas Bajas", "system": "Alto Genil", "weir": false, "weir_type": null, "x_etrs89": 456236, "y_etrs89": 4113027, "years_daily": 10, "years_instant": 5, "years_monthly": 46, "discharge": 1 }, "geometry": { "type": "Point", "coordinates": [ -3.492912697164984, 37.162626283758328 ] } },
{ "type": "Feature", "properties": { "id": 5021, "active": 1, "administration": "C.H. GUADALQUIVIR", "basin": "GUADALQUIVIR", "catch_skm": 51.0, "catch_skm_basin": 140.0, "comment": null, "elev_masl": 1060.0, "elev_max_masl": 2329.0, "end": 2008, "id_basin": 5231, "id_municipality": 18168, "id_saica": null, "id_saih": null, "id_sheet": 1010, "lat_wgs84": 37.1314, "lon_wgs84": -3.2532, "municipality": "Quéntar", "name": "Quentar", "owner": "Estado", "province": "Granada", "regime": "unknown", "river": "Aguas Blancas", "scale_type": "Exterior", "sheet": "La Peza (1010)", "start": 1995, "station_type": "Encauzamiento con Canal de Aguas Bajas", "system": "Alto Genil", "weir": false, "weir_type": null, "x_etrs89": 462239, "y_etrs89": 4119416, "years_daily": 13, "years_instant": 4, "years_monthly": 30, "discharge": 1 }, "geometry": { "type": "Point", "coordinates": [ -3.425626039060881, 37.220477942482184 ] } },
{ "type": "Feature", "properties": { "id": 5023, "active": 1, "administration": "C.H. GUADALQUIVIR", "basin": "GUADALQUIVIR", "catch_skm": 6349.0, "catch_skm_basin": 7181.0, "comment": null, "elev_masl": 383.0, "elev_max_masl": 3139.0, "end": 2019, "id_basin": 5050, "id_municipality": 23092, "id_saica": null, "id_saih": "A13", "id_sheet": 927, "lat_wgs84": 37.5253, "lon_wgs84": -3.1242, "municipality": "Úbeda", "name": "Posito", "owner": "Estado", "province": "Jaén", "regime": "unknown", "river": "Guadiana Menor", "scale_type": null, "sheet": "Baeza (927)", "start": 2015, "station_type": null, "system": "Regulación General", "weir": false, "weir_type": null, "x_etrs89": 481389, "y_etrs89": 4192667, "years_daily": 4, "years_instant": 14, "years_monthly": 75, "discharge": 1 }, "geometry": { "type": "Point", "coordinates": [ -3.21163606850879, 37.881306787815475 ] } },
{ "type": "Feature", "properties": { "id": 5024, "active": 1, "administration": "C.H. GUADALQUIVIR", "basin": "GUADALQUIVIR", "catch_skm": 136.0, "catch_skm_basin": 310.0, "comment": null, "elev_masl": 697.0, "elev_max_masl": null, "end": 2008, "id_basin": 5052, "id_municipality": 23015, "id_saica": null, "id_saih": null, "id_sheet": 948, "lat_wgs84": 37.4447, "lon_wgs84": -3.2135, "municipality": "Bélmez de la Moraleda", "name": "Horno Del Vidrio", "owner": "Estado", "province": "Jaén", "regime": "unknown", "river": "Jandulilla", "scale_type": null, "sheet": "Torres (948)", "start": 2000, "station_type": "Encauzamiento con Canal de Aguas Bajas", "system": "Regulación General", "weir": false, "weir_type": null, "x_etrs89": 468320, "y_etrs89": 4177733, "years_daily": 8, "years_instant": 3, "years_monthly": 53, "discharge": 1 }, "geometry": { "type": "Point", "coordinates": [ -3.359595369709924, 37.746345569469568 ] } },
{ "type": "Feature", "properties": { "id": 5025, "active": 1, "administration": "C.H. GUADALQUIVIR", "basin": "GUADALQUIVIR", "catch_skm": 1240.0, "catch_skm_basin": 1243.0, "comment": null, "elev_masl": 489.0, "elev_max_masl": 1675.0, "end": 2008, "id_basin": 5071, "id_municipality": 23029, "id_saica": null, "id_saih": "A24", "id_sheet": 886, "lat_wgs84": 38.1903, "lon_wgs84": -2.5635, "municipality": "Chiclana de Segura", "name": "Llano De Vela", "owner": "Estado", "province": "Jaén", "regime": "unknown", "river": "Guadalmena", "scale_type": "Exterior", "sheet": "Beas de Segura (886)", "start": 1999, "station_type": "Encauzamiento con Canal de Aguas Bajas", "system": "Regulación General", "weir": false, "weir_type": null, "x_etrs89": 504977, "y_etrs89": 4241058, "years_daily": 9, "years_instant": 19, "years_monthly": 86, "discharge": 1 }, "geometry": { "type": "Point", "coordinates": [ -2.943066195464883, 38.317619035077023 ] } },
{ "type": "Feature", "properties": { "id": 5027, "active": 1, "administration": "C.H. GUADALQUIVIR", "basin": "GUADALQUIVIR", "catch_skm": 733.0, "catch_skm_basin": 334.0, "comment": null, "elev_masl": 285.0, "elev_max_masl": null, "end": 2008, "id_basin": 5084, "id_municipality": 23076, "id_saica": null, "id_saih": "A41", "id_sheet": 885, "lat_wgs84": 38.0819, "lon_wgs84": -3.3212, "municipality": "Santa Elena", "name": "Ruinas De Puente", "owner": "Estado", "province": "Jaén", "regime": "unknown", "river": "Guarrizas", "scale_type": "Exterior", "sheet": "Santisteban del Puerto (885)", "start": 1997, "station_type": "Encauzamiento con Canal de Aguas Bajas", "system": "Regulación General", "weir": false, "weir_type": null, "x_etrs89": 452972, "y_etrs89": 4221340, "years_daily": 11, "years_instant": 13, "years_monthly": 61, "discharge": 1 }, "geometry": { "type": "Point", "coordinates": [ -3.536653155248617, 38.13869755971195 ] } },
{ "type": "Feature", "properties": { "id": 5028, "active": 0, "administration": "C.H. GUADALQUIVIR", "basin": "GUADALQUIVIR", "catch_skm": 2659.0, "catch_skm_basin": 5190.0, "comment": "INT 1994                                                              ", "elev_masl": 330.0, "elev_max_masl": 1809.0, "end": 1993, "id_basin": 5074, "id_municipality": 23092, "id_saica": null, "id_saih": null, "id_sheet": 906, "lat_wgs84": 38.0729, "lon_wgs84": -3.2131, "municipality": "Úbeda", "name": "Ariza", "owner": "Estado", "province": "Jaén", "regime": "unknown", "river": "Guadalimar", "scale_type": null, "sheet": "Úbeda (906)", "start": 1988, "station_type": null, "system": "Regulación General", "weir": false, "weir_type": null, "x_etrs89": 468560, "y_etrs89": 4219700, "years_daily": 5, "years_instant": 13, "years_monthly": 57, "discharge": 1 }, "geometry": { "type": "Point", "coordinates": [ -3.358704638090283, 38.124594991583898 ] } },
{ "type": "Feature", "properties": { "id": 5029, "active": 1, "administration": "C.H. GUADALQUIVIR", "basin": "GUADALQUIVIR", "catch_skm": 1111.0, "catch_skm_basin": 1112.0, "comment": null, "elev_masl": 240.0, "elev_max_masl": 2167.0, "end": 2008, "id_basin": 5098, "id_municipality": 23061, "id_saica": null, "id_saih": "A07", "id_sheet": 926, "lat_wgs84": 37.5827, "lon_wgs84": -3.4652, "municipality": "Mengíbar", "name": "Mengibar Guadalbullon", "owner": "Estado", "province": "Jaén", "regime": "unknown", "river": "Guadalbullón O Campillo", "scale_type": "Exterior", "sheet": "Mengíbar (926)", "start": 2002, "station_type": "Encauzamiento con Canal de Aguas Bajas", "system": "Jaén", "weir": false, "weir_type": null, "x_etrs89": 431408, "y_etrs89": 4203249, "years_daily": 6, "years_instant": 16, "years_monthly": 105, "discharge": 1 }, "geometry": { "type": "Point", "coordinates": [ -3.780975226913029, 37.974280094850009 ] } },
{ "type": "Feature", "properties": { "id": 5031, "active": 0, "administration": "C.H. GUADALQUIVIR", "basin": "GUADALQUIVIR", "catch_skm": 811.0, "catch_skm_basin": 3903.0, "comment": "INT 2006                                                              ", "elev_masl": 178.0, "elev_max_masl": null, "end": 1995, "id_basin": 5136, "id_municipality": 23059, "id_saica": null, "id_saih": null, "id_sheet": 903, "lat_wgs84": 38.0342, "lon_wgs84": -4.151, "municipality": "Marmolejo", "name": "Herradura, La", "owner": "Estado", "province": "Jaén", "regime": "unknown", "river": "Yeguas O Pradillo", "scale_type": "Exterior", "sheet": "Montoro (903)", "start": 1988, "station_type": "Encauzamiento con Canal de Aguas Bajas", "system": "Regulación General", "weir": false, "weir_type": null, "x_etrs89": 390106, "y_etrs89": 4213406, "years_daily": 7, "years_instant": 0, "years_monthly": 35, "discharge": 1 }, "geometry": { "type": "Point", "coordinates": [ -4.252704991656073, 38.06174045554733 ] } },
{ "type": "Feature", "properties": { "id": 5038, "active": 0, "administration": "C.H. GUADALQUIVIR", "basin": "GUADALQUIVIR", "catch_skm": 139.0, "catch_skm_basin": 140.0, "comment": "INT 1996                                                              ", "elev_masl": 760.0, "elev_max_masl": 2329.0, "end": 1988, "id_basin": 5231, "id_municipality": 18157, "id_saica": null, "id_saih": null, "id_sheet": 1027, "lat_wgs84": 37.0948, "lon_wgs84": -3.3058, "municipality": "Pinos - Genil", "name": "Puente Blanqueo", "owner": "Estado", "province": "Granada", "regime": "unknown", "river": "Aguas Blancas", "scale_type": null, "sheet": "Güéjar 0 Sierra (1027)", "start": 1980, "station_type": null, "system": "Alto Genil", "weir": false, "weir_type": null, "x_etrs89": 454167, "y_etrs89": 4113119, "years_daily": 8, "years_instant": 10, "years_monthly": 58, "discharge": 1 }, "geometry": { "type": "Point", "coordinates": [ -3.516220582481012, 37.163356341777643 ] } },
{ "type": "Feature", "properties": { "id": 5039, "active": 1, "administration": "C.H. GUADALQUIVIR", "basin": "GUADALQUIVIR", "catch_skm": 48.0, "catch_skm_basin": 95.0, "comment": null, "elev_masl": 1254.0, "elev_max_masl": 3392.0, "end": 2008, "id_basin": 5235, "id_municipality": 18134, "id_saica": null, "id_saih": null, "id_sheet": 1027, "lat_wgs84": 37.0655, "lon_wgs84": -3.2821, "municipality": "Monachil", "name": "Central Diechar", "owner": "Estado", "province": "Granada", "regime": "unknown", "river": "Monachil", "scale_type": null, "sheet": "Güéjar 0 Sierra (1027)", "start": 2002, "station_type": "Encauzamiento sin Canal de Aguas Bajas", "system": "Alto Genil", "weir": false, "weir_type": null, "x_etrs89": 458013, "y_etrs89": 4107761, "years_daily": 6, "years_instant": 7, "years_monthly": 77, "discharge": 1 }, "geometry": { "type": "Point", "coordinates": [ -3.472603663478067, 37.115240585357043 ] } },
{ "type": "Feature", "properties": { "id": 5041, "active": 1, "administration": "C.H. GUADALQUIVIR", "basin": "GUADALQUIVIR", "catch_skm": 246.0, "catch_skm_basin": 335.0, "comment": null, "elev_masl": 684.0, "elev_max_masl": 1662.0, "end": 2008, "id_basin": 5250, "id_municipality": 18051, "id_saica": null, "id_saih": "A48", "id_sheet": 991, "lat_wgs84": 37.2104, "lon_wgs84": -3.421, "municipality": "Colomera", "name": "Molino Del Tuerto", "owner": "Estado", "province": "Granada", "regime": "unknown", "river": "Colomera", "scale_type": null, "sheet": "Iznalloz (991)", "start": 1997, "station_type": "Encauzamiento con Canal de Aguas Bajas", "system": "Alto Genil", "weir": false, "weir_type": null, "x_etrs89": 437758, "y_etrs89": 4134042, "years_daily": 11, "years_instant": 3, "years_monthly": 52, "discharge": 1 }, "geometry": { "type": "Point", "coordinates": [ -3.702775272599736, 37.350993754125263 ] } },
{ "type": "Feature", "properties": { "id": 5042, "active": 1, "administration": "C.H. GUADALQUIVIR", "basin": "GUADALQUIVIR", "catch_skm": 357.0, "catch_skm_basin": 368.0, "comment": null, "elev_masl": 561.0, "elev_max_masl": 1561.0, "end": 2021, "id_basin": 5254, "id_municipality": 18158, "id_saica": null, "id_saih": null, "id_sheet": 1009, "lat_wgs84": 37.1531, "lon_wgs84": -3.4608, "municipality": "Pinos - Puente", "name": "Pinos-Puente", "owner": "Estado", "province": "Granada", "regime": "unknown", "river": "Velillos O Frailes", "scale_type": "Exterior", "sheet": "Granada (1009)", "start": 2011, "station_type": "Encauzamiento con Canal de Aguas Bajas", "system": "Alto Genil", "weir": false, "weir_type": null, "x_etrs89": 431814, "y_etrs89": 4123847, "years_daily": 10, "years_instant": 16, "years_monthly": 71, "discharge": 1 }, "geometry": { "type": "Point", "coordinates": [ -3.76894751167915, 37.258686953772049 ] } },
{ "type": "Feature", "properties": { "id": 5045, "active": 1, "administration": "C.H. GUADALQUIVIR", "basin": "GUADALQUIVIR", "catch_skm": 4210.0, "catch_skm_basin": 8415.0, "comment": null, "elev_masl": 443.0, "elev_max_masl": 3478.0, "end": 2008, "id_basin": 5276, "id_municipality": 18122, "id_saica": null, "id_saih": "A15", "id_sheet": 1008, "lat_wgs84": 37.103, "lon_wgs84": -4.1, "municipality": "Loja", "name": "Loja", "owner": "Estado", "province": "Granada", "regime": "unknown", "river": "Genil", "scale_type": null, "sheet": "Montefrío (1008)", "start": 1998, "station_type": "Encauzamiento con Canal de Aguas Bajas", "system": "Alto Genil", "weir": false, "weir_type": null, "x_etrs89": 396428, "y_etrs89": 4114926, "years_daily": 10, "years_instant": 23, "years_monthly": 107, "discharge": 1 }, "geometry": { "type": "Point", "coordinates": [ -4.166701069203284, 37.175025110324121 ] } },
{ "type": "Feature", "properties": { "id": 5047, "active": 0, "administration": "C.H. GUADALQUIVIR", "basin": "GUADALQUIVIR", "catch_skm": 6002.0, "catch_skm_basin": 8415.0, "comment": "INT 2005                                                              ", "elev_masl": 169.0, "elev_max_masl": 3478.0, "end": 1989, "id_basin": 5294, "id_municipality": 14056, "id_saica": null, "id_saih": null, "id_sheet": 988, "lat_wgs84": 37.2328, "lon_wgs84": -4.4646, "municipality": "Puente - Genil", "name": "Puente-Genil", "owner": "Estado", "province": "Córdoba", "regime": "unknown", "river": "Genil", "scale_type": null, "sheet": "Puente 0 Genil (988)", "start": 1980, "station_type": null, "system": "Regulación General", "weir": false, "weir_type": null, "x_etrs89": 342472, "y_etrs89": 4139744, "years_daily": 9, "years_instant": 20, "years_monthly": 92, "discharge": 1 }, "geometry": { "type": "Point", "coordinates": [ -4.779533637541816, 37.391085589381063 ] } },
{ "type": "Feature", "properties": { "id": 5048, "active": 0, "administration": "C.H. GUADALQUIVIR", "basin": "GUADALQUIVIR", "catch_skm": 8028.0, "catch_skm_basin": 8415.0, "comment": "INT 2012                                                              ", "elev_masl": 104.0, "elev_max_masl": null, "end": 2008, "id_basin": 5306, "id_municipality": 41039, "id_saica": null, "id_saih": "A17", "id_sheet": 965, "lat_wgs84": 37.3329, "lon_wgs84": -5.4309, "municipality": "Écija", "name": "Ecija", "owner": "Estado", "province": "Sevilla", "regime": "unknown", "river": "Genil", "scale_type": "Exterior", "sheet": "Écija (965)", "start": 1997, "station_type": "Encauzamiento con Canal de Aguas Bajas", "system": "Regulación General", "weir": false, "weir_type": null, "x_etrs89": 316479, "y_etrs89": 4158811, "years_daily": 11, "years_instant": 5, "years_monthly": 36, "discharge": 1 }, "geometry": { "type": "Point", "coordinates": [ -5.077754199149277, 37.558054773950602 ] } },
{ "type": "Feature", "properties": { "id": 5049, "active": 1, "administration": "C.H. GUADALQUIVIR", "basin": "GUADALQUIVIR", "catch_skm": 69.0, "catch_skm_basin": 335.0, "comment": null, "elev_masl": 817.0, "elev_max_masl": null, "end": 2008, "id_basin": 5248, "id_municipality": 18051, "id_saica": null, "id_saih": null, "id_sheet": 991, "lat_wgs84": 37.2556, "lon_wgs84": -3.4344, "municipality": "Colomera", "name": "Pantano Colomera", "owner": "Estado", "province": "Granada", "regime": "unknown", "river": "Colomera", "scale_type": "Exterior", "sheet": "Iznalloz (991)", "start": 2003, "station_type": "Encauzamiento con Canal de Aguas Bajas", "system": "Alto Genil", "weir": false, "weir_type": null, "x_etrs89": 435504, "y_etrs89": 4143086, "years_daily": 5, "years_instant": 5, "years_monthly": 26, "discharge": 1 }, "geometry": { "type": "Point", "coordinates": [ -3.729012359526946, 37.432354319533616 ] } },
{ "type": "Feature", "properties": { "id": 5050, "active": 1, "administration": "C.H. GUADALQUIVIR", "basin": "GUADALQUIVIR", "catch_skm": 163.0, "catch_skm_basin": 8415.0, "comment": null, "elev_masl": 970.0, "elev_max_masl": 3482.0, "end": 2006, "id_basin": 5230, "id_municipality": 18094, "id_saica": null, "id_saih": null, "id_sheet": 1027, "lat_wgs84": 37.0915, "lon_wgs84": -3.2604, "municipality": "Güéjar - Sierra", "name": "Güejar-Sierra", "owner": "Estado", "province": "Granada", "regime": "unknown", "river": "Genil", "scale_type": "Exterior", "sheet": "Güéjar 0 Sierra (1027)", "start": 1999, "station_type": "Encauzamiento con Canal de Aguas Bajas", "system": "Alto Genil", "weir": true, "weir_type": null, "x_etrs89": 461414, "y_etrs89": 4112075, "years_daily": 7, "years_instant": 3, "years_monthly": 26, "discharge": 1 }, "geometry": { "type": "Point", "coordinates": [ -3.434545541945212, 37.154273238814383 ] } },
{ "type": "Feature", "properties": { "id": 5051, "active": 1, "administration": "C.H. GUADALQUIVIR", "basin": "GUADALQUIVIR", "catch_skm": 18.0, "catch_skm_basin": 19.0, "comment": null, "elev_masl": 1516.0, "elev_max_masl": 3144.0, "end": 2008, "id_basin": 5999, "id_municipality": 18108, "id_saica": null, "id_saih": null, "id_sheet": 1027, "lat_wgs84": 37.0901, "lon_wgs84": -3.1156, "municipality": "Jerez del Marquesado", "name": "Jerez Del Marquesado", "owner": "Estado", "province": "Granada", "regime": "unknown", "river": "Alhorí", "scale_type": "Exterior", "sheet": "Güéjar 0 Sierra (1027)", "start": 1994, "station_type": "Encauzamiento con Canal de Aguas Bajas", "system": "Hoya De Guadix", "weir": true, "weir_type": null, "x_etrs89": 482335, "y_etrs89": 4111548, "years_daily": 14, "years_instant": 5, "years_monthly": 28, "discharge": 1 }, "geometry": { "type": "Point", "coordinates": [ -3.198928273176453, 37.150152445221643 ] } },
{ "type": "Feature", "properties": { "id": 5052, "active": 1, "administration": "C.H. GUADALQUIVIR", "basin": "GUADALQUIVIR", "catch_skm": 11.0, "catch_skm_basin": 32.0, "comment": null, "elev_masl": 1596.0, "elev_max_masl": 2784.0, "end": 2021, "id_basin": 5998, "id_municipality": 18117, "id_saica": null, "id_saih": "A42", "id_sheet": 1028, "lat_wgs84": 37.0753, "lon_wgs84": -3.0803, "municipality": "Lanteira", "name": "Lanteira", "owner": "Estado", "province": "Granada", "regime": "unknown", "river": "Barrio", "scale_type": "Exterior", "sheet": "Aldeire (1028)", "start": 2011, "station_type": "Encauzamiento con Canal de Aguas Bajas", "system": "Hoya De Guadix", "weir": true, "weir_type": null, "x_etrs89": 488075, "y_etrs89": 4109457, "years_daily": 10, "years_instant": 4, "years_monthly": 28, "discharge": 1 }, "geometry": { "type": "Point", "coordinates": [ -3.134256140156634, 37.131394635385114 ] } },
{ "type": "Feature", "properties": { "id": 5056, "active": 1, "administration": "C.H. GUADALQUIVIR", "basin": "GUADALQUIVIR", "catch_skm": 240.0, "catch_skm_basin": 1281.0, "comment": null, "elev_masl": 52.0, "elev_max_masl": null, "end": 2008, "id_basin": 5393, "id_municipality": 41045, "id_saica": null, "id_saih": null, "id_sheet": 961, "lat_wgs84": 37.3126, "lon_wgs84": -6.1122, "municipality": "Gerena", "name": "Gerena", "owner": "Estado", "province": "Sevilla", "regime": "unknown", "river": "Guadiamar", "scale_type": "Exterior", "sheet": "Aznalcóllar (961)", "start": 1993, "station_type": "Encauzamiento con Canal de Aguas Bajas", "system": "Almonte - Marismas", "weir": false, "weir_type": null, "x_etrs89": 218126, "y_etrs89": 4157762, "years_daily": 15, "years_instant": 3, "years_monthly": 32, "discharge": 1 }, "geometry": { "type": "Point", "coordinates": [ -6.18956131448705, 37.523787787445372 ] } },
{ "type": "Feature", "properties": { "id": 5057, "active": 1, "administration": "C.H. GUADALQUIVIR", "basin": "GUADALQUIVIR", "catch_skm": 1318.0, "catch_skm_basin": 1330.0, "comment": null, "elev_masl": 15.0, "elev_max_masl": 587.0, "end": 1988, "id_basin": 5388, "id_municipality": 41091, "id_saica": null, "id_saih": null, "id_sheet": 984, "lat_wgs84": 37.2111, "lon_wgs84": -5.5734, "municipality": "Sevilla", "name": "Guadaira Encauzamiento", "owner": "Estado", "province": "Sevilla", "regime": "unknown", "river": "Guadaira", "scale_type": "Exterior", "sheet": "Sevilla (984)", "start": 1980, "station_type": "Encauzamiento con Azud / Salto", "system": "Regulación General", "weir": true, "weir_type": null, "x_etrs89": 237882, "y_etrs89": 4138155, "years_daily": 8, "years_instant": 15, "years_monthly": 63, "discharge": 1 }, "geometry": { "type": "Point", "coordinates": [ -5.959330784896645, 37.353116167276603 ] } },
{ "type": "Feature", "properties": { "id": 5061, "active": 0, "administration": "C.H. GUADALQUIVIR", "basin": "GUADALQUIVIR", "catch_skm": 8936.0, "catch_skm_basin": 54970.0, "comment": "INT 1995                                                              ", "elev_masl": 260.0, "elev_max_masl": 3139.0, "end": 1995, "id_basin": 5059, "id_municipality": 23050, "id_saica": null, "id_saih": null, "id_sheet": 926, "lat_wgs84": 37.5705, "lon_wgs84": -3.3707, "municipality": "Jaén", "name": "Racioneros", "owner": "Estado", "province": "Jaén", "regime": "unknown", "river": "Guadalquivir", "scale_type": null, "sheet": "Mengíbar (926)", "start": 1980, "station_type": null, "system": "Regulación General", "weir": false, "weir_type": null, "x_etrs89": 445659, "y_etrs89": 4200587, "years_daily": 15, "years_instant": 0, "years_monthly": 45, "discharge": 1 }, "geometry": { "type": "Point", "coordinates": [ -3.618524678933435, 37.951254348104293 ] } },
{ "type": "Feature", "properties": { "id": 5062, "active": 0, "administration": "C.H. GUADALQUIVIR", "basin": "GUADALQUIVIR", "catch_skm": 15511.0, "catch_skm_basin": 54970.0, "comment": "INT 1995                                                              ", "elev_masl": 230.0, "elev_max_masl": 3139.0, "end": 1995, "id_basin": 5099, "id_municipality": 23049, "id_saica": null, "id_saih": null, "id_sheet": 926, "lat_wgs84": 37.5854, "lon_wgs84": -3.4815, "municipality": "Jabalquinto", "name": "Mengibar", "owner": "Estado", "province": "Jaén", "regime": "unknown", "river": "Guadalquivir", "scale_type": null, "sheet": "Mengíbar (926)", "start": 1980, "station_type": null, "system": "Regulación General", "weir": false, "weir_type": null, "x_etrs89": 429387, "y_etrs89": 4204096, "years_daily": 15, "years_instant": 0, "years_monthly": 47, "discharge": 1 }, "geometry": { "type": "Point", "coordinates": [ -3.804067163848047, 37.981758280550061 ] } },
{ "type": "Feature", "properties": { "id": 5063, "active": 0, "administration": "C.H. GUADALQUIVIR", "basin": "GUADALQUIVIR", "catch_skm": 16825.0, "catch_skm_basin": 54970.0, "comment": "INT 1995                                                              ", "elev_masl": 205.0, "elev_max_masl": 3139.0, "end": 1995, "id_basin": 5107, "id_municipality": 23005, "id_saica": null, "id_saih": null, "id_sheet": 904, "lat_wgs84": 38.0057, "lon_wgs84": -3.5943, "municipality": "Andújar", "name": "Valtodano", "owner": "Estado", "province": "Jaén", "regime": "unknown", "river": "Guadalquivir", "scale_type": null, "sheet": "Andújar (904)", "start": 1980, "station_type": null, "system": "Regulación General", "weir": false, "weir_type": null, "x_etrs89": 412623, "y_etrs89": 4208026, "years_daily": 15, "years_instant": 0, "years_monthly": 47, "discharge": 1 }, "geometry": { "type": "Point", "coordinates": [ -3.995412746821131, 38.015713935575853 ] } },
{ "type": "Feature", "properties": { "id": 5065, "active": 0, "administration": "C.H. GUADALQUIVIR", "basin": "GUADALQUIVIR", "catch_skm": 19571.0, "catch_skm_basin": 54970.0, "comment": "INT 1994                                                              ", "elev_masl": 177.0, "elev_max_masl": 3139.0, "end": 1994, "id_basin": 5121, "id_municipality": 23059, "id_saica": null, "id_saih": null, "id_sheet": 903, "lat_wgs84": 38.0337, "lon_wgs84": -4.1015, "municipality": "Marmolejo", "name": "Marmolejo", "owner": "Estado", "province": "Jaén", "regime": "unknown", "river": "Guadalquivir", "scale_type": null, "sheet": "Montoro (903)", "start": 1980, "station_type": null, "system": "Regulación General", "weir": false, "weir_type": null, "x_etrs89": 397295, "y_etrs89": 4213149, "years_daily": 14, "years_instant": 0, "years_monthly": 76, "discharge": 1 }, "geometry": { "type": "Point", "coordinates": [ -4.170735476322573, 38.060269397165307 ] } },
{ "type": "Feature", "properties": { "id": 5066, "active": 0, "administration": "C.H. GUADALQUIVIR", "basin": "GUADALQUIVIR", "catch_skm": 20122.0, "catch_skm_basin": 54970.0, "comment": "INT 1994                                                              ", "elev_masl": 170.0, "elev_max_masl": 3139.0, "end": 1994, "id_basin": 5131, "id_municipality": 23059, "id_saica": null, "id_saih": null, "id_sheet": 903, "lat_wgs84": 38.0126, "lon_wgs84": -4.1256, "municipality": "Marmolejo", "name": "Casas Nuevas", "owner": "Estado", "province": "Jaén", "regime": "unknown", "river": "Guadalquivir", "scale_type": null, "sheet": "Montoro (903)", "start": 1980, "station_type": null, "system": "Regulación General", "weir": false, "weir_type": null, "x_etrs89": 393288, "y_etrs89": 4209149, "years_daily": 14, "years_instant": 0, "years_monthly": 46, "discharge": 1 }, "geometry": { "type": "Point", "coordinates": [ -4.215805810681131, 38.023762430902245 ] } },
{ "type": "Feature", "properties": { "id": 5067, "active": 0, "administration": "C.H. GUADALQUIVIR", "basin": "GUADALQUIVIR", "catch_skm": 21961.0, "catch_skm_basin": 54970.0, "comment": "INT 1994                                                              ", "elev_masl": 150.0, "elev_max_masl": null, "end": 1986, "id_basin": 5145, "id_municipality": 14043, "id_saica": null, "id_saih": null, "id_sheet": 903, "lat_wgs84": 38.0049, "lon_wgs84": -4.1946, "municipality": "Montoro", "name": "Vega, La", "owner": "Estado", "province": "Córdoba", "regime": "unknown", "river": "Guadalquivir", "scale_type": null, "sheet": "Montoro (903)", "start": 1980, "station_type": null, "system": "Regulación General", "weir": false, "weir_type": null, "x_etrs89": 383287, "y_etrs89": 4208151, "years_daily": 6, "years_instant": 0, "years_monthly": 46, "discharge": 1 }, "geometry": { "type": "Point", "coordinates": [ -4.329561018309468, 38.013536729094007 ] } },
{ "type": "Feature", "properties": { "id": 5069, "active": 0, "administration": "C.H. GUADALQUIVIR", "basin": "GUADALQUIVIR", "catch_skm": 22706.0, "catch_skm_basin": 54970.0, "comment": "INT 1994                                                              ", "elev_masl": 130.0, "elev_max_masl": 3139.0, "end": 1994, "id_basin": 5149, "id_municipality": 14050, "id_saica": null, "id_saih": null, "id_sheet": 924, "lat_wgs84": 37.5831, "lon_wgs84": -4.2936, "municipality": "Pedro Abad", "name": "Carpio, El", "owner": "Estado", "province": "Córdoba", "regime": "unknown", "river": "Guadalquivir", "scale_type": null, "sheet": "Bujalance (924)", "start": 1980, "station_type": null, "system": "Regulación General", "weir": false, "weir_type": null, "x_etrs89": 368823, "y_etrs89": 4204109, "years_daily": 14, "years_instant": 0, "years_monthly": 45, "discharge": 1 }, "geometry": { "type": "Point", "coordinates": [ -4.493543214556149, 37.975140805281384 ] } },
{ "type": "Feature", "properties": { "id": 5070, "active": 0, "administration": "C.H. GUADALQUIVIR", "basin": "GUADALQUIVIR", "catch_skm": 24704.0, "catch_skm_basin": 54970.0, "comment": "INT 1996                                                              ", "elev_masl": 86.0, "elev_max_masl": 3139.0, "end": 1991, "id_basin": 5167, "id_municipality": 14021, "id_saica": null, "id_saih": null, "id_sheet": 923, "lat_wgs84": 37.525, "lon_wgs84": -4.462, "municipality": "Córdoba", "name": "Cordoba", "owner": "Estado", "province": "Córdoba", "regime": "unknown", "river": "Guadalquivir", "scale_type": null, "sheet": "Córdoba (923)", "start": 1980, "station_type": "Cauce Natural", "system": "Guadalmellato", "weir": false, "weir_type": null, "x_etrs89": 344135, "y_etrs89": 4194041, "years_daily": 11, "years_instant": 2, "years_monthly": 55, "discharge": 1 }, "geometry": { "type": "Point", "coordinates": [ -4.772340239411175, 37.880537317890727 ] } },
{ "type": "Feature", "properties": { "id": 5071, "active": 0, "administration": "C.H. GUADALQUIVIR", "basin": "GUADALQUIVIR", "catch_skm": 29348.0, "catch_skm_basin": 54970.0, "comment": "INT 1991                                                              ", "elev_masl": 77.0, "elev_max_masl": 3139.0, "end": 1988, "id_basin": 5207, "id_municipality": 14053, "id_saica": null, "id_saih": null, "id_sheet": 943, "lat_wgs84": 37.4756, "lon_wgs84": -5.4207, "municipality": "Posadas", "name": "Posadas", "owner": "Estado", "province": "Córdoba", "regime": "unknown", "river": "Guadalquivir", "scale_type": null, "sheet": "Posadas (943)", "start": 1982, "station_type": "Cauce Natural", "system": "Regulación General", "weir": false, "weir_type": null, "x_etrs89": 317379, "y_etrs89": 4185513, "years_daily": 6, "years_instant": 0, "years_monthly": 30, "discharge": 1 }, "geometry": { "type": "Point", "coordinates": [ -5.074259335696353, 37.798751640440429 ] } },
{ "type": "Feature", "properties": { "id": 5072, "active": 0, "administration": "C.H. GUADALQUIVIR", "basin": "GUADALQUIVIR", "catch_skm": 46134.0, "catch_skm_basin": 54970.0, "comment": "INT 1995                                                              ", "elev_masl": 10.0, "elev_max_masl": 3478.0, "end": 1995, "id_basin": 5355, "id_municipality": 41005, "id_saica": null, "id_saih": null, "id_sheet": 962, "lat_wgs84": 37.3105, "lon_wgs84": -5.5836, "municipality": "Alcalá del Río", "name": "Alcala Del Rio", "owner": "Estado", "province": "Sevilla", "regime": "unknown", "river": "Guadalquivir", "scale_type": null, "sheet": "Alcala del Río (962)", "start": 1980, "station_type": null, "system": "Regulación General", "weir": false, "weir_type": null, "x_etrs89": 236904, "y_etrs89": 4156521, "years_daily": 15, "years_instant": 0, "years_monthly": 49, "discharge": 1 }, "geometry": { "type": "Point", "coordinates": [ -5.976905583622738, 37.518162829636907 ] } },
{ "type": "Feature", "properties": { "id": 5073, "active": 0, "administration": "C.H. GUADALQUIVIR", "basin": "GUADALQUIVIR", "catch_skm": 2158.0, "catch_skm_basin": 2480.0, "comment": "INT 1994                                                              ", "elev_masl": 278.0, "elev_max_masl": 1312.0, "end": 1994, "id_basin": 5118, "id_municipality": 23005, "id_saica": null, "id_saih": null, "id_sheet": 883, "lat_wgs84": 38.1322, "lon_wgs84": -3.5832, "municipality": "Andújar", "name": "Embalse De Jandula", "owner": "Estado", "province": "Jaén", "regime": "unknown", "river": "Jándula O Fresneda", "scale_type": null, "sheet": "Virgen de la Cabeza (883)", "start": 1980, "station_type": null, "system": "Regulación General", "weir": false, "weir_type": null, "x_etrs89": 414605, "y_etrs89": 4230996, "years_daily": 14, "years_instant": 0, "years_monthly": 49, "discharge": 1 }, "geometry": { "type": "Point", "coordinates": [ -3.975586905454687, 38.2228949920313 ] } },
{ "type": "Feature", "properties": { "id": 5076, "active": 1, "administration": "C.H. GUADALQUIVIR", "basin": "GUADALQUIVIR", "catch_skm": 960.0, "catch_skm_basin": 1281.0, "comment": null, "elev_masl": 21.0, "elev_max_masl": 187.0, "end": 2008, "id_basin": 5399, "id_municipality": 41012, "id_saica": null, "id_saih": "A22", "id_sheet": 1001, "lat_wgs84": 37.1811, "lon_wgs84": -6.1535, "municipality": "Aznalcázar", "name": "Aznalcazar Puente", "owner": "Estado", "province": "Sevilla", "regime": "unknown", "river": "Guadiamar", "scale_type": "Exterior", "sheet": "Almonte (1001)", "start": 1997, "station_type": "Encauzamiento con Canal de Aguas Bajas", "system": "Almonte - Marismas", "weir": true, "weir_type": null, "x_etrs89": 211063, "y_etrs89": 4133455, "years_daily": 11, "years_instant": 2, "years_monthly": 44, "discharge": 1 }, "geometry": { "type": "Point", "coordinates": [ -6.259862070929701, 37.302861399576514 ] } },
{ "type": "Feature", "properties": { "id": 5077, "active": 1, "administration": "C.H. GUADALQUIVIR", "basin": "GUADALQUIVIR", "catch_skm": 1010.0, "catch_skm_basin": 2020.0, "comment": null, "elev_masl": 80.0, "elev_max_masl": 1008.0, "end": 1994, "id_basin": 5366, "id_municipality": 41049, "id_saica": null, "id_saih": "A33", "id_sheet": 940, "lat_wgs84": 37.4008, "lon_wgs84": -6.0759, "municipality": "Guillena", "name": "Central De Cala", "owner": "Estado", "province": "Sevilla", "regime": "unknown", "river": "Rivera De Huelva", "scale_type": "Exterior", "sheet": "Castiblanco de los Arroyos (940)", "start": 1980, "station_type": "Encauzamiento con Canal de Aguas Bajas", "system": "Sevilla", "weir": false, "weir_type": null, "x_etrs89": 223650, "y_etrs89": 4173684, "years_daily": 14, "years_instant": 4, "years_monthly": 70, "discharge": 1 }, "geometry": { "type": "Point", "coordinates": [ -6.133149116427499, 37.668757293287875 ] } },
{ "type": "Feature", "properties": { "id": 5078, "active": 0, "administration": "C.H. GUADALQUIVIR", "basin": "GUADALQUIVIR", "catch_skm": 1019.0, "catch_skm_basin": 645.0, "comment": "INT 1994                                                              ", "elev_masl": 78.0, "elev_max_masl": 1110.0, "end": 1994, "id_basin": 5367, "id_municipality": 41049, "id_saica": null, "id_saih": null, "id_sheet": 940, "lat_wgs84": 37.4008, "lon_wgs84": -6.0804, "municipality": "Guillena", "name": "Cala", "owner": "Estado", "province": "Sevilla", "regime": "unknown", "river": "Rivera De Cala", "scale_type": null, "sheet": "Castiblanco de los Arroyos (940)", "start": 1980, "station_type": null, "system": "Sevilla", "weir": false, "weir_type": null, "x_etrs89": 223535, "y_etrs89": 4173689, "years_daily": 14, "years_instant": 0, "years_monthly": 44, "discharge": 1 }, "geometry": { "type": "Point", "coordinates": [ -6.134453046796938, 37.668767664551808 ] } },
{ "type": "Feature", "properties": { "id": 5080, "active": 1, "administration": "C.H. GUADALQUIVIR", "basin": "GUADALQUIVIR", "catch_skm": 2944.0, "catch_skm_basin": 8415.0, "comment": null, "elev_masl": 510.0, "elev_max_masl": 3478.0, "end": 2008, "id_basin": 5260, "id_municipality": 18138, "id_saica": null, "id_saih": "A20", "id_sheet": 1008, "lat_wgs84": 37.1208, "lon_wgs84": -3.5632, "municipality": "Moraleda de Zafayona", "name": "Puente Tocon", "owner": "Estado", "province": "Granada", "regime": "unknown", "river": "Genil", "scale_type": "Exterior", "sheet": "Montefrío (1008)", "start": 1999, "station_type": "Cauce Natural", "system": "Alto Genil", "weir": false, "weir_type": null, "x_etrs89": 416369, "y_etrs89": 4117716, "years_daily": 9, "years_instant": 4, "years_monthly": 45, "discharge": 1 }, "geometry": { "type": "Point", "coordinates": [ -3.942416385667832, 37.202169911237853 ] } },
{ "type": "Feature", "properties": { "id": 5081, "active": 1, "administration": "C.H. GUADALQUIVIR", "basin": "GUADALQUIVIR", "catch_skm": 1665.0, "catch_skm_basin": 2425.0, "comment": null, "elev_masl": 205.0, "elev_max_masl": 1872.0, "end": 1992, "id_basin": 5182, "id_municipality": 14019, "id_saica": null, "id_saih": "A35", "id_sheet": 945, "lat_wgs84": 37.4127, "lon_wgs84": -4.3013, "municipality": "Castro del Río", "name": "Castro Del Rio", "owner": "Estado", "province": "Córdoba", "regime": "unknown", "river": "Guadajoz", "scale_type": "Exterior", "sheet": "Castro del Río (945)", "start": 1984, "station_type": "Encauzamiento con Canal de Aguas Bajas", "system": "Guadajoz", "weir": false, "weir_type": null, "x_etrs89": 367440, "y_etrs89": 4172585, "years_daily": 8, "years_instant": 3, "years_monthly": 46, "discharge": 1 }, "geometry": { "type": "Point", "coordinates": [ -4.503508186840095, 37.690907545641437 ] } },
{ "type": "Feature", "properties": { "id": 5082, "active": 1, "administration": "C.H. GUADALQUIVIR", "basin": "GUADALQUIVIR", "catch_skm": 208.0, "catch_skm_basin": 287.0, "comment": null, "elev_masl": 446.0, "elev_max_masl": 1570.0, "end": 2021, "id_basin": 5177, "id_municipality": 23060, "id_saica": null, "id_saih": "A27", "id_sheet": 968, "lat_wgs84": 37.3832, "lon_wgs84": -4.0358, "municipality": "Martos", "name": "Venta Pantalones", "owner": "Estado", "province": "Jaén", "regime": "unknown", "river": "Vívoras", "scale_type": "Exterior", "sheet": "Alcaudete (968)", "start": 2011, "station_type": "Encauzamiento con Canal de Aguas Bajas", "system": "Guadajoz", "weir": false, "weir_type": null, "x_etrs89": 405945, "y_etrs89": 4166669, "years_daily": 10, "years_instant": 3, "years_monthly": 49, "discharge": 1 }, "geometry": { "type": "Point", "coordinates": [ -4.066101491631621, 37.642353007994693 ] } },
{ "type": "Feature", "properties": { "id": 5083, "active": 0, "administration": "C.H. GUADALQUIVIR", "basin": "GUADALQUIVIR", "catch_skm": 775.0, "catch_skm_basin": 1112.0, "comment": "INT 2009                                                              ", "elev_masl": 380.0, "elev_max_masl": 2167.0, "end": 2009, "id_basin": 5098, "id_municipality": 23050, "id_saica": null, "id_saih": null, "id_sheet": 947, "lat_wgs84": 37.4703, "lon_wgs84": -3.4443, "municipality": "Jaén", "name": "Puente Nuevo", "owner": "Estado", "province": "Jaén", "regime": "unknown", "river": "Campillo O Guadalbullón", "scale_type": null, "sheet": "Jaén (947)", "start": 1998, "station_type": "Encauzamiento con Azud Vertedero", "system": "Jaén", "weir": true, "weir_type": null, "x_etrs89": 434366, "y_etrs89": 4182144, "years_daily": 11, "years_instant": 3, "years_monthly": 39, "discharge": 1 }, "geometry": { "type": "Point", "coordinates": [ -3.745379309220562, 37.784293881978037 ] } },
{ "type": "Feature", "properties": { "id": 5084, "active": 1, "administration": "C.H. GUADALQUIVIR", "basin": "GUADALQUIVIR", "catch_skm": 269.0, "catch_skm_basin": 319.0, "comment": null, "elev_masl": 393.0, "elev_max_masl": null, "end": 2003, "id_basin": 5095, "id_municipality": 23050, "id_saica": null, "id_saih": "A28", "id_sheet": 947, "lat_wgs84": 37.4536, "lon_wgs84": -3.4505, "municipality": "Jaén", "name": "Puente Jontoya", "owner": "Estado", "province": "Jaén", "regime": "unknown", "river": "Quiebrajano O Jaén", "scale_type": null, "sheet": "Jaén (947)", "start": 1993, "station_type": "Encauzamiento con Canal de Aguas Bajas", "system": "Jaén", "weir": true, "weir_type": null, "x_etrs89": 433821, "y_etrs89": 4179468, "years_daily": 10, "years_instant": 3, "years_monthly": 45, "discharge": 1 }, "geometry": { "type": "Point", "coordinates": [ -3.751324079489369, 37.760137190120375 ] } },
{ "type": "Feature", "properties": { "id": 5086, "active": 1, "administration": "C.H. GUADALQUIVIR", "basin": "GUADALQUIVIR", "catch_skm": 41.0, "catch_skm_basin": 128.0, "comment": null, "elev_masl": 957.0, "elev_max_masl": 3392.0, "end": 2008, "id_basin": 5239, "id_municipality": 18068, "id_saica": null, "id_saih": "A05", "id_sheet": 1026, "lat_wgs84": 37.0353, "lon_wgs84": -3.3306, "municipality": "Dílar", "name": "Dilar", "owner": "Estado", "province": "Granada", "regime": "unknown", "river": "Dílar", "scale_type": null, "sheet": "Padul (1026)", "start": 1993, "station_type": "Encauzamiento con Canal de Aguas Bajas", "system": "Alto Genil", "weir": false, "weir_type": null, "x_etrs89": 450960, "y_etrs89": 4102207, "years_daily": 15, "years_instant": 5, "years_monthly": 52, "discharge": 1 }, "geometry": { "type": "Point", "coordinates": [ -3.551625810413548, 37.064834514682531 ] } },
{ "type": "Feature", "properties": { "id": 5088, "active": 1, "administration": "C.H. GUADALQUIVIR", "basin": "GUADALQUIVIR", "catch_skm": 100.0, "catch_skm_basin": 180.0, "comment": null, "elev_masl": 492.0, "elev_max_masl": 1614.0, "end": 1988, "id_basin": 5279, "id_municipality": 18122, "id_saica": null, "id_saih": null, "id_sheet": 1007, "lat_wgs84": 37.0922, "lon_wgs84": -4.1225, "municipality": "Loja", "name": "Riofrio", "owner": "Estado", "province": "Granada", "regime": "unknown", "river": "Frío", "scale_type": "Exterior", "sheet": "Rute (1007)", "start": 1980, "station_type": "Encauzamiento sin Canal de Aguas Bajas", "system": "Alto Genil", "weir": false, "weir_type": null, "x_etrs89": 392832, "y_etrs89": 4112864, "years_daily": 8, "years_instant": 2, "years_monthly": 42, "discharge": 1 }, "geometry": { "type": "Point", "coordinates": [ -4.206905081426454, 37.156036278278961 ] } },
{ "type": "Feature", "properties": { "id": 5090, "active": 1, "administration": "C.H. GUADALQUIVIR", "basin": "GUADALQUIVIR", "catch_skm": 672.0, "catch_skm_basin": 1281.0, "comment": null, "elev_masl": 31.0, "elev_max_masl": null, "end": 2021, "id_basin": 5397, "id_municipality": 41087, "id_saica": null, "id_saih": "A39", "id_sheet": 983, "lat_wgs84": 37.2611, "lon_wgs84": -6.1254, "municipality": "Sanlúcar la Mayor", "name": "Guijo, El", "owner": "Estado", "province": "Sevilla", "regime": "unknown", "river": "Guadiamar", "scale_type": "Exterior", "sheet": "Sanlúcar la Mayor (983)", "start": 2011, "station_type": "Encauzamiento con Canal de Aguas Bajas", "system": "Almonte - Marismas", "weir": false, "weir_type": null, "x_etrs89": 215554, "y_etrs89": 4148152, "years_daily": 10, "years_instant": 3, "years_monthly": 40, "discharge": 1 }, "geometry": { "type": "Point", "coordinates": [ -6.21491181176706, 37.43651376395038 ] } },
{ "type": "Feature", "properties": { "id": 5091, "active": 1, "administration": "C.H. GUADALQUIVIR", "basin": "GUADALQUIVIR", "catch_skm": 62.0, "catch_skm_basin": 141.0, "comment": null, "elev_masl": 522.0, "elev_max_masl": 1301.0, "end": 1988, "id_basin": 5281, "id_municipality": 18012, "id_saica": null, "id_saih": null, "id_sheet": 1008, "lat_wgs84": 37.1836, "lon_wgs84": -4.1113, "municipality": "Algarinejo", "name": "Molino De Chicorro", "owner": "Estado", "province": "Granada", "regime": "unknown", "river": "Pesquera", "scale_type": "Exterior", "sheet": "Montefrío (1008)", "start": 1980, "station_type": "Encauzamiento con Canal de Aguas Bajas", "system": "Alto Genil", "weir": false, "weir_type": null, "x_etrs89": 394810, "y_etrs89": 4129938, "years_daily": 8, "years_instant": 2, "years_monthly": 33, "discharge": 1 }, "geometry": { "type": "Point", "coordinates": [ -4.187043881466751, 37.310134269484301 ] } },
{ "type": "Feature", "properties": { "id": 5095, "active": 1, "administration": "C.H. GUADALQUIVIR", "basin": "GUADALQUIVIR", "catch_skm": 168.0, "catch_skm_basin": 368.0, "comment": null, "elev_masl": 756.0, "elev_max_masl": null, "end": 2000, "id_basin": 5254, "id_municipality": 18132, "id_saica": null, "id_saih": null, "id_sheet": 991, "lat_wgs84": 37.2155, "lon_wgs84": -3.4814, "municipality": "Moclín", "name": "Tozar", "owner": "Estado", "province": "Granada", "regime": "unknown", "river": "Velillos O Frailes", "scale_type": null, "sheet": "Iznalloz (991)", "start": 1992, "station_type": "Encauzamiento con Canal de Aguas Bajas", "system": "Alto Genil", "weir": false, "weir_type": null, "x_etrs89": 428825, "y_etrs89": 4135712, "years_daily": 8, "years_instant": 5, "years_monthly": 30, "discharge": 1 }, "geometry": { "type": "Point", "coordinates": [ -3.803789907117316, 37.365403278666875 ] } },
{ "type": "Feature", "properties": { "id": 5097, "active": 1, "administration": "C.H. GUADALQUIVIR", "basin": "GUADALQUIVIR", "catch_skm": 314.0, "catch_skm_basin": 523.0, "comment": null, "elev_masl": 256.0, "elev_max_masl": 1476.0, "end": 2004, "id_basin": 5289, "id_municipality": 14038, "id_saica": null, "id_saih": null, "id_sheet": 988, "lat_wgs84": 37.2212, "lon_wgs84": -4.3613, "municipality": "Lucena", "name": "Puente De Los Piedros", "owner": "Estado", "province": "Córdoba", "regime": "unknown", "river": "Anzur", "scale_type": null, "sheet": "Puente 0 Genil (988)", "start": 1999, "station_type": "Encauzamiento con Canal de Aguas Bajas", "system": "Regulación General", "weir": false, "weir_type": null, "x_etrs89": 358018, "y_etrs89": 4137133, "years_daily": 5, "years_instant": 2, "years_monthly": 51, "discharge": 1 }, "geometry": { "type": "Point", "coordinates": [ -4.603481646128186, 37.370071928501737 ] } },
{ "type": "Feature", "properties": { "id": 5101, "active": 1, "administration": "C.H. GUADALQUIVIR", "basin": "GUADALQUIVIR", "catch_skm": 5131.0, "catch_skm_basin": 5190.0, "comment": null, "elev_masl": 256.0, "elev_max_masl": 1809.0, "end": 1986, "id_basin": 5086, "id_municipality": 23085, "id_saica": null, "id_saih": "A06", "id_sheet": 905, "lat_wgs84": 38.0059, "lon_wgs84": -3.3812, "municipality": "Torreblascopedro", "name": "Carr. Torreblascopedro", "owner": "Estado", "province": "Jaén", "regime": "unknown", "river": "Guadalimar", "scale_type": "Exterior", "sheet": "Linares (905)", "start": 1980, "station_type": "Encauzamiento con Canal de Aguas Bajas", "system": "Regulación General", "weir": false, "weir_type": null, "x_etrs89": 444115, "y_etrs89": 4207829, "years_daily": 6, "years_instant": 2, "years_monthly": 40, "discharge": 1 }, "geometry": { "type": "Point", "coordinates": [ -3.636661646023678, 38.016428215609118 ] } },
{ "type": "Feature", "properties": { "id": 5104, "active": 0, "administration": "C.H. GUADALQUIVIR", "basin": "GUADALQUIVIR", "catch_skm": 341.0, "catch_skm_basin": 360.0, "comment": "INT 2012                                                              ", "elev_masl": 250.0, "elev_max_masl": 648.0, "end": 1989, "id_basin": 5100, "id_municipality": 23049, "id_saica": null, "id_saih": "A09", "id_sheet": 905, "lat_wgs84": 38.0152, "lon_wgs84": -3.464, "municipality": "Jabalquinto", "name": "Mengibar-Guadiel", "owner": "Estado", "province": "Jaén", "regime": "unknown", "river": "Guadiel", "scale_type": "Exterior", "sheet": "Linares (905)", "start": 1980, "station_type": "Encauzamiento con Canal de Aguas Bajas", "system": "Regulación General", "weir": false, "weir_type": null, "x_etrs89": 431737, "y_etrs89": 4209553, "years_daily": 9, "years_instant": 0, "years_monthly": 31, "discharge": 1 }, "geometry": { "type": "Point", "coordinates": [ -3.777829544329844, 38.031116955148967 ] } },
{ "type": "Feature", "properties": { "id": 5107, "active": 0, "administration": "C.H. GUADALQUIVIR", "basin": "GUADALQUIVIR", "catch_skm": 498.0, "catch_skm_basin": 503.0, "comment": "INT 2009                                                              ", "elev_masl": 189.0, "elev_max_masl": 1298.0, "end": 2009, "id_basin": 5130, "id_municipality": 23059, "id_saica": null, "id_saih": null, "id_sheet": 904, "lat_wgs84": 38.0107, "lon_wgs84": -4.0826, "municipality": "Marmolejo", "name": "Marmolejo", "owner": "Estado", "province": "Jaén", "regime": "unknown", "river": "Arroyo De Salado De Arjona", "scale_type": null, "sheet": "Andújar (904)", "start": 1999, "station_type": "Encauzamiento con Canal de Aguas Bajas", "system": "Regulación General", "weir": false, "weir_type": null, "x_etrs89": 399892, "y_etrs89": 4209781, "years_daily": 10, "years_instant": 3, "years_monthly": 38, "discharge": 1 }, "geometry": { "type": "Point", "coordinates": [ -4.14066670721077, 38.030211317490505 ] } },
{ "type": "Feature", "properties": { "id": 5121, "active": 0, "administration": "C.H. GUADALQUIVIR", "basin": "GUADALQUIVIR", "catch_skm": 8098.0, "catch_skm_basin": 8415.0, "comment": "INT 1996                                                              ", "elev_masl": 70.0, "elev_max_masl": 3478.0, "end": 1988, "id_basin": 5306, "id_municipality": 14049, "id_saica": null, "id_saih": null, "id_sheet": 942, "lat_wgs84": 37.4015, "lon_wgs84": -5.123, "municipality": "Palma del Río", "name": "Presa De El Judio", "owner": "Estado", "province": "Córdoba", "regime": "unknown", "river": "Genil", "scale_type": null, "sheet": "Palma del Río (942)", "start": 1982, "station_type": "Cauce Natural", "system": "Regulación General", "weir": false, "weir_type": null, "x_etrs89": 305250, "y_etrs89": 4171578, "years_daily": 6, "years_instant": 0, "years_monthly": 26, "discharge": 1 }, "geometry": { "type": "Point", "coordinates": [ -5.208200105978238, 37.670739356304161 ] } },
{ "type": "Feature", "properties": { "id": 5123, "active": 1, "administration": "C.H. GUADALQUIVIR", "basin": "GUADALQUIVIR", "catch_skm": 370.0, "catch_skm_basin": 388.0, "comment": null, "elev_masl": 62.0, "elev_max_masl": 307.0, "end": 2003, "id_basin": 5308, "id_municipality": 14049, "id_saica": null, "id_saih": "A52", "id_sheet": 964, "lat_wgs84": 37.3943, "lon_wgs84": -5.212, "municipality": "Palma del Río", "name": "Madrefuentes", "owner": "Estado", "province": "Córdoba", "regime": "unknown", "river": "Arroyo De Madre Fuentes", "scale_type": "Exterior", "sheet": "La Campana (964)", "start": 1993, "station_type": "Encauzamiento con Canal de Aguas Bajas", "system": "Regulación General", "weir": false, "weir_type": null, "x_etrs89": 292234, "y_etrs89": 4170931, "years_daily": 10, "years_instant": 3, "years_monthly": 37, "discharge": 1 }, "geometry": { "type": "Point", "coordinates": [ -5.355488751774905, 37.662057998049846 ] } },
{ "type": "Feature", "properties": { "id": 5125, "active": 1, "administration": "C.H. GUADALQUIVIR", "basin": "GUADALQUIVIR", "catch_skm": 1377.0, "catch_skm_basin": 1502.0, "comment": null, "elev_masl": 53.0, "elev_max_masl": 1022.0, "end": 1988, "id_basin": 5326, "id_municipality": 41024, "id_saica": null, "id_saih": "A18", "id_sheet": 985, "lat_wgs84": 37.2849, "lon_wgs84": -5.3431, "municipality": "Carmona", "name": "Carmona N-Iv", "owner": "Estado", "province": "Sevilla", "regime": "unknown", "river": "Corbones", "scale_type": "Exterior", "sheet": "Lora del Río (963)", "start": 1981, "station_type": "Encauzamiento con Canal de Aguas Bajas", "system": "Regulación General", "weir": false, "weir_type": null, "x_etrs89": 272296, "y_etrs89": 4151262, "years_daily": 7, "years_instant": 2, "years_monthly": 43, "discharge": 1 }, "geometry": { "type": "Point", "coordinates": [ -5.575220088503004, 37.480221379690057 ] } },
{ "type": "Feature", "properties": { "id": 5127, "active": 1, "administration": "C.H. GUADALQUIVIR", "basin": "GUADALQUIVIR", "catch_skm": 678.0, "catch_skm_basin": 682.0, "comment": null, "elev_masl": 22.0, "elev_max_masl": null, "end": 2008, "id_basin": 5336, "id_municipality": 41099, "id_saica": null, "id_saih": "A49", "id_sheet": 963, "lat_wgs84": 37.3845, "lon_wgs84": -5.4414, "municipality": "Villanueva del Rio y Minas", "name": "Huesna", "owner": "Estado", "province": "Sevilla", "regime": "unknown", "river": "Rivera De Huesna", "scale_type": "Exterior", "sheet": "Lora del Río (963)", "start": 1999, "station_type": "Encauzamiento con Canal de Aguas Bajas", "system": "Rivera De Huesna", "weir": true, "weir_type": null, "x_etrs89": 258504, "y_etrs89": 4170044, "years_daily": 9, "years_instant": 4, "years_monthly": 46, "discharge": 1 }, "geometry": { "type": "Point", "coordinates": [ -5.737227404852945, 37.645819633611758 ] } },
{ "type": "Feature", "properties": { "id": 5128, "active": 1, "administration": "C.H. GUADALQUIVIR", "basin": "GUADALQUIVIR", "catch_skm": 128.0, "catch_skm_basin": 129.0, "comment": null, "elev_masl": 19.0, "elev_max_masl": null, "end": 2020, "id_basin": 5335, "id_municipality": 41099, "id_saica": null, "id_saih": null, "id_sheet": 963, "lat_wgs84": 37.3833, "lon_wgs84": -5.444, "municipality": "Villanueva del Rio y Minas", "name": "Parroso", "owner": "Estado", "province": "Sevilla", "regime": "unknown", "river": "Arroyo Parroso", "scale_type": null, "sheet": "Lora del Río (963)", "start": 2012, "station_type": "Encauzamiento con Canal de Aguas Bajas", "system": "Rivera De Huesna", "weir": true, "weir_type": null, "x_etrs89": 257867, "y_etrs89": 4169703, "years_daily": 8, "years_instant": 3, "years_monthly": 32, "discharge": 1 }, "geometry": { "type": "Point", "coordinates": [ -5.744326836531125, 37.642581892304641 ] } },
{ "type": "Feature", "properties": { "id": 5130, "active": 0, "administration": "C.H. GUADALQUIVIR", "basin": "GUADALQUIVIR", "catch_skm": 1700.0, "catch_skm_basin": 1799.0, "comment": "INT 1996                                                              ", "elev_masl": 42.0, "elev_max_masl": null, "end": 1988, "id_basin": 5350, "id_municipality": 41073, "id_saica": null, "id_saih": null, "id_sheet": 940, "lat_wgs84": 37.4256, "lon_wgs84": -5.5252, "municipality": "El Pedroso", "name": "Melonares, Los", "owner": "Estado", "province": "Sevilla", "regime": "unknown", "river": "Viar", "scale_type": null, "sheet": "Castiblanco de los Arroyos (940)", "start": 1980, "station_type": null, "system": "Viar", "weir": false, "weir_type": null, "x_etrs89": 246055, "y_etrs89": 4178154, "years_daily": 8, "years_instant": 0, "years_monthly": 20, "discharge": 1 }, "geometry": { "type": "Point", "coordinates": [ -5.880995035688885, 37.715468728148025 ] } },
{ "type": "Feature", "properties": { "id": 5132, "active": 1, "administration": "C.H. GUADALQUIVIR", "basin": "GUADALQUIVIR", "catch_skm": 1239.0, "catch_skm_basin": 1330.0, "comment": null, "elev_masl": 16.0, "elev_max_masl": null, "end": 1987, "id_basin": 5388, "id_municipality": 41004, "id_saica": null, "id_saih": null, "id_sheet": 984, "lat_wgs84": 37.214, "lon_wgs84": -5.5415, "municipality": "Alcalá de Guadaira", "name": "Puente Sifon", "owner": "Estado", "province": "Sevilla", "regime": "unknown", "river": "Guadaira", "scale_type": "Exterior", "sheet": "Sevilla (984)", "start": 1983, "station_type": "Encauzamiento con Canal de Aguas Bajas", "system": "Regulación General", "weir": true, "weir_type": null, "x_etrs89": 242792, "y_etrs89": 4138901, "years_daily": 4, "years_instant": 3, "years_monthly": 39, "discharge": 1 }, "geometry": { "type": "Point", "coordinates": [ -5.904221199813172, 37.3612052558058 ] } },
{ "type": "Feature", "properties": { "id": 5133, "active": 1, "administration": "C.H. GUADALQUIVIR", "basin": "GUADALQUIVIR", "catch_skm": 403.0, "catch_skm_basin": 474.0, "comment": null, "elev_masl": 665.0, "elev_max_masl": null, "end": 2021, "id_basin": 5045, "id_municipality": 18064, "id_saica": null, "id_saih": "A03", "id_sheet": 971, "lat_wgs84": 37.3539, "lon_wgs84": -3.0703, "municipality": "Dehesas de Guadix", "name": "Dehesas De Guadix", "owner": "Estado", "province": "Granada", "regime": "unknown", "river": "Guadahortuna", "scale_type": null, "sheet": "Cuevas del Campo (971)", "start": 2014, "station_type": "Encauzamiento con Canal de Aguas Bajas", "system": "Hoya De Guadix", "weir": false, "weir_type": null, "x_etrs89": 489623, "y_etrs89": 4160787, "years_daily": 7, "years_instant": 0, "years_monthly": 20, "discharge": 1 }, "geometry": { "type": "Point", "coordinates": [ -3.117547699657842, 37.594094397122866 ] } },
{ "type": "Feature", "properties": { "id": 5134, "active": 1, "administration": "C.H. GUADALQUIVIR", "basin": "GUADALQUIVIR", "catch_skm": 65.0, "catch_skm_basin": 54970.0, "comment": null, "elev_masl": 815.0, "elev_max_masl": 1937.0, "end": 2008, "id_basin": 5001, "id_municipality": 23028, "id_saica": null, "id_saih": null, "id_sheet": 928, "lat_wgs84": 37.5551, "lon_wgs84": -2.5542, "municipality": "Cazorla", "name": "Cerrada Del Utrero", "owner": "Estado", "province": "Jaén", "regime": "unknown", "river": "Guadalquivir", "scale_type": null, "sheet": "Cazorla (928)", "start": 1997, "station_type": "Encauzamiento con Canal de Aguas Bajas", "system": "Regulación General", "weir": false, "weir_type": null, "x_etrs89": 506304, "y_etrs89": 4198139, "years_daily": 11, "years_instant": 4, "years_monthly": 33, "discharge": 1 }, "geometry": { "type": "Point", "coordinates": [ -2.92826563521818, 37.93079452777345 ] } },
{ "type": "Feature", "properties": { "id": 5135, "active": 1, "administration": "C.H. GUADALQUIVIR", "basin": "GUADALQUIVIR", "catch_skm": 109.0, "catch_skm_basin": 110.0, "comment": null, "elev_masl": 437.0, "elev_max_masl": 1830.0, "end": 2021, "id_basin": 5004, "id_municipality": 23095, "id_saica": null, "id_saih": "A44", "id_sheet": 907, "lat_wgs84": 38.0428, "lon_wgs84": -3.0111, "municipality": "Villacarrillo", "name": "Mogon", "owner": "Estado", "province": "Jaén", "regime": "unknown", "river": "Aguascebas Grande", "scale_type": "Exterior", "sheet": "Villacarrillo (907)", "start": 2015, "station_type": "Encauzamiento con Canal de Aguas Bajas", "system": "Regulación General", "weir": false, "weir_type": null, "x_etrs89": 498268, "y_etrs89": 4214069, "years_daily": 6, "years_instant": 2, "years_monthly": 24, "discharge": 1 }, "geometry": { "type": "Point", "coordinates": [ -3.019747216221744, 38.074390168236121 ] } },
{ "type": "Feature", "properties": { "id": 5136, "active": 1, "administration": "C.H. GUADALQUIVIR", "basin": "GUADALQUIVIR", "catch_skm": 185.0, "catch_skm_basin": 189.0, "comment": null, "elev_masl": 418.0, "elev_max_masl": 1270.0, "end": 2008, "id_basin": 5008, "id_municipality": 23080, "id_saica": null, "id_saih": null, "id_sheet": 907, "lat_wgs84": 38.0127, "lon_wgs84": -3.0617, "municipality": "Santo Tomé", "name": "Santo Tome", "owner": "Estado", "province": "Jaén", "regime": "unknown", "river": "La Vega O Cazorla", "scale_type": null, "sheet": "Villacarrillo (907)", "start": 1999, "station_type": "Encauzamiento con Canal de Aguas Bajas", "system": "Regulación General", "weir": false, "weir_type": null, "x_etrs89": 490803, "y_etrs89": 4208503, "years_daily": 9, "years_instant": 4, "years_monthly": 31, "discharge": 1 }, "geometry": { "type": "Point", "coordinates": [ -3.104787019406186, 38.024179754976814 ] } },
{ "type": "Feature", "properties": { "id": 5137, "active": 1, "administration": "C.H. GUADALQUIVIR", "basin": "GUADALQUIVIR", "catch_skm": 66.0, "catch_skm_basin": 146.0, "comment": null, "elev_masl": 741.0, "elev_max_masl": 2167.0, "end": 2008, "id_basin": 5091, "id_municipality": 23018, "id_saica": null, "id_saih": null, "id_sheet": 947, "lat_wgs84": 37.4021, "lon_wgs84": -3.3358, "municipality": "Cambil", "name": "Cambil", "owner": "Estado", "province": "Jaén", "regime": "unknown", "river": "Cambil", "scale_type": null, "sheet": "Jaén (947)", "start": 2000, "station_type": "Encauzamiento con Canal de Aguas Bajas", "system": "Jaén", "weir": false, "weir_type": null, "x_etrs89": 450076, "y_etrs89": 4169626, "years_daily": 8, "years_instant": 4, "years_monthly": 33, "discharge": 1 }, "geometry": { "type": "Point", "coordinates": [ -3.566116814479714, 37.672464275853358 ] } },
{ "type": "Feature", "properties": { "id": 5138, "active": 1, "administration": "C.H. GUADALQUIVIR", "basin": "GUADALQUIVIR", "catch_skm": 228.0, "catch_skm_basin": 338.0, "comment": null, "elev_masl": 644.0, "elev_max_masl": 1094.0, "end": 2021, "id_basin": 5109, "id_municipality": 13071, "id_saica": null, "id_saih": "A29", "id_sheet": 836, "lat_wgs84": 38.3934, "lon_wgs84": -4.0109, "municipality": "Puertollano", "name": "Puertollano", "owner": "Estado", "province": "Ciudad Real", "regime": "unknown", "river": "Ojailén", "scale_type": null, "sheet": "Mestanza (836)", "start": 1999, "station_type": "Encauzamiento con Canal de Aguas Bajas", "system": "Regulación General", "weir": true, "weir_type": null, "x_etrs89": 411331, "y_etrs89": 4279464, "years_daily": 22, "years_instant": 5, "years_monthly": 30, "discharge": 1 }, "geometry": { "type": "Point", "coordinates": [ -4.019107925324544, 38.659313676112724 ] } },
{ "type": "Feature", "properties": { "id": 5140, "active": 1, "administration": "C.H. GUADALQUIVIR", "basin": "GUADALQUIVIR", "catch_skm": 1685.0, "catch_skm_basin": 1718.0, "comment": null, "elev_masl": 658.0, "elev_max_masl": null, "end": 2008, "id_basin": 5043, "id_municipality": 18064, "id_saica": null, "id_saih": "A02", "id_sheet": 971, "lat_wgs84": 37.3205, "lon_wgs84": -3.0619, "municipality": "Dehesas de Guadix", "name": "Villanueva De Las Torres", "owner": "Estado", "province": "Granada", "regime": "unknown", "river": "Fardes", "scale_type": null, "sheet": "Cuevas del Campo (971)", "start": 1999, "station_type": "Encauzamiento con Canal de Aguas Bajas", "system": "Hoya De Guadix", "weir": false, "weir_type": null, "x_etrs89": 490697, "y_etrs89": 4154202, "years_daily": 9, "years_instant": 4, "years_monthly": 56, "discharge": 1 }, "geometry": { "type": "Point", "coordinates": [ -3.10529817807267, 37.534751640682472 ] } },
{ "type": "Feature", "properties": { "id": 5141, "active": 0, "administration": "C.H. GUADALQUIVIR", "basin": "GUADALQUIVIR", "catch_skm": 407.0, "catch_skm_basin": 408.0, "comment": "INT 2006                                                              ", "elev_masl": 156.0, "elev_max_masl": 823.0, "end": 2006, "id_basin": 5148, "id_municipality": 14043, "id_saica": null, "id_saih": null, "id_sheet": 903, "lat_wgs84": 38.0226, "lon_wgs84": -4.2543, "municipality": "Montoro", "name": "Montoro", "owner": "Estado", "province": "Córdoba", "regime": "unknown", "river": "Arenoso", "scale_type": null, "sheet": "Montoro (903)", "start": 1993, "station_type": "Encauzamiento con Canal de Aguas Bajas", "system": "Regulación General", "weir": false, "weir_type": null, "x_etrs89": 374621, "y_etrs89": 4211287, "years_daily": 13, "years_instant": 2, "years_monthly": 20, "discharge": 1 }, "geometry": { "type": "Point", "coordinates": [ -4.428803071304729, 38.040634748855041 ] } },
{ "type": "Feature", "properties": { "id": 5142, "active": 1, "administration": "C.H. GUADALQUIVIR", "basin": "GUADALQUIVIR", "catch_skm": 670.0, "catch_skm_basin": 810.0, "comment": null, "elev_masl": 229.0, "elev_max_masl": null, "end": 2008, "id_basin": 5140, "id_municipality": 23069, "id_saica": null, "id_saih": "A11", "id_sheet": 924, "lat_wgs84": 37.5233, "lon_wgs84": -4.1251, "municipality": "Porcuna", "name": "Porcuna", "owner": "Estado", "province": "Jaén", "regime": "unknown", "river": "Arroyo De Salado De Porcuna", "scale_type": null, "sheet": "Bujalance (924)", "start": 1999, "station_type": "Encauzamiento con Canal de Aguas Bajas", "system": "Guadajoz", "weir": false, "weir_type": null, "x_etrs89": 393218, "y_etrs89": 4192734, "years_daily": 9, "years_instant": 3, "years_monthly": 38, "discharge": 1 }, "geometry": { "type": "Point", "coordinates": [ -4.21416605651239, 37.875839531994728 ] } },
{ "type": "Feature", "properties": { "id": 5144, "active": 1, "administration": "C.H. GUADALQUIVIR", "basin": "GUADALQUIVIR", "catch_skm": 164.0, "catch_skm_basin": 301.0, "comment": null, "elev_masl": 283.0, "elev_max_masl": null, "end": 2018, "id_basin": 5293, "id_municipality": 41026, "id_saica": null, "id_saih": "A30", "id_sheet": 1006, "lat_wgs84": 37.1743, "lon_wgs84": -4.4543, "municipality": "Casariche", "name": "Casariche", "owner": "Estado", "province": "Sevilla", "regime": "unknown", "river": "Yeguas", "scale_type": "Exterior", "sheet": "Benamejí (1006)", "start": 2011, "station_type": "Encauzamiento con Canal de Aguas Bajas", "system": "Regulación General", "weir": false, "weir_type": null, "x_etrs89": 343816, "y_etrs89": 4129068, "years_daily": 7, "years_instant": 3, "years_monthly": 36, "discharge": 1 }, "geometry": { "type": "Point", "coordinates": [ -4.762107954224928, 37.295126289938963 ] } },
{ "type": "Feature", "properties": { "id": 5145, "active": 1, "administration": "C.H. GUADALQUIVIR", "basin": "GUADALQUIVIR", "catch_skm": 297.0, "catch_skm_basin": 682.0, "comment": null, "elev_masl": 291.0, "elev_max_masl": null, "end": 2008, "id_basin": 5332, "id_municipality": 41073, "id_saica": null, "id_saih": "A12", "id_sheet": 920, "lat_wgs84": 37.5112, "lon_wgs84": -5.4359, "municipality": "El Pedroso", "name": "Pedroso, El", "owner": "Estado", "province": "Sevilla", "regime": "unknown", "river": "Rivera De Huesna", "scale_type": null, "sheet": "Constantina (920)", "start": 1997, "station_type": "Encauzamiento con Canal de Aguas Bajas", "system": "Rivera De Huesna", "weir": false, "weir_type": null, "x_etrs89": 259543, "y_etrs89": 4193065, "years_daily": 11, "years_instant": 5, "years_monthly": 34, "discharge": 1 }, "geometry": { "type": "Point", "coordinates": [ -5.733081094500075, 37.853351038505984 ] } },
{ "type": "Feature", "properties": { "id": 5146, "active": 1, "administration": "C.H. GUADALQUIVIR", "basin": "GUADALQUIVIR", "catch_skm": 476.0, "catch_skm_basin": 1502.0, "comment": null, "elev_masl": 180.0, "elev_max_masl": null, "end": 2021, "id_basin": 5318, "id_municipality": 41077, "id_saica": null, "id_saih": "A31", "id_sheet": 1004, "lat_wgs84": 37.0824, "lon_wgs84": -5.1724, "municipality": "Puebla de Cazalla", "name": "Puebla De Cazalla", "owner": "Estado", "province": "Sevilla", "regime": "unknown", "river": "Corbones", "scale_type": "Exterior", "sheet": "Marchena (1004)", "start": 2016, "station_type": "Encauzamiento con Canal de Aguas Bajas", "system": "Campiña Sevillana", "weir": false, "weir_type": null, "x_etrs89": 296611, "y_etrs89": 4112848, "years_daily": 5, "years_instant": 3, "years_monthly": 35, "discharge": 1 }, "geometry": { "type": "Point", "coordinates": [ -5.289920442050073, 37.139910879623365 ] } },
{ "type": "Feature", "properties": { "id": 5147, "active": 1, "administration": "C.H. GUADALQUIVIR", "basin": "GUADALQUIVIR", "catch_skm": 584.0, "catch_skm_basin": 2019.0, "comment": null, "elev_masl": 279.0, "elev_max_masl": 1008.0, "end": 2021, "id_basin": 5364, "id_municipality": 21079, "id_saica": null, "id_saih": "A50", "id_sheet": 918, "lat_wgs84": 37.5238, "lon_wgs84": -6.2353, "municipality": "Zufre", "name": "Zufre", "owner": "Estado", "province": "Huelva", "regime": "unknown", "river": "Rivera De Huelva", "scale_type": null, "sheet": "Santa Olalla del Cala (918)", "start": 2013, "station_type": "Encauzamiento con Canal de Aguas Bajas", "system": "Sevilla", "weir": false, "weir_type": null, "x_etrs89": 201113, "y_etrs89": 4197629, "years_daily": 8, "years_instant": 5, "years_monthly": 26, "discharge": 1 }, "geometry": { "type": "Point", "coordinates": [ -6.398126677466236, 37.877140095142366 ] } },
{ "type": "Feature", "properties": { "id": 5150, "active": 1, "administration": "C.H. GUADALQUIVIR", "basin": "GUADALQUIVIR", "catch_skm": 416.0, "catch_skm_basin": 416.0, "comment": null, "elev_masl": 7.0, "elev_max_masl": null, "end": 2021, "id_basin": 5404, "id_municipality": 21005, "id_saica": null, "id_saih": null, "id_sheet": 1018, "lat_wgs84": 37.0733, "lon_wgs84": -6.2938, "municipality": "Almonte", "name": "Rocio, El", "owner": "Estado", "province": "Huelva", "regime": "unknown", "river": "Arroyo De La Rocina", "scale_type": "Exterior", "sheet": "El Rocío (1018)", "start": 2013, "station_type": "Dos Vertederos para Aguas Mínimas", "system": "Almonte - Marismas", "weir": true, "weir_type": null, "x_etrs89": 189583, "y_etrs89": 4114562, "years_daily": 8, "years_instant": 0, "years_monthly": 19, "discharge": 1 }, "geometry": { "type": "Point", "coordinates": [ -6.493949508419463, 37.125956700127006 ] } },
{ "type": "Feature", "properties": { "id": 5151, "active": 1, "administration": "C.H. GUADALQUIVIR", "basin": "GUADALQUIVIR", "catch_skm": 291.0, "catch_skm_basin": 292.0, "comment": null, "elev_masl": 16.0, "elev_max_masl": null, "end": 2021, "id_basin": 5403, "id_municipality": 21005, "id_saica": null, "id_saih": null, "id_sheet": 1018, "lat_wgs84": 37.1028, "lon_wgs84": -6.2728, "municipality": "Almonte", "name": "Partido, El", "owner": "Estado", "province": "Huelva", "regime": "unknown", "river": "Arroyo Del Partido", "scale_type": null, "sheet": "El Rocío (1018)", "start": 2014, "station_type": "Encauzamiento con Canal de Aguas Bajas", "system": "Almonte - Marismas", "weir": false, "weir_type": null, "x_etrs89": 193004, "y_etrs89": 4119819, "years_daily": 7, "years_instant": 0, "years_monthly": 13, "discharge": 1 }, "geometry": { "type": "Point", "coordinates": [ -6.457663629680874, 37.174386010425948 ] } },
{ "type": "Feature", "properties": { "id": 5152, "active": 1, "administration": "C.H. GUADALQUIVIR", "basin": "GUADALQUIVIR", "catch_skm": 26.0, "catch_skm_basin": 368.0, "comment": null, "elev_masl": 916.0, "elev_max_masl": 1467.0, "end": 2008, "id_basin": 5252, "id_municipality": 23033, "id_saica": null, "id_saih": null, "id_sheet": 991, "lat_wgs84": 37.2847, "lon_wgs84": -3.5026, "municipality": "Frailes", "name": "Frailes", "owner": "Estado", "province": "Jaén", "regime": "unknown", "river": "Frailes", "scale_type": "Exterior", "sheet": "Iznalloz (991)", "start": 1998, "station_type": "Encauzamiento con Canal de Aguas Bajas", "system": "Alto Genil", "weir": false, "weir_type": null, "x_etrs89": 425688, "y_etrs89": 4148419, "years_daily": 10, "years_instant": 5, "years_monthly": 27, "discharge": 1 }, "geometry": { "type": "Point", "coordinates": [ -3.840492308762815, 37.47968306890229 ] } },
{ "type": "Feature", "properties": { "id": 5155, "active": 1, "administration": "C.H. GUADALQUIVIR", "basin": "GUADALQUIVIR", "catch_skm": 441.0, "catch_skm_basin": 613.0, "comment": null, "elev_masl": 200.0, "elev_max_masl": null, "end": 2021, "id_basin": 5299, "id_municipality": 14002, "id_saica": null, "id_saih": "A16", "id_sheet": 988, "lat_wgs84": 37.2953, "lon_wgs84": -4.4528, "municipality": "Aguilar de la Frontera", "name": "Santaella", "owner": "Estado", "province": "Córdoba", "regime": "unknown", "river": "Cabra", "scale_type": "Exterior", "sheet": "Puente 0 Genil (988)", "start": 2016, "station_type": "Encauzamiento con Canal de Aguas Bajas", "system": "Regulación General", "weir": true, "weir_type": null, "x_etrs89": 344607, "y_etrs89": 4151584, "years_daily": 5, "years_instant": 0, "years_monthly": 18, "discharge": 1 }, "geometry": { "type": "Point", "coordinates": [ -4.757920550504126, 37.498118559394264 ] } },
{ "type": "Feature", "properties": { "id": 5156, "active": 1, "administration": "C.H. GUADALQUIVIR", "basin": "GUADALQUIVIR", "catch_skm": 148.0, "catch_skm_basin": 181.0, "comment": null, "elev_masl": 8.0, "elev_max_masl": null, "end": 2018, "id_basin": 5991, "id_municipality": 41012, "id_saica": null, "id_saih": null, "id_sheet": 1001, "lat_wgs84": 37.1227, "lon_wgs84": -6.1615, "municipality": "Aznalcázar", "name": "Cigüeña, La", "owner": "Estado", "province": "Sevilla", "regime": "unknown", "river": "Cigüeña", "scale_type": "Exterior", "sheet": "Almonte (1001)", "start": 2014, "station_type": "Encauzamiento con Canal de Aguas Bajas", "system": "Almonte - Marismas", "weir": true, "weir_type": null, "x_etrs89": 209725, "y_etrs89": 4122899, "years_daily": 4, "years_instant": 1, "years_monthly": 15, "discharge": 1 }, "geometry": { "type": "Point", "coordinates": [ -6.270821194667885, 37.207448208466843 ] } },
{ "type": "Feature", "properties": { "id": 5163, "active": 1, "administration": "C.H. GUADALQUIVIR", "basin": "GUADALQUIVIR", "catch_skm": 13.0, "catch_skm_basin": 23.0, "comment": null, "elev_masl": 909.0, "elev_max_masl": null, "end": 2019, "id_basin": 5950, "id_municipality": 23073, "id_saica": null, "id_saih": "A38", "id_sheet": 949, "lat_wgs84": 37.4626, "lon_wgs84": -3.0126, "municipality": "Quesada", "name": "Vadillo", "owner": null, "province": "Jaén", "regime": "unknown", "river": "Vadillo", "scale_type": "Exterior", "sheet": "Pozo - Alcón (949)", "start": 2015, "station_type": "Vertedero en V en pared delgada", "system": "Alto Guadiana Menor", "weir": true, "weir_type": null, "x_etrs89": 497887, "y_etrs89": 4180739, "years_daily": 4, "years_instant": 0, "years_monthly": 7, "discharge": 1 }, "geometry": { "type": "Point", "coordinates": [ -3.023993341217948, 37.773985543272936 ] } },
{ "type": "Feature", "properties": { "id": 7001, "active": 1, "administration": "C.H. SEGURA", "basin": "SEGURA", "catch_skm": 1218.0, "catch_skm_basin": 14936.0, "comment": "OBTENCION DE DATOS DIARIOS SEGUN DIA HIDROLOGICO (8 A 8)              ", "elev_masl": 530.0, "elev_max_masl": 2058.0, "end": 2011, "id_basin": 7018, "id_municipality": 2086, "id_saica": null, "id_saih": "04A03A1", "id_sheet": 866, "lat_wgs84": 38.233, "lon_wgs84": -2.1233, "municipality": "Yeste", "name": "Fuensanta", "owner": "ESTADO", "province": "Albacete", "regime": "altered", "river": "Segura", "scale_type": null, "sheet": "YESTE (866)", "start": 1980, "station_type": "ENCAUZAMIENTO CON CANAL DE AGUAS BAJAS", "system": "Segura", "weir": true, "weir_type": null, "x_etrs89": 569049, "y_etrs89": 4250073, "years_daily": 31, "years_instant": 16, "years_monthly": 108, "discharge": 1 }, "geometry": { "type": "Point", "coordinates": [ -2.209273521518044, 38.396212071009046 ] } },
{ "type": "Feature", "properties": { "id": 7003, "active": 1, "administration": "C.H. SEGURA", "basin": "SEGURA", "catch_skm": 754.0, "catch_skm_basin": 2395.0, "comment": "OBTENCION DE DATOS DIARIOS SEGUN DIA HIDROLOGICO (8 A 8)              ", "elev_masl": 475.0, "elev_max_masl": 1797.0, "end": 2014, "id_basin": 7031, "id_municipality": 2037, "id_saica": null, "id_saih": "03R02A1", "id_sheet": 843, "lat_wgs84": 38.3021, "lon_wgs84": -1.5128, "municipality": "Hellín", "name": "Talave", "owner": "ESTADO", "province": "Albacete", "regime": "altered", "river": "Mundo", "scale_type": null, "sheet": "Hellín (843)", "start": 1980, "station_type": "ENCAUZAMIENTO CON CANAL DE AGUAS BAJAS", "system": "Segura", "weir": true, "weir_type": null, "x_etrs89": 599945, "y_etrs89": 4262263, "years_daily": 34, "years_instant": 12, "years_monthly": 106, "discharge": 1 }, "geometry": { "type": "Point", "coordinates": [ -1.853781584470329, 38.503128535438186 ] } },
{ "type": "Feature", "properties": { "id": 7004, "active": 1, "administration": "C.H. SEGURA", "basin": "SEGURA", "catch_skm": 1116.0, "catch_skm_basin": 2395.0, "comment": "OBTENCION DE DATOS DIARIOS SEGUN DIA HIDROLOGICO (8 A 8)              ", "elev_masl": 350.0, "elev_max_masl": 1797.0, "end": 2008, "id_basin": 7031, "id_municipality": 2037, "id_saica": "SE0868E004", "id_saih": "03A04A1", "id_sheet": 868, "lat_wgs84": 38.2422, "lon_wgs84": -1.3926, "municipality": "Hellín", "name": "Azaraque", "owner": "ESTADO", "province": "Albacete", "regime": "altered", "river": "Mundo", "scale_type": null, "sheet": "ISSO (868)", "start": 1984, "station_type": "ENCAUZAMIENTO CON CANAL DE AGUAS BAJAS", "system": "Segura", "weir": true, "weir_type": null, "x_etrs89": 616980, "y_etrs89": 4251698, "years_daily": 24, "years_instant": 10, "years_monthly": 63, "discharge": 1 }, "geometry": { "type": "Point", "coordinates": [ -1.660223598723479, 38.405866025205633 ] } },
{ "type": "Feature", "properties": { "id": 7006, "active": 1, "administration": "C.H. SEGURA", "basin": "SEGURA", "catch_skm": 7111.0, "catch_skm_basin": 14936.0, "comment": "OBTENCION DE DATOS DIARIOS SEGUN DIA HIDROLOGICO (8 A 8)              ", "elev_masl": 210.0, "elev_max_masl": 2081.0, "end": 2015, "id_basin": 7040, "id_municipality": 30019, "id_saica": null, "id_saih": "02A01A1", "id_sheet": 890, "lat_wgs84": 38.1419, "lon_wgs84": -1.3331, "municipality": "Cieza", "name": "Almadenes", "owner": "ESTADO", "province": "Murcia", "regime": "altered", "river": "Segura", "scale_type": null, "sheet": "CALASPARRA (890)", "start": 1980, "station_type": "ENCAUZAMIENTO CON CANAL DE AGUAS BAJAS", "system": "Segura", "weir": false, "weir_type": null, "x_etrs89": 626289, "y_etrs89": 4233192, "years_daily": 35, "years_instant": 36, "years_monthly": 102, "discharge": 1 }, "geometry": { "type": "Point", "coordinates": [ -1.556947257252554, 38.237868554755714 ] } },
{ "type": "Feature", "properties": { "id": 7007, "active": 0, "administration": "C.H. SEGURA", "basin": "SEGURA", "catch_skm": 834.0, "catch_skm_basin": 835.0, "comment": "INT 2015                                                              ", "elev_masl": 270.0, "elev_max_masl": 1949.0, "end": 2015, "id_basin": 7039, "id_municipality": 30013, "id_saica": null, "id_saih": "02E03E1", "id_sheet": 890, "lat_wgs84": 38.1333, "lon_wgs84": -1.3555, "municipality": "Calasparra", "name": "Alfonso Xiii", "owner": "ESTADO", "province": "Murcia", "regime": "altered", "river": "Quípar", "scale_type": null, "sheet": "CALASPARRA (890)", "start": 2011, "station_type": "ENCAUZAMIENTO SIN CANAL DE AGUAS BAJAS", "system": "Segura", "weir": false, "weir_type": null, "x_etrs89": 622679, "y_etrs89": 4231792, "years_daily": 4, "years_instant": 11, "years_monthly": 63, "discharge": 1 }, "geometry": { "type": "Point", "coordinates": [ -1.598427832429407, 38.225754654635452 ] } },
{ "type": "Feature", "properties": { "id": 7012, "active": 0, "administration": "C.H. SEGURA", "basin": "SEGURA", "catch_skm": 5713.0, "catch_skm_basin": 14936.0, "comment": "INT 2006                                                              ", "elev_masl": 258.0, "elev_max_masl": 2081.0, "end": 2006, "id_basin": 7036, "id_municipality": 30013, "id_saica": null, "id_saih": null, "id_sheet": 890, "lat_wgs84": 38.1443, "lon_wgs84": -1.4133, "municipality": "Calasparra", "name": "Calasparra", "owner": "ESTADO", "province": "Murcia", "regime": "unknown", "river": "Segura", "scale_type": null, "sheet": "CALASPARRA (890)", "start": 2002, "station_type": "CAUCE NATURAL", "system": "Segura", "weir": false, "weir_type": null, "x_etrs89": 614389, "y_etrs89": 4233793, "years_daily": 4, "years_instant": 13, "years_monthly": 62, "discharge": 1 }, "geometry": { "type": "Point", "coordinates": [ -1.69279232383172, 38.24487663509948 ] } },
{ "type": "Feature", "properties": { "id": 7013, "active": 1, "administration": "C.H. SEGURA", "basin": "SEGURA", "catch_skm": 2593.0, "catch_skm_basin": 14936.0, "comment": "OBTENCION DE DATOS DIARIOS SEGUN DIA HIDROLOGICO (8 A 8)              ", "elev_masl": 350.0, "elev_max_masl": 2081.0, "end": 2015, "id_basin": 7026, "id_municipality": 30028, "id_saica": "SE0868A013", "id_saih": "04A02A1", "id_sheet": 868, "lat_wgs84": 38.2203, "lon_wgs84": -1.461, "municipality": "Moratalla", "name": "Cenajo", "owner": "ESTADO", "province": "Murcia", "regime": "altered", "river": "Segura", "scale_type": null, "sheet": "ISSO (868)", "start": 1980, "station_type": "ENCAUZAMIENTO CON CANAL DE AGUAS BAJAS", "system": "Segura", "weir": true, "weir_type": null, "x_etrs89": 607489, "y_etrs89": 4247393, "years_daily": 35, "years_instant": 12, "years_monthly": 88, "discharge": 1 }, "geometry": { "type": "Point", "coordinates": [ -1.76955762687183, 38.36826908560937 ] } },
{ "type": "Feature", "properties": { "id": 7016, "active": 1, "administration": "C.H. SEGURA", "basin": "SEGURA", "catch_skm": 8026.0, "catch_skm_basin": 14936.0, "comment": "OBTENCION DE DATOS DIARIOS SEGUN DIA HIDROLOGICO (8 A 8)              ", "elev_masl": 165.0, "elev_max_masl": 2081.0, "end": 2015, "id_basin": 7044, "id_municipality": 30019, "id_saica": "SE0891A016", "id_saih": "02R01A1", "id_sheet": 891, "lat_wgs84": 38.1416, "lon_wgs84": -1.2551, "municipality": "Cieza", "name": "Cieza", "owner": "ESTADO", "province": "Murcia", "regime": "altered", "river": "Segura", "scale_type": "EXTERIOR", "sheet": "CIEZA (891)", "start": 1980, "station_type": "ENCAUZAMIENTO CON CANAL DE AGUAS BAJAS", "system": "Segura", "weir": false, "weir_type": null, "x_etrs89": 637345, "y_etrs89": 4233348, "years_daily": 35, "years_instant": 41, "years_monthly": 109, "discharge": 1 }, "geometry": { "type": "Point", "coordinates": [ -1.430626666532069, 38.237652966547323 ] } },
{ "type": "Feature", "properties": { "id": 7017, "active": 0, "administration": "C.H. SEGURA", "basin": "SEGURA", "catch_skm": 8514.0, "catch_skm_basin": 14936.0, "comment": "INT 2005                                                              ", "elev_masl": 146.0, "elev_max_masl": 2081.0, "end": 2005, "id_basin": 7046, "id_municipality": 30002, "id_saica": null, "id_saih": null, "id_sheet": 891, "lat_wgs84": 38.1202, "lon_wgs84": -1.2313, "municipality": "Abarán", "name": "Abaran", "owner": "ESTADO", "province": "Murcia", "regime": "altered", "river": "Segura", "scale_type": null, "sheet": "CIEZA (891)", "start": 1998, "station_type": "ENCAUZAMIENTO SIN CANAL DE AGUAS BAJAS", "system": "Segura", "weir": false, "weir_type": null, "x_etrs89": 641189, "y_etrs89": 4229292, "years_daily": 7, "years_instant": 18, "years_monthly": 71, "discharge": 1 }, "geometry": { "type": "Point", "coordinates": [ -1.387525891418336, 38.200517076144216 ] } },
{ "type": "Feature", "properties": { "id": 7018, "active": 1, "administration": "C.H. SEGURA", "basin": "SEGURA", "catch_skm": 8754.0, "catch_skm_basin": 14936.0, "comment": "OBTENCION DE DATOS DIARIOS SEGUN DIA HIDROLOGICO (8 A 8)              ", "elev_masl": 87.0, "elev_max_masl": 2081.0, "end": 2015, "id_basin": 7048, "id_municipality": 30009, "id_saica": "SE0912F018", "id_saih": "02R02A1", "id_sheet": 912, "lat_wgs84": 38.0743, "lon_wgs84": -1.181, "municipality": "Archena", "name": "Archena", "owner": "ESTADO", "province": "Murcia", "regime": "altered", "river": "Segura", "scale_type": null, "sheet": "MULA (912)", "start": 1988, "station_type": "ENCAUZAMIENTO CON CANAL DE AGUAS BAJAS", "system": "Segura", "weir": false, "weir_type": null, "x_etrs89": 648663, "y_etrs89": 4221484, "years_daily": 27, "years_instant": 33, "years_monthly": 108, "discharge": 1 }, "geometry": { "type": "Point", "coordinates": [ -1.303832465354342, 38.128974090521609 ] } },
{ "type": "Feature", "properties": { "id": 7019, "active": 0, "administration": "C.H. SEGURA", "basin": "SEGURA", "catch_skm": 156.0, "catch_skm_basin": 647.0, "comment": "INT 1995                                                              ", "elev_masl": 315.0, "elev_max_masl": 1406.0, "end": 1995, "id_basin": 7049, "id_municipality": 30029, "id_saica": null, "id_saih": "01E01A1", "id_sheet": 912, "lat_wgs84": 38.0337, "lon_wgs84": -1.2913, "municipality": "Mula", "name": "Cierva, La", "owner": "ESTADO", "province": "Murcia", "regime": "altered", "river": "Mula", "scale_type": null, "sheet": "MULA (912)", "start": 1980, "station_type": "ENCAUZAMIENTO CON CANAL DE AGUAS BAJAS", "system": "Segura", "weir": false, "weir_type": null, "x_etrs89": 632689, "y_etrs89": 4213532, "years_daily": 15, "years_instant": 4, "years_monthly": 79, "discharge": 1 }, "geometry": { "type": "Point", "coordinates": [ -1.487502887635182, 38.059819663794109 ] } },
{ "type": "Feature", "properties": { "id": 7028, "active": 0, "administration": "C.H. SEGURA", "basin": "SEGURA", "catch_skm": 13603.0, "catch_skm_basin": 14936.0, "comment": "INT 1993                                                              ", "elev_masl": 21.0, "elev_max_masl": 2081.0, "end": 1993, "id_basin": 7069, "id_municipality": 3099, "id_saica": null, "id_saih": "07C03A2", "id_sheet": 913, "lat_wgs84": 38.0512, "lon_wgs84": -0.5721, "municipality": "Orihuela", "name": "Orihuela", "owner": "ESTADO", "province": "Alicante", "regime": "altered", "river": "Segura", "scale_type": null, "sheet": "ORIHUELA (913)", "start": 1980, "station_type": "OTROS", "system": "Segura", "weir": false, "weir_type": null, "x_etrs89": 679649, "y_etrs89": 4217392, "years_daily": 13, "years_instant": 10, "years_monthly": 75, "discharge": 1 }, "geometry": { "type": "Point", "coordinates": [ -0.951518796370321, 38.086482704140543 ] } },
{ "type": "Feature", "properties": { "id": 7029, "active": 0, "administration": "C.H. SEGURA", "basin": "SEGURA", "catch_skm": 14894.0, "catch_skm_basin": 14936.0, "comment": "INT 2011. OBTENCION DE DATOS DIARIOS SEGUN DIA HIDROLOGICO (8 A 8)    ", "elev_masl": 12.0, "elev_max_masl": 1800.0, "end": 2011, "id_basin": 7071, "id_municipality": 3113, "id_saica": null, "id_saih": "07A04A1", "id_sheet": 914, "lat_wgs84": 38.0521, "lon_wgs84": -0.4318, "municipality": "Rojales", "name": "Rojales", "owner": "ESTADO", "province": "Alicante", "regime": "altered", "river": "Segura", "scale_type": "EXTERIOR", "sheet": "GUARDAMAR DEL SEGURA (914)", "start": 1996, "station_type": "ENCAUZAMIENTO CON CANAL DE AGUAS BAJAS", "system": "Segura", "weir": false, "weir_type": null, "x_etrs89": 699812, "y_etrs89": 4218162, "years_daily": 15, "years_instant": 37, "years_monthly": 87, "discharge": 1 }, "geometry": { "type": "Point", "coordinates": [ -0.721550250157647, 38.089185708909326 ] } },
{ "type": "Feature", "properties": { "id": 7030, "active": 1, "administration": "C.H. SEGURA", "basin": "SEGURA", "catch_skm": 14925.0, "catch_skm_basin": 14936.0, "comment": "OBTENCION DE DATOS DIARIOS SEGUN DIA HIDROLOGICO (8 A 8)              ", "elev_masl": 10.0, "elev_max_masl": 2081.0, "end": 2014, "id_basin": 7071, "id_municipality": 3076, "id_saica": null, "id_saih": "07R01A1", "id_sheet": 914, "lat_wgs84": 38.0534, "lon_wgs84": -0.3942, "municipality": "Guardamar del Segura", "name": "Guardamar", "owner": "ESTADO", "province": "Alicante", "regime": "altered", "river": "Segura", "scale_type": null, "sheet": "GUARDAMAR DEL SEGURA (914)", "start": 1980, "station_type": "AZUD EN CAUCE NATURAL", "system": "Segura", "weir": true, "weir_type": null, "x_etrs89": 705061, "y_etrs89": 4218677, "years_daily": 34, "years_instant": 24, "years_monthly": 97, "discharge": 1 }, "geometry": { "type": "Point", "coordinates": [ -0.661593622230525, 38.092647972708598 ] } },
{ "type": "Feature", "properties": { "id": 7037, "active": 0, "administration": "C.H. SEGURA", "basin": "SEGURA", "catch_skm": 5705.0, "catch_skm_basin": 14936.0, "comment": "INT 1986                                                              ", "elev_masl": 270.0, "elev_max_masl": 2081.0, "end": 1986, "id_basin": 7036, "id_municipality": 30013, "id_saica": null, "id_saih": null, "id_sheet": 890, "lat_wgs84": 38.1558, "lon_wgs84": -1.4231, "municipality": "Calasparra", "name": "Cañaverosa", "owner": "ESTADO", "province": "Murcia", "regime": "altered", "river": "Segura", "scale_type": null, "sheet": "CALASPARRA (890)", "start": 1980, "station_type": "AZUD EN CAUCE NATURAL", "system": "Segura", "weir": false, "weir_type": null, "x_etrs89": 612969, "y_etrs89": 4236103, "years_daily": 6, "years_instant": 16, "years_monthly": 39, "discharge": 1 }, "geometry": { "type": "Point", "coordinates": [ -1.708647520441655, 38.265869834644285 ] } },
{ "type": "Feature", "properties": { "id": 7040, "active": 0, "administration": "C.H. SEGURA", "basin": "SEGURA", "catch_skm": 52.0, "catch_skm_basin": 54.0, "comment": "INT 1992                                                              ", "elev_masl": 170.0, "elev_max_masl": 1532.0, "end": 1992, "id_basin": 7065, "id_municipality": 30023, "id_saica": null, "id_saih": "EA-040", "id_sheet": 933, "lat_wgs84": 37.5248, "lon_wgs84": -1.2146, "municipality": "Librilla", "name": "Librilla", "owner": "ESTADO", "province": "Murcia", "regime": "altered", "river": "Rambla De Algeciras", "scale_type": null, "sheet": "ALCANTARILLA (933)", "start": 1985, "station_type": "ENCAUZAMIENTO SIN CANAL DE AGUAS BAJAS", "system": "Segura", "weir": false, "weir_type": null, "x_etrs89": 644009, "y_etrs89": 4193772, "years_daily": 7, "years_instant": 25, "years_monthly": 52, "discharge": 1 }, "geometry": { "type": "Point", "coordinates": [ -1.362475231024662, 37.880066014769568 ] } },
{ "type": "Feature", "properties": { "id": 7043, "active": 0, "administration": "C.H. SEGURA", "basin": "SEGURA", "catch_skm": 1160.0, "catch_skm_basin": 1160.0, "comment": "INT 1992                                                              ", "elev_masl": 356.0, "elev_max_masl": 1355.0, "end": 1992, "id_basin": 7032, "id_municipality": 2037, "id_saica": null, "id_saih": "03M01A1", "id_sheet": 868, "lat_wgs84": 38.2404, "lon_wgs84": -1.3819, "municipality": "Hellín", "name": "Minateda", "owner": "ESTADO", "province": "Albacete", "regime": "altered", "river": "Arroyo Tobarra O  Rambla De Minateda", "scale_type": null, "sheet": "ISSO (868)", "start": 1984, "station_type": "AZUD EN CAUCE NATURAL", "system": "Segura", "weir": false, "weir_type": null, "x_etrs89": 618870, "y_etrs89": 4251183, "years_daily": 8, "years_instant": 18, "years_monthly": 58, "discharge": 1 }, "geometry": { "type": "Point", "coordinates": [ -1.638670016663214, 38.40097660738239 ] } },
{ "type": "Feature", "properties": { "id": 7055, "active": 1, "administration": "C.H. SEGURA", "basin": "SEGURA", "catch_skm": 596.0, "catch_skm_basin": 596.0, "comment": "OBTENCION DE DATOS DIARIOS SEGUN DIA HIDROLOGICO (8 A 8)              ", "elev_masl": 629.0, "elev_max_masl": null, "end": 2006, "id_basin": 7021, "id_municipality": 2042, "id_saica": null, "id_saih": "04A01A1", "id_sheet": 867, "lat_wgs84": 38.2334, "lon_wgs84": -2.0934, "municipality": "Létur", "name": "Taibilla", "owner": "ESTADO  TAIBILLA", "province": "Albacete", "regime": "altered", "river": "Taibilla", "scale_type": "Exterior", "sheet": "Sierra (867)", "start": 1997, "station_type": "Encauzamiento con vertedero en pared delgada", "system": "Segura", "weir": false, "weir_type": null, "x_etrs89": 573412, "y_etrs89": 4249736, "years_daily": 9, "years_instant": 0, "years_monthly": 21, "discharge": 1 }, "geometry": { "type": "Point", "coordinates": [ -2.159349873420343, 38.392827580617372 ] } },
{ "type": "Feature", "properties": { "id": 7057, "active": 1, "administration": "C.H. SEGURA", "basin": "SEGURA", "catch_skm": 2185.0, "catch_skm_basin": 14936.0, "comment": "OBTENCION DE DATOS DIARIOS SEGUN DIA HIDROLOGICO (8 A 8)              ", "elev_masl": 450.0, "elev_max_masl": 2081.0, "end": 2008, "id_basin": 7024, "id_municipality": 2030, "id_saica": null, "id_saih": "04A04A1", "id_sheet": 867, "lat_wgs84": 38.2432, "lon_wgs84": -2.0046, "municipality": "Elche de la Sierra", "name": "Gallego, El", "owner": "ESTADO", "province": "Albacete", "regime": "altered", "river": "Segura", "scale_type": "EXTERIOR", "sheet": "ELCHE DE LA SIERRA (867)", "start": 1980, "station_type": "ENCAUZAMIENTO CON CANAL DE AGUAS BAJAS", "system": "Segura", "weir": false, "weir_type": null, "x_etrs89": 586187, "y_etrs89": 4251635, "years_daily": 28, "years_instant": 16, "years_monthly": 54, "discharge": 1 }, "geometry": { "type": "Point", "coordinates": [ -2.012847618072916, 38.408799058486792 ] } },
{ "type": "Feature", "properties": { "id": 7062, "active": 1, "administration": "C.H. SEGURA", "basin": "SEGURA", "catch_skm": 8557.0, "catch_skm_basin": 14936.0, "comment": "OBTENCION DE DATOS DIARIOS SEGUN DIA HIDROLOGICO (8 A 8)              ", "elev_masl": 118.0, "elev_max_masl": 2081.0, "end": 2014, "id_basin": 7046, "id_municipality": 30031, "id_saica": null, "id_saih": "02A02A1", "id_sheet": 912, "lat_wgs84": 38.0857, "lon_wgs84": -1.2023, "municipality": "Ojós", "name": "Ojos", "owner": "ESTADO", "province": "Murcia", "regime": "altered", "river": "Segura", "scale_type": null, "sheet": "MULA (912)", "start": 1987, "station_type": "ENCAUZAMIENTO CON CANAL DE AGUAS BAJAS", "system": "Segura", "weir": true, "weir_type": null, "x_etrs89": 645486, "y_etrs89": 4223667, "years_daily": 27, "years_instant": 4, "years_monthly": 35, "discharge": 1 }, "geometry": { "type": "Point", "coordinates": [ -1.339620486439936, 38.149158213357225 ] } },
{ "type": "Feature", "properties": { "id": 7063, "active": 1, "administration": "C.H. SEGURA", "basin": "SEGURA", "catch_skm": 9600.0, "catch_skm_basin": 14936.0, "comment": "OBTENCION DE DATOS DIARIOS SEGUN DIA HIDROLOGICO (8 A 8)              ", "elev_masl": 60.0, "elev_max_masl": 2081.0, "end": 2015, "id_basin": 7054, "id_municipality": 30027, "id_saica": "SE0912M063", "id_saih": "01A01A1", "id_sheet": 912, "lat_wgs84": 38.0034, "lon_wgs84": -1.1251, "municipality": "Molina de Segura", "name": "Contraparada", "owner": "ESTADO", "province": "Murcia", "regime": "altered", "river": "Segura", "scale_type": null, "sheet": "MULA (912)", "start": 1980, "station_type": "ENCAUZAMIENTO CON CANAL DE AGUAS BAJAS", "system": "Segura", "weir": true, "weir_type": null, "x_etrs89": 656783, "y_etrs89": 4208373, "years_daily": 35, "years_instant": 10, "years_monthly": 54, "discharge": 1 }, "geometry": { "type": "Point", "coordinates": [ -1.214102670919898, 38.009491027005893 ] } },
{ "type": "Feature", "properties": { "id": 7064, "active": 1, "administration": "C.H. SEGURA", "basin": "SEGURA", "catch_skm": 13478.0, "catch_skm_basin": 14936.0, "comment": "OBTENCION DE DATOS DIARIOS SEGUN DIA HIDROLOGICO (8 A 8)              ", "elev_masl": 30.0, "elev_max_masl": null, "end": 2011, "id_basin": 7069, "id_municipality": 30010, "id_saica": null, "id_saih": "07A01A1", "id_sheet": 913, "lat_wgs84": 38.0253, "lon_wgs84": -1.0022, "municipality": "Beniel", "name": "Beniel", "owner": "ESTADO", "province": "Murcia", "regime": "altered", "river": "Segura", "scale_type": "EXTERIOR", "sheet": "ORIHUELA (913)", "start": 1997, "station_type": "CAUCE NATURAL", "system": "Segura", "weir": false, "weir_type": null, "x_etrs89": 674940, "y_etrs89": 4213033, "years_daily": 14, "years_instant": 14, "years_monthly": 51, "discharge": 1 }, "geometry": { "type": "Point", "coordinates": [ -1.006249941289702, 38.048143343005492 ] } },
{ "type": "Feature", "properties": { "id": 7067, "active": 0, "administration": "C.H. SEGURA", "basin": "SEGURA", "catch_skm": 8045.0, "catch_skm_basin": 14936.0, "comment": "INT 1986                                                              ", "elev_masl": 150.0, "elev_max_masl": 2081.0, "end": 1986, "id_basin": 7044, "id_municipality": 30019, "id_saica": null, "id_saih": null, "id_sheet": 891, "lat_wgs84": 38.1309, "lon_wgs84": -1.2444, "municipality": "CIEZA / 30019", "name": "Menju, El", "owner": null, "province": "MURCIA, PROVINCIA / 30", "regime": "unknown", "river": "Segura", "scale_type": null, "sheet": "CIEZA  (891)                            ", "start": 1980, "station_type": null, "system": "Segura", "weir": false, "weir_type": null, "x_etrs89": 638989, "y_etrs89": 4231242, "years_daily": 6, "years_instant": 12, "years_monthly": 17, "discharge": 1 }, "geometry": { "type": "Point", "coordinates": [ -1.41226071847784, 38.218427191570463 ] } },
{ "type": "Feature", "properties": { "id": 7070, "active": 0, "administration": "C.H. SEGURA", "basin": "SEGURA", "catch_skm": 64.0, "catch_skm_basin": 65.0, "comment": "INT 2015. OBTENCION DE DATOS DIARIOS SEGUN DIA HIDROLOGICO (8 A 8)    ", "elev_masl": 21.0, "elev_max_masl": null, "end": 2008, "id_basin": 7990, "id_municipality": 3080, "id_saica": null, "id_saih": "07C09C1", "id_sheet": 913, "lat_wgs84": 38.0407, "lon_wgs84": -0.523, "municipality": "Jacarilla", "name": "Desagüe De La Pedrera", "owner": "ESTADO", "province": "Alicante", "regime": "altered", "river": "Rambla Del Derramador", "scale_type": "EXTERIOR", "sheet": "ORIHUELA (913)", "start": 1997, "station_type": "ENCAUZAMIENTO CON CANAL DE AGUAS BAJAS", "system": "Segura", "weir": true, "weir_type": null, "x_etrs89": 686417, "y_etrs89": 4215563, "years_daily": 11, "years_instant": 1, "years_monthly": 19, "discharge": 1 }, "geometry": { "type": "Point", "coordinates": [ -0.874870458648287, 38.068639427848375 ] } },
{ "type": "Feature", "properties": { "id": 7102, "active": 0, "administration": "C.H. SEGURA", "basin": "SEGURA", "catch_skm": 376.0, "catch_skm_basin": 596.0, "comment": "INT 2015. OBTENCION DE DATOS DIARIOS SEGUN DIA HIDROLOGICO (8 A 8)    ", "elev_masl": 810.0, "elev_max_masl": 2081.0, "end": 1994, "id_basin": 7021, "id_municipality": 2055, "id_saica": null, "id_saih": null, "id_sheet": 888, "lat_wgs84": 38.135, "lon_wgs84": -2.1627, "municipality": "Nerpio", "name": "Taibilla", "owner": "ESTADO  TAIBILLA", "province": "Albacete", "regime": "altered", "river": "Taibilla", "scale_type": null, "sheet": "YETAS DE ABAJO (888)", "start": 1980, "station_type": "AZUD EN CAUCE NATURAL", "system": "Segura", "weir": false, "weir_type": null, "x_etrs89": 563528, "y_etrs89": 4231634, "years_daily": 14, "years_instant": 1, "years_monthly": 42, "discharge": 1 }, "geometry": { "type": "Point", "coordinates": [ -2.274151682441031, 38.230454937084225 ] } },
{ "type": "Feature", "properties": { "id": 7112, "active": 1, "administration": "C.H. SEGURA", "basin": "SEGURA", "catch_skm": 5687.0, "catch_skm_basin": 14936.0, "comment": "OBTENCION DE DATOS DIARIOS SEGUN DIA HIDROLOGICO (8 A 8)              ", "elev_masl": 268.0, "elev_max_masl": null, "end": 2015, "id_basin": 7036, "id_municipality": 30013, "id_saica": null, "id_saih": "03A03A1", "id_sheet": 890, "lat_wgs84": 38.1502, "lon_wgs84": -1.4204, "municipality": "Calasparra", "name": "Calasparra", "owner": "ESTADO", "province": "Murcia", "regime": "altered", "river": "Segura", "scale_type": null, "sheet": "CALASPARRA (890)", "start": 2003, "station_type": "ENCAUZAMIENTO CON CANAL DE AGUAS BAJAS", "system": "Segura", "weir": false, "weir_type": null, "x_etrs89": 613663, "y_etrs89": 4234412, "years_daily": 12, "years_instant": 2, "years_monthly": 19, "discharge": 1 }, "geometry": { "type": "Point", "coordinates": [ -1.700987609603685, 38.250546054697722 ] } },
{ "type": "Feature", "properties": { "id": 7117, "active": 1, "administration": "C.H. SEGURA", "basin": "SEGURA", "catch_skm": 8486.0, "catch_skm_basin": 14936.0, "comment": "OBTENCION DE DATOS DIARIOS SEGUN DIA HIDROLOGICO (8 A 8)              ", "elev_masl": 154.0, "elev_max_masl": null, "end": 2015, "id_basin": 7046, "id_municipality": 30011, "id_saica": null, "id_saih": "02A04A1", "id_sheet": 891, "lat_wgs84": 38.1045, "lon_wgs84": -1.2241, "municipality": "Blanca", "name": "Blanca", "owner": "ESTADO", "province": "Murcia", "regime": "altered", "river": "Segura", "scale_type": null, "sheet": "CIEZA (891)", "start": 2007, "station_type": "ENCAUZAMIENTO SIN CANAL DE AGUAS BAJAS", "system": "Segura", "weir": false, "weir_type": null, "x_etrs89": 642065, "y_etrs89": 4226923, "years_daily": 8, "years_instant": 0, "years_monthly": 15, "discharge": 1 }, "geometry": { "type": "Point", "coordinates": [ -1.377998566515291, 38.179036972925708 ] } },
{ "type": "Feature", "properties": { "id": 7121, "active": 1, "administration": "C.H. SEGURA", "basin": "SEGURA", "catch_skm": 9741.0, "catch_skm_basin": 14936.0, "comment": "OBTENCION DE DATOS DIARIOS SEGUN DIA HIDROLOGICO (8 A 8)              ", "elev_masl": 45.0, "elev_max_masl": null, "end": 2015, "id_basin": 7054, "id_municipality": 30027, "id_saica": null, "id_saih": "01A02A1", "id_sheet": 934, "lat_wgs84": 37.5906, "lon_wgs84": -1.0959, "municipality": "Molina de Segura", "name": "Rincon De Beniscornia", "owner": "ESTADO", "province": "Murcia", "regime": "altered", "river": "Segura", "scale_type": "EXTERIOR", "sheet": "MURCIA (934)", "start": 2006, "station_type": "ENCAUZAMIENTO CON CANAL DE AGUAS BAJAS", "system": "Segura", "weir": true, "weir_type": null, "x_etrs89": 661030, "y_etrs89": 4205728, "years_daily": 9, "years_instant": 0, "years_monthly": 16, "discharge": 1 }, "geometry": { "type": "Point", "coordinates": [ -1.166341624217019, 37.98491961200164 ] } },
{ "type": "Feature", "properties": { "id": 7124, "active": 1, "administration": "C.H. SEGURA", "basin": "SEGURA", "catch_skm": 2430.0, "catch_skm_basin": 2395.0, "comment": "OBTENCION DE DATOS DIARIOS SEGUN DIA HIDROLOGICO (8 A 8)              ", "elev_masl": 311.0, "elev_max_masl": null, "end": 2013, "id_basin": 7033, "id_municipality": 2037, "id_saica": null, "id_saih": "03R04A1", "id_sheet": 890, "lat_wgs84": 38.1916, "lon_wgs84": -1.3946, "municipality": "Hellín", "name": "Camarillas", "owner": "ESTADO", "province": "Albacete", "regime": "altered", "river": "Mundo", "scale_type": null, "sheet": "CALASPARRA (890)", "start": 2005, "station_type": "ENCAUZAMIENTO CON CANAL DE AGUAS BAJAS", "system": "Segura", "weir": false, "weir_type": null, "x_etrs89": 616894, "y_etrs89": 4242304, "years_daily": 8, "years_instant": 2, "years_monthly": 17, "discharge": 1 }, "geometry": { "type": "Point", "coordinates": [ -1.66276668629155, 38.321238493785522 ] } },
{ "type": "Feature", "properties": { "id": 7128, "active": 0, "administration": "C.H. SEGURA", "basin": "SEGURA", "catch_skm": 13651.0, "catch_skm_basin": 14936.0, "comment": "INT 2013. OBTENCION DE DATOS DIARIOS SEGUN DIA HIDROLOGICO (8 A 8)    ", "elev_masl": 27.0, "elev_max_masl": null, "end": 2011, "id_basin": 7069, "id_municipality": 3099, "id_saica": null, "id_saih": null, "id_sheet": 913, "lat_wgs84": 38.0503, "lon_wgs84": -0.57, "municipality": "Orihuela", "name": "Orihuela", "owner": "ESTADO", "province": "Alicante", "regime": "altered", "river": "Segura", "scale_type": null, "sheet": "ORIHUELA (913)", "start": 2007, "station_type": "ENCAUZAMIENTO SIN CANAL DE AGUAS BAJAS", "system": "Segura", "weir": false, "weir_type": null, "x_etrs89": 679790, "y_etrs89": 4217144, "years_daily": 4, "years_instant": 0, "years_monthly": 7, "discharge": 1 }, "geometry": { "type": "Point", "coordinates": [ -0.949974367595459, 38.084220940354037 ] } },
{ "type": "Feature", "properties": { "id": 7129, "active": 1, "administration": "C.H. SEGURA", "basin": "SEGURA", "catch_skm": 14331.0, "catch_skm_basin": 14936.0, "comment": "OBTENCION DE DATOS DIARIOS SEGUN DIA HIDROLOGICO (8 A 8)              ", "elev_masl": 9.0, "elev_max_masl": null, "end": 2015, "id_basin": 7071, "id_municipality": 3113, "id_saica": null, "id_saih": "07R06A1", "id_sheet": 914, "lat_wgs84": 38.0529, "lon_wgs84": -0.4247, "municipality": "Rojales", "name": "Rojales", "owner": "ESTADO", "province": "Alicante", "regime": "altered", "river": "Segura", "scale_type": null, "sheet": "GUARDAMAR DEL SEGURA (914)", "start": 2007, "station_type": "ENCAUZAMIENTO CON CANAL DE AGUAS BAJAS", "system": "Segura", "weir": false, "weir_type": null, "x_etrs89": 700544, "y_etrs89": 4218420, "years_daily": 8, "years_instant": 0, "years_monthly": 15, "discharge": 1 }, "geometry": { "type": "Point", "coordinates": [ -0.713136972879199, 38.091347049151771 ] } },
{ "type": "Feature", "properties": { "id": 7137, "active": 1, "administration": "C.H. SEGURA", "basin": "SEGURA", "catch_skm": 5137.0, "catch_skm_basin": 14936.0, "comment": "OBTENCION DE DATOS DIARIOS SEGUN DIA HIDROLOGICO (8 A 8)              ", "elev_masl": 300.0, "elev_max_masl": null, "end": 2015, "id_basin": 7034, "id_municipality": 30013, "id_saica": null, "id_saih": "03A02A1", "id_sheet": 890, "lat_wgs84": 38.1708, "lon_wgs84": -1.4123, "municipality": "Calasparra", "name": "Puente Del Bayo", "owner": "ESTADO", "province": "Murcia", "regime": "altered", "river": "Segura", "scale_type": null, "sheet": "CALASPARRA (890)", "start": 2006, "station_type": "CAUCE NATURAL", "system": "Segura", "weir": false, "weir_type": null, "x_etrs89": 614595, "y_etrs89": 4238307, "years_daily": 9, "years_instant": 2, "years_monthly": 15, "discharge": 1 }, "geometry": { "type": "Point", "coordinates": [ -1.689708242191524, 38.285522123949448 ] } },
{ "type": "Feature", "properties": { "id": 7158, "active": 1, "administration": "C.H. SEGURA", "basin": "SEGURA", "catch_skm": 14267.0, "catch_skm_basin": 14936.0, "comment": "OBTENCION DE DATOS DIARIOS SEGUN DIA HIDROLOGICO (8 A 8)              ", "elev_masl": 15.0, "elev_max_masl": null, "end": 2013, "id_basin": 7071, "id_municipality": 3024, "id_saica": null, "id_saih": "07R04A1", "id_sheet": 914, "lat_wgs84": 38.044, "lon_wgs84": -0.5108, "municipality": "Benejuzar", "name": "Benejuzar", "owner": "ESTADO", "province": "Alicante", "regime": "altered", "river": "Segura", "scale_type": null, "sheet": "GUARDAMAR DEL SEGURA (914)", "start": 2006, "station_type": "ENCAUZAMIENTO CON CANAL DE AGUAS BAJAS", "system": "Segura", "weir": false, "weir_type": null, "x_etrs89": 688388, "y_etrs89": 4216634, "years_daily": 7, "years_instant": 2, "years_monthly": 15, "discharge": 1 }, "geometry": { "type": "Point", "coordinates": [ -0.852133597445886, 38.077877003526915 ] } },
{ "type": "Feature", "properties": { "id": 7164, "active": 1, "administration": "C.H. SEGURA", "basin": "SEGURA", "catch_skm": 13274.0, "catch_skm_basin": 14936.0, "comment": "OBTENCION DE DATOS DIARIOS SEGUN DIA HIDROLOGICO (8 A 8)              ", "elev_masl": 33.0, "elev_max_masl": null, "end": 2015, "id_basin": 7067, "id_municipality": 30030, "id_saica": null, "id_saih": "07R02A1", "id_sheet": 913, "lat_wgs84": 38.0045, "lon_wgs84": -1.0238, "municipality": "Murcia", "name": "Alquerias", "owner": "ESTADO", "province": "Murcia", "regime": "altered", "river": "Segura", "scale_type": "EXTERIOR", "sheet": "ORIHUELA (913)", "start": 2006, "station_type": "ENCAUZAMIENTO CON CANAL DE AGUAS BAJAS", "system": "Segura", "weir": false, "weir_type": null, "x_etrs89": 671720, "y_etrs89": 4209013, "years_daily": 9, "years_instant": 1, "years_monthly": 16, "discharge": 1 }, "geometry": { "type": "Point", "coordinates": [ -1.043891124284887, 38.012549416123996 ] } },
{ "type": "Feature", "properties": { "id": 7165, "active": 1, "administration": "C.H. SEGURA", "basin": "SEGURA", "catch_skm": 14254.0, "catch_skm_basin": 14936.0, "comment": "OBTENCION DE DATOS DIARIOS SEGUN DIA HIDROLOGICO (8 A 8)              ", "elev_masl": 17.0, "elev_max_masl": null, "end": 2012, "id_basin": 7071, "id_municipality": 3080, "id_saica": null, "id_saih": "07A03A1", "id_sheet": 913, "lat_wgs84": 38.042, "lon_wgs84": -0.5216, "municipality": "Jacarilla", "name": "Jacarilla", "owner": "ESTADO", "province": "Alicante", "regime": "altered", "river": "Segura", "scale_type": "EXTERIOR", "sheet": "ORIHUELA (913)", "start": 1996, "station_type": "CAUCE NATURAL", "system": "Segura", "weir": false, "weir_type": null, "x_etrs89": 686748, "y_etrs89": 4215983, "years_daily": 16, "years_instant": 8, "years_monthly": 27, "discharge": 1 }, "geometry": { "type": "Point", "coordinates": [ -0.870989814178333, 38.072353908710305 ] } },
{ "type": "Feature", "properties": { "id": 7167, "active": 1, "administration": "C.H. SEGURA", "basin": "SEGURA", "catch_skm": 8015.0, "catch_skm_basin": 14936.0, "comment": "OBTENCION DE DATOS DIARIOS SEGUN DIA HIDROLOGICO (8 A 8)              ", "elev_masl": 180.0, "elev_max_masl": null, "end": 2015, "id_basin": 7044, "id_municipality": 30019, "id_saica": null, "id_saih": "02A03A1", "id_sheet": 891, "lat_wgs84": 38.1314, "lon_wgs84": -1.2456, "municipality": "Cieza", "name": "Menju, El", "owner": "ESTADO", "province": "Murcia", "regime": "altered", "river": "Segura", "scale_type": null, "sheet": "CIEZA (891)", "start": 2008, "station_type": "ENCAUZAMIENTO CON CANAL DE AGUAS BAJAS", "system": "Segura", "weir": false, "weir_type": null, "x_etrs89": 638703, "y_etrs89": 4231485, "years_daily": 7, "years_instant": 1, "years_monthly": 16, "discharge": 1 }, "geometry": { "type": "Point", "coordinates": [ -1.415479191276648, 38.220660543647377 ] } },
{ "type": "Feature", "properties": { "id": 7170, "active": 1, "administration": "C.H. SEGURA", "basin": "SEGURA", "catch_skm": 576.0, "catch_skm_basin": 2395.0, "comment": null, "elev_masl": 538.0, "elev_max_masl": null, "end": 2021, "id_basin": 7031, "id_municipality": 2044, "id_saica": null, "id_saih": "03A05A1", "id_sheet": 842, "lat_wgs84": 38.3232, "lon_wgs84": -1.5751, "municipality": "Liétor", "name": "Mundo, Rio En Lietor", "owner": null, "province": "Albacete", "regime": "unknown", "river": "Mundo", "scale_type": null, "sheet": "LIETOR (842)", "start": 2017, "station_type": null, "system": "Segura", "weir": false, "weir_type": null, "x_etrs89": 590264, "y_etrs89": 4266487, "years_daily": 4, "years_instant": 0, "years_monthly": 5, "discharge": 1 }, "geometry": { "type": "Point", "coordinates": [ -1.96424494722616, 38.542223327142651 ] } },
{ "type": "Feature", "properties": { "id": 7174, "active": 1, "administration": "C.H. SEGURA", "basin": "SEGURA", "catch_skm": 13612.0, "catch_skm_basin": 14936.0, "comment": null, "elev_masl": 33.0, "elev_max_masl": null, "end": 2021, "id_basin": 7069, "id_municipality": 3099, "id_saica": null, "id_saih": "07C03A2", "id_sheet": 913, "lat_wgs84": 38.0435, "lon_wgs84": -0.5815, "municipality": "Orihuela", "name": "Orihuela", "owner": null, "province": "Alicante", "regime": "unknown", "river": "Segura", "scale_type": null, "sheet": "ORIHUELA (913)", "start": 2017, "station_type": null, "system": "Segura", "weir": false, "weir_type": null, "x_etrs89": 677986, "y_etrs89": 4216250, "years_daily": 4, "years_instant": 0, "years_monthly": 5, "discharge": 1 }, "geometry": { "type": "Point", "coordinates": [ -0.970754858489893, 38.076525542784481 ] } },
{ "type": "Feature", "properties": { "id": 7175, "active": 1, "administration": "C.H. SEGURA", "basin": "SEGURA", "catch_skm": 14088.0, "catch_skm_basin": 14936.0, "comment": null, "elev_masl": 22.0, "elev_max_masl": null, "end": 2021, "id_basin": 7069, "id_municipality": 3099, "id_saica": null, "id_saih": "07R03A1", "id_sheet": 913, "lat_wgs84": 38.0504, "lon_wgs84": -0.5358, "municipality": "Orihuela", "name": "Manzano Y Ferrer", "owner": null, "province": "Alicante", "regime": "unknown", "river": "Segura", "scale_type": null, "sheet": "ORIHUELA (913)", "start": 2017, "station_type": null, "system": "Segura", "weir": false, "weir_type": null, "x_etrs89": 684221, "y_etrs89": 4217281, "years_daily": 4, "years_instant": 0, "years_monthly": 5, "discharge": 1 }, "geometry": { "type": "Point", "coordinates": [ -0.899446235942907, 38.084562843830348 ] } },
{ "type": "Feature", "properties": { "id": 7176, "active": 1, "administration": "C.H. SEGURA", "basin": "SEGURA", "catch_skm": 14264.0, "catch_skm_basin": 14936.0, "comment": null, "elev_masl": 12.0, "elev_max_masl": null, "end": 2021, "id_basin": 7071, "id_municipality": 3034, "id_saica": null, "id_saih": "07R05A1", "id_sheet": 914, "lat_wgs84": 38.046, "lon_wgs84": -0.4437, "municipality": "Benijófar", "name": "Formentera", "owner": null, "province": "Alicante", "regime": "unknown", "river": "Segura", "scale_type": null, "sheet": "GUARDAMAR DEL SEGURA (914)", "start": 2017, "station_type": null, "system": "Segura", "weir": false, "weir_type": null, "x_etrs89": 697895, "y_etrs89": 4217451, "years_daily": 4, "years_instant": 0, "years_monthly": 6, "discharge": 1 }, "geometry": { "type": "Point", "coordinates": [ -0.74359094584963, 38.083204315004181 ] } },
{ "type": "Feature", "properties": { "id": 7177, "active": 1, "administration": "C.H. SEGURA", "basin": "SEGURA", "catch_skm": 130.0, "catch_skm_basin": 161.0, "comment": null, "elev_masl": 126.0, "elev_max_masl": null, "end": 2021, "id_basin": 7047, "id_municipality": 30040, "id_saica": null, "id_saih": "02O03A1", "id_sheet": 912, "lat_wgs84": 38.0828, "lon_wgs84": -1.1629, "municipality": "ULEA / 30040", "name": "Tinajon", "owner": null, "province": "MURCIA, PROVINCIA / 30", "regime": "unknown", "river": "Tinajón", "scale_type": null, "sheet": null, "start": 2017, "station_type": null, "system": "Segura", "weir": false, "weir_type": null, "x_etrs89": 651191, "y_etrs89": 4222885, "years_daily": 4, "years_instant": 0, "years_monthly": 5, "discharge": 1 }, "geometry": { "type": "Point", "coordinates": [ -1.27470406450902, 38.141175204157733 ] } },
{ "type": "Feature", "properties": { "id": 7183, "active": 1, "administration": "C.H. SEGURA", "basin": "SEGURA", "catch_skm": 3360.0, "catch_skm_basin": 3390.0, "comment": null, "elev_masl": 48.0, "elev_max_masl": null, "end": 2021, "id_basin": 7066, "id_municipality": 30030, "id_saica": null, "id_saih": "05A01A1", "id_sheet": 934, "lat_wgs84": 37.5651, "lon_wgs84": -1.0841, "municipality": "MURCIA / 30030", "name": "Salabosque", "owner": null, "province": "MURCIA, PROVINCIA / 30", "regime": "unknown", "river": "Salada", "scale_type": null, "sheet": null, "start": 2017, "station_type": null, "system": "Segura", "weir": false, "weir_type": null, "x_etrs89": 663023, "y_etrs89": 4201629, "years_daily": 4, "years_instant": 0, "years_monthly": 5, "discharge": 1 }, "geometry": { "type": "Point", "coordinates": [ -1.144587853433134, 37.947639018921663 ] } },
{ "type": "Feature", "properties": { "id": 7628, "active": 1, "administration": "C.H. SEGURA", "basin": "SEGURA", "catch_skm": 13639.0, "catch_skm_basin": 14936.0, "comment": "OBTENCION DE DATOS DIARIOS SEGUN DIA HIDROLOGICO (8 A 8)              ", "elev_masl": 25.0, "elev_max_masl": null, "end": 2010, "id_basin": 7069, "id_municipality": 3099, "id_saica": null, "id_saih": "07C03A1", "id_sheet": 913, "lat_wgs84": 38.0431, "lon_wgs84": -0.5817, "municipality": "Orihuela", "name": "Azud De Los Huertos", "owner": "ESTADO", "province": "Alicante", "regime": "altered", "river": "Segura", "scale_type": "EXTERIOR", "sheet": "ORIHUELA (913)", "start": 1997, "station_type": "AZUD EN CAUCE NATURAL", "system": "Segura", "weir": true, "weir_type": null, "x_etrs89": 677909, "y_etrs89": 4216118, "years_daily": 13, "years_instant": 3, "years_monthly": 26, "discharge": 1 }, "geometry": { "type": "Point", "coordinates": [ -0.971665090842244, 38.07535175440718 ] } },
{ "type": "Feature", "properties": { "id": 7821, "active": 1, "administration": "C.H. SEGURA", "basin": "SEGURA", "catch_skm": 9578.0, "catch_skm_basin": 14936.0, "comment": "OBTENCION DE DATOS DIARIOS SEGUN DIA HIDROLOGICO (8 A 8)              ", "elev_masl": 45.0, "elev_max_masl": null, "end": 2021, "id_basin": 7054, "id_municipality": 30030, "id_saica": null, "id_saih": "01A03A1", "id_sheet": 934, "lat_wgs84": 37.5846, "lon_wgs84": -1.0815, "municipality": "Murcia", "name": "Murcia", "owner": "ESTADO", "province": "Murcia", "regime": "altered", "river": "Segura", "scale_type": "EXTERIOR", "sheet": "MURCIA (934)", "start": 2017, "station_type": "AZUD EN CAUCE NATURAL", "system": "Segura", "weir": false, "weir_type": null, "x_etrs89": 663584, "y_etrs89": 4205162, "years_daily": 4, "years_instant": 0, "years_monthly": 14, "discharge": 1 }, "geometry": { "type": "Point", "coordinates": [ -1.137402037792631, 37.979364088109506 ] } },
{ "type": "Feature", "properties": { "id": 7850, "active": 1, "administration": "C.H. SEGURA", "basin": "SEGURA", "catch_skm": 581.0, "catch_skm_basin": 2395.0, "comment": "OBTENCION DE DATOS DIARIOS SEGUN DIA HIDROLOGICO (8 A 8)              ", "elev_masl": 530.0, "elev_max_masl": null, "end": 2014, "id_basin": 7031, "id_municipality": 2044, "id_saica": null, "id_saih": "03R03A1", "id_sheet": 842, "lat_wgs84": 38.3206, "lon_wgs84": -1.5647, "municipality": "Liétor", "name": "Azud De Lietor", "owner": null, "province": "Albacete", "regime": "unknown", "river": "Mundo", "scale_type": null, "sheet": "LIÉTOR (842)", "start": 2008, "station_type": null, "system": "Segura", "weir": false, "weir_type": null, "x_etrs89": 591819, "y_etrs89": 4265713, "years_daily": 6, "years_instant": 0, "years_monthly": 13, "discharge": 1 }, "geometry": { "type": "Point", "coordinates": [ -1.946506254616029, 38.535089967564346 ] } },
{ "type": "Feature", "properties": { "id": 8005, "active": 1, "administration": "C.H. JÚCAR", "basin": "JUCAR", "catch_skm": 2504.0, "catch_skm_basin": 4028.0, "comment": null, "elev_masl": 50.0, "elev_max_masl": 2024.0, "end": 2021, "id_basin": 8194, "id_municipality": 12135, "id_saica": null, "id_saih": "1E07", "id_sheet": 641, "lat_wgs84": 39.5736, "lon_wgs84": -0.0721, "municipality": "Villarreal", "name": "Villarreal", "owner": "ESTADO", "province": "Castellón", "regime": "altered", "river": "Mijares", "scale_type": "INTERIOR Y EXTERIOR", "sheet": "CASTELLÓN/CASTELLÓ DE LA PLANA (641)", "start": 1980, "station_type": "ENCAUZAMIENTO CON CANAL DE AGUAS BAJAS", "system": "Mijares-Plana De Castellon", "weir": true, "weir_type": "CAÍDA LIBRE", "x_etrs89": 745823, "y_etrs89": 4427248, "years_daily": 41, "years_instant": 52, "years_monthly": 106, "discharge": 1 }, "geometry": { "type": "Point", "coordinates": [ -0.122058283978182, 39.959670607835548 ] } },
{ "type": "Feature", "properties": { "id": 8012, "active": 0, "administration": "C.H. JÚCAR", "basin": "JUCAR", "catch_skm": 315.0, "catch_skm_basin": 316.0, "comment": "INT 1984                                                              ", "elev_masl": 830.0, "elev_max_masl": 2020.0, "end": 1984, "id_basin": 8177, "id_municipality": 44010, "id_saica": null, "id_saih": null, "id_sheet": 614, "lat_wgs84": 40.084, "lon_wgs84": -0.4505, "municipality": "Albentosa", "name": "Horcajo", "owner": "ESTADO", "province": "Teruel", "regime": "unknown", "river": "Albentosa", "scale_type": null, "sheet": "MANZANERA (614)", "start": 1980, "station_type": null, "system": "Mijares-Plana De Castellon", "weir": false, "weir_type": null, "x_etrs89": 691540, "y_etrs89": 4446221, "years_daily": 4, "years_instant": 8, "years_monthly": 52, "discharge": 1 }, "geometry": { "type": "Point", "coordinates": [ -0.751434953335983, 40.144514914548402 ] } },
{ "type": "Feature", "properties": { "id": 8014, "active": 1, "administration": "C.H. JÚCAR", "basin": "JUCAR", "catch_skm": 95.0, "catch_skm_basin": 6394.0, "comment": null, "elev_masl": 1278.0, "elev_max_masl": 1842.0, "end": 2021, "id_basin": 8130, "id_municipality": 44235, "id_saica": null, "id_saih": "3A02", "id_sheet": 565, "lat_wgs84": 40.2502, "lon_wgs84": -1.3434, "municipality": "Tramacastilla", "name": "Tramacastilla", "owner": "ESTADO", "province": "Teruel", "regime": "natural", "river": "Turia", "scale_type": "INTERIOR Y EXTERIOR", "sheet": "TRAGACETE (565)", "start": 1980, "station_type": "ENCAUZAMIENTO CON CANAL DE AGUAS BAJAS", "system": "Turia", "weir": true, "weir_type": "CAÍDA LIBRE", "x_etrs89": 620797, "y_etrs89": 4475014, "years_daily": 41, "years_instant": 49, "years_monthly": 68, "discharge": 1 }, "geometry": { "type": "Point", "coordinates": [ -1.576172281187164, 40.416990602545297 ] } },
{ "type": "Feature", "properties": { "id": 8015, "active": 1, "administration": "C.H. JÚCAR", "basin": "JUCAR", "catch_skm": 2357.0, "catch_skm_basin": 6394.0, "comment": null, "elev_masl": 851.0, "elev_max_masl": 2024.0, "end": 2021, "id_basin": 8140, "id_municipality": 44216, "id_saica": null, "id_saih": "3A03", "id_sheet": 567, "lat_wgs84": 40.2035, "lon_wgs84": -1.0641, "municipality": "Teruel", "name": "Teruel", "owner": "ESTADO", "province": "Teruel", "regime": "altered", "river": "Turia", "scale_type": "INTERIOR Y EXTERIOR", "sheet": "TERUEL (567)", "start": 1980, "station_type": "ENCAUZAMIENTO CON CANAL DE AGUAS BAJAS", "system": "Turia", "weir": true, "weir_type": "CAÍDA LIBRE", "x_etrs89": 660417, "y_etrs89": 4467541, "years_daily": 41, "years_instant": 50, "years_monthly": 102, "discharge": 1 }, "geometry": { "type": "Point", "coordinates": [ -1.111265349349023, 40.343009134689865 ] } },
{ "type": "Feature", "properties": { "id": 8016, "active": 0, "administration": "C.H. JÚCAR", "basin": "JUCAR", "catch_skm": 3593.0, "catch_skm_basin": 6394.0, "comment": "INT 1984                                                              ", "elev_masl": 707.0, "elev_max_masl": 2024.0, "end": 1984, "id_basin": 8148, "id_municipality": 46001, "id_saica": null, "id_saih": null, "id_sheet": 612, "lat_wgs84": 40.035, "lon_wgs84": -1.1705, "municipality": "Ademuz", "name": "Ademuz", "owner": "ESTADO", "province": "Valencia", "regime": "unknown", "river": "Turia O Guadalaviar", "scale_type": null, "sheet": "ADEMUZ (612)", "start": 1980, "station_type": null, "system": "Turia", "weir": false, "weir_type": null, "x_etrs89": 646281, "y_etrs89": 4436266, "years_daily": 4, "years_instant": 4, "years_monthly": 35, "discharge": 1 }, "geometry": { "type": "Point", "coordinates": [ -1.284741994830792, 40.063962325760009 ] } },
{ "type": "Feature", "properties": { "id": 8018, "active": 1, "administration": "C.H. JÚCAR", "basin": "JUCAR", "catch_skm": 4052.0, "catch_skm_basin": 6394.0, "comment": null, "elev_masl": 540.0, "elev_max_masl": 2024.0, "end": 2021, "id_basin": 8150, "id_municipality": 46247, "id_saica": null, "id_saih": "6A01", "id_sheet": 638, "lat_wgs84": 39.5025, "lon_wgs84": -1.0847, "municipality": "Tuéjar", "name": "Zagra", "owner": "ESTADO", "province": "Valencia", "regime": "altered", "river": "Turia", "scale_type": "INTERIOR Y EXTERIOR", "sheet": "ALPUENTE (638)", "start": 1980, "station_type": "ENCAUZAMIENTO CON CANAL DE AGUAS BAJAS", "system": "Turia", "weir": true, "weir_type": "CAÍDA LIBRE", "x_etrs89": 658611, "y_etrs89": 4411679, "years_daily": 41, "years_instant": 52, "years_monthly": 72, "discharge": 1 }, "geometry": { "type": "Point", "coordinates": [ -1.146220975597458, 39.84032269820387 ] } },
{ "type": "Feature", "properties": { "id": 8022, "active": 1, "administration": "C.H. JÚCAR", "basin": "JUCAR", "catch_skm": 5375.0, "catch_skm_basin": 6394.0, "comment": null, "elev_masl": 160.0, "elev_max_masl": 2024.0, "end": 2021, "id_basin": 8158, "id_municipality": 46076, "id_saica": null, "id_saih": "OA01", "id_sheet": 695, "lat_wgs84": 39.3618, "lon_wgs84": -0.4658, "municipality": "Bugarra", "name": "Bugarra", "owner": "ESTADO", "province": "Valencia", "regime": "altered", "river": "Turia", "scale_type": "EXTERIOR", "sheet": "LIRIA (695)", "start": 2008, "station_type": "ENCAUZAMIENTO FONDO NATURAL Y VERTEDERO", "system": "Turia", "weir": true, "weir_type": "PARED GRUESA", "x_etrs89": 690350, "y_etrs89": 4386262, "years_daily": 13, "years_instant": 33, "years_monthly": 90, "discharge": 1 }, "geometry": { "type": "Point", "coordinates": [ -0.782853725538416, 39.60496337013619 ] } },
{ "type": "Feature", "properties": { "id": 8024, "active": 0, "administration": "C.H. JÚCAR", "basin": "JUCAR", "catch_skm": 82.0, "catch_skm_basin": 83.0, "comment": "INT 1985                                                              ", "elev_masl": 140.0, "elev_max_masl": 1558.0, "end": 1985, "id_basin": 8016, "id_municipality": 3098, "id_saica": null, "id_saih": null, "id_sheet": 847, "lat_wgs84": 38.3335, "lon_wgs84": -0.1533, "municipality": "Orcheta", "name": "Orcheta", "owner": "ESTADO", "province": "Alicante", "regime": "unknown", "river": "Sella", "scale_type": null, "sheet": "VILLAJOYOSA (847)", "start": 1980, "station_type": null, "system": "Marina Baja", "weir": false, "weir_type": null, "x_etrs89": 738815, "y_etrs89": 4271487, "years_daily": 5, "years_instant": 22, "years_monthly": 37, "discharge": 1 }, "geometry": { "type": "Point", "coordinates": [ -0.2591980306013, 38.559764533157988 ] } },
{ "type": "Feature", "properties": { "id": 8025, "active": 1, "administration": "C.H. JÚCAR", "basin": "JUCAR", "catch_skm": 6294.0, "catch_skm_basin": 6394.0, "comment": null, "elev_masl": 50.0, "elev_max_masl": 2024.0, "end": 2021, "id_basin": 8164, "id_municipality": 46159, "id_saica": null, "id_saih": "OE03", "id_sheet": 696, "lat_wgs84": 39.3117, "lon_wgs84": -0.302, "municipality": "Manises", "name": "Presa, La", "owner": "ESTADO", "province": "Valencia", "regime": "altered", "river": "Turia", "scale_type": "EXTERIOR", "sheet": "BURJASSOT (696)", "start": 1992, "station_type": "ENCAUZAMIENTO CON CANAL DE AGUAS BAJAS", "system": "Turia", "weir": true, "weir_type": "CREAGER", "x_etrs89": 714417, "y_etrs89": 4377602, "years_daily": 29, "years_instant": 58, "years_monthly": 108, "discharge": 1 }, "geometry": { "type": "Point", "coordinates": [ -0.505559637389322, 39.521321275250514 ] } },
{ "type": "Feature", "properties": { "id": 8027, "active": 1, "administration": "C.H. JÚCAR", "basin": "JUCAR", "catch_skm": 1396.0, "catch_skm_basin": 1398.0, "comment": null, "elev_masl": 885.0, "elev_max_masl": 2024.0, "end": 2014, "id_basin": 8139, "id_municipality": 44216, "id_saica": null, "id_saih": "3A03", "id_sheet": 567, "lat_wgs84": 40.2126, "lon_wgs84": -1.0717, "municipality": "Teruel", "name": "Teruel", "owner": "ESTADO", "province": "Teruel", "regime": "unknown", "river": "Alfambra", "scale_type": "INTERIOR Y EXTERIOR", "sheet": "TERUEL (567)", "start": 1980, "station_type": "ENCAUZAMIENTO CON CANAL DE AGUAS BAJAS", "system": "Turia", "weir": true, "weir_type": "CAÍDA LIBRE", "x_etrs89": 659525, "y_etrs89": 4469092, "years_daily": 34, "years_instant": 59, "years_monthly": 108, "discharge": 1 }, "geometry": { "type": "Point", "coordinates": [ -1.121374698906797, 40.357145952845556 ] } },
{ "type": "Feature", "properties": { "id": 8028, "active": 1, "administration": "C.H. JÚCAR", "basin": "JUCAR", "catch_skm": 478.0, "catch_skm_basin": 1398.0, "comment": null, "elev_masl": 1060.0, "elev_max_masl": 2024.0, "end": 2021, "id_basin": 8137, "id_municipality": 44182, "id_saica": null, "id_saih": "3A01", "id_sheet": 542, "lat_wgs84": 40.3653, "lon_wgs84": -0.5833, "municipality": "Perales del Alfambra", "name": "Villalba Alta", "owner": "ESTADO", "province": "Teruel", "regime": "natural", "river": "Alfambra", "scale_type": "INTERIOR Y EXTERIOR", "sheet": "ALFAMBRA (542)", "start": 1983, "station_type": "ENCAUZAMIENTO CON CANAL DE AGUAS BAJAS", "system": "Turia", "weir": true, "weir_type": "CAÍDA LIBRE", "x_etrs89": 671240, "y_etrs89": 4497927, "years_daily": 38, "years_instant": 56, "years_monthly": 77, "discharge": 1 }, "geometry": { "type": "Point", "coordinates": [ -0.975705237544245, 40.614437308983675 ] } },
{ "type": "Feature", "properties": { "id": 8029, "active": 1, "administration": "C.H. JÚCAR", "basin": "JUCAR", "catch_skm": 320.0, "catch_skm_basin": 1301.0, "comment": null, "elev_masl": 162.0, "elev_max_masl": null, "end": 2021, "id_basin": 8109, "id_municipality": 46173, "id_saica": null, "id_saih": "7A03", "id_sheet": 795, "lat_wgs84": 38.5331, "lon_wgs84": -0.2944, "municipality": "Montaberner", "name": "Montaberner", "owner": "ESTADO", "province": "Valencia", "regime": "natural", "river": "Albaida", "scale_type": "INTERIOR Y EXTERIOR", "sheet": "JÁTIVA (795)", "start": 1990, "station_type": "ENCAUZAMIENTO CON CANAL DE AGUAS BAJAS", "system": "Júcar", "weir": true, "weir_type": "CAÍDA LIBRE", "x_etrs89": 717226, "y_etrs89": 4307736, "years_daily": 31, "years_instant": 15, "years_monthly": 32, "discharge": 1 }, "geometry": { "type": "Point", "coordinates": [ -0.495363720964256, 38.891658821684068 ] } },
{ "type": "Feature", "properties": { "id": 8030, "active": 1, "administration": "C.H. JÚCAR", "basin": "JUCAR", "catch_skm": 665.0, "catch_skm_basin": 4028.0, "comment": null, "elev_masl": 845.0, "elev_max_masl": 2024.0, "end": 2021, "id_basin": 8176, "id_municipality": 44210, "id_saica": null, "id_saih": "2E01", "id_sheet": 614, "lat_wgs84": 40.0949, "lon_wgs84": -0.4626, "municipality": "Sarrión", "name": "Terde, El", "owner": "ESTADO", "province": "Teruel", "regime": "natural", "river": "Mijares", "scale_type": "INTERIOR Y EXTERIOR", "sheet": "MANZANERA (614)", "start": 1980, "station_type": "ENCAUZAMIENTO CON CANAL DE AGUAS BAJAS", "system": "Mijares-Plana De Castellon", "weir": true, "weir_type": "CREAGER", "x_etrs89": 689582, "y_etrs89": 4448299, "years_daily": 41, "years_instant": 57, "years_monthly": 76, "discharge": 1 }, "geometry": { "type": "Point", "coordinates": [ -0.773793135079231, 40.163666580060649 ] } },
{ "type": "Feature", "properties": { "id": 8032, "active": 1, "administration": "C.H. JÚCAR", "basin": "JUCAR", "catch_skm": 984.0, "catch_skm_basin": 21579.0, "comment": null, "elev_masl": 916.0, "elev_max_masl": 1839.0, "end": 2021, "id_basin": 8040, "id_municipality": 16078, "id_saica": null, "id_saih": "4A01", "id_sheet": 610, "lat_wgs84": 40.0423, "lon_wgs84": -2.0834, "municipality": "Cuenca", "name": "Cuenca", "owner": "ESTADO", "province": "Cuenca", "regime": "altered", "river": "Júcar", "scale_type": "INTERIOR Y EXTERIOR", "sheet": "CUENCA (610)", "start": 1980, "station_type": "ENCAUZAMIENTO CON CANAL DE AGUAS BAJAS", "system": "Júcar", "weir": true, "weir_type": "CAÍDA LIBRE", "x_etrs89": 573091, "y_etrs89": 4436212, "years_daily": 41, "years_instant": 60, "years_monthly": 110, "discharge": 1 }, "geometry": { "type": "Point", "coordinates": [ -2.142821411319281, 40.073004120843308 ] } },
{ "type": "Feature", "properties": { "id": 8036, "active": 1, "administration": "C.H. JÚCAR", "basin": "JUCAR", "catch_skm": 5403.0, "catch_skm_basin": 21579.0, "comment": null, "elev_masl": 616.0, "elev_max_masl": 1839.0, "end": 2021, "id_basin": 8050, "id_municipality": 2003, "id_saica": null, "id_saih": "7A05", "id_sheet": 766, "lat_wgs84": 39.0815, "lon_wgs84": -1.4459, "municipality": "Albacete", "name": "Frailes, Los", "owner": "ESTADO", "province": "Albacete", "regime": "altered", "river": "Júcar", "scale_type": "INTERIOR Y EXTERIOR", "sheet": "VALDEGANGA (766)", "start": 1992, "station_type": "ENCAUZAMIENTO SIN CANAL DE AGUAS BAJAS", "system": "Júcar", "weir": true, "weir_type": "CAÍDA LIBRE", "x_etrs89": 608082, "y_etrs89": 4332792, "years_daily": 29, "years_instant": 53, "years_monthly": 106, "discharge": 1 }, "geometry": { "type": "Point", "coordinates": [ -1.74941546351228, 39.137609378382749 ] } },
{ "type": "Feature", "properties": { "id": 8039, "active": 0, "administration": "C.H. JÚCAR", "basin": "JUCAR", "catch_skm": 16955.0, "catch_skm_basin": 21579.0, "comment": "INT 1992                                                              ", "elev_masl": 310.0, "elev_max_masl": null, "end": 1992, "id_basin": 8098, "id_municipality": 46097, "id_saica": null, "id_saih": null, "id_sheet": 745, "lat_wgs84": 39.1427, "lon_wgs84": -1.0205, "municipality": "Cofrentes", "name": "Confluencia", "owner": "ESTADO", "province": "Valencia", "regime": "altered", "river": "Júcar", "scale_type": null, "sheet": "JALANCE (745)", "start": 1983, "station_type": null, "system": "Júcar", "weir": false, "weir_type": null, "x_etrs89": 669605, "y_etrs89": 4345337, "years_daily": 9, "years_instant": 0, "years_monthly": 39, "discharge": 1 }, "geometry": { "type": "Point", "coordinates": [ -1.034725599706936, 39.240778352935507 ] } },
{ "type": "Feature", "properties": { "id": 8042, "active": 1, "administration": "C.H. JÚCAR", "basin": "JUCAR", "catch_skm": 17821.0, "catch_skm_basin": 21579.0, "comment": null, "elev_masl": 54.0, "elev_max_masl": 1839.0, "end": 2021, "id_basin": 8104, "id_municipality": 46236, "id_saica": null, "id_saih": "7E04", "id_sheet": 769, "lat_wgs84": 39.0733, "lon_wgs84": -0.3844, "municipality": "Sumacárcer", "name": "Tous Salida Embalse", "owner": "ESTADO", "province": "Valencia", "regime": "altered", "river": "Júcar", "scale_type": "INTERIOR Y EXTERIOR", "sheet": "NAVARRÉS (769)", "start": 1998, "station_type": "ENCAUZAMIENTO SIN CANAL DE AGUAS BAJAS", "system": "Júcar", "weir": true, "weir_type": "PARED DELGADA", "x_etrs89": 703540, "y_etrs89": 4333362, "years_daily": 23, "years_instant": 47, "years_monthly": 102, "discharge": 1 }, "geometry": { "type": "Point", "coordinates": [ -0.645395216316578, 39.125666189687152 ] } },
{ "type": "Feature", "properties": { "id": 8057, "active": 0, "administration": "C.H. JÚCAR", "basin": "JUCAR", "catch_skm": 261.0, "catch_skm_basin": 261.0, "comment": "INT 1984                                                              ", "elev_masl": 154.0, "elev_max_masl": 1081.0, "end": 1984, "id_basin": 8108, "id_municipality": 46027, "id_saica": null, "id_saih": null, "id_sheet": 795, "lat_wgs84": 38.5327, "lon_wgs84": -0.2959, "municipality": null, "name": "Montaberner", "owner": "ESTADO", "province": null, "regime": "unknown", "river": "Clariano", "scale_type": null, "sheet": "JÁTIVA (795)", "start": 1980, "station_type": null, "system": "Júcar", "weir": false, "weir_type": null, "x_etrs89": 716859, "y_etrs89": 4307628, "years_daily": 4, "years_instant": 4, "years_monthly": 58, "discharge": 1 }, "geometry": { "type": "Point", "coordinates": [ -0.499625620829249, 38.890777170629292 ] } },
{ "type": "Feature", "properties": { "id": 8060, "active": 1, "administration": "C.H. JÚCAR", "basin": "JUCAR", "catch_skm": 668.0, "catch_skm_basin": 1544.0, "comment": null, "elev_masl": 650.0, "elev_max_masl": 1419.0, "end": 2021, "id_basin": 8121, "id_municipality": 46213, "id_saica": null, "id_saih": "5A02", "id_sheet": 720, "lat_wgs84": 39.2842, "lon_wgs84": -1.07, "municipality": "Requena", "name": "Requena", "owner": "ESTADO", "province": "Valencia", "regime": "natural", "river": "Magro", "scale_type": "INTERIOR Y EXTERIOR", "sheet": "REQUENA (720)", "start": 2004, "station_type": "ENCAUZAMIENTO CON CANAL DE AGUAS BAJAS", "system": "Júcar", "weir": true, "weir_type": "CAÍDA LIBRE", "x_etrs89": 661989, "y_etrs89": 4371544, "years_daily": 17, "years_instant": 21, "years_monthly": 86, "discharge": 1 }, "geometry": { "type": "Point", "coordinates": [ -1.116599785936993, 39.478252309620082 ] } },
{ "type": "Feature", "properties": { "id": 8071, "active": 1, "administration": "C.H. JÚCAR", "basin": "JUCAR", "catch_skm": 547.0, "catch_skm_basin": 753.0, "comment": null, "elev_masl": 190.0, "elev_max_masl": null, "end": 2013, "id_basin": 8029, "id_municipality": 46255, "id_saica": null, "id_saih": null, "id_sheet": 795, "lat_wgs84": 38.5215, "lon_wgs84": -0.1659, "municipality": "Villalonga", "name": "Villalonga", "owner": "ESTADO", "province": "Valencia", "regime": "altered", "river": "Serpis", "scale_type": "EXTERIOR", "sheet": "JÁTIVA (795)", "start": 1998, "station_type": "ENCAUZAMIENTO SIN CANAL DE AGUAS BAJAS", "system": "Serpis", "weir": false, "weir_type": null, "x_etrs89": 735681, "y_etrs89": 4305931, "years_daily": 15, "years_instant": 10, "years_monthly": 66, "discharge": 1 }, "geometry": { "type": "Point", "coordinates": [ -0.283409041801969, 38.870655019008517 ] } },
{ "type": "Feature", "properties": { "id": 8074, "active": 1, "administration": "C.H. JÚCAR", "basin": "JUCAR", "catch_skm": 478.0, "catch_skm_basin": 911.0, "comment": null, "elev_masl": 370.0, "elev_max_masl": 1618.0, "end": 2021, "id_basin": 8168, "id_municipality": 12081, "id_saica": null, "id_saih": "0E01", "id_sheet": 640, "lat_wgs84": 39.5301, "lon_wgs84": -0.3053, "municipality": "Navajas", "name": "Fuente Del Baño, La", "owner": "ESTADO", "province": "Castellón", "regime": "altered", "river": "Palancia", "scale_type": "INTERIOR Y EXTERIOR", "sheet": "SEGORBE (640)", "start": 1980, "station_type": "ENCAUZAMIENTO CON CANAL DE AGUAS BAJAS", "system": "Palancia Y Los Valles", "weir": true, "weir_type": "CREAGER", "x_etrs89": 712525, "y_etrs89": 4417788, "years_daily": 41, "years_instant": 54, "years_monthly": 75, "discharge": 1 }, "geometry": { "type": "Point", "coordinates": [ -0.514599493036363, 39.883538279617547 ] } },
{ "type": "Feature", "properties": { "id": 8078, "active": 0, "administration": "C.H. JÚCAR", "basin": "JUCAR", "catch_skm": 103.0, "catch_skm_basin": 205.0, "comment": "INT 1987                                                              ", "elev_masl": 170.0, "elev_max_masl": 1202.0, "end": 1987, "id_basin": 8015, "id_municipality": 3098, "id_saica": null, "id_saih": null, "id_sheet": 847, "lat_wgs84": 38.3328, "lon_wgs84": -0.1622, "municipality": "Orcheta", "name": "Orcheta", "owner": "ESTADO", "province": "Alicante", "regime": "unknown", "river": "Amadorio", "scale_type": null, "sheet": "VILLAJOYOSA (847)", "start": 1980, "station_type": null, "system": "Marina Baja", "weir": false, "weir_type": null, "x_etrs89": 737640, "y_etrs89": 4271237, "years_daily": 7, "years_instant": 24, "years_monthly": 71, "discharge": 1 }, "geometry": { "type": "Point", "coordinates": [ -0.272754023139062, 38.557828931702012 ] } },
{ "type": "Feature", "properties": { "id": 8087, "active": 1, "administration": "C.H. JÚCAR", "basin": "JUCAR", "catch_skm": 187.0, "catch_skm_basin": 208.0, "comment": null, "elev_masl": 830.0, "elev_max_masl": 1062.0, "end": 2021, "id_basin": 8045, "id_municipality": 16034, "id_saica": null, "id_saih": "4R04", "id_sheet": 662, "lat_wgs84": 39.4906, "lon_wgs84": -2.2042, "municipality": "Belmontejo", "name": "Belmontejo", "owner": "ESTADO", "province": "Cuenca", "regime": "natural", "river": "Marimota", "scale_type": "INTERIOR Y EXTERIOR", "sheet": "VALVERDE DE JÚCAR (662)", "start": 1980, "station_type": "ENCAUZAMIENTO SIN CANAL DE AGUAS BAJAS", "system": "Júcar", "weir": true, "weir_type": "CAÍDA LIBRE", "x_etrs89": 556065, "y_etrs89": 4407798, "years_daily": 41, "years_instant": 30, "years_monthly": 92, "discharge": 1 }, "geometry": { "type": "Point", "coordinates": [ -2.344926619715648, 39.818319352092068 ] } },
{ "type": "Feature", "properties": { "id": 8089, "active": 1, "administration": "C.H. JÚCAR", "basin": "JUCAR", "catch_skm": 21497.0, "catch_skm_basin": 21579.0, "comment": null, "elev_masl": 18.0, "elev_max_masl": 1839.0, "end": 2012, "id_basin": 8126, "id_municipality": 46029, "id_saica": null, "id_saih": "7A02", "id_sheet": 747, "lat_wgs84": 39.1118, "lon_wgs84": -0.2437, "municipality": "Algemesí", "name": "Huerto Mulet", "owner": "ESTADO", "province": "Valencia", "regime": "altered", "river": "Júcar", "scale_type": "INTERIOR Y EXTERIOR", "sheet": "SUECA (747)", "start": 1993, "station_type": "ENCAUZAMIENTO CON FONDO NATURAL", "system": "Júcar", "weir": false, "weir_type": null, "x_etrs89": 723697, "y_etrs89": 4340863, "years_daily": 19, "years_instant": 55, "years_monthly": 76, "discharge": 1 }, "geometry": { "type": "Point", "coordinates": [ -0.409949813823792, 39.188247895094243 ] } },
{ "type": "Feature", "properties": { "id": 8090, "active": 1, "administration": "C.H. JÚCAR", "basin": "JUCAR", "catch_skm": 829.0, "catch_skm_basin": 4754.0, "comment": null, "elev_masl": 940.0, "elev_max_masl": 1839.0, "end": 2021, "id_basin": 8077, "id_municipality": 16147, "id_saica": null, "id_saih": "5A01", "id_sheet": 636, "lat_wgs84": 39.5625, "lon_wgs84": -1.424, "municipality": "Pajaroncillo", "name": "Pajaroncillo", "owner": "ESTADO", "province": "Cuenca", "regime": "natural", "river": "Cabriel", "scale_type": "INTERIOR Y EXTERIOR", "sheet": "VILLAR DEL HUMO (636)", "start": 1980, "station_type": "ENCAUZAMIENTO CON CANAL DE AGUAS BAJAS", "system": "Júcar", "weir": true, "weir_type": "CAÍDA LIBRE", "x_etrs89": 610121, "y_etrs89": 4421931, "years_daily": 41, "years_instant": 57, "years_monthly": 73, "discharge": 1 }, "geometry": { "type": "Point", "coordinates": [ -1.71105851815215, 39.940341313690581 ] } },
{ "type": "Feature", "properties": { "id": 8091, "active": 1, "administration": "C.H. JÚCAR", "basin": "JUCAR", "catch_skm": 1793.0, "catch_skm_basin": 21579.0, "comment": null, "elev_masl": 817.0, "elev_max_masl": 1839.0, "end": 2021, "id_basin": 8044, "id_municipality": 16191, "id_saica": null, "id_saih": "4A02", "id_sheet": 634, "lat_wgs84": 39.5108, "lon_wgs84": -2.1718, "municipality": "San Lorenzo de la Parrilla", "name": "Castellar", "owner": "ESTADO", "province": "Cuenca", "regime": "natural", "river": "Júcar", "scale_type": "INTERIOR Y EXTERIOR", "sheet": "SAN LORENZO DE LA PARRILLA (634)", "start": 1993, "station_type": "ENCAUZAMIENTO SIN CANAL DE AGUAS BAJAS", "system": "Júcar", "weir": true, "weir_type": "CAÍDA LIBRE", "x_etrs89": 560890, "y_etrs89": 4411592, "years_daily": 28, "years_instant": 37, "years_monthly": 56, "discharge": 1 }, "geometry": { "type": "Point", "coordinates": [ -2.288201626116713, 39.852168907090501 ] } },
{ "type": "Feature", "properties": { "id": 8092, "active": 1, "administration": "C.H. JÚCAR", "basin": "JUCAR", "catch_skm": 720.0, "catch_skm_basin": 744.0, "comment": null, "elev_masl": 670.0, "elev_max_masl": 1597.0, "end": 2021, "id_basin": 8088, "id_municipality": 16126, "id_saica": null, "id_saih": "4R01", "id_sheet": 664, "lat_wgs84": 39.4001, "lon_wgs84": -1.3329, "municipality": "Mira", "name": "Camporrobles", "owner": "ESTADO", "province": "Cuenca", "regime": "natural", "river": "Ojos De Moya", "scale_type": "INTERIOR Y EXTERIOR", "sheet": "ENGUIDANOS (664)", "start": 1980, "station_type": "ENCAUZAMIENTO CON CANAL DE AGUAS BAJAS", "system": "Júcar", "weir": true, "weir_type": "CAÍDA LIBRE", "x_etrs89": 623310, "y_etrs89": 4392210, "years_daily": 41, "years_instant": 30, "years_monthly": 95, "discharge": 1 }, "geometry": { "type": "Point", "coordinates": [ -1.562315412281038, 39.670817989364124 ] } },
{ "type": "Feature", "properties": { "id": 8093, "active": 1, "administration": "C.H. JÚCAR", "basin": "JUCAR", "catch_skm": 1075.0, "catch_skm_basin": 1544.0, "comment": null, "elev_masl": 290.0, "elev_max_masl": 1419.0, "end": 2021, "id_basin": 8123, "id_municipality": 46158, "id_saica": null, "id_saih": "0R01", "id_sheet": 721, "lat_wgs84": 39.2038, "lon_wgs84": -0.4932, "municipality": "Macastre", "name": "Macastre", "owner": "ESTADO", "province": "Valencia", "regime": "altered", "river": "Magro", "scale_type": "INTERIOR Y EXTERIOR", "sheet": "CHESTE (721)", "start": 1994, "station_type": "ENCAUZAMIENTO CON CANAL DE AGUAS BAJAS", "system": "Júcar", "weir": true, "weir_type": "CAÍDA LIBRE", "x_etrs89": 687400, "y_etrs89": 4357201, "years_daily": 27, "years_instant": 49, "years_monthly": 89, "discharge": 1 }, "geometry": { "type": "Point", "coordinates": [ -0.825357074935677, 39.343945953137933 ] } },
{ "type": "Feature", "properties": { "id": 8096, "active": 1, "administration": "C.H. JÚCAR", "basin": "JUCAR", "catch_skm": 815.0, "catch_skm_basin": 6394.0, "comment": null, "elev_masl": 918.0, "elev_max_masl": 1855.0, "end": 2021, "id_basin": 8134, "id_municipality": 44216, "id_saica": null, "id_saih": "3R02", "id_sheet": 566, "lat_wgs84": 40.2134, "lon_wgs84": -1.1147, "municipality": "Teruel", "name": "Arquillo San Blas Salida E.", "owner": "ESTADO", "province": "Teruel", "regime": "altered", "river": "Turia", "scale_type": "INTERIOR Y EXTERIOR", "sheet": "CELLA (566)", "start": 1980, "station_type": "ENCAUZAMIENTO CON CANAL DE AGUAS BAJAS", "system": "Turia", "weir": true, "weir_type": "CAÍDA LIBRE", "x_etrs89": 653152, "y_etrs89": 4469211, "years_daily": 41, "years_instant": 51, "years_monthly": 72, "discharge": 1 }, "geometry": { "type": "Point", "coordinates": [ -1.196360962001996, 40.359412046926955 ] } },
{ "type": "Feature", "properties": { "id": 8097, "active": 1, "administration": "C.H. JÚCAR", "basin": "JUCAR", "catch_skm": 90.0, "catch_skm_basin": 119.0, "comment": null, "elev_masl": 1010.0, "elev_max_masl": 1468.0, "end": 2021, "id_basin": 8056, "id_municipality": 2022, "id_saica": null, "id_saih": "7A04", "id_sheet": 815, "lat_wgs84": 38.4331, "lon_wgs84": -2.1328, "municipality": "Casas de Lázaro", "name": "Montemayor", "owner": "ESTADO", "province": "Albacete", "regime": "altered", "river": "Mirón", "scale_type": "INTERIOR Y EXTERIOR", "sheet": "ROBLEDO (815)", "start": 1980, "station_type": "ENCAUZAMIENTO CON CANAL DE AGUAS BAJAS", "system": "Júcar", "weir": true, "weir_type": "CAÍDA LIBRE", "x_etrs89": 567425, "y_etrs89": 4286560, "years_daily": 41, "years_instant": 54, "years_monthly": 71, "discharge": 1 }, "geometry": { "type": "Point", "coordinates": [ -2.224343540887258, 38.72512815009695 ] } },
{ "type": "Feature", "properties": { "id": 8099, "active": 1, "administration": "C.H. JÚCAR", "basin": "JUCAR", "catch_skm": 97.0, "catch_skm_basin": 197.0, "comment": null, "elev_masl": 435.0, "elev_max_masl": 1358.0, "end": 2021, "id_basin": 8220, "id_municipality": 12093, "id_saica": null, "id_saih": "1E01", "id_sheet": 521, "lat_wgs84": 40.4017, "lon_wgs84": 0.1421, "municipality": "Puebla de Benifasar", "name": "Ulldecona Salida Embalse", "owner": "ESTADO", "province": "Castellón", "regime": "altered", "river": "Cenia", "scale_type": "INTERIOR Y EXTERIOR", "sheet": "BECEITE (521)", "start": 1980, "station_type": "ENCAUZAMIENTO CON CANAL DE AGUAS BAJAS", "system": "Cenia - Maestrazgo", "weir": true, "weir_type": "CAÍDA LIBRE", "x_etrs89": 773799, "y_etrs89": 4507320, "years_daily": 41, "years_instant": 44, "years_monthly": 90, "discharge": 1 }, "geometry": { "type": "Point", "coordinates": [ 0.239275427829501, 40.67133294374203 ] } },
{ "type": "Feature", "properties": { "id": 8103, "active": 1, "administration": "C.H. JÚCAR", "basin": "JUCAR", "catch_skm": 3094.0, "catch_skm_basin": 6394.0, "comment": null, "elev_masl": 730.0, "elev_max_masl": 2024.0, "end": 2021, "id_basin": 8144, "id_municipality": 46242, "id_saica": null, "id_saih": "3A04", "id_sheet": 612, "lat_wgs84": 40.0656, "lon_wgs84": -1.153, "municipality": "Torrebaja", "name": "Torrealta", "owner": "ESTADO", "province": "Valencia", "regime": "altered", "river": "Turia", "scale_type": "INTERIOR Y EXTERIOR", "sheet": "ADEMUZ (612)", "start": 2005, "station_type": "ENCAUZAMIENTO CON CANAL DE AGUAS BAJAS", "system": "Turia", "weir": true, "weir_type": "CAÍDA LIBRE", "x_etrs89": 648436, "y_etrs89": 4442049, "years_daily": 16, "years_instant": 4, "years_monthly": 17, "discharge": 1 }, "geometry": { "type": "Point", "coordinates": [ -1.258156488958181, 40.115664280411302 ] } },
{ "type": "Feature", "properties": { "id": 8104, "active": 1, "administration": "C.H. JÚCAR", "basin": "JUCAR", "catch_skm": 241.0, "catch_skm_basin": 245.0, "comment": null, "elev_masl": 750.0, "elev_max_masl": null, "end": 2021, "id_basin": 8145, "id_municipality": 46092, "id_saica": null, "id_saih": "3R01", "id_sheet": 612, "lat_wgs84": 40.0629, "lon_wgs84": -1.1719, "municipality": "Castielfabib", "name": "Los Santos", "owner": "ESTADO", "province": "Valencia", "regime": "altered", "river": "Ebrón", "scale_type": "EXTERIOR", "sheet": "ADEMUZ (612)", "start": 1997, "station_type": "ENCAUZAMIENTO CON CANAL DE AGUAS BAJAS", "system": "Turia", "weir": true, "weir_type": "CAÍDA LIBRE", "x_etrs89": 645854, "y_etrs89": 4441157, "years_daily": 24, "years_instant": 17, "years_monthly": 33, "discharge": 1 }, "geometry": { "type": "Point", "coordinates": [ -1.288643860087173, 40.108082937707877 ] } },
{ "type": "Feature", "properties": { "id": 8107, "active": 1, "administration": "C.H. JÚCAR", "basin": "JUCAR", "catch_skm": 2918.0, "catch_skm_basin": 21579.0, "comment": null, "elev_masl": 750.0, "elev_max_masl": 1839.0, "end": 2021, "id_basin": 8048, "id_municipality": 16003, "id_saica": null, "id_saih": "4E02", "id_sheet": 691, "lat_wgs84": 39.3341, "lon_wgs84": -2.0654, "municipality": "Alarcón", "name": "Alarcon Salida Embalse", "owner": "ESTADO", "province": "Cuenca", "regime": "altered", "river": "Júcar", "scale_type": "INTERIOR Y EXTERIOR", "sheet": "MOTILLA DEL PALANCAR (691)", "start": 1980, "station_type": "ENCAUZAMIENTO SIN CANAL DE AGUAS BAJAS", "system": "Júcar", "weir": true, "weir_type": "PARED DELGADA", "x_etrs89": 576018, "y_etrs89": 4379439, "years_daily": 41, "years_instant": 47, "years_monthly": 87, "discharge": 1 }, "geometry": { "type": "Point", "coordinates": [ -2.115083182022347, 39.561276940715793 ] } },
{ "type": "Feature", "properties": { "id": 8111, "active": 0, "administration": "C.H. JÚCAR", "basin": "JUCAR", "catch_skm": 74.0, "catch_skm_basin": 86.0, "comment": "INT 2000                                                              ", "elev_masl": 820.0, "elev_max_masl": null, "end": 2000, "id_basin": 8996, "id_municipality": 16236, "id_saica": null, "id_saih": null, "id_sheet": 662, "lat_wgs84": 39.4417, "lon_wgs84": -2.1224, "municipality": "Valverde de Júcar", "name": "Valverde De Jucar", "owner": "ESTADO", "province": "Cuenca", "regime": "natural", "river": "Albadalejo", "scale_type": null, "sheet": "VALVERDE DE JÚCAR (662)", "start": 1980, "station_type": "ENCAUZAMIENTO CON CANAL DE AGUAS BAJAS", "system": "Júcar", "weir": false, "weir_type": null, "x_etrs89": 567986, "y_etrs89": 4398979, "years_daily": 20, "years_instant": 28, "years_monthly": 38, "discharge": 1 }, "geometry": { "type": "Point", "coordinates": [ -2.206563982855583, 39.737996549962389 ] } },
{ "type": "Feature", "properties": { "id": 8112, "active": 1, "administration": "C.H. JÚCAR", "basin": "JUCAR", "catch_skm": 4694.0, "catch_skm_basin": 4754.0, "comment": null, "elev_masl": 326.0, "elev_max_masl": 1839.0, "end": 2021, "id_basin": 8097, "id_municipality": 46097, "id_saica": null, "id_saih": "7A01", "id_sheet": 745, "lat_wgs84": 39.1544, "lon_wgs84": -1.0542, "municipality": "Cofrentes", "name": "Cofrentes", "owner": "ESTADO", "province": "Valencia", "regime": "altered", "river": "Cabriel", "scale_type": "INTERIOR Y EXTERIOR", "sheet": "JALANCE (745)", "start": 1986, "station_type": "ENCAUZAMIENTO SIN CANAL DE AGUAS BAJAS", "system": "Júcar", "weir": true, "weir_type": "CAÍDA LIBRE", "x_etrs89": 664370, "y_etrs89": 4347592, "years_daily": 35, "years_instant": 58, "years_monthly": 108, "discharge": 1 }, "geometry": { "type": "Point", "coordinates": [ -1.094803915519914, 39.262094400248117 ] } },
{ "type": "Feature", "properties": { "id": 8118, "active": 0, "administration": "C.H. JÚCAR", "basin": "JUCAR", "catch_skm": 257.0, "catch_skm_basin": 393.0, "comment": "INT 2004                                                              ", "elev_masl": 820.0, "elev_max_masl": 1174.0, "end": 2004, "id_basin": 8047, "id_municipality": 16903, "id_saica": null, "id_saih": null, "id_sheet": 662, "lat_wgs84": 39.4416, "lon_wgs84": -2.1151, "municipality": "Las Valeras", "name": "Valverde De Jucar", "owner": "ESTADO", "province": "Cuenca", "regime": "natural", "river": "Gritos", "scale_type": null, "sheet": "VALVERDE DE JÚCAR (662)", "start": 1980, "station_type": "ENCAUZAMIENTO SIN CANAL DE AGUAS BAJAS", "system": "Júcar", "weir": false, "weir_type": null, "x_etrs89": 568760, "y_etrs89": 4398970, "years_daily": 24, "years_instant": 36, "years_monthly": 37, "discharge": 1 }, "geometry": { "type": "Point", "coordinates": [ -2.197532723458635, 39.737853378326754 ] } },
{ "type": "Feature", "properties": { "id": 8119, "active": 1, "administration": "C.H. JÚCAR", "basin": "JUCAR", "catch_skm": 2490.0, "catch_skm_basin": 4028.0, "comment": null, "elev_masl": 160.0, "elev_max_masl": 2024.0, "end": 2021, "id_basin": 8194, "id_municipality": 12084, "id_saica": null, "id_saih": "1E09", "id_sheet": 640, "lat_wgs84": 39.5956, "lon_wgs84": -0.1354, "municipality": "Onda", "name": "Sichar Salida Embalse", "owner": "ESTADO", "province": "Castellón", "regime": "altered", "river": "Mijares", "scale_type": "EXTERIOR", "sheet": "SEGORBE (640)", "start": 1980, "station_type": "ENCAUZAMIENTO CON CANAL DE AGUAS BAJAS", "system": "Mijares-Plana De Castellon", "weir": true, "weir_type": "CREAGER", "x_etrs89": 736329, "y_etrs89": 4431314, "years_daily": 41, "years_instant": 37, "years_monthly": 54, "discharge": 1 }, "geometry": { "type": "Point", "coordinates": [ -0.231605964690655, 39.998967016650383 ] } },
{ "type": "Feature", "properties": { "id": 8120, "active": 1, "administration": "C.H. JÚCAR", "basin": "JUCAR", "catch_skm": 430.0, "catch_skm_basin": 430.0, "comment": null, "elev_masl": 350.0, "elev_max_masl": null, "end": 2015, "id_basin": 8155, "id_municipality": 46079, "id_saica": null, "id_saih": "6A02", "id_sheet": 666, "lat_wgs84": 39.4306, "lon_wgs84": -0.5722, "municipality": "Calles", "name": "Calles", "owner": "ESTADO", "province": "Valencia", "regime": "natural", "river": "Tuéjar", "scale_type": "INTERIOR Y EXTERIOR", "sheet": "CHELVA (666)", "start": 2007, "station_type": "ENCAUZAMIENTO CON CANAL DE AGUAS BAJAS", "system": "Turia", "weir": true, "weir_type": "CAÍDA LIBRE", "x_etrs89": 675244, "y_etrs89": 4398519, "years_daily": 8, "years_instant": 2, "years_monthly": 15, "discharge": 1 }, "geometry": { "type": "Point", "coordinates": [ -0.955443690416212, 39.718556501511593 ] } },
{ "type": "Feature", "properties": { "id": 8126, "active": 1, "administration": "C.H. JÚCAR", "basin": "JUCAR", "catch_skm": 250.0, "catch_skm_basin": 21579.0, "comment": null, "elev_masl": 1170.0, "elev_max_masl": 1839.0, "end": 1995, "id_basin": 8036, "id_municipality": 16078, "id_saica": null, "id_saih": "5A04   ", "id_sheet": 588, "lat_wgs84": 40.1319, "lon_wgs84": -1.5055, "municipality": "Cuenca", "name": "Venta De Juan Romero", "owner": "ESTADO", "province": "Cuenca", "regime": "natural", "river": "Júcar", "scale_type": "INTERIOR Y EXTERIOR", "sheet": "ZAFRILLA (588)", "start": 1980, "station_type": "ENCAUZAMIENTO SIN CANAL DE AGUAS BAJAS", "system": "Júcar", "weir": true, "weir_type": "PARED DELGADA", "x_etrs89": 597997, "y_etrs89": 4453033, "years_daily": 15, "years_instant": 25, "years_monthly": 44, "discharge": 1 }, "geometry": { "type": "Point", "coordinates": [ -1.848226911382553, 40.221994425973037 ] } },
{ "type": "Feature", "properties": { "id": 8128, "active": 0, "administration": "C.H. JÚCAR", "basin": "JUCAR", "catch_skm": 267.0, "catch_skm_basin": 487.0, "comment": "INT 1995                                                              ", "elev_masl": 380.0, "elev_max_masl": 1352.0, "end": 1995, "id_basin": 8011, "id_municipality": 3129, "id_saica": null, "id_saih": null, "id_sheet": 846, "lat_wgs84": 38.3, "lon_wgs84": -0.3325, "municipality": "Tibi", "name": "Tibi", "owner": "ESTADO", "province": "Alicante", "regime": "altered", "river": "Monegre", "scale_type": null, "sheet": "CASTALLA (846)", "start": 1980, "station_type": null, "system": "Vinalopó - Alacantí", "weir": false, "weir_type": null, "x_etrs89": 713045, "y_etrs89": 4264127, "years_daily": 15, "years_instant": 1, "years_monthly": 30, "discharge": 1 }, "geometry": { "type": "Point", "coordinates": [ -0.556930497669729, 38.500045957360882 ] } },
{ "type": "Feature", "properties": { "id": 8129, "active": 1, "administration": "C.H. JÚCAR", "basin": "JUCAR", "catch_skm": 3248.0, "catch_skm_basin": 21579.0, "comment": null, "elev_masl": 692.0, "elev_max_masl": 1839.0, "end": 2021, "id_basin": 8050, "id_municipality": 16158, "id_saica": null, "id_saih": "4L01", "id_sheet": 717, "lat_wgs84": 39.2748, "lon_wgs84": -2.051, "municipality": "El Picazo", "name": "Picazo, El", "owner": "ESTADO", "province": "Cuenca", "regime": "altered", "river": "Júcar", "scale_type": "INTERIOR Y EXTERIOR", "sheet": "QUINTANAR DEL REY (717)", "start": 1984, "station_type": "ENCAUZAMIENTO CON CANAL DE AGUAS BAJAS", "system": "Júcar", "weir": true, "weir_type": "PARED DELGADA", "x_etrs89": 578628, "y_etrs89": 4368600, "years_daily": 37, "years_instant": 38, "years_monthly": 54, "discharge": 1 }, "geometry": { "type": "Point", "coordinates": [ -2.085984646863896, 39.463388632778084 ] } },
{ "type": "Feature", "properties": { "id": 8130, "active": 1, "administration": "C.H. JÚCAR", "basin": "JUCAR", "catch_skm": 3390.0, "catch_skm_basin": 4754.0, "comment": null, "elev_masl": 560.0, "elev_max_masl": 1839.0, "end": 2021, "id_basin": 8089, "id_municipality": 46259, "id_saica": null, "id_saih": "5E01", "id_sheet": 693, "lat_wgs84": 39.3149, "lon_wgs84": -1.3021, "municipality": "Villargordo del Cabriel", "name": "Contreras Salida Embalse", "owner": "ESTADO", "province": "Valencia", "regime": "altered", "river": "Cabriel", "scale_type": "INTERIOR Y EXTERIOR", "sheet": "UTIEL (693)", "start": 1989, "station_type": "ENCAUZAMIENTO CON CANAL DE AGUAS BAJAS", "system": "Júcar", "weir": true, "weir_type": "CAÍDA LIBRE", "x_etrs89": 628420, "y_etrs89": 4376702, "years_daily": 32, "years_instant": 20, "years_monthly": 36, "discharge": 1 }, "geometry": { "type": "Point", "coordinates": [ -1.5057615204225, 39.530379317463492 ] } },
{ "type": "Feature", "properties": { "id": 8132, "active": 0, "administration": "C.H. JÚCAR", "basin": "JUCAR", "catch_skm": 3558.0, "catch_skm_basin": 21579.0, "comment": "INT 2012                                                              ", "elev_masl": 656.0, "elev_max_masl": null, "end": 1985, "id_basin": 8050, "id_municipality": 2069, "id_saica": null, "id_saih": null, "id_sheet": 742, "lat_wgs84": 39.125, "lon_wgs84": -2.0111, "municipality": "La Roda", "name": "Puente De Carrasco, El", "owner": "ESTADO", "province": "Albacete", "regime": "unknown", "river": "Júcar", "scale_type": null, "sheet": "LA RODA (742)", "start": 1980, "station_type": null, "system": "Júcar", "weir": false, "weir_type": null, "x_etrs89": 584618, "y_etrs89": 4340956, "years_daily": 5, "years_instant": 12, "years_monthly": 54, "discharge": 1 }, "geometry": { "type": "Point", "coordinates": [ -2.019847400559076, 39.213761776900398 ] } },
{ "type": "Feature", "properties": { "id": 8134, "active": 1, "administration": "C.H. JÚCAR", "basin": "JUCAR", "catch_skm": 1396.0, "catch_skm_basin": 4028.0, "comment": null, "elev_masl": 602.0, "elev_max_masl": null, "end": 2021, "id_basin": 8184, "id_municipality": 12092, "id_saica": null, "id_saih": "2E02", "id_sheet": 614, "lat_wgs84": 40.0657, "lon_wgs84": -0.3622, "municipality": "Puebla de Arenoso", "name": "Arenos Entrada E.", "owner": "ESTADO", "province": "Castellón", "regime": "altered", "river": "Mijares", "scale_type": "INTERIOR Y EXTERIOR", "sheet": "MANZANERA (614)", "start": 1990, "station_type": "ENCAUZAMIENTO CON CANAL DE AGUAS BAJAS", "system": "Mijares-Plana De Castellon", "weir": true, "weir_type": "CAÍDA LIBRE", "x_etrs89": 704034, "y_etrs89": 4443343, "years_daily": 31, "years_instant": 14, "years_monthly": 32, "discharge": 1 }, "geometry": { "type": "Point", "coordinates": [ -0.605789955542343, 40.115667925003777 ] } },
{ "type": "Feature", "properties": { "id": 8137, "active": 1, "administration": "C.H. JÚCAR", "basin": "JUCAR", "catch_skm": 217.0, "catch_skm_basin": 628.0, "comment": null, "elev_masl": 810.0, "elev_max_masl": null, "end": 2021, "id_basin": 8999, "id_municipality": 2043, "id_saica": null, "id_saih": "7P16", "id_sheet": 789, "lat_wgs84": 38.5346, "lon_wgs84": -2.1514, "municipality": "Lezuza", "name": "Tiriez", "owner": "ESTADO", "province": "Albacete", "regime": "altered", "river": "Lezuza", "scale_type": "INTERIOR Y EXTERIOR", "sheet": "LEZUZA (789)", "start": 1980, "station_type": "ENCAUZAMIENTO CON CANAL DE AGUAS BAJAS", "system": "Júcar", "weir": true, "weir_type": "CAÍDA LIBRE", "x_etrs89": 564728, "y_etrs89": 4305508, "years_daily": 41, "years_instant": 34, "years_monthly": 53, "discharge": 1 }, "geometry": { "type": "Point", "coordinates": [ -2.253587585370329, 38.896068123968668 ] } },
{ "type": "Feature", "properties": { "id": 8138, "active": 1, "administration": "C.H. JÚCAR", "basin": "JUCAR", "catch_skm": 792.0, "catch_skm_basin": 2821.0, "comment": null, "elev_masl": 742.0, "elev_max_masl": 1522.0, "end": 2021, "id_basin": 8057, "id_municipality": 2012, "id_saica": null, "id_saih": "7P03", "id_sheet": 790, "lat_wgs84": 38.5408, "lon_wgs84": -2.0709, "municipality": "Balazote", "name": "Balazote", "owner": "ESTADO", "province": "Albacete", "regime": "altered", "river": "Arquillo", "scale_type": "INTERIOR Y EXTERIOR", "sheet": "ALBACETE (790)", "start": 1992, "station_type": "ENCAUZAMIENTO CON CANAL DE AGUAS BAJAS", "system": "Júcar", "weir": true, "weir_type": "CAÍDA LIBRE", "x_etrs89": 576388, "y_etrs89": 4306296, "years_daily": 29, "years_instant": 34, "years_monthly": 53, "discharge": 1 }, "geometry": { "type": "Point", "coordinates": [ -2.11905596668282, 38.902231480780387 ] } },
{ "type": "Feature", "properties": { "id": 8139, "active": 1, "administration": "C.H. JÚCAR", "basin": "JUCAR", "catch_skm": 1255.0, "catch_skm_basin": 4754.0, "comment": null, "elev_masl": 797.0, "elev_max_masl": 1839.0, "end": 2021, "id_basin": 8079, "id_municipality": 16274, "id_saica": null, "id_saih": "5R01", "id_sheet": 664, "lat_wgs84": 39.4419, "lon_wgs84": -1.3806, "municipality": "Víllora", "name": "Villora", "owner": "ESTADO", "province": "Cuenca", "regime": "altered", "river": "Cabriel", "scale_type": "INTERIOR Y EXTERIOR", "sheet": "ENGUIDANOS (664)", "start": 1980, "station_type": "ENCAUZAMIENTO SIN CANAL DE AGUAS BAJAS", "system": "Júcar", "weir": true, "weir_type": null, "x_etrs89": 616970, "y_etrs89": 4399642, "years_daily": 41, "years_instant": 28, "years_monthly": 52, "discharge": 1 }, "geometry": { "type": "Point", "coordinates": [ -1.634895143704892, 39.738654683312753 ] } },
{ "type": "Feature", "properties": { "id": 8140, "active": 1, "administration": "C.H. JÚCAR", "basin": "JUCAR", "catch_skm": 761.0, "catch_skm_basin": 987.0, "comment": null, "elev_masl": 790.0, "elev_max_masl": null, "end": 2021, "id_basin": 8080, "id_municipality": 16150, "id_saica": null, "id_saih": "4R03", "id_sheet": 664, "lat_wgs84": 39.4313, "lon_wgs84": -1.4216, "municipality": "Paracuellos", "name": "Huercemes", "owner": "ESTADO", "province": "Cuenca", "regime": "natural", "river": "Guadazaón", "scale_type": "INTERIOR Y EXTERIOR", "sheet": "ENGUIDANOS (664)", "start": 2003, "station_type": "ENCAUZAMIENTO CON CANAL DE AGUAS BAJAS", "system": "Júcar", "weir": false, "weir_type": null, "x_etrs89": 611045, "y_etrs89": 4397522, "years_daily": 18, "years_instant": 31, "years_monthly": 47, "discharge": 1 }, "geometry": { "type": "Point", "coordinates": [ -1.704383680178074, 39.720350386416406 ] } },
{ "type": "Feature", "properties": { "id": 8141, "active": 1, "administration": "C.H. JÚCAR", "basin": "JUCAR", "catch_skm": 74.0, "catch_skm_basin": 103.0, "comment": null, "elev_masl": 802.0, "elev_max_masl": null, "end": 2021, "id_basin": 8084, "id_municipality": 16274, "id_saica": null, "id_saih": "4R02", "id_sheet": 664, "lat_wgs84": 39.4503, "lon_wgs84": -1.3418, "municipality": "Víllora", "name": "Villora", "owner": "ESTADO", "province": "Cuenca", "regime": "natural", "river": "Martín", "scale_type": "INTERIOR Y EXTERIOR", "sheet": "ENGUIDANOS (664)", "start": 1980, "station_type": "ENCAUZAMIENTO CON CANAL DE AGUAS BAJAS", "system": "Júcar", "weir": true, "weir_type": "CAÍDA LIBRE", "x_etrs89": 622381, "y_etrs89": 4401077, "years_daily": 41, "years_instant": 33, "years_monthly": 47, "discharge": 1 }, "geometry": { "type": "Point", "coordinates": [ -1.571496880542119, 39.750820610329306 ] } },
{ "type": "Feature", "properties": { "id": 8144, "active": 1, "administration": "C.H. JÚCAR", "basin": "JUCAR", "catch_skm": 10785.0, "catch_skm_basin": 21579.0, "comment": null, "elev_masl": 520.0, "elev_max_masl": null, "end": 2021, "id_basin": 8066, "id_municipality": 2007, "id_saica": null, "id_saih": "7R01", "id_sheet": 744, "lat_wgs84": 39.1148, "lon_wgs84": -1.2531, "municipality": "Alcalá del Júcar", "name": "Alcala Del Jucar", "owner": "ESTADO", "province": "Albacete", "regime": "altered", "river": "Júcar", "scale_type": "INTERIOR Y EXTERIOR", "sheet": "CASAS - IBÁÑEZ (744)", "start": 1985, "station_type": "ENCAUZAMIENTO SIN CANAL DE AGUAS BAJAS", "system": "Júcar", "weir": true, "weir_type": "CAÍDA LIBRE", "x_etrs89": 635980, "y_etrs89": 4339792, "years_daily": 36, "years_instant": 24, "years_monthly": 71, "discharge": 1 }, "geometry": { "type": "Point", "coordinates": [ -1.425312396530861, 39.19675355431427 ] } },
{ "type": "Feature", "properties": { "id": 8145, "active": 1, "administration": "C.H. JÚCAR", "basin": "JUCAR", "catch_skm": 1430.0, "catch_skm_basin": 4028.0, "comment": null, "elev_masl": 490.0, "elev_max_masl": null, "end": 2021, "id_basin": 8184, "id_municipality": 12079, "id_saica": null, "id_saih": "2E02", "id_sheet": 614, "lat_wgs84": 40.0514, "lon_wgs84": -0.3223, "municipality": "Montanejos", "name": "Arenos Salida Embalse", "owner": "ESTADO", "province": "Castellón", "regime": "altered", "river": "Mijares", "scale_type": "INTERIOR Y EXTERIOR", "sheet": "MANZANERA (614)", "start": 1985, "station_type": "ENCAUZAMIENTO CON CANAL DE AGUAS BAJAS", "system": "Mijares-Plana De Castellon", "weir": true, "weir_type": "CAÍDA LIBRE", "x_etrs89": 709764, "y_etrs89": 4440340, "years_daily": 36, "years_instant": 23, "years_monthly": 37, "discharge": 1 }, "geometry": { "type": "Point", "coordinates": [ -0.539584299375452, 40.087227918382396 ] } },
{ "type": "Feature", "properties": { "id": 8147, "active": 1, "administration": "C.H. JÚCAR", "basin": "JUCAR", "catch_skm": 4978.0, "catch_skm_basin": 6394.0, "comment": null, "elev_masl": 252.0, "elev_max_masl": null, "end": 2021, "id_basin": 8156, "id_municipality": 46112, "id_saica": null, "id_saih": "6E02", "id_sheet": 694, "lat_wgs84": 39.3947, "lon_wgs84": -0.542, "municipality": "Chulilla", "name": "Loriguilla Salida Embalse", "owner": "ESTADO", "province": "Valencia", "regime": "altered", "river": "Turia", "scale_type": "INTERIOR Y EXTERIOR", "sheet": "CHULILLA (694)", "start": 1980, "station_type": "ENCAUZAMIENTO SIN CANAL DE AGUAS BAJAS", "system": "Turia", "weir": true, "weir_type": "CAÍDA LIBRE", "x_etrs89": 679665, "y_etrs89": 4392458, "years_daily": 41, "years_instant": 27, "years_monthly": 43, "discharge": 1 }, "geometry": { "type": "Point", "coordinates": [ -0.905546845627738, 39.663062183467844 ] } },
{ "type": "Feature", "properties": { "id": 8148, "active": 1, "administration": "C.H. JÚCAR", "basin": "JUCAR", "catch_skm": 327.0, "catch_skm_basin": 911.0, "comment": null, "elev_masl": 410.0, "elev_max_masl": null, "end": 2021, "id_basin": 8168, "id_municipality": 12071, "id_saica": null, "id_saih": "0E01", "id_sheet": 639, "lat_wgs84": 39.5338, "lon_wgs84": -0.3245, "municipality": "Jérica", "name": "Jerica", "owner": "ESTADO", "province": "Castellón", "regime": "natural", "river": "Palancia", "scale_type": "INTERIOR Y EXTERIOR", "sheet": "JÉRICA (639)", "start": 2006, "station_type": "ENCAUZAMIENTO CON CANAL DE AGUAS BAJAS", "system": "Palancia Y Los Valles", "weir": true, "weir_type": "CAÍDA LIBRE", "x_etrs89": 709863, "y_etrs89": 4418891, "years_daily": 15, "years_instant": 3, "years_monthly": 16, "discharge": 1 }, "geometry": { "type": "Point", "coordinates": [ -0.545349189327766, 39.894129913543424 ] } },
{ "type": "Feature", "properties": { "id": 8149, "active": 1, "administration": "C.H. JÚCAR", "basin": "JUCAR", "catch_skm": 736.0, "catch_skm_basin": 6394.0, "comment": null, "elev_masl": 993.0, "elev_max_masl": null, "end": 2021, "id_basin": 8134, "id_municipality": 44117, "id_saica": null, "id_saih": "3A05", "id_sheet": 566, "lat_wgs84": 40.2339, "lon_wgs84": -1.1726, "municipality": "Gea de Albarracín", "name": "Gea De Albarracin", "owner": "ESTADO", "province": "Teruel", "regime": "natural", "river": "Turia", "scale_type": "INTERIOR Y EXTERIOR", "sheet": "CELLA (566)", "start": 2008, "station_type": "ENCAUZAMIENTO CON CANAL DE AGUAS BAJAS", "system": "Turia", "weir": true, "weir_type": "CAÍDA LIBRE", "x_etrs89": 645078, "y_etrs89": 4472896, "years_daily": 13, "years_instant": 1, "years_monthly": 14, "discharge": 1 }, "geometry": { "type": "Point", "coordinates": [ -1.290566888219274, 40.394039776511818 ] } },
{ "type": "Feature", "properties": { "id": 8151, "active": 1, "administration": "C.H. JÚCAR", "basin": "JUCAR", "catch_skm": 30.0, "catch_skm_basin": 31.0, "comment": null, "elev_masl": 120.0, "elev_max_masl": null, "end": 2006, "id_basin": 8994, "id_municipality": 3048, "id_saica": null, "id_saih": "8L01", "id_sheet": 848, "lat_wgs84": 38.3937, "lon_wgs84": -0.0555, "municipality": "Callosa de Ensarriá", "name": "Callosa De Ensarria", "owner": null, "province": "Alicante", "regime": "natural", "river": "Bolulla", "scale_type": "Interior y Exterior", "sheet": "Altea (848)", "start": 1989, "station_type": "Encauzamiento con canal de aguas bajas", "system": "Marina Baja", "weir": true, "weir_type": null, "x_etrs89": 752437, "y_etrs89": 4283067, "years_daily": 17, "years_instant": 28, "years_monthly": 46, "discharge": 1 }, "geometry": { "type": "Point", "coordinates": [ -0.098845683897911, 38.660226082364915 ] } },
{ "type": "Feature", "properties": { "id": 8153, "active": 1, "administration": "C.H. JÚCAR", "basin": "JUCAR", "catch_skm": 21561.0, "catch_skm_basin": 21579.0, "comment": null, "elev_masl": 9.0, "elev_max_masl": null, "end": 2021, "id_basin": 8126, "id_municipality": 46105, "id_saica": null, "id_saih": null, "id_sheet": 747, "lat_wgs84": 39.1039, "lon_wgs84": -0.1602, "municipality": "Cullera", "name": "Azud De La Marquesa", "owner": "Estado", "province": "Valencia", "regime": "unknown", "river": "Júcar", "scale_type": "Exterior", "sheet": "Sueca (747)", "start": 2012, "station_type": null, "system": "Júcar", "weir": false, "weir_type": null, "x_etrs89": 736054, "y_etrs89": 4340019, "years_daily": 9, "years_instant": 0, "years_monthly": 9, "discharge": 1 }, "geometry": { "type": "Point", "coordinates": [ -0.267318163728381, 39.177384186184256 ] } },
{ "type": "Feature", "properties": { "id": 8154, "active": 1, "administration": "C.H. JÚCAR", "basin": "JUCAR", "catch_skm": 21561.0, "catch_skm_basin": 21579.0, "comment": null, "elev_masl": 9.0, "elev_max_masl": null, "end": 2021, "id_basin": 8126, "id_municipality": 46105, "id_saica": null, "id_saih": null, "id_sheet": 747, "lat_wgs84": 39.1034, "lon_wgs84": -0.1558, "municipality": "Cullera", "name": "Azud De La Marquesa", "owner": "Estado", "province": "Valencia", "regime": "unknown", "river": "Júcar", "scale_type": "Exterior", "sheet": "Sueca (747)", "start": 2013, "station_type": "Encauzamiento", "system": "Júcar", "weir": false, "weir_type": null, "x_etrs89": 736165, "y_etrs89": 4339881, "years_daily": 8, "years_instant": 0, "years_monthly": 9, "discharge": 1 }, "geometry": { "type": "Point", "coordinates": [ -0.266082677894692, 39.176111943266065 ] } },
{ "type": "Feature", "properties": { "id": 9001, "active": 1, "administration": "C.H. EBRO", "basin": "EBRO", "catch_skm": 5481.0, "catch_skm_basin": 85001.0, "comment": null, "elev_masl": 459.0, "elev_max_masl": 2175.0, "end": 1998, "id_basin": 9053, "id_municipality": 9219, "id_saica": null, "id_saih": "A001", "id_sheet": 202, "lat_wgs84": 42.4116, "lon_wgs84": -2.572, "municipality": "Miranda de Ebro", "name": "Miranda De Ebro", "owner": "ESTADO", "province": "Burgos", "regime": "altered", "river": "Ebro", "scale_type": null, "sheet": "SANTO DOMINGO DE LA CALZADA (202)", "start": 1980, "station_type": "CAUCE NATURAL", "system": "Cabecera Del Ebro", "weir": false, "weir_type": null, "x_etrs89": 503643, "y_etrs89": 4726131, "years_daily": 18, "years_instant": 51, "years_monthly": 110, "discharge": 1 }, "geometry": { "type": "Point", "coordinates": [ -2.95552978511389, 42.687652089019366 ] } },
{ "type": "Feature", "properties": { "id": 9002, "active": 1, "administration": "C.H. EBRO", "basin": "EBRO", "catch_skm": 25194.0, "catch_skm_basin": 85001.0, "comment": null, "elev_masl": 265.0, "elev_max_masl": 2886.0, "end": 2021, "id_basin": 9241, "id_municipality": 31070, "id_saica": null, "id_saih": "A002", "id_sheet": 242, "lat_wgs84": 42.1048, "lon_wgs84": -1.4141, "municipality": "Castejón", "name": "Castejon", "owner": "ESTADO", "province": "Navarra", "regime": "altered", "river": "Ebro", "scale_type": null, "sheet": "MUNILLA (242)", "start": 1980, "station_type": "CAUCE NATURAL", "system": "Eje Del Ebro", "weir": false, "weir_type": null, "x_etrs89": 607794, "y_etrs89": 4670595, "years_daily": 41, "years_instant": 58, "years_monthly": 90, "discharge": 1 }, "geometry": { "type": "Point", "coordinates": [ -1.69474179928341, 42.180078796886136 ] } },
{ "type": "Feature", "properties": { "id": 9003, "active": 1, "administration": "C.H. EBRO", "basin": "EBRO", "catch_skm": 1445.0, "catch_skm_basin": 1461.0, "comment": null, "elev_masl": 304.0, "elev_max_masl": 1438.0, "end": 2002, "id_basin": 9152, "id_municipality": 31015, "id_saica": null, "id_saih": "A003", "id_sheet": 205, "lat_wgs84": 42.2227, "lon_wgs84": -1.5656, "municipality": "Andosilla", "name": "Andosilla", "owner": "ESTADO", "province": "Navarra", "regime": "natural", "river": "Ega I", "scale_type": "EXTERIOR", "sheet": "LODOSA (205)", "start": 1980, "station_type": "CAUCE NATURAL", "system": "Irati-Arga-Ega", "weir": false, "weir_type": null, "x_etrs89": 586537, "y_etrs89": 4691846, "years_daily": 22, "years_instant": 43, "years_monthly": 108, "discharge": 1 }, "geometry": { "type": "Point", "coordinates": [ -1.948916501365172, 42.374077708511166 ] } },
{ "type": "Feature", "properties": { "id": 9004, "active": 1, "administration": "C.H. EBRO", "basin": "EBRO", "catch_skm": 2759.0, "catch_skm_basin": 2759.0, "comment": null, "elev_masl": 284.0, "elev_max_masl": 1494.0, "end": 2021, "id_basin": 9231, "id_municipality": 31107, "id_saica": null, "id_saih": "A004", "id_sheet": 244, "lat_wgs84": 42.1853, "lon_wgs84": -1.4804, "municipality": "Funes", "name": "Funes", "owner": "ESTADO", "province": "Navarra", "regime": "unknown", "river": "Arga", "scale_type": null, "sheet": "ALFARO (244)", "start": 1997, "station_type": "CAUCE NATURAL", "system": "Eje Del Arga", "weir": false, "weir_type": null, "x_etrs89": 598788, "y_etrs89": 4685424, "years_daily": 24, "years_instant": 27, "years_monthly": 106, "discharge": 1 }, "geometry": { "type": "Point", "coordinates": [ -1.801244007049696, 42.314792485309027 ] } },
{ "type": "Feature", "properties": { "id": 9005, "active": 1, "administration": "C.H. EBRO", "basin": "EBRO", "catch_skm": 5469.0, "catch_skm_basin": 8521.0, "comment": null, "elev_masl": 302.0, "elev_max_masl": 2886.0, "end": 2021, "id_basin": 9210, "id_municipality": 31065, "id_saica": null, "id_saih": "A005", "id_sheet": 206, "lat_wgs84": 42.2036, "lon_wgs84": -1.3902, "municipality": "Caparroso", "name": "Caparroso", "owner": "ESTADO", "province": "Navarra", "regime": "unknown", "river": "Aragón", "scale_type": null, "sheet": "PERALTA (206)", "start": 1992, "station_type": "CAUCE NATURAL", "system": "Riegos De Bardenas", "weir": false, "weir_type": null, "x_etrs89": 611157, "y_etrs89": 4688772, "years_daily": 29, "years_instant": 41, "years_monthly": 109, "discharge": 1 }, "geometry": { "type": "Point", "coordinates": [ -1.650544596542967, 42.343269639434261 ] } },
{ "type": "Feature", "properties": { "id": 9006, "active": 1, "administration": "C.H. EBRO", "basin": "EBRO", "catch_skm": 87.0, "catch_skm_basin": 1461.0, "comment": null, "elev_masl": 630.0, "elev_max_masl": 2886.0, "end": 2007, "id_basin": 9146, "id_municipality": 31162, "id_saica": null, "id_saih": "A006", "id_sheet": 171, "lat_wgs84": 42.374, "lon_wgs84": -2.2657, "municipality": "Marañón", "name": "Marañon", "owner": "ESTADO", "province": "Navarra", "regime": "natural", "river": "Ega I", "scale_type": "EXTERIOR", "sheet": "VIANA (171)", "start": 1981, "station_type": "ENCAUZAMIENTO SIN CANAL DE AGUAS BAJAS", "system": "Irati-Arga-Ega", "weir": false, "weir_type": null, "x_etrs89": 545158, "y_etrs89": 4719632, "years_daily": 26, "years_instant": 56, "years_monthly": 73, "discharge": 1 }, "geometry": { "type": "Point", "coordinates": [ -2.449283915110088, 42.62780948765154 ] } },
{ "type": "Feature", "properties": { "id": 9007, "active": 0, "administration": "C.H. EBRO", "basin": "EBRO", "catch_skm": 1600.0, "catch_skm_basin": 9718.0, "comment": "INT 2005                                                              ", "elev_masl": 670.0, "elev_max_masl": 1370.0, "end": 2005, "id_basin": 9260, "id_municipality": 50081, "id_saica": null, "id_saih": null, "id_sheet": 436, "lat_wgs84": 41.1751, "lon_wgs84": -1.5802, "municipality": "Cetina", "name": "Cetina", "owner": "ESTADO", "province": "Zaragoza", "regime": "unknown", "river": "Jalón", "scale_type": null, "sheet": "ALHAMA DE ARAGÓN (436)", "start": 1996, "station_type": null, "system": "Jalón", "weir": false, "weir_type": null, "x_etrs89": 586470, "y_etrs89": 4572302, "years_daily": 9, "years_instant": 45, "years_monthly": 88, "discharge": 1 }, "geometry": { "type": "Point", "coordinates": [ -1.967186759345656, 41.297539463565258 ] } },
{ "type": "Feature", "properties": { "id": 9008, "active": 1, "administration": "C.H. EBRO", "basin": "EBRO", "catch_skm": 732.0, "catch_skm_basin": 1544.0, "comment": null, "elev_masl": 699.0, "elev_max_masl": 1441.0, "end": 2021, "id_basin": 9265, "id_municipality": 50192, "id_saica": null, "id_saih": "A008", "id_sheet": 437, "lat_wgs84": 41.1151, "lon_wgs84": -1.4735, "municipality": "Nuévalos", "name": "Nuevalos", "owner": "ESTADO", "province": "Zaragoza", "regime": "natural", "river": "Piedra", "scale_type": null, "sheet": "ATECA (437)", "start": 1980, "station_type": "ENCAUZAMIENTO SIN CANAL DE AGUAS BAJAS", "system": "Jalón", "weir": true, "weir_type": null, "x_etrs89": 601210, "y_etrs89": 4561387, "years_daily": 41, "years_instant": 34, "years_monthly": 100, "discharge": 1 }, "geometry": { "type": "Point", "coordinates": [ -1.79297495011776, 41.197526620971011 ] } },
{ "type": "Feature", "properties": { "id": 9010, "active": 1, "administration": "C.H. EBRO", "basin": "EBRO", "catch_skm": 2202.0, "catch_skm_basin": 2597.0, "comment": null, "elev_masl": 750.0, "elev_max_masl": 1605.0, "end": 2021, "id_basin": 9277, "id_municipality": 50094, "id_saica": null, "id_saih": "A010", "id_sheet": 465, "lat_wgs84": 41.0623, "lon_wgs84": -1.251, "municipality": "Daroca", "name": "Daroca", "owner": "ESTADO", "province": "Zaragoza", "regime": "natural", "river": "Jiloca", "scale_type": null, "sheet": "DAROCA (465)", "start": 1994, "station_type": "ENCAUZAMIENTO CON CANAL DE AGUAS BAJAS", "system": "Jalón", "weir": true, "weir_type": null, "x_etrs89": 632717, "y_etrs89": 4551765, "years_daily": 27, "years_instant": 30, "years_monthly": 108, "discharge": 1 }, "geometry": { "type": "Point", "coordinates": [ -1.419427733627866, 41.106334475277272 ] } },
{ "type": "Feature", "properties": { "id": 9011, "active": 1, "administration": "C.H. EBRO", "basin": "EBRO", "catch_skm": 40434.0, "catch_skm_basin": 85001.0, "comment": null, "elev_masl": 201.0, "elev_max_masl": 2886.0, "end": 2021, "id_basin": 9289, "id_municipality": 50297, "id_saica": null, "id_saih": "A011", "id_sheet": 383, "lat_wgs84": 41.3931, "lon_wgs84": -0.5252, "municipality": "Zaragoza", "name": "Zaragoza", "owner": "ESTADO", "province": "Zaragoza", "regime": "unknown", "river": "Ebro", "scale_type": "EXTERIOR", "sheet": "ZARAGOZA (383)", "start": 1980, "station_type": "CAUCE NATURAL", "system": "Eje Del Ebro", "weir": false, "weir_type": null, "x_etrs89": 676425, "y_etrs89": 4614038, "years_daily": 41, "years_instant": 63, "years_monthly": 110, "discharge": 1 }, "geometry": { "type": "Point", "coordinates": [ -0.881063277816055, 41.658572451277998 ] } },
{ "type": "Feature", "properties": { "id": 9012, "active": 1, "administration": "C.H. EBRO", "basin": "EBRO", "catch_skm": 2040.0, "catch_skm_basin": 4009.0, "comment": null, "elev_masl": 390.0, "elev_max_masl": 3151.0, "end": 2004, "id_basin": 9322, "id_municipality": 22905, "id_saica": null, "id_saih": "A012", "id_sheet": 247, "lat_wgs84": 42.1029, "lon_wgs84": -0.451, "municipality": "Lupiñén - Ortilla", "name": "Ardisa", "owner": "ESTADO", "province": "Huesca", "regime": "altered", "river": "Gállego", "scale_type": null, "sheet": "AYERBE (247)", "start": 1985, "station_type": "ENCAUZAMIENTO CON CANAL DE AGUAS BAJAS", "system": "Gallego-Cinca", "weir": true, "weir_type": null, "x_etrs89": 685617, "y_etrs89": 4671615, "years_daily": 19, "years_instant": 57, "years_monthly": 110, "discharge": 1 }, "geometry": { "type": "Point", "coordinates": [ -0.752626782856273, 42.174672855715755 ] } },
{ "type": "Feature", "properties": { "id": 9013, "active": 1, "administration": "C.H. EBRO", "basin": "EBRO", "catch_skm": 893.0, "catch_skm_basin": 1532.0, "comment": null, "elev_masl": 450.0, "elev_max_masl": 3404.0, "end": 2021, "id_basin": 9589, "id_municipality": 22117, "id_saica": null, "id_saih": "A013", "id_sheet": 250, "lat_wgs84": 42.1218, "lon_wgs84": 0.2043, "municipality": "Graus", "name": "Graus", "owner": "ESTADO", "province": "Huesca", "regime": "altered", "river": "Ésera", "scale_type": null, "sheet": "GRAUS (250)", "start": 1985, "station_type": "CAUCE NATURAL", "system": "Esera-Noguera Ribagorzana", "weir": false, "weir_type": null, "x_etrs89": 776182, "y_etrs89": 4677949, "years_daily": 36, "years_instant": 55, "years_monthly": 83, "discharge": 1 }, "geometry": { "type": "Point", "coordinates": [ 0.345389219111739, 42.204925200669187 ] } },
{ "type": "Feature", "properties": { "id": 9014, "active": 1, "administration": "C.H. EBRO", "basin": "EBRO", "catch_skm": 1419.0, "catch_skm_basin": 2111.0, "comment": null, "elev_masl": 260.0, "elev_max_masl": 1597.0, "end": 2021, "id_basin": 9356, "id_municipality": 44122, "id_saica": null, "id_saih": "A014", "id_sheet": 441, "lat_wgs84": 41.1028, "lon_wgs84": -0.2712, "municipality": "Híjar", "name": "Hijar", "owner": "ESTADO", "province": "Teruel", "regime": "altered", "river": "Martín", "scale_type": null, "sheet": "HÍJAR (441)", "start": 1993, "station_type": "ENCAUZAMIENTO CON CANAL DE AGUAS BAJAS", "system": "Regadíos Del Martín", "weir": true, "weir_type": null, "x_etrs89": 713627, "y_etrs89": 4561256, "years_daily": 28, "years_instant": 44, "years_monthly": 87, "discharge": 1 }, "geometry": { "type": "Point", "coordinates": [ -0.453275839846741, 41.174506278025575 ] } },
{ "type": "Feature", "properties": { "id": 9015, "active": 1, "administration": "C.H. EBRO", "basin": "EBRO", "catch_skm": 3476.0, "catch_skm_basin": 3892.0, "comment": null, "elev_masl": 297.0, "elev_max_masl": 1997.0, "end": 1994, "id_basin": 9377, "id_municipality": 44013, "id_saica": null, "id_saih": null, "id_sheet": 469, "lat_wgs84": 41.0319, "lon_wgs84": -0.0754, "municipality": "Alcañiz", "name": "Alcañiz", "owner": "ESTADO", "province": "Teruel", "regime": "altered", "river": "Guadalope", "scale_type": null, "sheet": "ALCAÑIZ (469)", "start": 1980, "station_type": "CAUCE NATURAL", "system": "Demandas Santolea - Calanda", "weir": false, "weir_type": null, "x_etrs89": 741059, "y_etrs89": 4548846, "years_daily": 14, "years_instant": 46, "years_monthly": 97, "discharge": 1 }, "geometry": { "type": "Point", "coordinates": [ -0.131488052529303, 41.055165389926245 ] } },
{ "type": "Feature", "properties": { "id": 9017, "active": 1, "administration": "C.H. EBRO", "basin": "EBRO", "catch_skm": 9612.0, "catch_skm_basin": 9699.0, "comment": null, "elev_masl": 100.0, "elev_max_masl": 3404.0, "end": 2021, "id_basin": 9626, "id_municipality": 22112, "id_saica": null, "id_saih": "A017", "id_sheet": 387, "lat_wgs84": 41.3307, "lon_wgs84": 0.1924, "municipality": "Fraga", "name": "Fraga", "owner": "ESTADO", "province": "Huesca", "regime": "unknown", "river": "Cinca", "scale_type": null, "sheet": "FRAGA (387)", "start": 2011, "station_type": "CAUCE NATURAL", "system": "Riegos Del Alto Aragón", "weir": false, "weir_type": null, "x_etrs89": 777173, "y_etrs89": 4605362, "years_daily": 10, "years_instant": 42, "years_monthly": 86, "discharge": 1 }, "geometry": { "type": "Point", "coordinates": [ 0.323346190573536, 41.551906797108742 ] } },
{ "type": "Feature", "properties": { "id": 9018, "active": 1, "administration": "C.H. EBRO", "basin": "EBRO", "catch_skm": 238.0, "catch_skm_basin": 8521.0, "comment": null, "elev_masl": 793.0, "elev_max_masl": 2886.0, "end": 2021, "id_basin": 9166, "id_municipality": 22130, "id_saica": null, "id_saih": "A018", "id_sheet": 176, "lat_wgs84": 42.3443, "lon_wgs84": -0.3316, "municipality": "Jaca", "name": "Jaca", "owner": "ESTADO", "province": "Huesca", "regime": "natural", "river": "Aragón", "scale_type": "EXTERIOR", "sheet": "JACA (176)", "start": 1981, "station_type": "ENCAUZAMIENTO SIN CANAL DE AGUAS BAJAS", "system": "Aragón-Arba", "weir": false, "weir_type": null, "x_etrs89": 700705, "y_etrs89": 4716908, "years_daily": 40, "years_instant": 54, "years_monthly": 91, "discharge": 1 }, "geometry": { "type": "Point", "coordinates": [ -0.554329588242927, 42.578492463711108 ] } },
{ "type": "Feature", "properties": { "id": 9019, "active": 1, "administration": "C.H. EBRO", "basin": "EBRO", "catch_skm": 440.0, "catch_skm_basin": 547.0, "comment": null, "elev_masl": 700.0, "elev_max_masl": 2749.0, "end": 2021, "id_basin": 9675, "id_municipality": 25059, "id_saica": null, "id_saih": "A019", "id_sheet": 148, "lat_wgs84": 42.4656, "lon_wgs84": 0.4128, "municipality": "Bossost", "name": "Bossost", "owner": "PARTICULAR", "province": "Lérida", "regime": "unknown", "river": "Garona", "scale_type": null, "sheet": "VIELHA (148)", "start": 2014, "station_type": null, "system": "Segre", "weir": false, "weir_type": null, "x_etrs89": 801942, "y_etrs89": 4743254, "years_daily": 7, "years_instant": 1, "years_monthly": 43, "discharge": 1 }, "geometry": { "type": "Point", "coordinates": [ 0.691225364441934, 42.78232721350772 ] } },
{ "type": "Feature", "properties": { "id": 9020, "active": 1, "administration": "C.H. EBRO", "basin": "EBRO", "catch_skm": 153.0, "catch_skm_basin": 157.0, "comment": null, "elev_masl": 1189.0, "elev_max_masl": 2921.0, "end": 2021, "id_basin": 9384, "id_municipality": 17141, "id_saica": null, "id_saih": "A020", "id_sheet": 217, "lat_wgs84": 42.2649, "lon_wgs84": 1.5431, "municipality": "Puigcerdá", "name": "Puigcerda", "owner": "ESTADO", "province": "Gerona", "regime": "natural", "river": "Carol O Arabo", "scale_type": null, "sheet": "PUIGCERDÁ (217)", "start": 2006, "station_type": "ENCAUZAMIENTO CON CANAL DE AGUAS BAJAS", "system": "Segre", "weir": false, "weir_type": null, "x_etrs89": 903720, "y_etrs89": 4711072, "years_daily": 15, "years_instant": 34, "years_monthly": 85, "discharge": 1 }, "geometry": { "type": "Point", "coordinates": [ 1.908759517834907, 42.446792734921189 ] } },
{ "type": "Feature", "properties": { "id": 9021, "active": 1, "administration": "C.H. EBRO", "basin": "EBRO", "catch_skm": 311.0, "catch_skm_basin": 22579.0, "comment": null, "elev_masl": 1120.0, "elev_max_masl": 2909.0, "end": 2015, "id_basin": 9383, "id_municipality": 17141, "id_saica": null, "id_saih": "A021", "id_sheet": 217, "lat_wgs84": 42.2525, "lon_wgs84": 1.5559, "municipality": "Puigcerdá", "name": "Puigcerda", "owner": "ESTADO", "province": "Gerona", "regime": "natural", "river": "Segre", "scale_type": "EXTERIOR", "sheet": "PUIGCERDÁ (217)", "start": 1988, "station_type": "ENCAUZAMIENTO CON CANAL DE AGUAS BAJAS", "system": "Segre", "weir": true, "weir_type": null, "x_etrs89": 905879, "y_etrs89": 4708608, "years_daily": 27, "years_instant": 42, "years_monthly": 87, "discharge": 1 }, "geometry": { "type": "Point", "coordinates": [ 1.933177529466176, 42.423558501443544 ] } },
{ "type": "Feature", "properties": { "id": 9022, "active": 1, "administration": "C.H. EBRO", "basin": "EBRO", "catch_skm": 559.0, "catch_skm_basin": 562.0, "comment": null, "elev_masl": 697.0, "elev_max_masl": 2865.0, "end": 2021, "id_basin": 9424, "id_municipality": 25203, "id_saica": null, "id_saih": "A022", "id_sheet": 215, "lat_wgs84": 42.2138, "lon_wgs84": 1.2711, "municipality": "La Seo de Urgel", "name": "Seo De Urgel", "owner": "ESTADO", "province": "Lérida", "regime": "natural", "river": "Valira", "scale_type": null, "sheet": "LA SEO DE URGELL (215)", "start": 1990, "station_type": "ENCAUZAMIENTO SIN CANAL DE AGUAS BAJAS", "system": "Segre", "weir": true, "weir_type": null, "x_etrs89": 866737, "y_etrs89": 4699421, "years_daily": 31, "years_instant": 49, "years_monthly": 104, "discharge": 1 }, "geometry": { "type": "Point", "coordinates": [ 1.453058824161793, 42.360543682017493 ] } },
{ "type": "Feature", "properties": { "id": 9023, "active": 1, "administration": "C.H. EBRO", "basin": "EBRO", "catch_skm": 1233.0, "catch_skm_basin": 22579.0, "comment": null, "elev_masl": 670.0, "elev_max_masl": 2921.0, "end": 2021, "id_basin": 9401, "id_municipality": 25203, "id_saica": null, "id_saih": "A023", "id_sheet": 215, "lat_wgs84": 42.2109, "lon_wgs84": 1.2735, "municipality": "La Seo de Urgel", "name": "Seo De Urgel", "owner": "ESTADO", "province": "Lérida", "regime": "natural", "river": "Segre", "scale_type": null, "sheet": "LA SEO DE URGELL (215)", "start": 1991, "station_type": "ENCAUZAMIENTO CON CANAL DE AGUAS BAJAS", "system": "Segre", "weir": true, "weir_type": null, "x_etrs89": 867336, "y_etrs89": 4698549, "years_daily": 30, "years_instant": 46, "years_monthly": 94, "discharge": 1 }, "geometry": { "type": "Point", "coordinates": [ 1.459755977888209, 42.352431735234696 ] } },
{ "type": "Feature", "properties": { "id": 9024, "active": 1, "administration": "C.H. EBRO", "basin": "EBRO", "catch_skm": 11369.0, "catch_skm_basin": 22579.0, "comment": null, "elev_masl": 150.0, "elev_max_masl": 3205.0, "end": 1991, "id_basin": 9537, "id_municipality": 25120, "id_saica": null, "id_saih": "A024", "id_sheet": 388, "lat_wgs84": 41.3623, "lon_wgs84": 0.3707, "municipality": "Lérida", "name": "Lerida", "owner": "PARTICULAR", "province": "Lérida", "regime": "unknown", "river": "Segre", "scale_type": null, "sheet": "LÉRIDA (388)", "start": 1980, "station_type": null, "system": "Regadíos Del Canal Auxiliar De Urgell Y", "weir": false, "weir_type": null, "x_etrs89": 801546, "y_etrs89": 4612414, "years_daily": 11, "years_instant": 0, "years_monthly": 90, "discharge": 1 }, "geometry": { "type": "Point", "coordinates": [ 0.618586679249249, 41.606488818343927 ] } },
{ "type": "Feature", "properties": { "id": 9025, "active": 1, "administration": "C.H. EBRO", "basin": "EBRO", "catch_skm": 12782.0, "catch_skm_basin": 22579.0, "comment": null, "elev_masl": 85.0, "elev_max_masl": 3205.0, "end": 2021, "id_basin": 9539, "id_municipality": 25204, "id_saica": null, "id_saih": "A025", "id_sheet": 415, "lat_wgs84": 41.2706, "lon_wgs84": 0.2459, "municipality": "Serós", "name": "Seros", "owner": "ESTADO", "province": "Lérida", "regime": "unknown", "river": "Segre", "scale_type": null, "sheet": "MEQUINENZA (415)", "start": 1993, "station_type": "CAUCE NATURAL", "system": "Regadíos Del Canal Auxiliar De Urgell Y", "weir": false, "weir_type": null, "x_etrs89": 785365, "y_etrs89": 4594523, "years_daily": 28, "years_instant": 55, "years_monthly": 93, "discharge": 1 }, "geometry": { "type": "Point", "coordinates": [ 0.416271824335583, 41.45157008331465 ] } },
{ "type": "Feature", "properties": { "id": 9026, "active": 1, "administration": "C.H. EBRO", "basin": "EBRO", "catch_skm": 469.0, "catch_skm_basin": 85001.0, "comment": null, "elev_masl": 812.0, "elev_max_masl": 2175.0, "end": 2021, "id_basin": 9007, "id_municipality": 39065, "id_saica": null, "id_saih": "A026", "id_sheet": 108, "lat_wgs84": 42.5746, "lon_wgs84": -4.033, "municipality": "Las Rozas de Valdearroyo", "name": "Arroyo", "owner": "ESTADO", "province": "Cantabria", "regime": "altered", "river": "Ebro", "scale_type": "EXTERIOR", "sheet": "LAS ROZAS (108)", "start": 1992, "station_type": "ENCAUZAMIENTO SIN CANAL DE AGUAS BAJAS", "system": "Cabecera Del Ebro", "weir": false, "weir_type": null, "x_etrs89": 413674, "y_etrs89": 4757216, "years_daily": 29, "years_instant": 55, "years_monthly": 107, "discharge": 1 }, "geometry": { "type": "Point", "coordinates": [ -4.058461744544438, 42.962698462137148 ] } },
{ "type": "Feature", "properties": { "id": 9027, "active": 1, "administration": "C.H. EBRO", "basin": "EBRO", "catch_skm": 84230.0, "catch_skm_basin": 85001.0, "comment": null, "elev_masl": 25.0, "elev_max_masl": 3404.0, "end": 2021, "id_basin": 9662, "id_municipality": 43155, "id_saica": null, "id_saih": "A027", "id_sheet": 522, "lat_wgs84": 40.4844, "lon_wgs84": 0.3111, "municipality": "Tortosa", "name": "Tortosa", "owner": "ESTADO", "province": "Tarragona", "regime": "altered", "river": "Ebro", "scale_type": null, "sheet": "TORTOSA (522)", "start": 1990, "station_type": "CAUCE NATURAL", "system": "Bajo Ebro", "weir": false, "weir_type": null, "x_etrs89": 796876, "y_etrs89": 4523874, "years_daily": 31, "years_instant": 52, "years_monthly": 96, "discharge": 1 }, "geometry": { "type": "Point", "coordinates": [ 0.519673249998201, 40.812203789642204 ] } },
{ "type": "Feature", "properties": { "id": 9030, "active": 0, "administration": "C.H. EBRO", "basin": "EBRO", "catch_skm": 1002.0, "catch_skm_basin": 3892.0, "comment": "INT 2010                                                              ", "elev_masl": 584.0, "elev_max_masl": 1997.0, "end": 2010, "id_basin": 9364, "id_municipality": 44071, "id_saica": null, "id_saih": "A030", "id_sheet": 519, "lat_wgs84": 40.4423, "lon_wgs84": -0.2206, "municipality": "Castellote", "name": "Santolea", "owner": "ESTADO", "province": "Teruel", "regime": "natural", "river": "Guadalope", "scale_type": "EXTERIOR", "sheet": "AGUAVIVA (519)", "start": 1995, "station_type": "ENCAUZAMIENTO SIN CANAL DE AGUAS BAJAS", "system": "Guadalope", "weir": false, "weir_type": null, "x_etrs89": 722202, "y_etrs89": 4513193, "years_daily": 15, "years_instant": 40, "years_monthly": 63, "discharge": 1 }, "geometry": { "type": "Point", "coordinates": [ -0.368396969036696, 40.739695709912745 ] } },
{ "type": "Feature", "properties": { "id": 9031, "active": 1, "administration": "C.H. EBRO", "basin": "EBRO", "catch_skm": 1038.0, "catch_skm_basin": 1213.0, "comment": null, "elev_masl": 570.0, "elev_max_masl": 1762.0, "end": 2021, "id_basin": 9370, "id_municipality": 12141, "id_saica": null, "id_saih": "A031", "id_sheet": 520, "lat_wgs84": 40.4644, "lon_wgs84": -0.0921, "municipality": "Zorita del Maestrazgo", "name": "Zorita", "owner": "ESTADO", "province": "Castellón", "regime": "natural", "river": "Bergantes", "scale_type": null, "sheet": "PEÑARROYA DE TASTAVINS (520)", "start": 1990, "station_type": "ENCAUZAMIENTO CON CANAL DE AGUAS BAJAS", "system": "Guadalope", "weir": true, "weir_type": null, "x_etrs89": 740021, "y_etrs89": 4518102, "years_daily": 31, "years_instant": 26, "years_monthly": 57, "discharge": 1 }, "geometry": { "type": "Point", "coordinates": [ -0.155716025548237, 40.778862129528655 ] } },
{ "type": "Feature", "properties": { "id": 9032, "active": 1, "administration": "C.H. EBRO", "basin": "EBRO", "catch_skm": 362.0, "catch_skm_basin": 362.0, "comment": null, "elev_masl": 310.0, "elev_max_masl": 2077.0, "end": 2021, "id_basin": 9618, "id_municipality": 22124, "id_saica": null, "id_saih": "A032", "id_sheet": 325, "lat_wgs84": 41.5433, "lon_wgs84": -0.0741, "municipality": "Huerto", "name": "Peralta De Alcofea", "owner": "ESTADO", "province": "Huesca", "regime": "altered", "river": "Guatizalema", "scale_type": "EXTERIOR", "sheet": "PERALTA DE ALCOFEA (325)", "start": 1997, "station_type": "ENCAUZAMIENTO CON CANAL DE AGUAS BAJAS", "system": "Riegos Del Alto Aragón", "weir": true, "weir_type": null, "x_etrs89": 738213, "y_etrs89": 4643686, "years_daily": 24, "years_instant": 28, "years_monthly": 81, "discharge": 1 }, "geometry": { "type": "Point", "coordinates": [ -0.127854322699967, 41.909211299982118 ] } },
{ "type": "Feature", "properties": { "id": 9033, "active": 1, "administration": "C.H. EBRO", "basin": "EBRO", "catch_skm": 765.0, "catch_skm_basin": 3385.0, "comment": null, "elev_masl": 310.0, "elev_max_masl": 2077.0, "end": 2021, "id_basin": 9615, "id_municipality": 22124, "id_saica": null, "id_saih": "A033", "id_sheet": 325, "lat_wgs84": 41.5446, "lon_wgs84": -0.0732, "municipality": "Huerto", "name": "Peralta De Alcofea", "owner": "ESTADO", "province": "Huesca", "regime": "natural", "river": "Alcanadre", "scale_type": null, "sheet": "PERALTA DE ALCOFEA (325)", "start": 1993, "station_type": "ENCAUZAMIENTO CON CANAL DE AGUAS BAJAS", "system": "Riegos Del Alto Aragón", "weir": true, "weir_type": null, "x_etrs89": 738404, "y_etrs89": 4644083, "years_daily": 28, "years_instant": 28, "years_monthly": 82, "discharge": 1 }, "geometry": { "type": "Point", "coordinates": [ -0.125393867062023, 41.912724893812928 ] } },
{ "type": "Feature", "properties": { "id": 9034, "active": 1, "administration": "C.H. EBRO", "basin": "EBRO", "catch_skm": 242.0, "catch_skm_basin": 1100.0, "comment": null, "elev_masl": 860.0, "elev_max_masl": 2093.0, "end": 2021, "id_basin": 9106, "id_municipality": 26093, "id_saica": null, "id_saih": "A034", "id_sheet": 278, "lat_wgs84": 42.0942, "lon_wgs84": -2.5424, "municipality": "Mansilla", "name": "Mansilla", "owner": "ESTADO", "province": "La Rioja", "regime": "altered", "river": "Najerilla", "scale_type": null, "sheet": "CANALES DE LA SIERRA (278)", "start": 1980, "station_type": "ENCAUZAMIENTO CON CANAL DE AGUAS BAJAS", "system": "Cuenca Del Najerilla", "weir": true, "weir_type": null, "x_etrs89": 507714, "y_etrs89": 4667722, "years_daily": 41, "years_instant": 41, "years_monthly": 91, "discharge": 1 }, "geometry": { "type": "Point", "coordinates": [ -2.906618949185416, 42.161591349532159 ] } },
{ "type": "Feature", "properties": { "id": 9035, "active": 1, "administration": "C.H. EBRO", "basin": "EBRO", "catch_skm": 285.0, "catch_skm_basin": 692.0, "comment": null, "elev_masl": 990.0, "elev_max_masl": 2168.0, "end": 2021, "id_basin": 9132, "id_municipality": 26177, "id_saica": null, "id_saih": "A035", "id_sheet": 279, "lat_wgs84": 42.0733, "lon_wgs84": -2.3912, "municipality": "Villoslada de Cameros", "name": "Villoslada De Cameros", "owner": "ESTADO", "province": "La Rioja", "regime": "altered", "river": "Iregua", "scale_type": null, "sheet": "VILLOSLADA DE CAMEROS (279)", "start": 1992, "station_type": "ENCAUZAMIENTO CON CANAL DE AGUAS BAJAS", "system": "Cuenca Del Iregua", "weir": true, "weir_type": null, "x_etrs89": 528657, "y_etrs89": 4663808, "years_daily": 29, "years_instant": 44, "years_monthly": 87, "discharge": 1 }, "geometry": { "type": "Point", "coordinates": [ -2.653290802266717, 42.125854337527869 ] } },
{ "type": "Feature", "properties": { "id": 9036, "active": 1, "administration": "C.H. EBRO", "basin": "EBRO", "catch_skm": 573.0, "catch_skm_basin": 692.0, "comment": null, "elev_masl": 565.0, "elev_max_masl": 2168.0, "end": 2021, "id_basin": 9134, "id_municipality": 26103, "id_saica": null, "id_saih": "A036", "id_sheet": 242, "lat_wgs84": 42.1903, "lon_wgs84": -2.3132, "municipality": "Nalda", "name": "Islallana", "owner": "ESTADO", "province": "La Rioja", "regime": "altered", "river": "Iregua", "scale_type": "EXTERIOR", "sheet": "MUNILLA (242)", "start": 1997, "station_type": "ENCAUZAMIENTO CON CANAL DE AGUAS BAJAS", "system": "Regadíos Iregua Y Abastecimiento De Log", "weir": true, "weir_type": null, "x_etrs89": 539088, "y_etrs89": 4685144, "years_daily": 24, "years_instant": 57, "years_monthly": 91, "discharge": 1 }, "geometry": { "type": "Point", "coordinates": [ -2.525657976667177, 42.317555864757615 ] } },
{ "type": "Feature", "properties": { "id": 9038, "active": 1, "administration": "C.H. EBRO", "basin": "EBRO", "catch_skm": 1090.0, "catch_skm_basin": 1100.0, "comment": null, "elev_masl": 420.0, "elev_max_masl": 2202.0, "end": 2019, "id_basin": 9124, "id_municipality": 26046, "id_saica": null, "id_saih": "A038", "id_sheet": 203, "lat_wgs84": 42.2954, "lon_wgs84": -2.4103, "municipality": "Cenicero", "name": "Torremontalvo", "owner": "ESTADO", "province": "La Rioja", "regime": "altered", "river": "Najerilla", "scale_type": "EXTERIOR", "sheet": "NÁJERA (203)", "start": 1985, "station_type": "CAUCE NATURAL", "system": "Regadíos Del Najerilla", "weir": false, "weir_type": null, "x_etrs89": 525959, "y_etrs89": 4705155, "years_daily": 34, "years_instant": 48, "years_monthly": 79, "discharge": 1 }, "geometry": { "type": "Point", "coordinates": [ -2.684075505249686, 42.498321042640129 ] } },
{ "type": "Feature", "properties": { "id": 9039, "active": 1, "administration": "C.H. EBRO", "basin": "EBRO", "catch_skm": 45.0, "catch_skm_basin": 47.0, "comment": null, "elev_masl": 935.0, "elev_max_masl": 1772.0, "end": 2021, "id_basin": 9133, "id_municipality": 26169, "id_saica": null, "id_saih": "A039", "id_sheet": 241, "lat_wgs84": 42.1016, "lon_wgs84": -2.4018, "municipality": "Villanueva de Cameros", "name": "Ortigosa", "owner": "ESTADO", "province": "La Rioja", "regime": "altered", "river": "Albercos", "scale_type": null, "sheet": "ANGUIANO (241)", "start": 1997, "station_type": "ENCAUZAMIENTO SIN CANAL DE AGUAS BAJAS", "system": "Cuenca Del Iregua", "weir": false, "weir_type": null, "x_etrs89": 527130, "y_etrs89": 4668819, "years_daily": 24, "years_instant": 50, "years_monthly": 90, "discharge": 1 }, "geometry": { "type": "Point", "coordinates": [ -2.671531811778387, 42.171039169532428 ] } },
{ "type": "Feature", "properties": { "id": 9040, "active": 1, "administration": "C.H. EBRO", "basin": "EBRO", "catch_skm": 626.0, "catch_skm_basin": 718.0, "comment": null, "elev_masl": 680.0, "elev_max_masl": 3355.0, "end": 2021, "id_basin": 9561, "id_municipality": 22066, "id_saica": null, "id_saih": "A040", "id_sheet": 211, "lat_wgs84": 42.261, "lon_wgs84": 0.4642, "municipality": "Boltaña", "name": "Boltaña", "owner": "ESTADO", "province": "Huesca", "regime": "natural", "river": "Ara", "scale_type": null, "sheet": "BOLTAÑA (211)", "start": 1997, "station_type": "ENCAUZAMIENTO CON CANAL DE AGUAS BAJAS", "system": "Gallego-Cinca", "weir": true, "weir_type": null, "x_etrs89": 753198, "y_etrs89": 4702800, "years_daily": 24, "years_instant": 24, "years_monthly": 78, "discharge": 1 }, "geometry": { "type": "Point", "coordinates": [ 0.078274569572817, 42.436193423878706 ] } },
{ "type": "Feature", "properties": { "id": 9041, "active": 1, "administration": "C.H. EBRO", "basin": "EBRO", "catch_skm": 364.0, "catch_skm_basin": 465.0, "comment": null, "elev_masl": 904.0, "elev_max_masl": 1496.0, "end": 2021, "id_basin": 9276, "id_municipality": 44050, "id_saica": null, "id_saih": "A041", "id_sheet": 491, "lat_wgs84": 40.5549, "lon_wgs84": -1.1536, "municipality": "Calamocha", "name": "Navarrete Del Rio", "owner": "ESTADO", "province": "Teruel", "regime": "natural", "river": "Pancrudo", "scale_type": "EXTERIOR", "sheet": "CALAMOCHA (491)", "start": 1991, "station_type": "ENCAUZAMIENTO CON CANAL DE AGUAS BAJAS", "system": "Jalón", "weir": true, "weir_type": null, "x_etrs89": 646510, "y_etrs89": 4532462, "years_daily": 30, "years_instant": 17, "years_monthly": 89, "discharge": 1 }, "geometry": { "type": "Point", "coordinates": [ -1.259813021929891, 40.930159403939847 ] } },
{ "type": "Feature", "properties": { "id": 9042, "active": 1, "administration": "C.H. EBRO", "basin": "EBRO", "catch_skm": 1498.0, "catch_skm_basin": 2597.0, "comment": null, "elev_masl": 883.0, "elev_max_masl": 1605.0, "end": 2021, "id_basin": 9275, "id_municipality": 44050, "id_saica": null, "id_saih": "A042", "id_sheet": 491, "lat_wgs84": 40.5527, "lon_wgs84": -1.1802, "municipality": "Calamocha", "name": "Calamocha", "owner": "ESTADO", "province": "Teruel", "regime": "natural", "river": "Jiloca", "scale_type": "EXTERIOR", "sheet": "CALAMOCHA (491)", "start": 1986, "station_type": "CAUCE NATURAL", "system": "Jalón", "weir": false, "weir_type": null, "x_etrs89": 643090, "y_etrs89": 4531719, "years_daily": 35, "years_instant": 34, "years_monthly": 86, "discharge": 1 }, "geometry": { "type": "Point", "coordinates": [ -1.300588607538202, 40.924074934171458 ] } },
{ "type": "Feature", "properties": { "id": 9043, "active": 1, "administration": "C.H. EBRO", "basin": "EBRO", "catch_skm": 105.0, "catch_skm_basin": 365.0, "comment": null, "elev_masl": 1060.0, "elev_max_masl": 1709.0, "end": 2021, "id_basin": 9237, "id_municipality": 42165, "id_saica": null, "id_saih": "A043", "id_sheet": 280, "lat_wgs84": 42.011, "lon_wgs84": -2.1323, "municipality": "San Pedro Manrique", "name": "San Pedro Manrique", "owner": "ESTADO", "province": "Soria", "regime": "natural", "river": "Linares", "scale_type": null, "sheet": "ENCISO (280)", "start": 1988, "station_type": "ENCAUZAMIENTO CON CANAL DE AGUAS BAJAS", "system": "Cuenca Desde Leza A Huecha", "weir": true, "weir_type": null, "x_etrs89": 564332, "y_etrs89": 4652224, "years_daily": 33, "years_instant": 27, "years_monthly": 73, "discharge": 1 }, "geometry": { "type": "Point", "coordinates": [ -2.222975057663167, 42.01941622849175 ] } },
{ "type": "Feature", "properties": { "id": 9044, "active": 1, "administration": "C.H. EBRO", "basin": "EBRO", "catch_skm": 223.0, "catch_skm_basin": 692.0, "comment": null, "elev_masl": 940.0, "elev_max_masl": 1792.0, "end": 2013, "id_basin": 9158, "id_municipality": 42218, "id_saica": null, "id_saih": "A044", "id_sheet": 280, "lat_wgs84": 42.0617, "lon_wgs84": -2.1956, "municipality": "Yanguas", "name": "Yanguas", "owner": "ESTADO", "province": "Soria", "regime": "natural", "river": "Cidacos", "scale_type": "EXTERIOR", "sheet": "ENCISO (280)", "start": 1995, "station_type": "ENCAUZAMIENTO CON CANAL DE AGUAS BAJAS", "system": "Cuenca Desde Leza A Huecha", "weir": true, "weir_type": null, "x_etrs89": 555212, "y_etrs89": 4661621, "years_daily": 18, "years_instant": 56, "years_monthly": 86, "discharge": 1 }, "geometry": { "type": "Point", "coordinates": [ -2.332235679669308, 42.104738010866129 ] } },
{ "type": "Feature", "properties": { "id": 9046, "active": 1, "administration": "C.H. EBRO", "basin": "EBRO", "catch_skm": 110.0, "catch_skm_basin": 372.0, "comment": null, "elev_masl": 630.0, "elev_max_masl": 1441.0, "end": 2021, "id_basin": 9599, "id_municipality": 22051, "id_saica": null, "id_saih": null, "id_sheet": 249, "lat_wgs84": 42.1307, "lon_wgs84": 0.0231, "municipality": "Bárcabo", "name": "Lecina", "owner": "ESTADO", "province": "Huesca", "regime": "natural", "river": "Vero", "scale_type": null, "sheet": "ALQUÉZAR (249)", "start": 1989, "station_type": "ENCAUZAMIENTO CON CANAL DE AGUAS BAJAS", "system": "Gallego-Cinca", "weir": true, "weir_type": null, "x_etrs89": 751082, "y_etrs89": 4678516, "years_daily": 32, "years_instant": 40, "years_monthly": 81, "discharge": 1 }, "geometry": { "type": "Point", "coordinates": [ 0.042034008942033, 42.218485565381819 ] } },
{ "type": "Feature", "properties": { "id": 9047, "active": 1, "administration": "C.H. EBRO", "basin": "EBRO", "catch_skm": 426.0, "catch_skm_basin": 446.0, "comment": null, "elev_masl": 485.0, "elev_max_masl": 2728.0, "end": 2021, "id_basin": 9594, "id_municipality": 22080, "id_saica": null, "id_saih": "A047", "id_sheet": 250, "lat_wgs84": 42.1138, "lon_wgs84": 0.2343, "municipality": "Capella", "name": "Capella", "owner": "ESTADO", "province": "Huesca", "regime": "natural", "river": "Isábena", "scale_type": null, "sheet": "GRAUS (250)", "start": 1993, "station_type": "ENCAUZAMIENTO CON CANAL DE AGUAS BAJAS", "system": "Esera-Noguera Ribagorzana", "weir": true, "weir_type": null, "x_etrs89": 780356, "y_etrs89": 4676877, "years_daily": 28, "years_instant": 46, "years_monthly": 82, "discharge": 1 }, "geometry": { "type": "Point", "coordinates": [ 0.39534684681112, 42.193802587381782 ] } },
{ "type": "Feature", "properties": { "id": 9048, "active": 1, "administration": "C.H. EBRO", "basin": "EBRO", "catch_skm": 541.0, "catch_skm_basin": 1100.0, "comment": null, "elev_masl": 630.0, "elev_max_masl": 2262.0, "end": 2002, "id_basin": 9116, "id_municipality": 26014, "id_saica": null, "id_saih": "A048", "id_sheet": 241, "lat_wgs84": 42.1522, "lon_wgs84": -2.4641, "municipality": "Anguiano", "name": "Anguiano", "owner": "ESTADO", "province": "La Rioja", "regime": "altered", "river": "Najerilla", "scale_type": null, "sheet": "ANGUIANO (241)", "start": 1987, "station_type": "CAUCE NATURAL", "system": "Cuenca Del Najerilla", "weir": false, "weir_type": null, "x_etrs89": 518304, "y_etrs89": 4678244, "years_daily": 15, "years_instant": 51, "years_monthly": 87, "discharge": 1 }, "geometry": { "type": "Point", "coordinates": [ -2.778092002728779, 42.256179375943503 ] } },
{ "type": "Feature", "properties": { "id": 9049, "active": 1, "administration": "C.H. EBRO", "basin": "EBRO", "catch_skm": 150.0, "catch_skm_basin": 318.0, "comment": null, "elev_masl": 920.0, "elev_max_masl": 1719.0, "end": 2012, "id_basin": 9239, "id_municipality": 42075, "id_saica": null, "id_saih": null, "id_sheet": 319, "lat_wgs84": 41.5419, "lon_wgs84": -1.5643, "municipality": "Dévanos", "name": "Debanos", "owner": "ESTADO", "province": "Soria", "regime": "natural", "river": "Añamaza", "scale_type": "EXTERIOR", "sheet": "ÁGREDA (319)", "start": 1992, "station_type": "ENCAUZAMIENTO CON CANAL DE AGUAS BAJAS", "system": "Cuenca Desde Leza A Huecha", "weir": true, "weir_type": null, "x_etrs89": 587477, "y_etrs89": 4639782, "years_daily": 20, "years_instant": 30, "years_monthly": 84, "discharge": 1 }, "geometry": { "type": "Point", "coordinates": [ -1.945310788689787, 41.905140967199316 ] } },
{ "type": "Feature", "properties": { "id": 9050, "active": 1, "administration": "C.H. EBRO", "basin": "EBRO", "catch_skm": 698.0, "catch_skm_basin": 1243.0, "comment": null, "elev_masl": 526.0, "elev_max_masl": 2085.0, "end": 2014, "id_basin": 9090, "id_municipality": 26056, "id_saica": null, "id_saih": "A050", "id_sheet": 169, "lat_wgs84": 42.3128, "lon_wgs84": -3.0008, "municipality": "Cuzcurrita de Río Tirón", "name": "Cuzcurrita", "owner": "ESTADO", "province": "La Rioja", "regime": "natural", "river": "Tirón", "scale_type": null, "sheet": "CASALARREINA (169)", "start": 1983, "station_type": "CAUCE NATURAL", "system": "Cuenca Del Najerilla", "weir": false, "weir_type": null, "x_etrs89": 499829, "y_etrs89": 4707998, "years_daily": 31, "years_instant": 52, "years_monthly": 86, "discharge": 1 }, "geometry": { "type": "Point", "coordinates": [ -3.002081957780836, 42.524360116436192 ] } },
{ "type": "Feature", "properties": { "id": 9051, "active": 1, "administration": "C.H. EBRO", "basin": "EBRO", "catch_skm": 835.0, "catch_skm_basin": 9699.0, "comment": null, "elev_masl": 530.0, "elev_max_masl": 3355.0, "end": 1992, "id_basin": 9556, "id_municipality": 22189, "id_saica": null, "id_saih": "A051", "id_sheet": 211, "lat_wgs84": 42.2841, "lon_wgs84": 0.0901, "municipality": "Puértolas", "name": "Escalona", "owner": "OTROS", "province": "Huesca", "regime": "altered", "river": "Cinca", "scale_type": null, "sheet": "BOLTAÑA (211)", "start": 1980, "station_type": "CAUCE NATURAL", "system": "Gallego-Cinca", "weir": false, "weir_type": null, "x_etrs89": 758948, "y_etrs89": 4707662, "years_daily": 12, "years_instant": 0, "years_monthly": 57, "discharge": 1 }, "geometry": { "type": "Point", "coordinates": [ 0.150272060290167, 42.478016448249726 ] } },
{ "type": "Feature", "properties": { "id": 9052, "active": 1, "administration": "C.H. EBRO", "basin": "EBRO", "catch_skm": 48.0, "catch_skm_basin": 1727.0, "comment": null, "elev_masl": 580.0, "elev_max_masl": 1339.0, "end": 2021, "id_basin": 9629, "id_municipality": 44037, "id_saica": null, "id_saih": "A052", "id_sheet": 521, "lat_wgs84": 40.4928, "lon_wgs84": 0.1108, "municipality": "Beceite", "name": "Beceite", "owner": "ESTADO", "province": "Teruel", "regime": "natural", "river": "Matarraña", "scale_type": null, "sheet": "BECEITE (521)", "start": 1980, "station_type": "ENCAUZAMIENTO CON CANAL DE AGUAS BAJAS", "system": "Matarraña", "weir": true, "weir_type": null, "x_etrs89": 768637, "y_etrs89": 4524151, "years_daily": 41, "years_instant": 49, "years_monthly": 87, "discharge": 1 }, "geometry": { "type": "Point", "coordinates": [ 0.185518339206714, 40.82441943056179 ] } },
{ "type": "Feature", "properties": { "id": 9055, "active": 1, "administration": "C.H. EBRO", "basin": "EBRO", "catch_skm": 2502.0, "catch_skm_basin": 2597.0, "comment": null, "elev_masl": 636.0, "elev_max_masl": 1605.0, "end": 2021, "id_basin": 9277, "id_municipality": 50176, "id_saica": null, "id_saih": "A055", "id_sheet": 437, "lat_wgs84": 41.1506, "lon_wgs84": -1.3505, "municipality": "Morata de Jiloca", "name": "Morata De Jiloca", "owner": "ESTADO", "province": "Zaragoza", "regime": "natural", "river": "Jiloca", "scale_type": null, "sheet": "ATECA (437)", "start": 1980, "station_type": "ENCAUZAMIENTO CON CANAL DE AGUAS BAJAS", "system": "Jalón", "weir": true, "weir_type": null, "x_etrs89": 618586, "y_etrs89": 4567656, "years_daily": 41, "years_instant": 27, "years_monthly": 80, "discharge": 1 }, "geometry": { "type": "Point", "coordinates": [ -1.584588736495585, 41.251621856875005 ] } },
{ "type": "Feature", "properties": { "id": 9056, "active": 1, "administration": "C.H. EBRO", "basin": "EBRO", "catch_skm": 537.0, "catch_skm_basin": 622.0, "comment": null, "elev_masl": 756.0, "elev_max_masl": 1518.0, "end": 2008, "id_basin": 9270, "id_municipality": 50129, "id_saica": null, "id_saih": "A056", "id_sheet": 436, "lat_wgs84": 41.1127, "lon_wgs84": -1.5235, "municipality": "Jaraba", "name": "Jaraba", "owner": "ESTADO", "province": "Zaragoza", "regime": "natural", "river": "Mesa", "scale_type": "EXTERIOR", "sheet": "ALHAMA DE ARAGÓN (436)", "start": 1980, "station_type": "ENCAUZAMIENTO SIN CANAL DE AGUAS BAJAS", "system": "Jalón", "weir": false, "weir_type": null, "x_etrs89": 594221, "y_etrs89": 4560558, "years_daily": 28, "years_instant": 35, "years_monthly": 66, "discharge": 1 }, "geometry": { "type": "Point", "coordinates": [ -1.876437160486876, 41.190903836845557 ] } },
{ "type": "Feature", "properties": { "id": 9057, "active": 1, "administration": "C.H. EBRO", "basin": "EBRO", "catch_skm": 207.0, "catch_skm_basin": 253.0, "comment": null, "elev_masl": 778.0, "elev_max_masl": 1309.0, "end": 2014, "id_basin": 9261, "id_municipality": 50096, "id_saica": null, "id_saih": "A057", "id_sheet": 408, "lat_wgs84": 41.2311, "lon_wgs84": -1.5903, "municipality": "Embid de Ariza", "name": "Embid De Ariza", "owner": "ESTADO", "province": "Zaragoza", "regime": "natural", "river": "Deza", "scale_type": "EXTERIOR", "sheet": "TORRIJO DE LA CAÑADA (408)", "start": 1996, "station_type": "ENCAUZAMIENTO SIN CANAL DE AGUAS BAJAS", "system": "Jalón", "weir": false, "weir_type": null, "x_etrs89": 584934, "y_etrs89": 4582160, "years_daily": 18, "years_instant": 25, "years_monthly": 85, "discharge": 1 }, "geometry": { "type": "Point", "coordinates": [ -1.984151312365825, 41.386486556430242 ] } },
{ "type": "Feature", "properties": { "id": 9058, "active": 1, "administration": "C.H. EBRO", "basin": "EBRO", "catch_skm": 196.0, "catch_skm_basin": 9718.0, "comment": null, "elev_masl": 892.0, "elev_max_masl": 1309.0, "end": 2021, "id_basin": 9256, "id_municipality": 42025, "id_saica": null, "id_saih": "A058", "id_sheet": 435, "lat_wgs84": 41.1148, "lon_wgs84": -2.2018, "municipality": "Arcos de Jalón", "name": "Jubera", "owner": "ESTADO", "province": "Soria", "regime": "natural", "river": "Jalón", "scale_type": "EXTERIOR", "sheet": "ARCOS DE JALÓN (435)", "start": 1980, "station_type": "ENCAUZAMIENTO CON CANAL DE AGUAS BAJAS", "system": "Jalón", "weir": true, "weir_type": null, "x_etrs89": 555473, "y_etrs89": 4560792, "years_daily": 41, "years_instant": 54, "years_monthly": 86, "discharge": 1 }, "geometry": { "type": "Point", "coordinates": [ -2.338436772144704, 41.196592417113742 ] } },
{ "type": "Feature", "properties": { "id": 9059, "active": 1, "administration": "C.H. EBRO", "basin": "EBRO", "catch_skm": 1901.0, "catch_skm_basin": 4009.0, "comment": null, "elev_masl": 427.0, "elev_max_masl": 3151.0, "end": 2021, "id_basin": 9322, "id_municipality": 50185, "id_saica": null, "id_saih": "A059", "id_sheet": 247, "lat_wgs84": 42.1617, "lon_wgs84": -0.4504, "municipality": "Murillo de Gállego", "name": "Sta. Eulalia De Gallego", "owner": "ESTADO", "province": "Zaragoza", "regime": "unknown", "river": "Gállego", "scale_type": null, "sheet": "AYERBE (247)", "start": 2005, "station_type": "CAUCE NATURAL", "system": "Gallego-Cinca", "weir": false, "weir_type": null, "x_etrs89": 685467, "y_etrs89": 4682343, "years_daily": 16, "years_instant": 54, "years_monthly": 81, "discharge": 1 }, "geometry": { "type": "Point", "coordinates": [ -0.751016091211358, 42.271253712647905 ] } },
{ "type": "Feature", "properties": { "id": 9060, "active": 0, "administration": "C.H. EBRO", "basin": "EBRO", "catch_skm": 2249.0, "catch_skm_basin": 2249.0, "comment": "INT 2017                                                              ", "elev_masl": 230.0, "elev_max_masl": 1517.0, "end": 2002, "id_basin": 9254, "id_municipality": 50118, "id_saica": null, "id_saih": "A060", "id_sheet": 321, "lat_wgs84": 41.5309, "lon_wgs84": -1.182, "municipality": "Gallur", "name": "Gallur", "owner": "ESTADO", "province": "Zaragoza", "regime": "natural", "river": "Arba De Luesia", "scale_type": "EXTERIOR", "sheet": "TAUSTE (321)", "start": 1980, "station_type": "ENCAUZAMIENTO CON CANAL DE AGUAS BAJAS", "system": "Eje Del Ebro", "weir": true, "weir_type": null, "x_etrs89": 640579, "y_etrs89": 4638484, "years_daily": 22, "years_instant": 33, "years_monthly": 45, "discharge": 1 }, "geometry": { "type": "Point", "coordinates": [ -1.30560097347375, 41.885792036559153 ] } },
{ "type": "Feature", "properties": { "id": 9061, "active": 1, "administration": "C.H. EBRO", "basin": "EBRO", "catch_skm": 348.0, "catch_skm_basin": 359.0, "comment": null, "elev_masl": 630.0, "elev_max_masl": 2668.0, "end": 2021, "id_basin": 9175, "id_municipality": 22902, "id_saica": null, "id_saih": "A061", "id_sheet": 176, "lat_wgs84": 42.3437, "lon_wgs84": -0.4516, "municipality": "Puente la Reina de Jaca", "name": "Javierregay", "owner": "ESTADO", "province": "Huesca", "regime": "natural", "river": "Subordán", "scale_type": "EXTERIOR", "sheet": "JACA (176)", "start": 1991, "station_type": "ENCAUZAMIENTO CON CANAL DE AGUAS BAJAS", "system": "Aragón-Arba", "weir": false, "weir_type": null, "x_etrs89": 684286, "y_etrs89": 4716269, "years_daily": 30, "years_instant": 33, "years_monthly": 60, "discharge": 1 }, "geometry": { "type": "Point", "coordinates": [ -0.754451875499574, 42.57683715306176 ] } },
{ "type": "Feature", "properties": { "id": 9062, "active": 1, "administration": "C.H. EBRO", "basin": "EBRO", "catch_skm": 161.0, "catch_skm_basin": 271.0, "comment": null, "elev_masl": 650.0, "elev_max_masl": 2366.0, "end": 2009, "id_basin": 9177, "id_municipality": 22076, "id_saica": null, "id_saih": "A062", "id_sheet": 176, "lat_wgs84": 42.3921, "lon_wgs84": -0.471, "municipality": "Canal de Berdún", "name": "Binies", "owner": "ESTADO", "province": "Huesca", "regime": "natural", "river": "Veral", "scale_type": null, "sheet": "JACA (176)", "start": 1997, "station_type": "ENCAUZAMIENTO SIN CANAL DE AGUAS BAJAS", "system": "Aragón-Arba", "weir": true, "weir_type": null, "x_etrs89": 681463, "y_etrs89": 4724973, "years_daily": 12, "years_instant": 45, "years_monthly": 89, "discharge": 1 }, "geometry": { "type": "Point", "coordinates": [ -0.786051105097637, 42.655832990326424 ] } },
{ "type": "Feature", "properties": { "id": 9063, "active": 1, "administration": "C.H. EBRO", "basin": "EBRO", "catch_skm": 506.0, "catch_skm_basin": 526.0, "comment": null, "elev_masl": 595.0, "elev_max_masl": 2100.0, "end": 2021, "id_basin": 9185, "id_municipality": 50245, "id_saica": null, "id_saih": "A063", "id_sheet": 175, "lat_wgs84": 42.3842, "lon_wgs84": -1.0044, "municipality": "Sigüés", "name": "Sigües", "owner": "ESTADO", "province": "Zaragoza", "regime": "natural", "river": "Esca", "scale_type": "EXTERIOR", "sheet": "SIGÜÉS (175)", "start": 1980, "station_type": "ENCAUZAMIENTO CON CANAL DE AGUAS BAJAS", "system": "Aragón-Arba", "weir": true, "weir_type": null, "x_etrs89": 662955, "y_etrs89": 4723305, "years_daily": 41, "years_instant": 52, "years_monthly": 86, "discharge": 1 }, "geometry": { "type": "Point", "coordinates": [ -1.012197302650514, 42.644961502902056 ] } },
{ "type": "Feature", "properties": { "id": 9064, "active": 1, "administration": "C.H. EBRO", "basin": "EBRO", "catch_skm": 396.0, "catch_skm_basin": 533.0, "comment": null, "elev_masl": 547.0, "elev_max_masl": 1656.0, "end": 2001, "id_basin": 9202, "id_municipality": 31181, "id_saica": null, "id_saih": "A064", "id_sheet": 143, "lat_wgs84": 42.4251, "lon_wgs84": -1.0937, "municipality": "Navascués", "name": "Aspurz", "owner": "ESTADO", "province": "Navarra", "regime": "natural", "river": "Salazar", "scale_type": "EXTERIOR", "sheet": "NAVASCUES (143)", "start": 1980, "station_type": "ENCAUZAMIENTO CON CANAL DE AGUAS BAJAS", "system": "Irati-Arga-Ega", "weir": true, "weir_type": null, "x_etrs89": 650647, "y_etrs89": 4730723, "years_daily": 21, "years_instant": 48, "years_monthly": 85, "discharge": 1 }, "geometry": { "type": "Point", "coordinates": [ -1.160288411584358, 42.714236952885628 ] } },
{ "type": "Feature", "properties": { "id": 9065, "active": 1, "administration": "C.H. EBRO", "basin": "EBRO", "catch_skm": 1546.0, "catch_skm_basin": 1561.0, "comment": null, "elev_masl": 412.0, "elev_max_masl": 2021.0, "end": 2002, "id_basin": 9203, "id_municipality": 31155, "id_saica": null, "id_saih": "A065", "id_sheet": 174, "lat_wgs84": 42.3725, "lon_wgs84": -1.1742, "municipality": "Liédena", "name": "Liedena", "owner": "ESTADO", "province": "Navarra", "regime": "unknown", "river": "Irati", "scale_type": null, "sheet": "SANGÜESA (174)", "start": 1983, "station_type": "CAUCE NATURAL", "system": "Irati-Arga-Ega", "weir": false, "weir_type": null, "x_etrs89": 639828, "y_etrs89": 4720436, "years_daily": 19, "years_instant": 57, "years_monthly": 91, "discharge": 1 }, "geometry": { "type": "Point", "coordinates": [ -1.294885052902616, 42.623683070193678 ] } },
{ "type": "Feature", "properties": { "id": 9066, "active": 1, "administration": "C.H. EBRO", "basin": "EBRO", "catch_skm": 236.0, "catch_skm_basin": 1561.0, "comment": null, "elev_masl": 700.0, "elev_max_masl": 2021.0, "end": 2003, "id_basin": 9193, "id_municipality": 31034, "id_saica": null, "id_saih": "A066", "id_sheet": 116, "lat_wgs84": 42.5646, "lon_wgs84": -1.1521, "municipality": "Arive", "name": "Arive", "owner": "ESTADO", "province": "Navarra", "regime": "altered", "river": "Irati", "scale_type": "EXTERIOR", "sheet": "GARRALDA (116)", "start": 1990, "station_type": "CAUCE NATURAL", "system": "Irati-Arga-Ega", "weir": false, "weir_type": null, "x_etrs89": 642301, "y_etrs89": 4756298, "years_daily": 13, "years_instant": 55, "years_monthly": 89, "discharge": 1 }, "geometry": { "type": "Point", "coordinates": [ -1.255699939361653, 42.946033939947519 ] } },
{ "type": "Feature", "properties": { "id": 9067, "active": 1, "administration": "C.H. EBRO", "basin": "EBRO", "catch_skm": 240.0, "catch_skm_basin": 270.0, "comment": null, "elev_masl": 465.0, "elev_max_masl": 1296.0, "end": 2000, "id_basin": 9214, "id_municipality": 31188, "id_saica": null, "id_saih": "A067", "id_sheet": 115, "lat_wgs84": 42.5326, "lon_wgs84": -1.3624, "municipality": "Oláibar", "name": "Olave", "owner": "ESTADO", "province": "Navarra", "regime": "natural", "river": "Ulzama", "scale_type": "EXTERIOR", "sheet": "ANSÓAIN (115)", "start": 1980, "station_type": "ENCAUZAMIENTO SIN CANAL DE AGUAS BAJAS", "system": "Irati-Arga-Ega", "weir": false, "weir_type": null, "x_etrs89": 613772, "y_etrs89": 4749604, "years_daily": 20, "years_instant": 3, "years_monthly": 87, "discharge": 1 }, "geometry": { "type": "Point", "coordinates": [ -1.606648177177132, 42.890565251744569 ] } },
{ "type": "Feature", "properties": { "id": 9068, "active": 1, "administration": "C.H. EBRO", "basin": "EBRO", "catch_skm": 782.0, "catch_skm_basin": 823.0, "comment": "CORRECCIÓN POR POZO SUCIO (DATOS 2013-14)                             ", "elev_masl": 390.0, "elev_max_masl": 1494.0, "end": 2021, "id_basin": 9226, "id_municipality": 31193, "id_saica": null, "id_saih": "A068", "id_sheet": 141, "lat_wgs84": 42.4948, "lon_wgs84": -1.4714, "municipality": "Olza", "name": "Asiain", "owner": "ESTADO", "province": "Navarra", "regime": "unknown", "river": "Araquil", "scale_type": null, "sheet": "PAMPLONA (141)", "start": 2010, "station_type": null, "system": "Irati-Arga-Ega", "weir": false, "weir_type": null, "x_etrs89": 599117, "y_etrs89": 4742645, "years_daily": 11, "years_instant": 0, "years_monthly": 67, "discharge": 1 }, "geometry": { "type": "Point", "coordinates": [ -1.787310901927353, 42.829954898647145 ] } },
{ "type": "Feature", "properties": { "id": 9069, "active": 1, "administration": "C.H. EBRO", "basin": "EBRO", "catch_skm": 1756.0, "catch_skm_basin": 2759.0, "comment": null, "elev_masl": 376.0, "elev_max_masl": 1491.0, "end": 2021, "id_basin": 9227, "id_municipality": 31085, "id_saica": null, "id_saih": "A069", "id_sheet": 141, "lat_wgs84": 42.4727, "lon_wgs84": -1.4724, "municipality": "Echauri", "name": "Echauri", "owner": "ESTADO", "province": "Navarra", "regime": "unknown", "river": "Arga", "scale_type": null, "sheet": "PAMPLONA (141)", "start": 1994, "station_type": "CAUCE NATURAL", "system": "Irati-Arga-Ega", "weir": false, "weir_type": null, "x_etrs89": 598966, "y_etrs89": 4738295, "years_daily": 27, "years_instant": 40, "years_monthly": 79, "discharge": 1 }, "geometry": { "type": "Point", "coordinates": [ -1.789921788991545, 42.790809760546693 ] } },
{ "type": "Feature", "properties": { "id": 9070, "active": 1, "administration": "C.H. EBRO", "basin": "EBRO", "catch_skm": 309.0, "catch_skm_basin": 315.0, "comment": null, "elev_masl": 946.0, "elev_max_masl": 1121.0, "end": 2021, "id_basin": 9149, "id_municipality": 31097, "id_saica": null, "id_saih": "A070", "id_sheet": 140, "lat_wgs84": 42.413, "lon_wgs84": -2.0255, "municipality": "Allín", "name": "Eraul", "owner": null, "province": "Navarra", "regime": "unknown", "river": "Urederra", "scale_type": null, "sheet": "Estella (140)", "start": 2012, "station_type": null, "system": "Ega", "weir": false, "weir_type": null, "x_etrs89": 577936, "y_etrs89": 4727028, "years_daily": 9, "years_instant": 0, "years_monthly": 58, "discharge": 1 }, "geometry": { "type": "Point", "coordinates": [ -2.048573297787656, 42.691787263840219 ] } },
{ "type": "Feature", "properties": { "id": 9071, "active": 1, "administration": "C.H. EBRO", "basin": "EBRO", "catch_skm": 943.0, "catch_skm_basin": 1461.0, "comment": null, "elev_masl": 425.0, "elev_max_masl": 1438.0, "end": 2002, "id_basin": 9150, "id_municipality": 31097, "id_saica": null, "id_saih": "A071", "id_sheet": 140, "lat_wgs84": 42.4016, "lon_wgs84": -2.0209, "municipality": "Estella", "name": "Estella", "owner": "ESTADO", "province": "Navarra", "regime": "natural", "river": "Ega I", "scale_type": null, "sheet": "ESTELLA (140)", "start": 1980, "station_type": "CAUCE NATURAL", "system": "Irati-Arga-Ega", "weir": false, "weir_type": null, "x_etrs89": 578998, "y_etrs89": 4724753, "years_daily": 22, "years_instant": 58, "years_monthly": 89, "discharge": 1 }, "geometry": { "type": "Point", "coordinates": [ -2.035927183065449, 42.671194032397381 ] } },
{ "type": "Feature", "properties": { "id": 9073, "active": 1, "administration": "C.H. EBRO", "basin": "EBRO", "catch_skm": 275.0, "catch_skm_basin": 279.0, "comment": null, "elev_masl": 393.0, "elev_max_masl": 1517.0, "end": 2021, "id_basin": 9205, "id_municipality": 31216, "id_saica": null, "id_saih": "A073", "id_sheet": 174, "lat_wgs84": 42.3307, "lon_wgs84": -1.1519, "municipality": "Sangüesa", "name": "Sangüesa", "owner": "ESTADO", "province": "Navarra", "regime": "natural", "river": "Onsella", "scale_type": "EXTERIOR", "sheet": "SANGÜESA (174)", "start": 1997, "station_type": "ENCAUZAMIENTO CON CANAL DE AGUAS BAJAS", "system": "Riegos De Bardenas", "weir": true, "weir_type": null, "x_etrs89": 643237, "y_etrs89": 4712534, "years_daily": 24, "years_instant": 49, "years_monthly": 79, "discharge": 1 }, "geometry": { "type": "Point", "coordinates": [ -1.255318335374471, 42.551926652248085 ] } },
{ "type": "Feature", "properties": { "id": 9074, "active": 1, "administration": "C.H. EBRO", "basin": "EBRO", "catch_skm": 1357.0, "catch_skm_basin": 1358.0, "comment": null, "elev_masl": 455.0, "elev_max_masl": 1442.0, "end": 2021, "id_basin": 9076, "id_municipality": 9219, "id_saica": null, "id_saih": "A074", "id_sheet": 172, "lat_wgs84": 42.4038, "lon_wgs84": -2.5349, "municipality": "Miranda de Ebro", "name": "Arce", "owner": "ESTADO", "province": "Burgos", "regime": "altered", "river": "Zadorra", "scale_type": null, "sheet": "ALLO (172)", "start": 2004, "station_type": "ENCAUZAMIENTO CON CANAL DE AGUAS BAJAS", "system": "Eje Del Zadorra Y Abastecimiento De Vito", "weir": true, "weir_type": null, "x_etrs89": 508458, "y_etrs89": 4724993, "years_daily": 17, "years_instant": 45, "years_monthly": 85, "discharge": 1 }, "geometry": { "type": "Point", "coordinates": [ -2.896769963825541, 42.677365844060915 ] } },
{ "type": "Feature", "properties": { "id": 9075, "active": 1, "administration": "C.H. EBRO", "basin": "EBRO", "catch_skm": 307.0, "catch_skm_basin": 310.0, "comment": "CORRECCIÓN POR POZO SUCIO (DATOS 2013-14)                             ", "elev_masl": 453.0, "elev_max_masl": 1180.0, "end": 2018, "id_basin": 9075, "id_municipality": 1014, "id_saica": null, "id_saih": "A075", "id_sheet": 137, "lat_wgs84": 42.4051, "lon_wgs84": -2.5303, "municipality": "Berantevilla", "name": "Berantevilla", "owner": "ESTADO", "province": "Álava", "regime": "natural", "river": "Ayuda", "scale_type": "EXTERIOR", "sheet": "MIRANDA DE EBRO (137)", "start": 1994, "station_type": "ENCAUZAMIENTO CON CANAL DE AGUAS BAJAS", "system": "Eje Del Zadorra Y Abastecimiento De Vito", "weir": false, "weir_type": null, "x_etrs89": 509497, "y_etrs89": 4725369, "years_daily": 24, "years_instant": 51, "years_monthly": 86, "discharge": 1 }, "geometry": { "type": "Point", "coordinates": [ -2.884082680991973, 42.680739812153718 ] } },
{ "type": "Feature", "properties": { "id": 9076, "active": 1, "administration": "C.H. EBRO", "basin": "EBRO", "catch_skm": 127.0, "catch_skm_basin": 1561.0, "comment": null, "elev_masl": 790.0, "elev_max_masl": 2021.0, "end": 2011, "id_basin": 9193, "id_municipality": 31195, "id_saica": null, "id_saih": "A076", "id_sheet": 117, "lat_wgs84": 42.5904, "lon_wgs84": -1.095, "municipality": "Orbaiceta", "name": "Orbaiceta", "owner": "OTROS", "province": "Navarra", "regime": "altered", "river": "Irati", "scale_type": "EXTERIOR", "sheet": "OCHAGAVIA (117)", "start": 1995, "station_type": "ENCAUZAMIENTO SIN CANAL DE AGUAS BAJAS", "system": "Irati-Arga-Ega", "weir": true, "weir_type": null, "x_etrs89": 649706, "y_etrs89": 4760737, "years_daily": 16, "years_instant": 11, "years_monthly": 47, "discharge": 1 }, "geometry": { "type": "Point", "coordinates": [ -1.163786886300616, 42.984568390529581 ] } },
{ "type": "Feature", "properties": { "id": 9078, "active": 1, "administration": "C.H. EBRO", "basin": "EBRO", "catch_skm": 47.0, "catch_skm_basin": 55.0, "comment": null, "elev_masl": 495.0, "elev_max_masl": 1030.0, "end": 2003, "id_basin": 9208, "id_municipality": 31114, "id_saica": null, "id_saih": "A078", "id_sheet": 173, "lat_wgs84": 42.3544, "lon_wgs84": -1.3836, "municipality": "Garínoain", "name": "Garinoain", "owner": "ESTADO", "province": "Navarra", "regime": "natural", "river": "Cemborain", "scale_type": "EXTERIOR", "sheet": "TAFALLA (173)", "start": 1980, "station_type": "ENCAUZAMIENTO CON CANAL DE AGUAS BAJAS", "system": "Irati-Arga-Ega", "weir": true, "weir_type": null, "x_etrs89": 611312, "y_etrs89": 4716804, "years_daily": 23, "years_instant": 32, "years_monthly": 82, "discharge": 1 }, "geometry": { "type": "Point", "coordinates": [ -1.64322268679956, 42.595631017633664 ] } },
{ "type": "Feature", "properties": { "id": 9079, "active": 1, "administration": "C.H. EBRO", "basin": "EBRO", "catch_skm": 180.0, "catch_skm_basin": 214.0, "comment": null, "elev_masl": 483.0, "elev_max_masl": 1279.0, "end": 2021, "id_basin": 9196, "id_municipality": 31243, "id_saica": null, "id_saih": "A079", "id_sheet": 142, "lat_wgs84": 42.4614, "lon_wgs84": -1.2424, "municipality": "Urroz", "name": "Urroz", "owner": "ESTADO", "province": "Navarra", "regime": "natural", "river": "Erro", "scale_type": "EXTERIOR", "sheet": "AOIZ (142)", "start": 1980, "station_type": "ENCAUZAMIENTO CON CANAL DE AGUAS BAJAS", "system": "Irati-Arga-Ega", "weir": true, "weir_type": null, "x_etrs89": 630354, "y_etrs89": 4736555, "years_daily": 41, "years_instant": 55, "years_monthly": 89, "discharge": 1 }, "geometry": { "type": "Point", "coordinates": [ -1.40666323395718, 42.770448714100269 ] } },
{ "type": "Feature", "properties": { "id": 9080, "active": 1, "administration": "C.H. EBRO", "basin": "EBRO", "catch_skm": 47.0, "catch_skm_basin": 271.0, "comment": null, "elev_masl": 1187.0, "elev_max_masl": 2366.0, "end": 2021, "id_basin": 9177, "id_municipality": 22028, "id_saica": null, "id_saih": "A080", "id_sheet": 118, "lat_wgs84": 42.5145, "lon_wgs84": -0.4913, "municipality": "Ansó", "name": "Zuriza", "owner": "ESTADO", "province": "Huesca", "regime": "natural", "river": "Veral", "scale_type": null, "sheet": "ZURIZA (118)", "start": 1993, "station_type": "ENCAUZAMIENTO CON CANAL DE AGUAS BAJAS", "system": "Aragón-Arba", "weir": true, "weir_type": null, "x_etrs89": 678062, "y_etrs89": 4747864, "years_daily": 28, "years_instant": 34, "years_monthly": 84, "discharge": 1 }, "geometry": { "type": "Point", "coordinates": [ -0.820303965977124, 42.862622486496235 ] } },
{ "type": "Feature", "properties": { "id": 9083, "active": 1, "administration": "C.H. EBRO", "basin": "EBRO", "catch_skm": 2700.0, "catch_skm_basin": 22579.0, "comment": null, "elev_masl": 440.0, "elev_max_masl": 2921.0, "end": 2021, "id_basin": 9447, "id_municipality": 25165, "id_saica": null, "id_saih": "A083", "id_sheet": 291, "lat_wgs84": 42.0522, "lon_wgs84": 1.1734, "municipality": "Peramola", "name": "Oliana", "owner": "ESTADO", "province": "Lérida", "regime": "altered", "river": "Segre", "scale_type": "EXTERIOR", "sheet": "OLIANA (291)", "start": 1984, "station_type": "CAUCE NATURAL", "system": "Segre", "weir": false, "weir_type": null, "x_etrs89": 855055, "y_etrs89": 4668639, "years_daily": 37, "years_instant": 45, "years_monthly": 70, "discharge": 1 }, "geometry": { "type": "Point", "coordinates": [ 1.292801074382957, 42.089511304102075 ] } },
{ "type": "Feature", "properties": { "id": 9084, "active": 1, "administration": "C.H. EBRO", "basin": "EBRO", "catch_skm": 185.0, "catch_skm_basin": 185.0, "comment": null, "elev_masl": 400.0, "elev_max_masl": 1009.0, "end": 2021, "id_basin": 9230, "id_municipality": 31260, "id_saica": null, "id_saih": "A084", "id_sheet": 140, "lat_wgs84": 42.4138, "lon_wgs84": -1.5651, "municipality": "Yerri", "name": "Alloz", "owner": "ESTADO", "province": "Navarra", "regime": "altered", "river": "Salado", "scale_type": null, "sheet": "ESTELLA (140)", "start": 1980, "station_type": "ENCAUZAMIENTO CON CANAL DE AGUAS BAJAS", "system": "Irati-Arga-Ega", "weir": false, "weir_type": null, "x_etrs89": 586214, "y_etrs89": 4727366, "years_daily": 41, "years_instant": 30, "years_monthly": 58, "discharge": 1 }, "geometry": { "type": "Point", "coordinates": [ -1.947481595439272, 42.693946744440183 ] } },
{ "type": "Feature", "properties": { "id": 9085, "active": 1, "administration": "C.H. EBRO", "basin": "EBRO", "catch_skm": 14.0, "catch_skm_basin": 75.0, "comment": null, "elev_masl": 481.0, "elev_max_masl": 1238.0, "end": 2009, "id_basin": 9229, "id_municipality": 31120, "id_saica": null, "id_saih": "A085", "id_sheet": 140, "lat_wgs84": 42.4555, "lon_wgs84": -1.5716, "municipality": "Guesálaz", "name": "Riezu", "owner": "ESTADO", "province": "Navarra", "regime": "natural", "river": "Ubagua O Inaroz", "scale_type": "EXTERIOR", "sheet": "ESTELLA (140)", "start": 1995, "station_type": "ENCAUZAMIENTO CON CANAL DE AGUAS BAJAS", "system": "Irati-Arga-Ega", "weir": true, "weir_type": null, "x_etrs89": 585541, "y_etrs89": 4735265, "years_daily": 14, "years_instant": 33, "years_monthly": 75, "discharge": 1 }, "geometry": { "type": "Point", "coordinates": [ -1.954502456917768, 42.765144671511429 ] } },
{ "type": "Feature", "properties": { "id": 9086, "active": 1, "administration": "C.H. EBRO", "basin": "EBRO", "catch_skm": 76.0, "catch_skm_basin": 456.0, "comment": null, "elev_masl": 494.0, "elev_max_masl": 990.0, "end": 2021, "id_basin": 9207, "id_municipality": 31114, "id_saica": null, "id_saih": "A086", "id_sheet": 173, "lat_wgs84": 42.356, "lon_wgs84": -1.3901, "municipality": "Barásoain", "name": "Garinoain", "owner": "ESTADO", "province": "Navarra", "regime": "natural", "river": "Zidacos", "scale_type": "EXTERIOR", "sheet": "TAFALLA (173)", "start": 1994, "station_type": "ENCAUZAMIENTO CON CANAL DE AGUAS BAJAS", "system": "Irati-Arga-Ega", "weir": true, "weir_type": null, "x_etrs89": 610723, "y_etrs89": 4717280, "years_daily": 27, "years_instant": 13, "years_monthly": 82, "discharge": 1 }, "geometry": { "type": "Point", "coordinates": [ -1.650307539485962, 42.600001333244926 ] } },
{ "type": "Feature", "properties": { "id": 9087, "active": 1, "administration": "C.H. EBRO", "basin": "EBRO", "catch_skm": 9694.0, "catch_skm_basin": 9718.0, "comment": null, "elev_masl": 250.0, "elev_max_masl": 1814.0, "end": 2002, "id_basin": 9288, "id_municipality": 50043, "id_saica": null, "id_saih": "A087", "id_sheet": 354, "lat_wgs84": 41.4358, "lon_wgs84": -1.1033, "municipality": "Bárboles", "name": "Grisen", "owner": "ESTADO", "province": "Zaragoza", "regime": "natural", "river": "Jalón", "scale_type": "EXTERIOR", "sheet": "ALAGÓN (354)", "start": 1980, "station_type": "ENCAUZAMIENTO CON CANAL DE AGUAS BAJAS", "system": "Eje Del Jalón", "weir": true, "weir_type": null, "x_etrs89": 651716, "y_etrs89": 4621730, "years_daily": 22, "years_instant": 31, "years_monthly": 55, "discharge": 1 }, "geometry": { "type": "Point", "coordinates": [ -1.175715687162167, 41.732907510913819 ] } },
{ "type": "Feature", "properties": { "id": 9088, "active": 1, "administration": "C.H. EBRO", "basin": "EBRO", "catch_skm": 279.0, "catch_skm_basin": 402.0, "comment": null, "elev_masl": 990.0, "elev_max_masl": 1997.0, "end": 2008, "id_basin": 9363, "id_municipality": 44183, "id_saica": null, "id_saih": null, "id_sheet": 543, "lat_wgs84": 40.3734, "lon_wgs84": -0.36, "municipality": "Pitarque", "name": "Pitarque", "owner": "ESTADO", "province": "Teruel", "regime": "natural", "river": "Fortanete", "scale_type": "EXTERIOR", "sheet": "VILLARLUENGO (543)", "start": 1985, "station_type": "CAUCE NATURAL", "system": "Guadalope", "weir": false, "weir_type": null, "x_etrs89": 703004, "y_etrs89": 4500033, "years_daily": 23, "years_instant": 41, "years_monthly": 65, "discharge": 1 }, "geometry": { "type": "Point", "coordinates": [ -0.59982047856277, 40.626204265633611 ] } },
{ "type": "Feature", "properties": { "id": 9089, "active": 1, "administration": "C.H. EBRO", "basin": "EBRO", "catch_skm": 4008.0, "catch_skm_basin": 4009.0, "comment": null, "elev_masl": 194.0, "elev_max_masl": 3151.0, "end": 2006, "id_basin": 9326, "id_municipality": 50297, "id_saica": null, "id_saih": "A089", "id_sheet": 355, "lat_wgs84": 41.401, "lon_wgs84": -0.5031, "municipality": "Zaragoza", "name": "Zaragoza", "owner": "ESTADO", "province": "Zaragoza", "regime": "altered", "river": "Gállego", "scale_type": null, "sheet": "LECIÑENA (355)", "start": 1997, "station_type": "CAUCE NATURAL", "system": "Eje Del Ebro", "weir": false, "weir_type": null, "x_etrs89": 679658, "y_etrs89": 4615311, "years_daily": 9, "years_instant": 14, "years_monthly": 25, "discharge": 1 }, "geometry": { "type": "Point", "coordinates": [ -0.841877143690222, 41.669308251064912 ] } },
{ "type": "Feature", "properties": { "id": 9090, "active": 0, "administration": "C.H. EBRO", "basin": "EBRO", "catch_skm": 145.0, "catch_skm_basin": 145.0, "comment": "INT 1997                                                              ", "elev_masl": 570.0, "elev_max_masl": 1563.0, "end": 1997, "id_basin": 9243, "id_municipality": 50106, "id_saica": null, "id_saih": null, "id_sheet": 320, "lat_wgs84": 41.5239, "lon_wgs84": -1.4702, "municipality": "Los Fayos", "name": "Fayos, Los", "owner": "-", "province": "Zaragoza", "regime": "unknown", "river": "Barranco Del Val", "scale_type": null, "sheet": "TARAZONA DE ARAGÓN (320)", "start": 1980, "station_type": null, "system": "Cuenca Desde Leza A Huecha", "weir": false, "weir_type": null, "x_etrs89": 600922, "y_etrs89": 4636891, "years_daily": 17, "years_instant": 28, "years_monthly": 56, "discharge": 1 }, "geometry": { "type": "Point", "coordinates": [ -1.783734591964161, 41.877504980490073 ] } },
{ "type": "Feature", "properties": { "id": 9091, "active": 1, "administration": "C.H. EBRO", "basin": "EBRO", "catch_skm": 501.0, "catch_skm_basin": 3385.0, "comment": null, "elev_masl": 390.0, "elev_max_masl": 2077.0, "end": 2008, "id_basin": 9615, "id_municipality": 22027, "id_saica": null, "id_saih": "A091", "id_sheet": 287, "lat_wgs84": 42.0515, "lon_wgs84": -0.0635, "municipality": "Angüés", "name": "Lascellas", "owner": "ESTADO", "province": "Huesca", "regime": "natural", "river": "Alcanadre", "scale_type": null, "sheet": "BARBASTRO (287)", "start": 1980, "station_type": "ENCAUZAMIENTO CON CANAL DE AGUAS BAJAS", "system": "Gallego-Cinca", "weir": false, "weir_type": null, "x_etrs89": 739052, "y_etrs89": 4663526, "years_daily": 28, "years_instant": 50, "years_monthly": 75, "discharge": 1 }, "geometry": { "type": "Point", "coordinates": [ -0.10967962202189, 42.087423134401803 ] } },
{ "type": "Feature", "properties": { "id": 9092, "active": 1, "administration": "C.H. EBRO", "basin": "EBRO", "catch_skm": 1093.0, "catch_skm_basin": 1101.0, "comment": null, "elev_masl": 540.0, "elev_max_masl": 1707.0, "end": 1995, "id_basin": 9036, "id_municipality": 9394, "id_saica": null, "id_saih": "A092", "id_sheet": 136, "lat_wgs84": 42.4809, "lon_wgs84": -3.2406, "municipality": "Trespaderne", "name": "Trespaderne", "owner": "ESTADO", "province": "Burgos", "regime": "natural", "river": "Nela", "scale_type": "EXTERIOR", "sheet": "OÑA (136)", "start": 1980, "station_type": "AZUD EN CAUCE NATURAL", "system": "Cabecera Del Ebro", "weir": false, "weir_type": null, "x_etrs89": 467154, "y_etrs89": 4738955, "years_daily": 15, "years_instant": 2, "years_monthly": 63, "discharge": 1 }, "geometry": { "type": "Point", "coordinates": [ -3.401692319186043, 42.802442623967657 ] } },
{ "type": "Feature", "properties": { "id": 9093, "active": 1, "administration": "C.H. EBRO", "basin": "EBRO", "catch_skm": 1051.0, "catch_skm_basin": 1093.0, "comment": null, "elev_masl": 570.0, "elev_max_masl": 1176.0, "end": 2021, "id_basin": 9026, "id_municipality": 9238, "id_saica": null, "id_saih": "A093", "id_sheet": 136, "lat_wgs84": 42.4407, "lon_wgs84": -3.245, "municipality": "Oña", "name": "Oña", "owner": "ESTADO", "province": "Burgos", "regime": "natural", "river": "Oca", "scale_type": "EXTERIOR", "sheet": "OÑA (136)", "start": 1996, "station_type": "ENCAUZAMIENTO SIN CANAL DE AGUAS BAJAS", "system": "Cabecera Del Ebro", "weir": false, "weir_type": null, "x_etrs89": 466115, "y_etrs89": 4731506, "years_daily": 25, "years_instant": 17, "years_monthly": 63, "discharge": 1 }, "geometry": { "type": "Point", "coordinates": [ -3.413951599562602, 42.735317464898309 ] } },
{ "type": "Feature", "properties": { "id": 9094, "active": 1, "administration": "C.H. EBRO", "basin": "EBRO", "catch_skm": 1499.0, "catch_skm_basin": 2873.0, "comment": null, "elev_masl": 245.0, "elev_max_masl": null, "end": 2021, "id_basin": 9622, "id_municipality": 22213, "id_saica": null, "id_saih": "A094", "id_sheet": 357, "lat_wgs84": 41.453, "lon_wgs84": -0.1053, "municipality": "Sariñena", "name": "Albalatillo", "owner": "ESTADO", "province": "Huesca", "regime": "altered", "river": "Flumen", "scale_type": "EXTERIOR", "sheet": "SARIÑENA (357)", "start": 1992, "station_type": "ENCAUZAMIENTO CON CANAL DE AGUAS BAJAS", "system": "Riegos Del Alto Aragón", "weir": true, "weir_type": null, "x_etrs89": 734322, "y_etrs89": 4626795, "years_daily": 29, "years_instant": 14, "years_monthly": 30, "discharge": 1 }, "geometry": { "type": "Point", "coordinates": [ -0.181392748034725, 41.75842354828238 ] } },
{ "type": "Feature", "properties": { "id": 9095, "active": 1, "administration": "C.H. EBRO", "basin": "EBRO", "catch_skm": 345.0, "catch_skm_basin": 372.0, "comment": null, "elev_masl": 320.0, "elev_max_masl": 1441.0, "end": 1995, "id_basin": 9599, "id_municipality": 22048, "id_saica": null, "id_saih": "A095", "id_sheet": 287, "lat_wgs84": 42.0145, "lon_wgs84": 0.0754, "municipality": "Barbastro", "name": "Barbastro", "owner": "ESTADO", "province": "Huesca", "regime": "natural", "river": "Vero", "scale_type": "EXTERIOR", "sheet": "BARBASTRO (287)", "start": 1980, "station_type": "ENCAUZAMIENTO CON CANAL DE AGUAS BAJAS", "system": "Riegos Del Alto Aragón", "weir": false, "weir_type": null, "x_etrs89": 759268, "y_etrs89": 4657746, "years_daily": 15, "years_instant": 9, "years_monthly": 73, "discharge": 1 }, "geometry": { "type": "Point", "coordinates": [ 0.131849749141352, 42.029030112475631 ] } },
{ "type": "Feature", "properties": { "id": 9096, "active": 1, "administration": "C.H. EBRO", "basin": "EBRO", "catch_skm": 7796.0, "catch_skm_basin": 22579.0, "comment": null, "elev_masl": 210.0, "elev_max_masl": 2921.0, "end": 2007, "id_basin": 9499, "id_municipality": 25040, "id_saica": null, "id_saih": "A096", "id_sheet": 359, "lat_wgs84": 41.4735, "lon_wgs84": 0.4825, "municipality": "Balaguer", "name": "Balaguer", "owner": "ESTADO", "province": "Lérida", "regime": "natural", "river": "Segre", "scale_type": null, "sheet": "BALAGUER (359)", "start": 1984, "station_type": "CAUCE NATURAL", "system": "Canal De Urgell Y Otros Regadíos", "weir": false, "weir_type": null, "x_etrs89": 816343, "y_etrs89": 4633805, "years_daily": 23, "years_instant": 50, "years_monthly": 77, "discharge": 1 }, "geometry": { "type": "Point", "coordinates": [ 0.807123749739016, 41.793013954084572 ] } },
{ "type": "Feature", "properties": { "id": 9097, "active": 1, "administration": "C.H. EBRO", "basin": "EBRO", "catch_skm": 1757.0, "catch_skm_basin": 2046.0, "comment": null, "elev_masl": 300.0, "elev_max_masl": 3205.0, "end": 2021, "id_basin": 9536, "id_municipality": 22089, "id_saica": null, "id_saih": "A097", "id_sheet": 327, "lat_wgs84": 41.5237, "lon_wgs84": 0.3442, "municipality": "Castillonroy", "name": "Piñana", "owner": "ESTADO", "province": "Huesca", "regime": "altered", "river": "Noguera Ribagorzana", "scale_type": null, "sheet": "OS DE BALAGUER (327)", "start": 1980, "station_type": "ENCAUZAMIENTO CON CANAL DE AGUAS BAJAS", "system": "Esera-Noguera Ribagorzana", "weir": false, "weir_type": null, "x_etrs89": 796948, "y_etrs89": 4642314, "years_daily": 41, "years_instant": 47, "years_monthly": 76, "discharge": 1 }, "geometry": { "type": "Point", "coordinates": [ 0.578425236349477, 41.876998827074893 ] } },
{ "type": "Feature", "properties": { "id": 9099, "active": 1, "administration": "C.H. EBRO", "basin": "EBRO", "catch_skm": 3845.0, "catch_skm_basin": 3892.0, "comment": null, "elev_masl": 128.0, "elev_max_masl": 1987.0, "end": 2021, "id_basin": 9377, "id_municipality": 50074, "id_saica": null, "id_saih": "A099", "id_sheet": 442, "lat_wgs84": 41.1238, "lon_wgs84": 0.0046, "municipality": "Caspe", "name": "Caspe", "owner": "ESTADO", "province": "Zaragoza", "regime": "altered", "river": "Guadalope", "scale_type": "EXTERIOR", "sheet": "CASPE (442)", "start": 1997, "station_type": "ENCAUZAMIENTO CON CANAL DE AGUAS BAJAS", "system": "Demandas Santolea - Calanda", "weir": true, "weir_type": null, "x_etrs89": 752591, "y_etrs89": 4566506, "years_daily": 24, "years_instant": 30, "years_monthly": 48, "discharge": 1 }, "geometry": { "type": "Point", "coordinates": [ 0.012827566554579, 41.210531630886663 ] } },
{ "type": "Feature", "properties": { "id": 9100, "active": 1, "administration": "C.H. EBRO", "basin": "EBRO", "catch_skm": 141.0, "catch_skm_basin": 386.0, "comment": null, "elev_masl": 700.0, "elev_max_masl": 1532.0, "end": 2008, "id_basin": 9372, "id_municipality": 44040, "id_saica": null, "id_saih": "A100", "id_sheet": 494, "lat_wgs84": 40.5143, "lon_wgs84": -0.2522, "municipality": "Berge", "name": "Berge", "owner": "ESTADO", "province": "Teruel", "regime": "natural", "river": "Guadalopillo", "scale_type": null, "sheet": "CALANDA (494)", "start": 1980, "station_type": "ENCAUZAMIENTO CON CANAL DE AGUAS BAJAS", "system": "Guadalope", "weir": false, "weir_type": null, "x_etrs89": 717215, "y_etrs89": 4526624, "years_daily": 28, "years_instant": 45, "years_monthly": 63, "discharge": 1 }, "geometry": { "type": "Point", "coordinates": [ -0.422727900663118, 40.861898243910673 ] } },
{ "type": "Feature", "properties": { "id": 9101, "active": 1, "administration": "C.H. EBRO", "basin": "EBRO", "catch_skm": 2191.0, "catch_skm_basin": 8521.0, "comment": null, "elev_masl": 423.0, "elev_max_masl": 2886.0, "end": 2021, "id_basin": 9188, "id_municipality": 31261, "id_saica": null, "id_saih": "A101", "id_sheet": 174, "lat_wgs84": 42.3657, "lon_wgs84": -1.124, "municipality": "Yesa", "name": "Yesa, P.P.", "owner": "ESTADO", "province": "Navarra", "regime": "altered", "river": "Aragón", "scale_type": "EXTERIOR", "sheet": "SANGÜESA (174)", "start": 2005, "station_type": "ENCAUZAMIENTO CON CANAL DE AGUAS BAJAS", "system": "Riegos De Bardenas", "weir": true, "weir_type": null, "x_etrs89": 646721, "y_etrs89": 4719718, "years_daily": 16, "years_instant": 57, "years_monthly": 109, "discharge": 1 }, "geometry": { "type": "Point", "coordinates": [ -1.211053273484237, 42.615938524963909 ] } },
{ "type": "Feature", "properties": { "id": 9102, "active": 1, "administration": "C.H. EBRO", "basin": "EBRO", "catch_skm": 1518.0, "catch_skm_basin": 2820.0, "comment": null, "elev_masl": 540.0, "elev_max_masl": 2906.0, "end": 1991, "id_basin": 9482, "id_municipality": 25171, "id_saica": null, "id_saih": "A102", "id_sheet": 252, "lat_wgs84": 42.1629, "lon_wgs84": 1.0203, "municipality": "La Pobla de Segur", "name": "Collegats", "owner": "OTROS", "province": "Lérida", "regime": "unknown", "river": "Noguera Pallaresa", "scale_type": null, "sheet": "TREMP (252)", "start": 1984, "station_type": null, "system": "Segre", "weir": false, "weir_type": null, "x_etrs89": 832677, "y_etrs89": 4688158, "years_daily": 7, "years_instant": 0, "years_monthly": 75, "discharge": 1 }, "geometry": { "type": "Point", "coordinates": [ 1.034058239959455, 42.27466752720067 ] } },
{ "type": "Feature", "properties": { "id": 9105, "active": 1, "administration": "C.H. EBRO", "basin": "EBRO", "catch_skm": 620.0, "catch_skm_basin": 1020.0, "comment": null, "elev_masl": 450.0, "elev_max_masl": 1514.0, "end": 2009, "id_basin": 9290, "id_municipality": 50167, "id_saica": null, "id_saih": "A105", "id_sheet": 411, "lat_wgs84": 41.2534, "lon_wgs84": -1.0437, "municipality": "Mezalocha", "name": "Mezalocha", "owner": "ESTADO", "province": "Zaragoza", "regime": "altered", "river": "Huerva", "scale_type": null, "sheet": "LONGARES (411)", "start": 1990, "station_type": "ENCAUZAMIENTO CON CANAL DE AGUAS BAJAS", "system": "Eje Del Huerva", "weir": true, "weir_type": null, "x_etrs89": 660706, "y_etrs89": 4587847, "years_daily": 19, "years_instant": 53, "years_monthly": 76, "discharge": 1 }, "geometry": { "type": "Point", "coordinates": [ -1.076748678346845, 41.426118556452714 ] } },
{ "type": "Feature", "properties": { "id": 9106, "active": 1, "administration": "C.H. EBRO", "basin": "EBRO", "catch_skm": 1236.0, "catch_skm_basin": 3892.0, "comment": null, "elev_masl": 540.0, "elev_max_masl": 1997.0, "end": 2006, "id_basin": 9366, "id_municipality": 44071, "id_saica": null, "id_saih": "A106", "id_sheet": 519, "lat_wgs84": 40.464, "lon_wgs84": -0.1851, "municipality": "Castellote", "name": "Santolea - P.P.", "owner": "ESTADO", "province": "Teruel", "regime": "altered", "river": "Guadalope", "scale_type": null, "sheet": "AGUAVIVA (519)", "start": 1980, "station_type": "ENCAUZAMIENTO CON CANAL DE AGUAS BAJAS", "system": "Guadalope", "weir": true, "weir_type": null, "x_etrs89": 726670, "y_etrs89": 4517556, "years_daily": 26, "years_instant": 53, "years_monthly": 75, "discharge": 1 }, "geometry": { "type": "Point", "coordinates": [ -0.31395490082257, 40.777738872541001 ] } },
{ "type": "Feature", "properties": { "id": 9109, "active": 1, "administration": "C.H. EBRO", "basin": "EBRO", "catch_skm": 79.0, "catch_skm_basin": 79.0, "comment": null, "elev_masl": 590.0, "elev_max_masl": 1356.0, "end": 2021, "id_basin": 9636, "id_municipality": 44246, "id_saica": null, "id_saih": "A109", "id_sheet": 520, "lat_wgs84": 40.4927, "lon_wgs84": 0.0755, "municipality": "Valderrobres", "name": "Valderrobles", "owner": "ESTADO", "province": "Teruel", "regime": "altered", "river": "Pena", "scale_type": "EXTERIOR", "sheet": "PEÑARROYA DE TASTAVINS (520)", "start": 2004, "station_type": "ENCAUZAMIENTO CON CANAL DE AGUAS BAJAS", "system": "Matarraña", "weir": true, "weir_type": null, "x_etrs89": 764122, "y_etrs89": 4523946, "years_daily": 17, "years_instant": 37, "years_monthly": 53, "discharge": 1 }, "geometry": { "type": "Point", "coordinates": [ 0.131969169515604, 40.824040672694309 ] } },
{ "type": "Feature", "properties": { "id": 9110, "active": 1, "administration": "C.H. EBRO", "basin": "EBRO", "catch_skm": 49.0, "catch_skm_basin": 79.0, "comment": null, "elev_masl": 627.0, "elev_max_masl": 1356.0, "end": 2021, "id_basin": 9634, "id_municipality": 44037, "id_saica": null, "id_saih": "A110", "id_sheet": 520, "lat_wgs84": 40.4803, "lon_wgs84": 0.0747, "municipality": "Beceite", "name": "Beceite", "owner": "ESTADO", "province": "Teruel", "regime": "natural", "river": "Pena", "scale_type": "EXTERIOR", "sheet": "PEÑARROYA DE TASTAVINS (520)", "start": 2003, "station_type": "ENCAUZAMIENTO CON CANAL DE AGUAS BAJAS", "system": "Matarraña", "weir": false, "weir_type": null, "x_etrs89": 764036, "y_etrs89": 4521358, "years_daily": 18, "years_instant": 54, "years_monthly": 75, "discharge": 1 }, "geometry": { "type": "Point", "coordinates": [ 0.129855617376481, 40.80078912158848 ] } },
{ "type": "Feature", "properties": { "id": 9111, "active": 1, "administration": "C.H. EBRO", "basin": "EBRO", "catch_skm": 2384.0, "catch_skm_basin": 22579.0, "comment": null, "elev_masl": 542.0, "elev_max_masl": 2921.0, "end": 2021, "id_basin": 9441, "id_municipality": 25908, "id_saica": null, "id_saih": "A111", "id_sheet": 253, "lat_wgs84": 42.1346, "lon_wgs84": 1.2035, "municipality": "Fígols y Aliñá", "name": "Orgaña", "owner": "ESTADO", "province": "Lérida", "regime": "natural", "river": "Segre", "scale_type": null, "sheet": "ORGANYA (253)", "start": 1986, "station_type": "CAUCE NATURAL", "system": "Segre", "weir": false, "weir_type": null, "x_etrs89": 858440, "y_etrs89": 4684390, "years_daily": 35, "years_instant": 46, "years_monthly": 72, "discharge": 1 }, "geometry": { "type": "Point", "coordinates": [ 1.343295570393159, 42.229427186811193 ] } },
{ "type": "Feature", "properties": { "id": 9112, "active": 0, "administration": "C.H. EBRO", "basin": "EBRO", "catch_skm": 48974.0, "catch_skm_basin": 85001.0, "comment": "INT 1998                                                              ", "elev_masl": 130.0, "elev_max_masl": 3151.0, "end": 1998, "id_basin": 9337, "id_municipality": 50240, "id_saica": null, "id_saih": null, "id_sheet": 441, "lat_wgs84": 41.1942, "lon_wgs84": -0.223, "municipality": "Sástago", "name": "Sastago", "owner": "OTROS", "province": "Zaragoza", "regime": "altered", "river": "Ebro", "scale_type": null, "sheet": "HÍJAR (441)", "start": 1980, "station_type": "CAUCE NATURAL", "system": "Eje Del Ebro", "weir": false, "weir_type": null, "x_etrs89": 719674, "y_etrs89": 4578538, "years_daily": 18, "years_instant": 0, "years_monthly": 54, "discharge": 1 }, "geometry": { "type": "Point", "coordinates": [ -0.375036928316852, 41.328400601734643 ] } },
{ "type": "Feature", "properties": { "id": 9113, "active": 1, "administration": "C.H. EBRO", "basin": "EBRO", "catch_skm": 55.0, "catch_skm_basin": 58.0, "comment": null, "elev_masl": 680.0, "elev_max_masl": 1053.0, "end": 2009, "id_basin": 9635, "id_municipality": 44114, "id_saica": null, "id_saih": "A113", "id_sheet": 520, "lat_wgs84": 40.4809, "lon_wgs84": 0.0705, "municipality": "Fuentespalda", "name": "Valderrobres", "owner": "ESTADO", "province": "Teruel", "regime": "natural", "river": "Figuerales", "scale_type": null, "sheet": "PEÑARROYA DE TASTAVINS (520)", "start": 1993, "station_type": "ENCAUZAMIENTO CON CANAL DE AGUAS BAJAS", "system": "Matarraña", "weir": true, "weir_type": null, "x_etrs89": 763022, "y_etrs89": 4521507, "years_daily": 16, "years_instant": 52, "years_monthly": 75, "discharge": 1 }, "geometry": { "type": "Point", "coordinates": [ 0.117915533377871, 40.802454677530321 ] } },
{ "type": "Feature", "properties": { "id": 9115, "active": 1, "administration": "C.H. EBRO", "basin": "EBRO", "catch_skm": 1068.0, "catch_skm_basin": 2046.0, "comment": null, "elev_masl": 530.0, "elev_max_masl": 3205.0, "end": 2021, "id_basin": 9532, "id_municipality": 22188, "id_saica": null, "id_saih": "A115", "id_sheet": 289, "lat_wgs84": 42.0901, "lon_wgs84": 0.414, "municipality": "Puente de Montañana", "name": "Puente De Montañana", "owner": "PARTICULAR", "province": "Huesca", "regime": "natural", "river": "Noguera Ribagorzana", "scale_type": null, "sheet": "BENABARRE (289)", "start": 2011, "station_type": "ENCAUZAMIENTO CON CANAL DE AGUAS BAJAS", "system": "Esera-Noguera Ribagorzana", "weir": true, "weir_type": null, "x_etrs89": 805273, "y_etrs89": 4673073, "years_daily": 10, "years_instant": 0, "years_monthly": 68, "discharge": 1 }, "geometry": { "type": "Point", "coordinates": [ 0.69453647092209, 42.150292293099817 ] } },
{ "type": "Feature", "properties": { "id": 9116, "active": 0, "administration": "C.H. EBRO", "basin": "EBRO", "catch_skm": 49.0, "catch_skm_basin": 240.0, "comment": "INT 1997                                                              ", "elev_masl": 1335.0, "elev_max_masl": 3030.0, "end": 1989, "id_basin": 9515, "id_municipality": 25043, "id_saica": null, "id_saih": null, "id_sheet": 181, "lat_wgs84": 42.3305, "lon_wgs84": 0.5006, "municipality": "La Vall de Boí", "name": "Caldas De Bohi", "owner": "PARTICULAR", "province": "Lérida", "regime": "altered", "river": "Noguera De Tor", "scale_type": null, "sheet": "ESTERRI DE ANEU (181)", "start": 1980, "station_type": "ENCAUZAMIENTO CON CANAL DE AGUAS BAJAS", "system": "Esera-Noguera Ribagorzana", "weir": false, "weir_type": null, "x_etrs89": 814866, "y_etrs89": 4718138, "years_daily": 9, "years_instant": 1, "years_monthly": 50, "discharge": 1 }, "geometry": { "type": "Point", "coordinates": [ 0.834963213366095, 42.551453767211697 ] } },
{ "type": "Feature", "properties": { "id": 9117, "active": 0, "administration": "C.H. EBRO", "basin": "EBRO", "catch_skm": 64.0, "catch_skm_basin": 64.0, "comment": "INT 1997                                                              ", "elev_masl": 1350.0, "elev_max_masl": 3001.0, "end": 1989, "id_basin": 9516, "id_municipality": 25043, "id_saica": null, "id_saih": null, "id_sheet": 181, "lat_wgs84": 42.3239, "lon_wgs84": 0.5017, "municipality": "La Vall de Boí", "name": "Bohi", "owner": "PARTICULAR", "province": "Lérida", "regime": "natural", "river": "San Nicolás", "scale_type": null, "sheet": "ESTERRI DE ANEU (181)", "start": 1980, "station_type": "ENCAUZAMIENTO SIN CANAL DE AGUAS BAJAS", "system": "Esera-Noguera Ribagorzana", "weir": false, "weir_type": null, "x_etrs89": 815157, "y_etrs89": 4717336, "years_daily": 9, "years_instant": 1, "years_monthly": 51, "discharge": 1 }, "geometry": { "type": "Point", "coordinates": [ 0.838057601488968, 42.544128757138864 ] } },
{ "type": "Feature", "properties": { "id": 9118, "active": 1, "administration": "C.H. EBRO", "basin": "EBRO", "catch_skm": 670.0, "catch_skm_basin": 2111.0, "comment": null, "elev_masl": 570.0, "elev_max_masl": 1577.0, "end": 2021, "id_basin": 9352, "id_municipality": 44172, "id_saica": null, "id_saih": "A118", "id_sheet": 493, "lat_wgs84": 40.5926, "lon_wgs84": -0.4133, "municipality": "Oliete", "name": "Oliete", "owner": "ESTADO", "province": "Teruel", "regime": "altered", "river": "Martín", "scale_type": "EXTERIOR", "sheet": "OLIETE (493)", "start": 1995, "station_type": "ENCAUZAMIENTO CON CANAL DE AGUAS BAJAS", "system": "Martín", "weir": true, "weir_type": null, "x_etrs89": 694095, "y_etrs89": 4540284, "years_daily": 26, "years_instant": 58, "years_monthly": 75, "discharge": 1 }, "geometry": { "type": "Point", "coordinates": [ -0.692548903757375, 40.990654481185032 ] } },
{ "type": "Feature", "properties": { "id": 9120, "active": 1, "administration": "C.H. EBRO", "basin": "EBRO", "catch_skm": 12010.0, "catch_skm_basin": 85001.0, "comment": null, "elev_masl": 325.0, "elev_max_masl": 2262.0, "end": 2002, "id_basin": 9143, "id_municipality": 31165, "id_saica": null, "id_saih": "A120", "id_sheet": 204, "lat_wgs84": 42.2457, "lon_wgs84": -2.122, "municipality": "Mendavia", "name": "Mendavia", "owner": "ESTADO", "province": "Navarra", "regime": "unknown", "river": "Ebro", "scale_type": null, "sheet": "LOGROÑO (204)", "start": 1980, "station_type": "CAUCE NATURAL", "system": "Eje Del Ebro", "weir": false, "weir_type": null, "x_etrs89": 565371, "y_etrs89": 4696240, "years_daily": 22, "years_instant": 52, "years_monthly": 74, "discharge": 1 }, "geometry": { "type": "Point", "coordinates": [ -2.205473132186528, 42.415715045498096 ] } },
{ "type": "Feature", "properties": { "id": 9121, "active": 0, "administration": "C.H. EBRO", "basin": "EBRO", "catch_skm": 82416.0, "catch_skm_basin": 85001.0, "comment": "INT 1992                                                              ", "elev_masl": 43.0, "elev_max_masl": 3404.0, "end": 1987, "id_basin": 9650, "id_municipality": 43060, "id_saica": null, "id_saih": null, "id_sheet": 444, "lat_wgs84": 41.1338, "lon_wgs84": 0.3259, "municipality": "Flix", "name": "Flix", "owner": "PARTICULAR", "province": "Tarragona", "regime": "unknown", "river": "Ebro", "scale_type": null, "sheet": "FLIX (444)", "start": 1980, "station_type": null, "system": "Bajo Ebro", "weir": false, "weir_type": null, "x_etrs89": 797528, "y_etrs89": 4570050, "years_daily": 7, "years_instant": 0, "years_monthly": 45, "discharge": 1 }, "geometry": { "type": "Point", "coordinates": [ 0.549636659089189, 41.227136157732296 ] } },
{ "type": "Feature", "properties": { "id": 9122, "active": 1, "administration": "C.H. EBRO", "basin": "EBRO", "catch_skm": 138.0, "catch_skm_basin": 1330.0, "comment": null, "elev_masl": 760.0, "elev_max_masl": 1402.0, "end": 2021, "id_basin": 9330, "id_municipality": 44043, "id_saica": null, "id_saih": null, "id_sheet": 466, "lat_wgs84": 41.0209, "lon_wgs84": -0.5406, "municipality": "Blesa", "name": "Blesa", "owner": "ESTADO", "province": "Teruel", "regime": "unknown", "river": "Aguas Vivas", "scale_type": null, "sheet": "MOYUELA (466)", "start": 1980, "station_type": "ENCAUZAMIENTO CON CANAL DE AGUAS BAJAS", "system": "Aguasvivas", "weir": false, "weir_type": null, "x_etrs89": 676389, "y_etrs89": 4544863, "years_daily": 41, "years_instant": 53, "years_monthly": 70, "discharge": 1 }, "geometry": { "type": "Point", "coordinates": [ -0.901592758671939, 41.035895921838019 ] } },
{ "type": "Feature", "properties": { "id": 9123, "active": 1, "administration": "C.H. EBRO", "basin": "EBRO", "catch_skm": 1391.0, "catch_skm_basin": 4009.0, "comment": null, "elev_masl": 580.0, "elev_max_masl": 3151.0, "end": 2021, "id_basin": 9316, "id_municipality": 22072, "id_saica": null, "id_saih": "A123", "id_sheet": 209, "lat_wgs84": 42.2415, "lon_wgs84": -0.3906, "municipality": "Caldearenas", "name": "Anzanigo", "owner": "ESTADO", "province": "Huesca", "regime": "unknown", "river": "Gállego", "scale_type": "EXTERIOR", "sheet": "AGÜERO (209)", "start": 1996, "station_type": "CAUCE NATURAL", "system": "Gallego-Cinca", "weir": false, "weir_type": null, "x_etrs89": 693266, "y_etrs89": 4697324, "years_daily": 25, "years_instant": 56, "years_monthly": 73, "discharge": 1 }, "geometry": { "type": "Point", "coordinates": [ -0.651506695905457, 42.404168408420809 ] } },
{ "type": "Feature", "properties": { "id": 9124, "active": 1, "administration": "C.H. EBRO", "basin": "EBRO", "catch_skm": 456.0, "catch_skm_basin": 1020.0, "comment": null, "elev_masl": 612.0, "elev_max_masl": 1514.0, "end": 2002, "id_basin": 9290, "id_municipality": 50264, "id_saica": null, "id_saih": "A124", "id_sheet": 439, "lat_wgs84": 41.1749, "lon_wgs84": -1.0504, "municipality": "Tosos", "name": "Torcas, Las", "owner": "ESTADO", "province": "Zaragoza", "regime": "altered", "river": "Huerva", "scale_type": "EXTERIOR", "sheet": "AZUARA (439)", "start": 1980, "station_type": "ENCAUZAMIENTO CON CANAL DE AGUAS BAJAS", "system": "Huerva", "weir": true, "weir_type": null, "x_etrs89": 660387, "y_etrs89": 4573493, "years_daily": 22, "years_instant": 53, "years_monthly": 73, "discharge": 1 }, "geometry": { "type": "Point", "coordinates": [ -1.08435892974697, 41.296958736918953 ] } },
{ "type": "Feature", "properties": { "id": 9125, "active": 1, "administration": "C.H. EBRO", "basin": "EBRO", "catch_skm": 1478.0, "catch_skm_basin": 1544.0, "comment": null, "elev_masl": 640.0, "elev_max_masl": 1518.0, "end": 2021, "id_basin": 9271, "id_municipality": 50072, "id_saica": null, "id_saih": "A125", "id_sheet": 437, "lat_wgs84": 41.1559, "lon_wgs84": -1.4756, "municipality": "Carenas", "name": "Carenas", "owner": "ESTADO", "province": "Zaragoza", "regime": "natural", "river": "Piedra", "scale_type": "EXTERIOR", "sheet": "ATECA (437)", "start": 1980, "station_type": "ENCAUZAMIENTO CON CANAL DE AGUAS BAJAS", "system": "Jalón", "weir": true, "weir_type": null, "x_etrs89": 600622, "y_etrs89": 4569032, "years_daily": 41, "years_instant": 44, "years_monthly": 69, "discharge": 1 }, "geometry": { "type": "Point", "coordinates": [ -1.798726074378225, 41.266449950202812 ] } },
{ "type": "Feature", "properties": { "id": 9126, "active": 1, "administration": "C.H. EBRO", "basin": "EBRO", "catch_skm": 3619.0, "catch_skm_basin": 9718.0, "comment": null, "elev_masl": 590.0, "elev_max_masl": 1518.0, "end": 2021, "id_basin": 9272, "id_municipality": 50038, "id_saica": null, "id_saih": "A126", "id_sheet": 437, "lat_wgs84": 41.1923, "lon_wgs84": -1.4803, "municipality": "Ateca", "name": "Ateca", "owner": "ESTADO", "province": "Zaragoza", "regime": "natural", "river": "Jalón", "scale_type": "EXTERIOR", "sheet": "ATECA (437)", "start": 1997, "station_type": "ENCAUZAMIENTO CON CANAL DE AGUAS BAJAS", "system": "Jalón", "weir": true, "weir_type": null, "x_etrs89": 600374, "y_etrs89": 4575302, "years_daily": 24, "years_instant": 49, "years_monthly": 69, "discharge": 1 }, "geometry": { "type": "Point", "coordinates": [ -1.800652218352143, 41.322947172898459 ] } },
{ "type": "Feature", "properties": { "id": 9127, "active": 1, "administration": "C.H. EBRO", "basin": "EBRO", "catch_skm": 594.0, "catch_skm_basin": 2111.0, "comment": null, "elev_masl": 585.0, "elev_max_masl": 1577.0, "end": 2021, "id_basin": 9350, "id_municipality": 44011, "id_saica": null, "id_saih": "A127", "id_sheet": 493, "lat_wgs84": 40.5717, "lon_wgs84": -0.4206, "municipality": "Alcaine", "name": "Alcaine", "owner": "ESTADO", "province": "Teruel", "regime": "natural", "river": "Martín", "scale_type": null, "sheet": "OLIETE (493)", "start": 2006, "station_type": "ENCAUZAMIENTO CON CANAL DE AGUAS BAJAS", "system": "Martín", "weir": true, "weir_type": null, "x_etrs89": 693429, "y_etrs89": 4536275, "years_daily": 15, "years_instant": 38, "years_monthly": 60, "discharge": 1 }, "geometry": { "type": "Point", "coordinates": [ -0.70171364789906, 40.9547275797037 ] } },
{ "type": "Feature", "properties": { "id": 9129, "active": 1, "administration": "C.H. EBRO", "basin": "EBRO", "catch_skm": 87.0, "catch_skm_basin": 88.0, "comment": null, "elev_masl": 695.0, "elev_max_masl": 1311.0, "end": 2021, "id_basin": 9266, "id_municipality": 50192, "id_saica": null, "id_saih": "A129", "id_sheet": 437, "lat_wgs84": 41.1226, "lon_wgs84": -1.4643, "municipality": "Nuévalos", "name": "Tranquera - C.E.", "owner": "ESTADO", "province": "Zaragoza", "regime": "natural", "river": "Ortiz", "scale_type": null, "sheet": "ATECA (437)", "start": 1989, "station_type": "ENCAUZAMIENTO CON CANAL DE AGUAS BAJAS", "system": "Jalón", "weir": true, "weir_type": null, "x_etrs89": 602408, "y_etrs89": 4562469, "years_daily": 32, "years_instant": 32, "years_monthly": 50, "discharge": 1 }, "geometry": { "type": "Point", "coordinates": [ -1.778509555197951, 41.207120359632739 ] } },
{ "type": "Feature", "properties": { "id": 9130, "active": 0, "administration": "C.H. EBRO", "basin": "EBRO", "catch_skm": 149.0, "catch_skm_basin": 2046.0, "comment": "INT 1997                                                              ", "elev_masl": 990.0, "elev_max_masl": 3205.0, "end": 1997, "id_basin": 9512, "id_municipality": 22157, "id_saica": null, "id_saih": null, "id_sheet": 213, "lat_wgs84": 42.2946, "lon_wgs84": 0.4253, "municipality": "Montanuy", "name": "Ginaste", "owner": "PARTICULAR", "province": "Huesca", "regime": "unknown", "river": "Noguera Ribagorzana", "scale_type": null, "sheet": "PONT DE SUERT (213)", "start": 1980, "station_type": null, "system": "Esera-Noguera Ribagorzana", "weir": false, "weir_type": null, "x_etrs89": 805274, "y_etrs89": 4711555, "years_daily": 17, "years_instant": 0, "years_monthly": 36, "discharge": 1 }, "geometry": { "type": "Point", "coordinates": [ 0.714867136239126, 42.496141214134788 ] } },
{ "type": "Feature", "properties": { "id": 9131, "active": 0, "administration": "C.H. EBRO", "basin": "EBRO", "catch_skm": 225.0, "catch_skm_basin": 240.0, "comment": "INT 1997                                                              ", "elev_masl": 924.0, "elev_max_masl": 3030.0, "end": 1997, "id_basin": 9521, "id_municipality": 25173, "id_saica": null, "id_saih": null, "id_sheet": 213, "lat_wgs84": 42.2706, "lon_wgs84": 0.4519, "municipality": "El Pont de Suert", "name": "Llesp", "owner": "PARTICULAR", "province": "Lérida", "regime": "unknown", "river": "Noguera De Tor", "scale_type": null, "sheet": "PONT DE SUERT (213)", "start": 1980, "station_type": null, "system": "Esera-Noguera Ribagorzana", "weir": false, "weir_type": null, "x_etrs89": 808806, "y_etrs89": 4706768, "years_daily": 17, "years_instant": 0, "years_monthly": 36, "discharge": 1 }, "geometry": { "type": "Point", "coordinates": [ 0.75518226008343, 42.451722417492007 ] } },
{ "type": "Feature", "properties": { "id": 9135, "active": 1, "administration": "C.H. EBRO", "basin": "EBRO", "catch_skm": 60.0, "catch_skm_basin": 60.0, "comment": null, "elev_masl": 1100.0, "elev_max_masl": 2908.0, "end": 2021, "id_basin": 9475, "id_municipality": 25017, "id_saica": null, "id_saih": "A135", "id_sheet": 182, "lat_wgs84": 42.3311, "lon_wgs84": 1.1938, "municipality": "Alins", "name": "Alins", "owner": "ESTADO", "province": "Lérida", "regime": "natural", "river": "Tor", "scale_type": "EXTERIOR", "sheet": "TIRVIA (182)", "start": 1986, "station_type": "ENCAUZAMIENTO SIN CANAL DE AGUAS BAJAS", "system": "Segre", "weir": true, "weir_type": null, "x_etrs89": 855299, "y_etrs89": 4720275, "years_daily": 35, "years_instant": 14, "years_monthly": 55, "discharge": 1 }, "geometry": { "type": "Point", "coordinates": [ 1.327463497791594, 42.55312444494146 ] } },
{ "type": "Feature", "properties": { "id": 9136, "active": 0, "administration": "C.H. EBRO", "basin": "EBRO", "catch_skm": 76.0, "catch_skm_basin": 104.0, "comment": "INT 1997                                                              ", "elev_masl": 995.0, "elev_max_masl": 2540.0, "end": 1997, "id_basin": 9513, "id_municipality": 22157, "id_saica": null, "id_saih": null, "id_sheet": 213, "lat_wgs84": 42.2728, "lon_wgs84": 0.3943, "municipality": "Montanuy", "name": "Noales", "owner": "PARTICULAR", "province": "Huesca", "regime": "unknown", "river": "Baliera", "scale_type": null, "sheet": "PONT DE SUERT (213)", "start": 1980, "station_type": null, "system": "Esera-Noguera Ribagorzana", "weir": false, "weir_type": null, "x_etrs89": 801114, "y_etrs89": 4707118, "years_daily": 17, "years_instant": 0, "years_monthly": 33, "discharge": 1 }, "geometry": { "type": "Point", "coordinates": [ 0.662016520165594, 42.457892458803066 ] } },
{ "type": "Feature", "properties": { "id": 9137, "active": 1, "administration": "C.H. EBRO", "basin": "EBRO", "catch_skm": 558.0, "catch_skm_basin": 2046.0, "comment": null, "elev_masl": 824.0, "elev_max_masl": 3205.0, "end": 2021, "id_basin": 9522, "id_municipality": 25173, "id_saica": null, "id_saih": "A137", "id_sheet": 213, "lat_wgs84": 42.24, "lon_wgs84": 0.4428, "municipality": "El Pont de Suert", "name": "Pont De Suert", "owner": "PARTICULAR", "province": "Lérida", "regime": "altered", "river": "Noguera Ribagorzana", "scale_type": "EXTERIOR", "sheet": "PONT DE SUERT (213)", "start": 2009, "station_type": "ENCAUZAMIENTO CON CANAL DE AGUAS BAJAS", "system": "Esera-Noguera Ribagorzana", "weir": false, "weir_type": null, "x_etrs89": 807909, "y_etrs89": 4700977, "years_daily": 12, "years_instant": 1, "years_monthly": 62, "discharge": 1 }, "geometry": { "type": "Point", "coordinates": [ 0.741196968914529, 42.400036745454614 ] } },
{ "type": "Feature", "properties": { "id": 9138, "active": 0, "administration": "C.H. EBRO", "basin": "EBRO", "catch_skm": 296.0, "catch_skm_basin": 1330.0, "comment": "INT 1992                                                              ", "elev_masl": 610.0, "elev_max_masl": 1402.0, "end": 1992, "id_basin": 9330, "id_municipality": 50039, "id_saica": null, "id_saih": null, "id_sheet": 467, "lat_wgs84": 41.0752, "lon_wgs84": -0.502, "municipality": "Azuara", "name": "Moneva - C.E.", "owner": "ESTADO", "province": "Zaragoza", "regime": "unknown", "river": "Aguas Vivas", "scale_type": null, "sheet": "MUNIESA (467)", "start": 1980, "station_type": null, "system": "Aguasvivas", "weir": false, "weir_type": null, "x_etrs89": 681400, "y_etrs89": 4555548, "years_daily": 12, "years_instant": 33, "years_monthly": 42, "discharge": 1 }, "geometry": { "type": "Point", "coordinates": [ -0.838869299114449, 41.130978528069072 ] } },
{ "type": "Feature", "properties": { "id": 9139, "active": 1, "administration": "C.H. EBRO", "basin": "EBRO", "catch_skm": 326.0, "catch_skm_basin": 365.0, "comment": null, "elev_masl": 540.0, "elev_max_masl": 1709.0, "end": 2008, "id_basin": 9237, "id_municipality": 26080, "id_saica": null, "id_saih": "A139", "id_sheet": 281, "lat_wgs84": 42.0428, "lon_wgs84": -2.0041, "municipality": "Igea", "name": "Igea", "owner": "ESTADO", "province": "La Rioja", "regime": "natural", "river": "Linares", "scale_type": "EXTERIOR", "sheet": "CERVERA DEL RÍO ALHAMA (281)", "start": 1980, "station_type": "ENCAUZAMIENTO CON CANAL DE AGUAS BAJAS", "system": "Cuenca Desde Leza A Huecha", "weir": true, "weir_type": null, "x_etrs89": 581787, "y_etrs89": 4658524, "years_daily": 28, "years_instant": 47, "years_monthly": 71, "discharge": 1 }, "geometry": { "type": "Point", "coordinates": [ -2.011295026272033, 42.074528671336935 ] } },
{ "type": "Feature", "properties": { "id": 9142, "active": 1, "administration": "C.H. EBRO", "basin": "EBRO", "catch_skm": 113.0, "catch_skm_basin": 127.0, "comment": null, "elev_masl": 1160.0, "elev_max_masl": 2168.0, "end": 2021, "id_basin": 9131, "id_municipality": 26091, "id_saica": null, "id_saih": "A142", "id_sheet": 279, "lat_wgs84": 42.0601, "lon_wgs84": -2.372, "municipality": "Lumbreras", "name": "Lumbreras", "owner": "ESTADO", "province": "La Rioja", "regime": "altered", "river": "Lumbreras", "scale_type": "EXTERIOR", "sheet": "VILLOSLADA DE CAMEROS (279)", "start": 1993, "station_type": "ENCAUZAMIENTO CON CANAL DE AGUAS BAJAS", "system": "Cuenca Del Iregua", "weir": true, "weir_type": null, "x_etrs89": 531248, "y_etrs89": 4660966, "years_daily": 28, "years_instant": 53, "years_monthly": 72, "discharge": 1 }, "geometry": { "type": "Point", "coordinates": [ -2.622096078022665, 42.100159452357296 ] } },
{ "type": "Feature", "properties": { "id": 9143, "active": 1, "administration": "C.H. EBRO", "basin": "EBRO", "catch_skm": 137.0, "catch_skm_basin": 547.0, "comment": null, "elev_masl": 1180.0, "elev_max_masl": 2749.0, "end": 1990, "id_basin": 9667, "id_municipality": 25025, "id_saica": null, "id_saih": "A143", "id_sheet": 149, "lat_wgs84": 42.4207, "lon_wgs84": 0.5245, "municipality": "Alto Arán", "name": "Arties", "owner": null, "province": "Lérida", "regime": "unknown", "river": "Garona", "scale_type": "Exterior", "sheet": "ISIL (149)", "start": 1980, "station_type": "Encauzamiento", "system": "Segre", "weir": false, "weir_type": null, "x_etrs89": 817723, "y_etrs89": 4735020, "years_daily": 10, "years_instant": 0, "years_monthly": 51, "discharge": 1 }, "geometry": { "type": "Point", "coordinates": [ 0.879104354969994, 42.701970533274192 ] } },
{ "type": "Feature", "properties": { "id": 9144, "active": 0, "administration": "C.H. EBRO", "basin": "EBRO", "catch_skm": 137.0, "catch_skm_basin": 446.0, "comment": "INT 1998                                                              ", "elev_masl": 1050.0, "elev_max_masl": 2938.0, "end": 1991, "id_basin": 9471, "id_municipality": 25123, "id_saica": null, "id_saih": null, "id_sheet": 182, "lat_wgs84": 42.3807, "lon_wgs84": 1.1504, "municipality": "Lladorre", "name": "Tabescan", "owner": "PARTICULAR", "province": "Lérida", "regime": "unknown", "river": "Noguera De Cardós", "scale_type": null, "sheet": "TIRVIA (182)", "start": 1984, "station_type": null, "system": "Segre", "weir": false, "weir_type": null, "x_etrs89": 848575, "y_etrs89": 4729088, "years_daily": 7, "years_instant": 0, "years_monthly": 42, "discharge": 1 }, "geometry": { "type": "Point", "coordinates": [ 1.251173723731924, 42.635334492821784 ] } },
{ "type": "Feature", "properties": { "id": 9145, "active": 1, "administration": "C.H. EBRO", "basin": "EBRO", "catch_skm": 323.0, "catch_skm_basin": 1532.0, "comment": null, "elev_masl": 830.0, "elev_max_masl": 3404.0, "end": 2021, "id_basin": 9583, "id_municipality": 22200, "id_saica": null, "id_saih": "A145", "id_sheet": 179, "lat_wgs84": 42.3444, "lon_wgs84": 0.2817, "municipality": "Sahún", "name": "Eriste", "owner": "ESTADO", "province": "Huesca", "regime": "altered", "river": "Ésera", "scale_type": "EXTERIOR", "sheet": "BIELSA (179)", "start": 1991, "station_type": "ENCAUZAMIENTO CON CANAL DE AGUAS BAJAS", "system": "Esera-Noguera Ribagorzana", "weir": true, "weir_type": null, "x_etrs89": 784888, "y_etrs89": 4719890, "years_daily": 30, "years_instant": 17, "years_monthly": 68, "discharge": 1 }, "geometry": { "type": "Point", "coordinates": [ 0.471401289628934, 42.578835737953455 ] } },
{ "type": "Feature", "properties": { "id": 9146, "active": 0, "administration": "C.H. EBRO", "basin": "EBRO", "catch_skm": 1931.0, "catch_skm_basin": 2820.0, "comment": "INT 1992                                                              ", "elev_masl": 500.0, "elev_max_masl": 2906.0, "end": 1989, "id_basin": 9488, "id_municipality": 25171, "id_saica": null, "id_saih": null, "id_sheet": 252, "lat_wgs84": 42.1511, "lon_wgs84": 0.5844, "municipality": "La Pobla de Segur", "name": "Pobla De Segur, La", "owner": "PARTICULAR", "province": "Lérida", "regime": "unknown", "river": "Noguera Pallaresa", "scale_type": null, "sheet": "TREMP (252)", "start": 1984, "station_type": null, "system": "Segre", "weir": false, "weir_type": null, "x_etrs89": 828254, "y_etrs89": 4685534, "years_daily": 5, "years_instant": 0, "years_monthly": 41, "discharge": 1 }, "geometry": { "type": "Point", "coordinates": [ 0.979065904181504, 42.252964883299853 ] } },
{ "type": "Feature", "properties": { "id": 9147, "active": 1, "administration": "C.H. EBRO", "basin": "EBRO", "catch_skm": 465.0, "catch_skm_basin": 466.0, "comment": null, "elev_masl": 723.0, "elev_max_masl": 1178.0, "end": 2008, "id_basin": 9259, "id_municipality": 50172, "id_saica": null, "id_saih": "A147", "id_sheet": 436, "lat_wgs84": 41.1829, "lon_wgs84": -2.0658, "municipality": "Monreal de Ariza", "name": "Monreal De Ariza", "owner": "ESTADO", "province": "Zaragoza", "regime": "altered", "river": "Nájima", "scale_type": "EXTERIOR", "sheet": "ALHAMA DE ARAGÓN (436)", "start": 1991, "station_type": "ENCAUZAMIENTO CON CANAL DE AGUAS BAJAS", "system": "Jalón", "weir": true, "weir_type": null, "x_etrs89": 573987, "y_etrs89": 4573331, "years_daily": 17, "years_instant": 30, "years_monthly": 68, "discharge": 1 }, "geometry": { "type": "Point", "coordinates": [ -2.116142383819586, 41.30804846207208 ] } },
{ "type": "Feature", "properties": { "id": 9148, "active": 1, "administration": "C.H. EBRO", "basin": "EBRO", "catch_skm": 69.0, "catch_skm_basin": 70.0, "comment": null, "elev_masl": 530.0, "elev_max_masl": 1745.0, "end": 2021, "id_basin": 9446, "id_municipality": 25077, "id_saica": null, "id_saih": "A148", "id_sheet": 291, "lat_wgs84": 42.0954, "lon_wgs84": 1.1803, "municipality": "Coll de Nargo", "name": "Coll De Nargo", "owner": "ESTADO", "province": "Lérida", "regime": "natural", "river": "Sellent", "scale_type": null, "sheet": "OLIANA (291)", "start": 1986, "station_type": "ENCAUZAMIENTO CON CANAL DE AGUAS BAJAS", "system": "Segre", "weir": true, "weir_type": null, "x_etrs89": 855299, "y_etrs89": 4677062, "years_daily": 35, "years_instant": 36, "years_monthly": 66, "discharge": 1 }, "geometry": { "type": "Point", "coordinates": [ 1.300866567583175, 42.165048673339939 ] } },
{ "type": "Feature", "properties": { "id": 9149, "active": 0, "administration": "C.H. EBRO", "basin": "EBRO", "catch_skm": 10356.0, "catch_skm_basin": 85001.0, "comment": "INT 1998                                                              ", "elev_masl": 390.0, "elev_max_masl": 1161.0, "end": 1994, "id_basin": 9125, "id_municipality": 26089, "id_saica": null, "id_saih": null, "id_sheet": 203, "lat_wgs84": 42.2905, "lon_wgs84": -2.315, "municipality": "Logroño", "name": "Cortijo, El", "owner": "PARTICULAR", "province": "La Rioja", "regime": "unknown", "river": "Ebro", "scale_type": null, "sheet": "NÁJERA (203)", "start": 1980, "station_type": null, "system": "Eje Del Ebro", "weir": false, "weir_type": null, "x_etrs89": 538596, "y_etrs89": 4703701, "years_daily": 14, "years_instant": 0, "years_monthly": 45, "discharge": 1 }, "geometry": { "type": "Point", "coordinates": [ -2.530383698426005, 42.484699799991695 ] } },
{ "type": "Feature", "properties": { "id": 9150, "active": 1, "administration": "C.H. EBRO", "basin": "EBRO", "catch_skm": 28.0, "catch_skm_basin": 185.0, "comment": null, "elev_masl": 480.0, "elev_max_masl": 1009.0, "end": 2009, "id_basin": 9228, "id_municipality": 31120, "id_saica": null, "id_saih": "A150", "id_sheet": 140, "lat_wgs84": 42.445, "lon_wgs84": -1.5534, "municipality": "Guesálaz", "name": "Estenoz", "owner": "ESTADO", "province": "Navarra", "regime": "natural", "river": "Salado", "scale_type": "EXTERIOR", "sheet": "ESTELLA (140)", "start": 1995, "station_type": "ENCAUZAMIENTO CON CANAL DE AGUAS BAJAS", "system": "Irati-Arga-Ega", "weir": false, "weir_type": null, "x_etrs89": 587899, "y_etrs89": 4733313, "years_daily": 14, "years_instant": 43, "years_monthly": 65, "discharge": 1 }, "geometry": { "type": "Point", "coordinates": [ -1.925991015472265, 42.747302370778186 ] } },
{ "type": "Feature", "properties": { "id": 9151, "active": 0, "administration": "C.H. EBRO", "basin": "EBRO", "catch_skm": 55.0, "catch_skm_basin": 75.0, "comment": "INT 1999                                                              ", "elev_masl": 470.0, "elev_max_masl": 1233.0, "end": 1999, "id_basin": 9229, "id_municipality": 31120, "id_saica": null, "id_saih": null, "id_sheet": 140, "lat_wgs84": 42.4458, "lon_wgs84": -1.5611, "municipality": "Guesálaz", "name": "Muez", "owner": "ESTADO", "province": "Navarra", "regime": "unknown", "river": "Inaroz", "scale_type": null, "sheet": "ESTELLA (140)", "start": 1980, "station_type": null, "system": "Irati-Arga-Ega", "weir": false, "weir_type": null, "x_etrs89": 587059, "y_etrs89": 4733539, "years_daily": 19, "years_instant": 30, "years_monthly": 39, "discharge": 1 }, "geometry": { "type": "Point", "coordinates": [ -1.936218166892899, 42.749433042407624 ] } },
{ "type": "Feature", "properties": { "id": 9152, "active": 1, "administration": "C.H. EBRO", "basin": "EBRO", "catch_skm": 69.0, "catch_skm_basin": 2759.0, "comment": null, "elev_masl": 582.0, "elev_max_masl": 1459.0, "end": 2021, "id_basin": 9211, "id_municipality": 31098, "id_saica": null, "id_saih": "A152", "id_sheet": 116, "lat_wgs84": 42.5813, "lon_wgs84": -1.3053, "municipality": "Esteríbar", "name": "Eugui", "owner": "ESTADO", "province": "Navarra", "regime": "altered", "river": "Arga", "scale_type": null, "sheet": "GARRALDA (116)", "start": 1980, "station_type": "ENCAUZAMIENTO CON CANAL DE AGUAS BAJAS", "system": "Irati-Arga-Ega", "weir": true, "weir_type": null, "x_etrs89": 621114, "y_etrs89": 4758573, "years_daily": 41, "years_instant": 44, "years_monthly": 58, "discharge": 1 }, "geometry": { "type": "Point", "coordinates": [ -1.514821104615109, 42.970176273758923 ] } },
{ "type": "Feature", "properties": { "id": 9153, "active": 1, "administration": "C.H. EBRO", "basin": "EBRO", "catch_skm": 115.0, "catch_skm_basin": 407.0, "comment": null, "elev_masl": 418.0, "elev_max_masl": 1226.0, "end": 2021, "id_basin": 9646, "id_municipality": 43071, "id_saica": null, "id_saih": "A153", "id_sheet": 496, "lat_wgs84": 40.562, "lon_wgs84": 0.1626, "municipality": "Horta de Sant Joan", "name": "Horta De San Juan", "owner": "ESTADO", "province": "Tarragona", "regime": "natural", "river": "Algas", "scale_type": null, "sheet": "HORTA DE SAN JUAN (496)", "start": 1999, "station_type": "ENCAUZAMIENTO CON CANAL DE AGUAS BAJAS", "system": "Matarraña", "weir": true, "weir_type": null, "x_etrs89": 775620, "y_etrs89": 4537137, "years_daily": 22, "years_instant": 32, "years_monthly": 58, "discharge": 1 }, "geometry": { "type": "Point", "coordinates": [ 0.273952543950368, 40.938896999477166 ] } },
{ "type": "Feature", "properties": { "id": 9154, "active": 1, "administration": "C.H. EBRO", "basin": "EBRO", "catch_skm": 88.0, "catch_skm_basin": 357.0, "comment": null, "elev_masl": 669.0, "elev_max_masl": 1342.0, "end": 2014, "id_basin": 9638, "id_municipality": 44154, "id_saica": null, "id_saih": null, "id_sheet": 520, "lat_wgs84": 40.4417, "lon_wgs84": 0.0122, "municipality": "Monroyo", "name": "Peñarroya De Tastavins", "owner": "ESTADO", "province": "Teruel", "regime": "natural", "river": "Tastavins", "scale_type": null, "sheet": "PEÑARROYA DE TASTAVINS (520)", "start": 2003, "station_type": "ENCAUZAMIENTO CON CANAL DE AGUAS BAJAS", "system": "Matarraña", "weir": false, "weir_type": null, "x_etrs89": 755260, "y_etrs89": 4514084, "years_daily": 11, "years_instant": 33, "years_monthly": 51, "discharge": 1 }, "geometry": { "type": "Point", "coordinates": [ 0.022996555489648, 40.73812594740842 ] } },
{ "type": "Feature", "properties": { "id": 9155, "active": 1, "administration": "C.H. EBRO", "basin": "EBRO", "catch_skm": 144.0, "catch_skm_basin": 2249.0, "comment": "CORRECCIÓN POR POZO SUCIO (DATOS 2013-14)                             ", "elev_masl": 476.0, "elev_max_masl": 1517.0, "end": 2021, "id_basin": 9248, "id_municipality": 50051, "id_saica": null, "id_saih": "A155", "id_sheet": 245, "lat_wgs84": 42.1538, "lon_wgs84": -1.1131, "municipality": "Biota", "name": "Biota", "owner": "ESTADO", "province": "Zaragoza", "regime": "natural", "river": "Arba De Luesia", "scale_type": null, "sheet": "SADABA (245)", "start": 1989, "station_type": "ENCAUZAMIENTO CON CANAL DE AGUAS BAJAS", "system": "Aragón-Arba", "weir": true, "weir_type": null, "x_etrs89": 649139, "y_etrs89": 4680293, "years_daily": 32, "years_instant": 39, "years_monthly": 54, "discharge": 1 }, "geometry": { "type": "Point", "coordinates": [ -1.19182050903068, 42.2605919504715 ] } },
{ "type": "Feature", "properties": { "id": 9157, "active": 1, "administration": "C.H. EBRO", "basin": "EBRO", "catch_skm": 74.0, "catch_skm_basin": 373.0, "comment": null, "elev_masl": 924.0, "elev_max_masl": 2262.0, "end": 2021, "id_basin": 9091, "id_municipality": 26061, "id_saica": null, "id_saih": "A157", "id_sheet": 240, "lat_wgs84": 42.1545, "lon_wgs84": -3.0201, "municipality": "Ezcaray", "name": "Azarrulla", "owner": "ESTADO", "province": "La Rioja", "regime": "natural", "river": "Glera U Oja", "scale_type": null, "sheet": "EZCARAY (240)", "start": 1993, "station_type": "ENCAUZAMIENTO CON CANAL DE AGUAS BAJAS", "system": "Cuenca Del Najerilla", "weir": false, "weir_type": null, "x_etrs89": 497236, "y_etrs89": 4678931, "years_daily": 28, "years_instant": 24, "years_monthly": 54, "discharge": 1 }, "geometry": { "type": "Point", "coordinates": [ -3.033512666588498, 42.262576449082211 ] } },
{ "type": "Feature", "properties": { "id": 9158, "active": 1, "administration": "C.H. EBRO", "basin": "EBRO", "catch_skm": 192.0, "catch_skm_basin": 1243.0, "comment": null, "elev_masl": 810.0, "elev_max_masl": 2085.0, "end": 2021, "id_basin": 9082, "id_municipality": 9048, "id_saica": null, "id_saih": "A158", "id_sheet": 201, "lat_wgs84": 42.2311, "lon_wgs84": -3.1248, "municipality": "Belorado", "name": "San Miguel De Pedroso", "owner": "ESTADO", "province": "Burgos", "regime": "natural", "river": "Tirón", "scale_type": null, "sheet": "BELORADO (201)", "start": 1996, "station_type": "CAUCE NATURAL", "system": "Cuenca Del Najerilla", "weir": false, "weir_type": null, "x_etrs89": 482449, "y_etrs89": 4692695, "years_daily": 25, "years_instant": 26, "years_monthly": 53, "discharge": 1 }, "geometry": { "type": "Point", "coordinates": [ -3.213218047232917, 42.386343814957662 ] } },
{ "type": "Feature", "properties": { "id": 9159, "active": 1, "administration": "C.H. EBRO", "basin": "EBRO", "catch_skm": 178.0, "catch_skm_basin": 2759.0, "comment": null, "elev_masl": 455.0, "elev_max_masl": 1459.0, "end": 2021, "id_basin": 9211, "id_municipality": 31122, "id_saica": null, "id_saih": "A159", "id_sheet": 115, "lat_wgs84": 42.5153, "lon_wgs84": 1.3453, "municipality": "Huarte", "name": "Huarte", "owner": "OTROS", "province": "Navarra", "regime": "altered", "river": "Arga", "scale_type": null, "sheet": "ANSÓAIN (115)", "start": 2009, "station_type": "CAUCE NATURAL", "system": "Irati-Arga-Ega", "weir": false, "weir_type": null, "x_etrs89": 615718, "y_etrs89": 4745357, "years_daily": 12, "years_instant": 33, "years_monthly": 55, "discharge": 1 }, "geometry": { "type": "Point", "coordinates": [ -1.583697458407077, 42.852038984112966 ] } },
{ "type": "Feature", "properties": { "id": 9161, "active": 1, "administration": "C.H. EBRO", "basin": "EBRO", "catch_skm": 4530.0, "catch_skm_basin": 85001.0, "comment": null, "elev_masl": 521.0, "elev_max_masl": 3151.0, "end": 1989, "id_basin": 9043, "id_municipality": 9102, "id_saica": null, "id_saih": "A161", "id_sheet": 136, "lat_wgs84": 42.473, "lon_wgs84": -3.2036, "municipality": "Cillaperlata", "name": "Palazuelos", "owner": "OTROS", "province": "Burgos", "regime": "altered", "river": "Ebro", "scale_type": "EXTERIOR", "sheet": "OÑA (136)", "start": 1980, "station_type": "CAUCE NATURAL", "system": "Cabecera Del Ebro", "weir": false, "weir_type": null, "x_etrs89": 471930, "y_etrs89": 4737744, "years_daily": 9, "years_instant": 0, "years_monthly": 48, "discharge": 1 }, "geometry": { "type": "Point", "coordinates": [ -3.343224747506991, 42.791727256098277 ] } },
{ "type": "Feature", "properties": { "id": 9162, "active": 0, "administration": "C.H. EBRO", "basin": "EBRO", "catch_skm": 26427.0, "catch_skm_basin": 85001.0, "comment": "INT 1988                                                              ", "elev_masl": 250.0, "elev_max_masl": 2697.0, "end": 1988, "id_basin": 9245, "id_municipality": 31062, "id_saica": null, "id_saih": null, "id_sheet": 282, "lat_wgs84": 42.0114, "lon_wgs84": -1.3324, "municipality": "Cabanillas", "name": "Pignatelli", "owner": "ESTADO", "province": "Navarra", "regime": "unknown", "river": "Ebro", "scale_type": null, "sheet": "TUDELA (282)", "start": 1980, "station_type": null, "system": "Eje Del Ebro", "weir": false, "weir_type": null, "x_etrs89": 619505, "y_etrs89": 4653079, "years_daily": 8, "years_instant": 0, "years_monthly": 26, "discharge": 1 }, "geometry": { "type": "Point", "coordinates": [ -1.556558904563426, 42.020670216983902 ] } },
{ "type": "Feature", "properties": { "id": 9163, "active": 1, "administration": "C.H. EBRO", "basin": "EBRO", "catch_skm": 82245.0, "catch_skm_basin": 85001.0, "comment": null, "elev_masl": 40.0, "elev_max_masl": null, "end": 2021, "id_basin": 9650, "id_municipality": 43019, "id_saica": null, "id_saih": "A163", "id_sheet": 444, "lat_wgs84": 41.1109, "lon_wgs84": 0.3411, "municipality": "Ascó", "name": "Asco Coca", "owner": "ESTADO", "province": "Tarragona", "regime": "altered", "river": "Ebro", "scale_type": null, "sheet": "FLIX (444)", "start": 1992, "station_type": "CAUCE NATURAL", "system": "Bajo Ebro", "weir": false, "weir_type": null, "x_etrs89": 799399, "y_etrs89": 4565543, "years_daily": 29, "years_instant": 18, "years_monthly": 38, "discharge": 1 }, "geometry": { "type": "Point", "coordinates": [ 0.569711408583937, 41.185926622551861 ] } },
{ "type": "Feature", "properties": { "id": 9164, "active": 0, "administration": "C.H. EBRO", "basin": "EBRO", "catch_skm": 62.0, "catch_skm_basin": 8521.0, "comment": "INT 1991                                                              ", "elev_masl": 1165.0, "elev_max_masl": 2697.0, "end": 1991, "id_basin": 9166, "id_municipality": 22078, "id_saica": null, "id_saih": null, "id_sheet": 145, "lat_wgs84": 42.4503, "lon_wgs84": -0.3055, "municipality": "Canfranc", "name": "Canfranc", "owner": "ESTADO", "province": "Huesca", "regime": "unknown", "river": "Aragón", "scale_type": null, "sheet": "SALLENT (145)", "start": 1980, "station_type": null, "system": "Aragón-Arba", "weir": false, "weir_type": null, "x_etrs89": 703364, "y_etrs89": 4736139, "years_daily": 11, "years_instant": 0, "years_monthly": 21, "discharge": 1 }, "geometry": { "type": "Point", "coordinates": [ -0.515072301942874, 42.750820885512994 ] } },
{ "type": "Feature", "properties": { "id": 9165, "active": 1, "administration": "C.H. EBRO", "basin": "EBRO", "catch_skm": 318.0, "catch_skm_basin": 319.0, "comment": null, "elev_masl": 460.0, "elev_max_masl": null, "end": 2021, "id_basin": 9056, "id_municipality": 9219, "id_saica": null, "id_saih": "A165", "id_sheet": 137, "lat_wgs84": 42.412, "lon_wgs84": -2.5541, "municipality": "Miranda de Ebro", "name": "Miranda De Ebro", "owner": "ESTADO", "province": "Burgos", "regime": "natural", "river": "Bayas", "scale_type": "EXTERIOR", "sheet": "MIRANDA DE EBRO (137)", "start": 1990, "station_type": "ENCAUZAMIENTO CON CANAL DE AGUAS BAJAS", "system": "Bayas-Zadorra-Inglares", "weir": true, "weir_type": null, "x_etrs89": 505895, "y_etrs89": 4726284, "years_daily": 31, "years_instant": 16, "years_monthly": 46, "discharge": 1 }, "geometry": { "type": "Point", "coordinates": [ -2.928037977361654, 42.689015971150383 ] } },
{ "type": "Feature", "properties": { "id": 9166, "active": 1, "administration": "C.H. EBRO", "basin": "EBRO", "catch_skm": 290.0, "catch_skm_basin": 306.0, "comment": null, "elev_masl": 532.0, "elev_max_masl": 1152.0, "end": 2021, "id_basin": 9040, "id_municipality": 9394, "id_saica": null, "id_saih": "A166", "id_sheet": 136, "lat_wgs84": 42.4829, "lon_wgs84": -3.2126, "municipality": "Trespaderne", "name": "Virues", "owner": "ESTADO", "province": "Burgos", "regime": "natural", "river": "Jerea", "scale_type": "EXTERIOR", "sheet": "OÑA (136)", "start": 2004, "station_type": "ENCAUZAMIENTO CON CANAL DE AGUAS BAJAS", "system": "Cabecera Del Ebro", "weir": false, "weir_type": null, "x_etrs89": 470784, "y_etrs89": 4739563, "years_daily": 17, "years_instant": 3, "years_monthly": 44, "discharge": 1 }, "geometry": { "type": "Point", "coordinates": [ -3.357331400461202, 42.808064916619216 ] } },
{ "type": "Feature", "properties": { "id": 9167, "active": 1, "administration": "C.H. EBRO", "basin": "EBRO", "catch_skm": 73.0, "catch_skm_basin": 73.0, "comment": null, "elev_masl": 886.0, "elev_max_masl": 1358.0, "end": 2021, "id_basin": 9257, "id_municipality": 42025, "id_saica": null, "id_saih": "A167", "id_sheet": 435, "lat_wgs84": 41.1135, "lon_wgs84": -2.1958, "municipality": "Arcos de Jalón", "name": "Barrio Blanco", "owner": "ESTADO", "province": "Soria", "regime": "natural", "river": "Blanco", "scale_type": null, "sheet": "ARCOS DE JALÓN (435)", "start": 1995, "station_type": "ENCAUZAMIENTO SIN CANAL DE AGUAS BAJAS", "system": "Jalón", "weir": true, "weir_type": null, "x_etrs89": 555961, "y_etrs89": 4560404, "years_daily": 26, "years_instant": 13, "years_monthly": 41, "discharge": 1 }, "geometry": { "type": "Point", "coordinates": [ -2.332652824666859, 41.193063999566412 ] } },
{ "type": "Feature", "properties": { "id": 9168, "active": 1, "administration": "C.H. EBRO", "basin": "EBRO", "catch_skm": 470.0, "catch_skm_basin": 1330.0, "comment": null, "elev_masl": 580.0, "elev_max_masl": 1402.0, "end": 1995, "id_basin": 9332, "id_municipality": 50039, "id_saica": null, "id_saih": "A168", "id_sheet": 440, "lat_wgs84": 41.1057, "lon_wgs84": -0.4956, "municipality": "Azuara", "name": "Moneva - P.P.", "owner": "ESTADO", "province": "Zaragoza", "regime": "altered", "river": "Aguas Vivas", "scale_type": null, "sheet": "BELCHITE (440)", "start": 1980, "station_type": "ENCAUZAMIENTO CON CANAL DE AGUAS BAJAS", "system": "Aguasvivas", "weir": false, "weir_type": null, "x_etrs89": 681808, "y_etrs89": 4561281, "years_daily": 15, "years_instant": 32, "years_monthly": 50, "discharge": 1 }, "geometry": { "type": "Point", "coordinates": [ -0.832311598628022, 41.182493080399048 ] } },
{ "type": "Feature", "properties": { "id": 9170, "active": 0, "administration": "C.H. EBRO", "basin": "EBRO", "catch_skm": 1471.0, "catch_skm_basin": 8521.0, "comment": "INT 2011                                                              ", "elev_masl": 497.0, "elev_max_masl": null, "end": 2011, "id_basin": 9180, "id_municipality": 50245, "id_saica": null, "id_saih": "A170", "id_sheet": 175, "lat_wgs84": 42.3635, "lon_wgs84": -0.5956, "municipality": "Sigüés", "name": "Yesa C.E.", "owner": "ESTADO", "province": "Zaragoza", "regime": "natural", "river": "Aragón", "scale_type": "EXTERIOR", "sheet": "SIGÜÉS (175)", "start": 1993, "station_type": "CAUCE NATURAL", "system": "Aragón-Arba", "weir": false, "weir_type": null, "x_etrs89": 664155, "y_etrs89": 4719416, "years_daily": 18, "years_instant": 26, "years_monthly": 36, "discharge": 1 }, "geometry": { "type": "Point", "coordinates": [ -0.998689788994983, 42.609704955474484 ] } },
{ "type": "Feature", "properties": { "id": 9171, "active": 0, "administration": "C.H. EBRO", "basin": "EBRO", "catch_skm": 100.0, "catch_skm_basin": 425.0, "comment": "INT 1993                                                              ", "elev_masl": 1260.0, "elev_max_masl": 3375.0, "end": 1993, "id_basin": 9545, "id_municipality": 22114, "id_saica": null, "id_saih": "A171", "id_sheet": 179, "lat_wgs84": 42.3645, "lon_wgs84": 0.2047, "municipality": "Gistaín", "name": "Molino De Gistain", "owner": "OTROS", "province": "Huesca", "regime": "unknown", "river": "Cinqueta", "scale_type": null, "sheet": "BIELSA (179)", "start": 1980, "station_type": null, "system": "Gallego-Cinca", "weir": false, "weir_type": null, "x_etrs89": 774473, "y_etrs89": 4723202, "years_daily": 13, "years_instant": 0, "years_monthly": 29, "discharge": 1 }, "geometry": { "type": "Point", "coordinates": [ 0.346302040737315, 42.612384527657952 ] } },
{ "type": "Feature", "properties": { "id": 9172, "active": 1, "administration": "C.H. EBRO", "basin": "EBRO", "catch_skm": 453.0, "catch_skm_basin": 9699.0, "comment": null, "elev_masl": 700.0, "elev_max_masl": 3404.0, "end": 1992, "id_basin": 9546, "id_municipality": 22227, "id_saica": null, "id_saih": "A172", "id_sheet": 179, "lat_wgs84": 42.3234, "lon_wgs84": 0.1145, "municipality": "Tella - Sin", "name": "Lafortunada", "owner": "OTROS", "province": "Huesca", "regime": "natural", "river": "Cinca", "scale_type": null, "sheet": "BIELSA (179)", "start": 1980, "station_type": "ENCAUZAMIENTO SIN CANAL DE AGUAS BAJAS", "system": "Gallego-Cinca", "weir": false, "weir_type": null, "x_etrs89": 762424, "y_etrs89": 4714985, "years_daily": 12, "years_instant": 0, "years_monthly": 45, "discharge": 1 }, "geometry": { "type": "Point", "coordinates": [ 0.195852638524891, 42.542694205410434 ] } },
{ "type": "Feature", "properties": { "id": 9174, "active": 1, "administration": "C.H. EBRO", "basin": "EBRO", "catch_skm": 194.0, "catch_skm_basin": 529.0, "comment": null, "elev_masl": 550.0, "elev_max_masl": null, "end": 2021, "id_basin": 9244, "id_municipality": 50106, "id_saica": null, "id_saih": "A174", "id_sheet": 320, "lat_wgs84": 41.525, "lon_wgs84": -1.4654, "municipality": "Los Fayos", "name": "Fayos, Los", "owner": "ESTADO", "province": "Zaragoza", "regime": "natural", "river": "Queiles", "scale_type": null, "sheet": "TARAZONA DE ARAGÓN (320)", "start": 2003, "station_type": "ENCAUZAMIENTO CON CANAL DE AGUAS BAJAS", "system": "Cuenca Desde Leza A Huecha", "weir": false, "weir_type": null, "x_etrs89": 601094, "y_etrs89": 4637225, "years_daily": 18, "years_instant": 13, "years_monthly": 32, "discharge": 1 }, "geometry": { "type": "Point", "coordinates": [ -1.781605042442531, 41.880490620005531 ] } },
{ "type": "Feature", "properties": { "id": 9175, "active": 1, "administration": "C.H. EBRO", "basin": "EBRO", "catch_skm": 528.0, "catch_skm_basin": 529.0, "comment": null, "elev_masl": 258.0, "elev_max_masl": 2313.0, "end": 1989, "id_basin": 9244, "id_municipality": 31232, "id_saica": null, "id_saih": "A175", "id_sheet": 282, "lat_wgs84": 42.0334, "lon_wgs84": -1.3701, "municipality": "Tudela", "name": "Tudela", "owner": "ESTADO", "province": "Navarra", "regime": "natural", "river": "Queiles", "scale_type": "EXTERIOR", "sheet": "TUDELA (282)", "start": 1982, "station_type": "ENCAUZAMIENTO SIN CANAL DE AGUAS BAJAS", "system": "Eje Del Ebro", "weir": false, "weir_type": null, "x_etrs89": 614425, "y_etrs89": 4657304, "years_daily": 7, "years_instant": 0, "years_monthly": 35, "discharge": 1 }, "geometry": { "type": "Point", "coordinates": [ -1.61707526752634, 42.05946714545162 ] } },
{ "type": "Feature", "properties": { "id": 9176, "active": 1, "administration": "C.H. EBRO", "basin": "EBRO", "catch_skm": 1035.0, "catch_skm_basin": 1727.0, "comment": null, "elev_masl": 212.0, "elev_max_masl": 1364.0, "end": 2021, "id_basin": 9643, "id_municipality": 50102, "id_saica": null, "id_saih": "A176", "id_sheet": 443, "lat_wgs84": 41.1143, "lon_wgs84": 0.1018, "municipality": "Fabara", "name": "Nonaspe", "owner": "ESTADO", "province": "Zaragoza", "regime": "altered", "river": "Matarraña", "scale_type": "EXTERIOR", "sheet": "FABARA (443)", "start": 2003, "station_type": "ENCAUZAMIENTO CON CANAL DE AGUAS BAJAS", "system": "Eje Del Matarraña", "weir": true, "weir_type": null, "x_etrs89": 765960, "y_etrs89": 4565295, "years_daily": 18, "years_instant": 27, "years_monthly": 48, "discharge": 1 }, "geometry": { "type": "Point", "coordinates": [ 0.171534383833918, 41.195359755316176 ] } },
{ "type": "Feature", "properties": { "id": 9177, "active": 1, "administration": "C.H. EBRO", "basin": "EBRO", "catch_skm": 335.0, "catch_skm_basin": 407.0, "comment": null, "elev_masl": 219.0, "elev_max_masl": 1326.0, "end": 2004, "id_basin": 9646, "id_municipality": 43022, "id_saica": null, "id_saih": "A177", "id_sheet": 470, "lat_wgs84": 41.0623, "lon_wgs84": 0.1234, "municipality": "Batea", "name": "Batea", "owner": "ESTADO", "province": "Tarragona", "regime": "natural", "river": "Algas", "scale_type": null, "sheet": "GANDESA (470)", "start": 1980, "station_type": "ENCAUZAMIENTO CON CANAL DE AGUAS BAJAS", "system": "Matarraña", "weir": false, "weir_type": null, "x_etrs89": 769513, "y_etrs89": 4555533, "years_daily": 24, "years_instant": 32, "years_monthly": 48, "discharge": 1 }, "geometry": { "type": "Point", "coordinates": [ 0.20955097311302, 41.106388046777127 ] } },
{ "type": "Feature", "properties": { "id": 9178, "active": 1, "administration": "C.H. EBRO", "basin": "EBRO", "catch_skm": 23.0, "catch_skm_basin": 85001.0, "comment": null, "elev_masl": 839.0, "elev_max_masl": 1959.0, "end": 2021, "id_basin": 9001, "id_municipality": 39032, "id_saica": null, "id_saih": "A178", "id_sheet": 83, "lat_wgs84": 43.0006, "lon_wgs84": -4.0947, "municipality": "Hermandad de Campoo de Suso", "name": "Reinosa", "owner": "ESTADO", "province": "Cantabria", "regime": "natural", "river": "Ebro", "scale_type": "EXTERIOR", "sheet": "REINOSA (83)", "start": 2004, "station_type": "ENCAUZAMIENTO SIN CANAL DE AGUAS BAJAS", "system": "Cabecera Del Ebro", "weir": true, "weir_type": null, "x_etrs89": 405194, "y_etrs89": 4761645, "years_daily": 17, "years_instant": 4, "years_monthly": 41, "discharge": 1 }, "geometry": { "type": "Point", "coordinates": [ -4.163168424646968, 43.001565333767111 ] } },
{ "type": "Feature", "properties": { "id": 9181, "active": 0, "administration": "C.H. EBRO", "basin": "EBRO", "catch_skm": 342.0, "catch_skm_basin": 349.0, "comment": "INT 1992                                                              ", "elev_masl": 525.0, "elev_max_masl": 2949.0, "end": 1992, "id_basin": 9487, "id_municipality": 25171, "id_saica": null, "id_saih": null, "id_sheet": 252, "lat_wgs84": 42.1447, "lon_wgs84": 0.5751, "municipality": "La Pobla de Segur", "name": "Pobla De Segur, La", "owner": "PARTICULAR", "province": "Lérida", "regime": "unknown", "river": "Flamisell", "scale_type": null, "sheet": "TREMP (252)", "start": 1984, "station_type": null, "system": "Segre", "weir": false, "weir_type": null, "x_etrs89": 827058, "y_etrs89": 4684733, "years_daily": 8, "years_instant": 0, "years_monthly": 28, "discharge": 1 }, "geometry": { "type": "Point", "coordinates": [ 0.964150436601761, 42.24626983998732 ] } },
{ "type": "Feature", "properties": { "id": 9182, "active": 0, "administration": "C.H. EBRO", "basin": "EBRO", "catch_skm": 501.0, "catch_skm_basin": 501.0, "comment": "INT 1992                                                              ", "elev_masl": 235.0, "elev_max_masl": 790.0, "end": 1985, "id_basin": 9498, "id_municipality": 25040, "id_saica": null, "id_saih": null, "id_sheet": 360, "lat_wgs84": 41.4811, "lon_wgs84": 0.4926, "municipality": "Balaguer", "name": "Balaguer", "owner": "PARTICULAR", "province": "Lérida", "regime": "unknown", "river": "Sio", "scale_type": null, "sheet": "AGRAMUNT (360)", "start": 1980, "station_type": null, "system": "Canal De Urgell Y Otros Regadíos", "weir": false, "weir_type": null, "x_etrs89": 817693, "y_etrs89": 4634971, "years_daily": 5, "years_instant": 0, "years_monthly": 27, "discharge": 1 }, "geometry": { "type": "Point", "coordinates": [ 0.823959721802043, 41.802953470540842 ] } },
{ "type": "Feature", "properties": { "id": 9183, "active": 0, "administration": "C.H. EBRO", "basin": "EBRO", "catch_skm": 537.0, "catch_skm_basin": 537.0, "comment": "INT 1992                                                              ", "elev_masl": 173.0, "elev_max_masl": 851.0, "end": 1992, "id_basin": 9504, "id_municipality": 25254, "id_saica": null, "id_saih": null, "id_sheet": 359, "lat_wgs84": 41.4048, "lon_wgs84": 0.4311, "municipality": "Vilanova de la Barca", "name": "Villanueva De La Barca", "owner": "PARTICULAR", "province": "Lérida", "regime": "unknown", "river": "Corp", "scale_type": null, "sheet": "BALAGUER (359)", "start": 1980, "station_type": null, "system": "Regadíos Del Canal Auxiliar De Urgell Y", "weir": false, "weir_type": null, "x_etrs89": 809639, "y_etrs89": 4620929, "years_daily": 12, "years_instant": 0, "years_monthly": 28, "discharge": 1 }, "geometry": { "type": "Point", "coordinates": [ 0.71991495401268, 41.6799279134868 ] } },
{ "type": "Feature", "properties": { "id": 9184, "active": 1, "administration": "C.H. EBRO", "basin": "EBRO", "catch_skm": 446.0, "catch_skm_basin": 446.0, "comment": null, "elev_masl": 582.0, "elev_max_masl": null, "end": 2015, "id_basin": 9273, "id_municipality": 50038, "id_saica": null, "id_saih": "A184", "id_sheet": 437, "lat_wgs84": 41.2003, "lon_wgs84": -1.4725, "municipality": "Ateca", "name": "Ateca", "owner": "ESTADO", "province": "Zaragoza", "regime": "natural", "river": "Manubles", "scale_type": "EXTERIOR", "sheet": "ATECA (437)", "start": 1986, "station_type": "ENCAUZAMIENTO CON CANAL DE AGUAS BAJAS", "system": "Jalón", "weir": true, "weir_type": null, "x_etrs89": 601229, "y_etrs89": 4576573, "years_daily": 29, "years_instant": 26, "years_monthly": 47, "discharge": 1 }, "geometry": { "type": "Point", "coordinates": [ -1.79022643164339, 41.334286536887333 ] } },
{ "type": "Feature", "properties": { "id": 9185, "active": 1, "administration": "C.H. EBRO", "basin": "EBRO", "catch_skm": 1120.0, "catch_skm_basin": 1153.0, "comment": null, "elev_masl": 379.0, "elev_max_masl": null, "end": 2021, "id_basin": 9240, "id_municipality": 31072, "id_saica": null, "id_saih": "A185", "id_sheet": 282, "lat_wgs84": 42.0448, "lon_wgs84": -1.4843, "municipality": "Cintruénigo", "name": "Cintruenigo", "owner": "ESTADO", "province": "Navarra", "regime": "natural", "river": "Alhama", "scale_type": null, "sheet": "TUDELA (282)", "start": 1992, "station_type": "ENCAUZAMIENTO CON CANAL DE AGUAS BAJAS", "system": "Cuenca Desde Leza A Huecha", "weir": true, "weir_type": null, "x_etrs89": 598270, "y_etrs89": 4659333, "years_daily": 29, "years_instant": 26, "years_monthly": 46, "discharge": 1 }, "geometry": { "type": "Point", "coordinates": [ -1.811937755934418, 42.079923967804945 ] } },
{ "type": "Feature", "properties": { "id": 9186, "active": 1, "administration": "C.H. EBRO", "basin": "EBRO", "catch_skm": 197.0, "catch_skm_basin": 582.0, "comment": null, "elev_masl": 427.0, "elev_max_masl": null, "end": 2011, "id_basin": 9253, "id_municipality": 50230, "id_saica": null, "id_saih": "A186", "id_sheet": 245, "lat_wgs84": 42.1649, "lon_wgs84": -1.1616, "municipality": "Sádaba", "name": "Sadaba", "owner": "ESTADO", "province": "Zaragoza", "regime": "natural", "river": "Arba De Riguel", "scale_type": null, "sheet": "SADABA (245)", "start": 1983, "station_type": "ENCAUZAMIENTO CON CANAL DE AGUAS BAJAS", "system": "Riegos De Bardenas", "weir": true, "weir_type": null, "x_etrs89": 642556, "y_etrs89": 4682339, "years_daily": 28, "years_instant": 31, "years_monthly": 46, "discharge": 1 }, "geometry": { "type": "Point", "coordinates": [ -1.271094159557094, 42.28024067145796 ] } },
{ "type": "Feature", "properties": { "id": 9187, "active": 1, "administration": "C.H. EBRO", "basin": "EBRO", "catch_skm": 263.0, "catch_skm_basin": 586.0, "comment": null, "elev_masl": 424.0, "elev_max_masl": null, "end": 2021, "id_basin": 9251, "id_municipality": 50100, "id_saica": null, "id_saih": "A187", "id_sheet": 284, "lat_wgs84": 42.0658, "lon_wgs84": -0.5646, "municipality": "Erla", "name": "Erla", "owner": "ESTADO", "province": "Zaragoza", "regime": "natural", "river": "Arba De Biel", "scale_type": null, "sheet": "EJEA DE LOS CABALLEROS (284)", "start": 1980, "station_type": "ENCAUZAMIENTO CON CANAL DE AGUAS BAJAS", "system": "Riegos De Bardenas", "weir": true, "weir_type": null, "x_etrs89": 669796, "y_etrs89": 4664720, "years_daily": 41, "years_instant": 28, "years_monthly": 44, "discharge": 1 }, "geometry": { "type": "Point", "coordinates": [ -0.946063771730307, 42.116205414152958 ] } },
{ "type": "Feature", "properties": { "id": 9188, "active": 1, "administration": "C.H. EBRO", "basin": "EBRO", "catch_skm": 350.0, "catch_skm_basin": 351.0, "comment": null, "elev_masl": 483.0, "elev_max_masl": null, "end": 2014, "id_basin": 9048, "id_municipality": 1902, "id_saica": null, "id_saih": "A188", "id_sheet": 137, "lat_wgs84": 42.4701, "lon_wgs84": -3.0241, "municipality": "Lantarón", "name": "Berguenda", "owner": "ESTADO", "province": "Álava", "regime": "natural", "river": "Omecillo", "scale_type": null, "sheet": "MIRANDA DE EBRO (137)", "start": 2005, "station_type": "CAUCE NATURAL", "system": "Cabecera Del Ebro", "weir": false, "weir_type": null, "x_etrs89": 496344, "y_etrs89": 4736791, "years_daily": 9, "years_instant": 22, "years_monthly": 42, "discharge": 1 }, "geometry": { "type": "Point", "coordinates": [ -3.04469779610107, 42.783650713302272 ] } },
{ "type": "Feature", "properties": { "id": 9189, "active": 1, "administration": "C.H. EBRO", "basin": "EBRO", "catch_skm": 217.0, "catch_skm_basin": 237.0, "comment": null, "elev_masl": 480.0, "elev_max_masl": null, "end": 2021, "id_basin": 9052, "id_municipality": 9219, "id_saica": null, "id_saih": "A189", "id_sheet": 137, "lat_wgs84": 42.4014, "lon_wgs84": -2.5846, "municipality": "Miranda de Ebro", "name": "Oron", "owner": "ESTADO", "province": "Burgos", "regime": "natural", "river": "Oroncillo", "scale_type": "EXTERIOR", "sheet": "MIRANDA DE EBRO (137)", "start": 1980, "station_type": "ENCAUZAMIENTO SIN CANAL DE AGUAS BAJAS", "system": "Cabecera Del Ebro", "weir": true, "weir_type": null, "x_etrs89": 501686, "y_etrs89": 4724242, "years_daily": 41, "years_instant": 18, "years_monthly": 46, "discharge": 1 }, "geometry": { "type": "Point", "coordinates": [ -2.979424556362073, 42.670647300316659 ] } },
{ "type": "Feature", "properties": { "id": 9190, "active": 1, "administration": "C.H. EBRO", "basin": "EBRO", "catch_skm": 160.0, "catch_skm_basin": 2873.0, "comment": null, "elev_masl": 466.0, "elev_max_masl": null, "end": 2006, "id_basin": 9620, "id_municipality": 22195, "id_saica": null, "id_saih": "A190", "id_sheet": 286, "lat_wgs84": 42.0838, "lon_wgs84": -0.2048, "municipality": "Quicena", "name": "Quicena", "owner": "ESTADO", "province": "Huesca", "regime": "altered", "river": "Flumen", "scale_type": null, "sheet": "HUESCA (286)", "start": 1980, "station_type": "ENCAUZAMIENTO CON CANAL DE AGUAS BAJAS", "system": "Gallego-Cinca", "weir": true, "weir_type": null, "x_etrs89": 719259, "y_etrs89": 4669144, "years_daily": 26, "years_instant": 25, "years_monthly": 43, "discharge": 1 }, "geometry": { "type": "Point", "coordinates": [ -0.346623752549676, 42.143743570832527 ] } },
{ "type": "Feature", "properties": { "id": 9191, "active": 1, "administration": "C.H. EBRO", "basin": "EBRO", "catch_skm": 534.0, "catch_skm_basin": 2873.0, "comment": null, "elev_masl": 336.0, "elev_max_masl": null, "end": 2007, "id_basin": 9622, "id_municipality": 22049, "id_saica": null, "id_saih": "A191", "id_sheet": 324, "lat_wgs84": 41.5856, "lon_wgs84": -0.2525, "municipality": "Barbués", "name": "Barbues", "owner": "ESTADO", "province": "Huesca", "regime": "altered", "river": "Flumen", "scale_type": "EXTERIOR", "sheet": "GRAÑÉN (324)", "start": 1992, "station_type": "ENCAUZAMIENTO CON CANAL DE AGUAS BAJAS", "system": "Riegos Del Alto Aragón", "weir": true, "weir_type": null, "x_etrs89": 713449, "y_etrs89": 4651020, "years_daily": 15, "years_instant": 22, "years_monthly": 43, "discharge": 1 }, "geometry": { "type": "Point", "coordinates": [ -0.42346967486791, 41.982278286080245 ] } },
{ "type": "Feature", "properties": { "id": 9192, "active": 1, "administration": "C.H. EBRO", "basin": "EBRO", "catch_skm": 135.0, "catch_skm_basin": 362.0, "comment": null, "elev_masl": 669.0, "elev_max_masl": null, "end": 2006, "id_basin": 9616, "id_municipality": 22222, "id_saica": null, "id_saih": "A192", "id_sheet": 286, "lat_wgs84": 42.0728, "lon_wgs84": -0.1601, "municipality": "Siétamo", "name": "Sietamo", "owner": "ESTADO", "province": "Huesca", "regime": "altered", "river": "Guatizalema", "scale_type": null, "sheet": "HUESCA (286)", "start": 1985, "station_type": "ENCAUZAMIENTO CON CANAL DE AGUAS BAJAS", "system": "Gallego-Cinca", "weir": true, "weir_type": null, "x_etrs89": 725915, "y_etrs89": 4667212, "years_daily": 21, "years_instant": 26, "years_monthly": 47, "discharge": 1 }, "geometry": { "type": "Point", "coordinates": [ -0.266911129171624, 42.124472639341413 ] } },
{ "type": "Feature", "properties": { "id": 9193, "active": 1, "administration": "C.H. EBRO", "basin": "EBRO", "catch_skm": 3390.0, "catch_skm_basin": 3385.0, "comment": null, "elev_masl": 150.0, "elev_max_masl": null, "end": 2021, "id_basin": 9623, "id_municipality": 22046, "id_saica": null, "id_saih": "A193", "id_sheet": 387, "lat_wgs84": 41.3713, "lon_wgs84": 0.1143, "municipality": "Ballobar", "name": "Ballobar", "owner": "ESTADO", "province": "Huesca", "regime": "natural", "river": "Alcanadre", "scale_type": null, "sheet": "FRAGA (387)", "start": 1996, "station_type": "CAUCE NATURAL", "system": "Riegos Del Alto Aragón", "weir": false, "weir_type": null, "x_etrs89": 766204, "y_etrs89": 4612563, "years_daily": 25, "years_instant": 16, "years_monthly": 33, "discharge": 1 }, "geometry": { "type": "Point", "coordinates": [ 0.195221274652971, 41.620391830107295 ] } },
{ "type": "Feature", "properties": { "id": 9196, "active": 0, "administration": "C.H. EBRO", "basin": "EBRO", "catch_skm": 180.0, "catch_skm_basin": 718.0, "comment": "INT 1993                                                              ", "elev_masl": 970.0, "elev_max_masl": 3355.0, "end": 1993, "id_basin": 9561, "id_municipality": 22230, "id_saica": null, "id_saih": null, "id_sheet": 178, "lat_wgs84": 42.3749, "lon_wgs84": -0.0628, "municipality": "Torla", "name": "Torla", "owner": "PARTICULAR", "province": "Huesca", "regime": "unknown", "river": "Ara", "scale_type": null, "sheet": "BROTO (178)", "start": 1980, "station_type": null, "system": "Gallego-Cinca", "weir": false, "weir_type": null, "x_etrs89": 737163, "y_etrs89": 4723829, "years_daily": 13, "years_instant": 0, "years_monthly": 27, "discharge": 1 }, "geometry": { "type": "Point", "coordinates": [ -0.107701844958906, 42.630403572390655 ] } },
{ "type": "Feature", "properties": { "id": 9197, "active": 1, "administration": "C.H. EBRO", "basin": "EBRO", "catch_skm": 283.0, "catch_skm_basin": 534.0, "comment": null, "elev_masl": 517.0, "elev_max_masl": null, "end": 2021, "id_basin": 9140, "id_municipality": 26088, "id_saica": null, "id_saih": "A197", "id_sheet": 242, "lat_wgs84": 42.1949, "lon_wgs84": -2.2428, "municipality": "Leza de Río Leza", "name": "Leza De Rio Leza", "owner": "ESTADO", "province": "La Rioja", "regime": "natural", "river": "Leza", "scale_type": "EXTERIOR", "sheet": "MUNILLA (242)", "start": 1983, "station_type": "ENCAUZAMIENTO CON CANAL DE AGUAS BAJAS", "system": "Cuenca Desde Leza A Huecha", "weir": true, "weir_type": null, "x_etrs89": 548792, "y_etrs89": 4686624, "years_daily": 38, "years_instant": 18, "years_monthly": 46, "discharge": 1 }, "geometry": { "type": "Point", "coordinates": [ -2.4077781688941, 42.330336700701274 ] } },
{ "type": "Feature", "properties": { "id": 9198, "active": 1, "administration": "C.H. EBRO", "basin": "EBRO", "catch_skm": 83.0, "catch_skm_basin": 412.0, "comment": null, "elev_masl": 1080.0, "elev_max_masl": 3115.0, "end": 2021, "id_basin": 9474, "id_municipality": 25017, "id_saica": null, "id_saih": "A198", "id_sheet": 182, "lat_wgs84": 42.3315, "lon_wgs84": 1.1936, "municipality": "Alins", "name": "Alins", "owner": "ESTADO", "province": "Lérida", "regime": "natural", "river": "Vallfarrera", "scale_type": null, "sheet": "TIRVIA (182)", "start": 1986, "station_type": "ENCAUZAMIENTO SIN CANAL DE AGUAS BAJAS", "system": "Segre", "weir": true, "weir_type": null, "x_etrs89": 855240, "y_etrs89": 4720393, "years_daily": 35, "years_instant": 16, "years_monthly": 55, "discharge": 1 }, "geometry": { "type": "Point", "coordinates": [ 1.326820220627641, 42.554211206050361 ] } },
{ "type": "Feature", "properties": { "id": 9200, "active": 1, "administration": "C.H. EBRO", "basin": "EBRO", "catch_skm": 50.0, "catch_skm_basin": 49.0, "comment": null, "elev_masl": 1156.0, "elev_max_masl": null, "end": 1990, "id_basin": 9668, "id_municipality": 25025, "id_saica": null, "id_saih": "A200", "id_sheet": 149, "lat_wgs84": 42.4145, "lon_wgs84": 0.5223, "municipality": "Alto Arán", "name": "Arties", "owner": null, "province": "Lérida", "regime": "unknown", "river": "Balarties", "scale_type": "Exterior", "sheet": "ISIL (149)", "start": 1980, "station_type": "Encauzamiento con canal de aguas bajas", "system": "Segre", "weir": true, "weir_type": null, "x_etrs89": 817255, "y_etrs89": 4734311, "years_daily": 10, "years_instant": 0, "years_monthly": 21, "discharge": 1 }, "geometry": { "type": "Point", "coordinates": [ 0.873006708913185, 42.695793425160019 ] } },
{ "type": "Feature", "properties": { "id": 9201, "active": 0, "administration": "C.H. EBRO", "basin": "EBRO", "catch_skm": 142.0, "catch_skm_basin": 386.0, "comment": "INT 1999                                                              ", "elev_masl": 685.0, "elev_max_masl": null, "end": 1999, "id_basin": 9372, "id_municipality": 44014, "id_saica": null, "id_saih": null, "id_sheet": 494, "lat_wgs84": 40.5233, "lon_wgs84": -0.2452, "municipality": "Alcorisa", "name": "Gallipuen - P.P.", "owner": "ESTADO", "province": "Teruel", "regime": "altered", "river": "Guadalopillo", "scale_type": null, "sheet": "CALANDA (494)", "start": 1990, "station_type": "ENCAUZAMIENTO SIN CANAL DE AGUAS BAJAS", "system": "Guadalope", "weir": true, "weir_type": null, "x_etrs89": 717863, "y_etrs89": 4528197, "years_daily": 9, "years_instant": 0, "years_monthly": 22, "discharge": 1 }, "geometry": { "type": "Point", "coordinates": [ -0.414495857860065, 40.875882085460645 ] } },
{ "type": "Feature", "properties": { "id": 9202, "active": 1, "administration": "C.H. EBRO", "basin": "EBRO", "catch_skm": 59.0, "catch_skm_basin": 60.0, "comment": null, "elev_masl": 855.0, "elev_max_masl": null, "end": 2021, "id_basin": 9984, "id_municipality": 39027, "id_saica": null, "id_saih": "A202", "id_sheet": 108, "lat_wgs84": 42.591, "lon_wgs84": -4.081, "municipality": "Campoo de Enmedio", "name": "Matamorosa", "owner": "ESTADO", "province": "Cantabria", "regime": "natural", "river": "Izarilla", "scale_type": "EXTERIOR", "sheet": "LAS ROZAS (108)", "start": 2005, "station_type": "ENCAUZAMIENTO CON CANAL DE AGUAS BAJAS", "system": "Cabecera Del Ebro", "weir": true, "weir_type": null, "x_etrs89": 407371, "y_etrs89": 4759905, "years_daily": 16, "years_instant": 4, "years_monthly": 34, "discharge": 1 }, "geometry": { "type": "Point", "coordinates": [ -4.136175495853448, 42.9861678467243 ] } },
{ "type": "Feature", "properties": { "id": 9203, "active": 1, "administration": "C.H. EBRO", "basin": "EBRO", "catch_skm": 142.0, "catch_skm_basin": 166.0, "comment": null, "elev_masl": 840.0, "elev_max_masl": null, "end": 1994, "id_basin": 9002, "id_municipality": 39027, "id_saica": null, "id_saih": "A203", "id_sheet": 108, "lat_wgs84": 42.5918, "lon_wgs84": -4.0852, "municipality": "Campoo de Enmedio", "name": "Reinosa", "owner": "ESTADO", "province": "Cantabria", "regime": "natural", "river": "Híjar", "scale_type": "EXTERIOR", "sheet": "LAS ROZAS (108)", "start": 1981, "station_type": "ENCAUZAMIENTO CON CANAL DE AGUAS BAJAS", "system": "Cabecera Del Ebro", "weir": true, "weir_type": null, "x_etrs89": 406429, "y_etrs89": 4760153, "years_daily": 13, "years_instant": 4, "years_monthly": 37, "discharge": 1 }, "geometry": { "type": "Point", "coordinates": [ -4.147769238592431, 42.988285397783422 ] } },
{ "type": "Feature", "properties": { "id": 9209, "active": 1, "administration": "C.H. EBRO", "basin": "EBRO", "catch_skm": 3276.0, "catch_skm_basin": 4009.0, "comment": null, "elev_masl": 249.0, "elev_max_masl": null, "end": 2021, "id_basin": 9326, "id_municipality": 50298, "id_saica": null, "id_saih": "A209", "id_sheet": 323, "lat_wgs84": 41.4922, "lon_wgs84": -0.4706, "municipality": "Zuera", "name": "Zuera", "owner": "ESTADO", "province": "Zaragoza", "regime": "altered", "river": "Gállego", "scale_type": "EXTERIOR", "sheet": "ZUERA (323)", "start": 2005, "station_type": "CAUCE NATURAL", "system": "Riegos Del Alto Aragón", "weir": false, "weir_type": null, "x_etrs89": 683944, "y_etrs89": 4632470, "years_daily": 16, "years_instant": 1, "years_monthly": 17, "discharge": 1 }, "geometry": { "type": "Point", "coordinates": [ -0.78512442257757, 41.822767096965144 ] } },
{ "type": "Feature", "properties": { "id": 9210, "active": 0, "administration": "C.H. EBRO", "basin": "EBRO", "catch_skm": 81060.0, "catch_skm_basin": 85001.0, "comment": "INT 1985                                                              ", "elev_masl": 41.0, "elev_max_masl": null, "end": 1985, "id_basin": 9648, "id_municipality": 43125, "id_saica": null, "id_saih": null, "id_sheet": 443, "lat_wgs84": 41.1429, "lon_wgs84": 0.2557, "municipality": "Ribaroja de Ebro", "name": "Ribarroja", "owner": "OTROS", "province": "Tarragona", "regime": "unknown", "river": "Ebro", "scale_type": null, "sheet": "FABARA (443)", "start": 1980, "station_type": null, "system": "Bajo Ebro", "weir": false, "weir_type": null, "x_etrs89": 787656, "y_etrs89": 4571249, "years_daily": 5, "years_instant": 0, "years_monthly": 6, "discharge": 1 }, "geometry": { "type": "Point", "coordinates": [ 0.432629919401464, 41.241485798904016 ] } },
{ "type": "Feature", "properties": { "id": 9215, "active": 1, "administration": "C.H. EBRO", "basin": "EBRO", "catch_skm": 315.0, "catch_skm_basin": 1020.0, "comment": null, "elev_masl": 814.0, "elev_max_masl": 1514.0, "end": 2021, "id_basin": 9290, "id_municipality": 50080, "id_saica": null, "id_saih": "A215", "id_sheet": 438, "lat_wgs84": 41.1257, "lon_wgs84": -1.1246, "municipality": "Cerveruela", "name": "Cerveruela", "owner": "ESTADO", "province": "Zaragoza", "regime": "altered", "river": "Huerva", "scale_type": null, "sheet": "PANIZA (438)", "start": 1995, "station_type": "ENCAUZAMIENTO CON CANAL DE AGUAS BAJAS", "system": "Huerva", "weir": true, "weir_type": null, "x_etrs89": 649819, "y_etrs89": 4564253, "years_daily": 26, "years_instant": 14, "years_monthly": 38, "discharge": 1 }, "geometry": { "type": "Point", "coordinates": [ -1.212790506018812, 41.215797977414994 ] } },
{ "type": "Feature", "properties": { "id": 9216, "active": 1, "administration": "C.H. EBRO", "basin": "EBRO", "catch_skm": 1017.0, "catch_skm_basin": 1020.0, "comment": null, "elev_masl": 203.0, "elev_max_masl": null, "end": 2021, "id_basin": 9290, "id_municipality": 50297, "id_saica": null, "id_saih": "A216", "id_sheet": 383, "lat_wgs84": 41.3813, "lon_wgs84": -0.5352, "municipality": "Zaragoza", "name": "Zaragoza", "owner": "ESTADO", "province": "Zaragoza", "regime": "altered", "river": "Huerva", "scale_type": null, "sheet": "ZARAGOZA (383)", "start": 1980, "station_type": "CAUCE NATURAL", "system": "Eje Del Ebro", "weir": false, "weir_type": null, "x_etrs89": 675083, "y_etrs89": 4611615, "years_daily": 41, "years_instant": 26, "years_monthly": 46, "discharge": 1 }, "geometry": { "type": "Point", "coordinates": [ -0.897880161129348, 41.637058618359369 ] } },
{ "type": "Feature", "properties": { "id": 9221, "active": 1, "administration": "C.H. EBRO", "basin": "EBRO", "catch_skm": 22.0, "catch_skm_basin": 90.0, "comment": null, "elev_masl": 585.0, "elev_max_masl": null, "end": 2007, "id_basin": 9069, "id_municipality": 1018, "id_saica": null, "id_saih": "A221", "id_sheet": 112, "lat_wgs84": 42.5813, "lon_wgs84": -2.4355, "municipality": "Cigoitia", "name": "Larrinoa", "owner": "ESTADO", "province": "Álava", "regime": "natural", "river": "Zaya", "scale_type": null, "sheet": "VITORIA (112)", "start": 1980, "station_type": "ENCAUZAMIENTO CON CANAL DE AGUAS BAJAS", "system": "Bayas-Zadorra-Inglares", "weir": false, "weir_type": null, "x_etrs89": 521862, "y_etrs89": 4757556, "years_daily": 27, "years_instant": 27, "years_monthly": 44, "discharge": 1 }, "geometry": { "type": "Point", "coordinates": [ -2.731911069531847, 42.970340228768819 ] } },
{ "type": "Feature", "properties": { "id": 9225, "active": 1, "administration": "C.H. EBRO", "basin": "EBRO", "catch_skm": 785.0, "catch_skm_basin": 785.0, "comment": null, "elev_masl": 110.0, "elev_max_masl": null, "end": 2021, "id_basin": 9625, "id_municipality": 22254, "id_saica": null, "id_saih": "A225", "id_sheet": 387, "lat_wgs84": 41.3438, "lon_wgs84": 0.1724, "municipality": "Zaidín", "name": "Zaidin", "owner": "ESTADO", "province": "Huesca", "regime": "unknown", "river": "Clamor Amarga", "scale_type": null, "sheet": "FRAGA (387)", "start": 2008, "station_type": null, "system": "Riegos Del Alto Aragón", "weir": false, "weir_type": null, "x_etrs89": 774275, "y_etrs89": 4608061, "years_daily": 13, "years_instant": 0, "years_monthly": 14, "discharge": 1 }, "geometry": { "type": "Point", "coordinates": [ 0.289886317852543, 41.577176010902555 ] } },
{ "type": "Feature", "properties": { "id": 9229, "active": 1, "administration": "C.H. EBRO", "basin": "EBRO", "catch_skm": 3251.0, "catch_skm_basin": 4009.0, "comment": null, "elev_masl": 289.0, "elev_max_masl": null, "end": 2005, "id_basin": 9982, "id_municipality": 50298, "id_saica": null, "id_saih": "A229", "id_sheet": 323, "lat_wgs84": 41.5402, "lon_wgs84": -0.4625, "municipality": "Zuera", "name": "Zuera", "owner": "ESTADO", "province": "Zaragoza", "regime": "unknown", "river": "Barranco La Violada", "scale_type": null, "sheet": "ZUERA (323)", "start": 1987, "station_type": "ENCAUZAMIENTO SIN CANAL DE AGUAS BAJAS", "system": "Riegos Del Alto Aragón", "weir": false, "weir_type": null, "x_etrs89": 684678, "y_etrs89": 4641135, "years_daily": 18, "years_instant": 20, "years_monthly": 38, "discharge": 1 }, "geometry": { "type": "Point", "coordinates": [ -0.773587754587974, 41.900582080951828 ] } },
{ "type": "Feature", "properties": { "id": 9230, "active": 1, "administration": "C.H. EBRO", "basin": "EBRO", "catch_skm": 202.0, "catch_skm_basin": 4009.0, "comment": null, "elev_masl": 331.0, "elev_max_masl": null, "end": 2021, "id_basin": 9982, "id_municipality": 22119, "id_saica": null, "id_saih": "A230", "id_sheet": 323, "lat_wgs84": 41.594, "lon_wgs84": -0.3936, "municipality": "Gurrea de Gállego", "name": "Pardina, La", "owner": "ESTADO", "province": "Huesca", "regime": "natural", "river": "Barranco La Violada", "scale_type": null, "sheet": "ZUERA (323)", "start": 1987, "station_type": "ENCAUZAMIENTO SIN CANAL DE AGUAS BAJAS", "system": "Riegos Del Alto Aragón", "weir": true, "weir_type": null, "x_etrs89": 693819, "y_etrs89": 4651798, "years_daily": 34, "years_instant": 18, "years_monthly": 40, "discharge": 1 }, "geometry": { "type": "Point", "coordinates": [ -0.659965111832259, 41.994352144808062 ] } },
{ "type": "Feature", "properties": { "id": 9231, "active": 1, "administration": "C.H. EBRO", "basin": "EBRO", "catch_skm": 536.0, "catch_skm_basin": 622.0, "comment": null, "elev_masl": 200.0, "elev_max_masl": null, "end": 2021, "id_basin": 9981, "id_municipality": 22112, "id_saica": null, "id_saih": null, "id_sheet": 414, "lat_wgs84": 41.2748, "lon_wgs84": 0.0152, "municipality": "Fraga", "name": "Candasnos", "owner": "ESTADO", "province": "Huesca", "regime": "unknown", "river": "Barranco De Valcuerna", "scale_type": "EXTERIOR", "sheet": "BUJARALOZ (414)", "start": 1997, "station_type": "ENCAUZAMIENTO SIN CANAL DE AGUAS BAJAS", "system": "Riegos Del Alto Aragón", "weir": true, "weir_type": null, "x_etrs89": 753148, "y_etrs89": 4594621, "years_daily": 24, "years_instant": 13, "years_monthly": 37, "discharge": 1 }, "geometry": { "type": "Point", "coordinates": [ 0.031175498731736, 41.463255774855213 ] } },
{ "type": "Feature", "properties": { "id": 9234, "active": 1, "administration": "C.H. EBRO", "basin": "EBRO", "catch_skm": 75.0, "catch_skm_basin": 359.0, "comment": null, "elev_masl": 1097.0, "elev_max_masl": null, "end": 2020, "id_basin": 9173, "id_municipality": 22901, "id_saica": null, "id_saih": null, "id_sheet": 144, "lat_wgs84": 42.4917, "lon_wgs84": -0.4242, "municipality": "Valle de Hecho", "name": "Oza", "owner": "ESTADO", "province": "Huesca", "regime": "natural", "river": "Subordán", "scale_type": "EXTERIOR", "sheet": "ANSÓ (144)", "start": 2007, "station_type": "ENCAUZAMIENTO CON CANAL DE AGUAS BAJAS", "system": "Aragón-Arba", "weir": false, "weir_type": null, "x_etrs89": 687079, "y_etrs89": 4743507, "years_daily": 13, "years_instant": 11, "years_monthly": 30, "discharge": 1 }, "geometry": { "type": "Point", "coordinates": [ -0.711457045606828, 42.821263660141142 ] } },
{ "type": "Feature", "properties": { "id": 9236, "active": 1, "administration": "C.H. EBRO", "basin": "EBRO", "catch_skm": 39.0, "catch_skm_basin": 589.0, "comment": null, "elev_masl": 781.0, "elev_max_masl": null, "end": 2021, "id_basin": 9283, "id_municipality": 50031, "id_saica": null, "id_saih": "A236", "id_sheet": 381, "lat_wgs84": 41.3443, "lon_wgs84": -1.4644, "municipality": "Aranda de Moncayo", "name": "Maidevera C.E.", "owner": "ESTADO", "province": "Zaragoza", "regime": "natural", "river": "Aranda", "scale_type": null, "sheet": "ILLUECA (381)", "start": 2006, "station_type": "ENCAUZAMIENTO CON CANAL DE AGUAS BAJAS", "system": "Jalón", "weir": true, "weir_type": null, "x_etrs89": 601790, "y_etrs89": 4603720, "years_daily": 15, "years_instant": 19, "years_monthly": 38, "discharge": 1 }, "geometry": { "type": "Point", "coordinates": [ -1.778946295516804, 41.578687659594287 ] } },
{ "type": "Feature", "properties": { "id": 9238, "active": 1, "administration": "C.H. EBRO", "basin": "EBRO", "catch_skm": 77.0, "catch_skm_basin": 589.0, "comment": null, "elev_masl": 762.0, "elev_max_masl": null, "end": 2021, "id_basin": 9283, "id_municipality": 50031, "id_saica": null, "id_saih": "A238", "id_sheet": 381, "lat_wgs84": 41.3412, "lon_wgs84": -1.4527, "municipality": "Aranda de Moncayo", "name": "Maidevera P.P.", "owner": "ESTADO", "province": "Zaragoza", "regime": "altered", "river": "Aranda", "scale_type": "EXTERIOR", "sheet": "ILLUECA (381)", "start": 2011, "station_type": "ENCAUZAMIENTO CON CANAL DE AGUAS BAJAS", "system": "Jalón", "weir": true, "weir_type": null, "x_etrs89": 603602, "y_etrs89": 4602791, "years_daily": 10, "years_instant": 3, "years_monthly": 32, "discharge": 1 }, "geometry": { "type": "Point", "coordinates": [ -1.757375131639554, 41.570088943168408 ] } },
{ "type": "Feature", "properties": { "id": 9250, "active": 1, "administration": "C.H. EBRO", "basin": "EBRO", "catch_skm": 298.0, "catch_skm_basin": 4009.0, "comment": null, "elev_masl": 1010.0, "elev_max_masl": null, "end": 2021, "id_basin": 9302, "id_municipality": 22059, "id_saica": null, "id_saih": "A250", "id_sheet": 145, "lat_wgs84": 42.4044, "lon_wgs84": -0.1859, "municipality": "Biescas", "name": "Bubal", "owner": "ESTADO", "province": "Huesca", "regime": "altered", "river": "Gállego", "scale_type": "EXTERIOR", "sheet": "SALLENT (145)", "start": 1988, "station_type": "ENCAUZAMIENTO SIN CANAL DE AGUAS BAJAS", "system": "Gallego-Cinca", "weir": true, "weir_type": null, "x_etrs89": 719868, "y_etrs89": 4728660, "years_daily": 33, "years_instant": 18, "years_monthly": 34, "discharge": 1 }, "geometry": { "type": "Point", "coordinates": [ -0.316518221864239, 42.678991272172439 ] } },
{ "type": "Feature", "properties": { "id": 9251, "active": 1, "administration": "C.H. EBRO", "basin": "EBRO", "catch_skm": 299.0, "catch_skm_basin": 1153.0, "comment": null, "elev_masl": 540.0, "elev_max_masl": 2886.0, "end": 2021, "id_basin": 9234, "id_municipality": 26047, "id_saica": null, "id_saih": "A251", "id_sheet": 242, "lat_wgs84": 42.0026, "lon_wgs84": -1.5705, "municipality": "Cervera del Río Alhama", "name": "Cervera Del Rio Alhama", "owner": "ESTADO", "province": "La Rioja", "regime": "natural", "river": "Alhama", "scale_type": null, "sheet": "MUNILLA (242)", "start": 2005, "station_type": "ENCAUZAMIENTO CON CANAL DE AGUAS BAJAS", "system": "Cuenca Desde Leza A Huecha", "weir": true, "weir_type": null, "x_etrs89": 586835, "y_etrs89": 4651098, "years_daily": 16, "years_instant": 11, "years_monthly": 33, "discharge": 1 }, "geometry": { "type": "Point", "coordinates": [ -1.951380657318013, 42.007114950382416 ] } },
{ "type": "Feature", "properties": { "id": 9252, "active": 1, "administration": "C.H. EBRO", "basin": "EBRO", "catch_skm": 444.0, "catch_skm_basin": 2820.0, "comment": null, "elev_masl": 860.0, "elev_max_masl": 2886.0, "end": 2021, "id_basin": 9466, "id_municipality": 25903, "id_saica": null, "id_saih": "A252", "id_sheet": 242, "lat_wgs84": 42.3304, "lon_wgs84": 1.0919, "municipality": "La Guingueta de Aneu", "name": "Escalo", "owner": "ESTADO", "province": "Lérida", "regime": "altered", "river": "Noguera Pallaresa", "scale_type": null, "sheet": "MUNILLA (242)", "start": 1989, "station_type": "CAUCE NATURAL", "system": "Segre", "weir": false, "weir_type": null, "x_etrs89": 841174, "y_etrs89": 4719349, "years_daily": 32, "years_instant": 18, "years_monthly": 33, "discharge": 1 }, "geometry": { "type": "Point", "coordinates": [ 1.155320644761892, 42.551170299062946 ] } },
{ "type": "Feature", "properties": { "id": 9253, "active": 1, "administration": "C.H. EBRO", "basin": "EBRO", "catch_skm": 405.0, "catch_skm_basin": 692.0, "comment": null, "elev_masl": 280.0, "elev_max_masl": null, "end": 2014, "id_basin": 9160, "id_municipality": 26017, "id_saica": null, "id_saih": "A253", "id_sheet": 242, "lat_wgs84": 42.125, "lon_wgs84": -2.1401, "municipality": "Arnedillo", "name": "Arnedillo", "owner": "ESTADO", "province": "La Rioja", "regime": "natural", "river": "Cidacos", "scale_type": "EXTERIOR", "sheet": "MUNILLA (242)", "start": 2000, "station_type": "ENCAUZAMIENTO CON CANAL DE AGUAS BAJAS", "system": "Cuenca Desde Leza A Huecha", "weir": true, "weir_type": null, "x_etrs89": 563268, "y_etrs89": 4673820, "years_daily": 14, "years_instant": 16, "years_monthly": 32, "discharge": 1 }, "geometry": { "type": "Point", "coordinates": [ -2.233485079690638, 42.213989138775304 ] } },
{ "type": "Feature", "properties": { "id": 9254, "active": 1, "administration": "C.H. EBRO", "basin": "EBRO", "catch_skm": 465.0, "catch_skm_basin": 478.0, "comment": null, "elev_masl": 585.0, "elev_max_masl": null, "end": 2021, "id_basin": 9035, "id_municipality": 9209, "id_saica": null, "id_saih": "A254", "id_sheet": 110, "lat_wgs84": 42.5549, "lon_wgs84": -3.2849, "municipality": "Medina de Pomar", "name": "Medina De Pomar", "owner": "ESTADO", "province": "Burgos", "regime": "natural", "river": "Trueba", "scale_type": null, "sheet": "MEDINA DE POMAR (110)", "start": 1990, "station_type": "ENCAUZAMIENTO CON CANAL DE AGUAS BAJAS", "system": "Cabecera Del Ebro", "weir": true, "weir_type": null, "x_etrs89": 460805, "y_etrs89": 4753177, "years_daily": 31, "years_instant": 17, "years_monthly": 32, "discharge": 1 }, "geometry": { "type": "Point", "coordinates": [ -3.480327306403386, 42.930212844517563 ] } },
{ "type": "Feature", "properties": { "id": 9255, "active": 1, "administration": "C.H. EBRO", "basin": "EBRO", "catch_skm": 200.0, "catch_skm_basin": 383.0, "comment": null, "elev_masl": 426.0, "elev_max_masl": null, "end": 2021, "id_basin": 9325, "id_municipality": 22905, "id_saica": null, "id_saih": "A255", "id_sheet": 285, "lat_wgs84": 42.0912, "lon_wgs84": -0.3725, "municipality": "Lupiñén - Ortilla", "name": "Ortilla", "owner": "ESTADO", "province": "Huesca", "regime": "natural", "river": "Sotón", "scale_type": "EXTERIOR", "sheet": "ALMUDÉVAR (285)", "start": 1992, "station_type": "ENCAUZAMIENTO CON CANAL DE AGUAS BAJAS", "system": "Gallego-Cinca", "weir": true, "weir_type": null, "x_etrs89": 696355, "y_etrs89": 4669523, "years_daily": 29, "years_instant": 14, "years_monthly": 30, "discharge": 1 }, "geometry": { "type": "Point", "coordinates": [ -0.623425985882836, 42.153227997706381 ] } },
{ "type": "Feature", "properties": { "id": 9256, "active": 1, "administration": "C.H. EBRO", "basin": "EBRO", "catch_skm": 697.0, "catch_skm_basin": 22579.0, "comment": null, "elev_masl": 1030.0, "elev_max_masl": null, "end": 2021, "id_basin": 9387, "id_municipality": 17084, "id_saica": null, "id_saih": "A256", "id_sheet": 217, "lat_wgs84": 42.2221, "lon_wgs84": 1.4851, "municipality": "Isóbol", "name": "Isobol", "owner": "ESTADO", "province": "Gerona", "regime": "natural", "river": "Segre", "scale_type": "EXTERIOR", "sheet": "PUIGCERDÁ (217)", "start": 1991, "station_type": "ENCAUZAMIENTO CON CANAL DE AGUAS BAJAS", "system": "Segre", "weir": true, "weir_type": null, "x_etrs89": 896406, "y_etrs89": 4702383, "years_daily": 30, "years_instant": 15, "years_monthly": 31, "discharge": 1 }, "geometry": { "type": "Point", "coordinates": [ 1.814157418118518, 42.372586346938242 ] } },
{ "type": "Feature", "properties": { "id": 9257, "active": 1, "administration": "C.H. EBRO", "basin": "EBRO", "catch_skm": 83.0, "catch_skm_basin": 100.0, "comment": null, "elev_masl": 457.0, "elev_max_masl": null, "end": 2018, "id_basin": 9571, "id_municipality": 22002, "id_saica": null, "id_saih": "A257", "id_sheet": 250, "lat_wgs84": 42.1716, "lon_wgs84": 0.1126, "municipality": "Abizanda", "name": "Escanilla", "owner": "ESTADO", "province": "Huesca", "regime": "natural", "river": "Susía", "scale_type": "EXTERIOR", "sheet": "GRAUS (250)", "start": 1992, "station_type": "ENCAUZAMIENTO CON CANAL DE AGUAS BAJAS", "system": "Gallego-Cinca", "weir": true, "weir_type": null, "x_etrs89": 763071, "y_etrs89": 4686669, "years_daily": 26, "years_instant": 15, "years_monthly": 30, "discharge": 1 }, "geometry": { "type": "Point", "coordinates": [ 0.190773134984813, 42.287857754899939 ] } },
{ "type": "Feature", "properties": { "id": 9258, "active": 1, "administration": "C.H. EBRO", "basin": "EBRO", "catch_skm": 540.0, "catch_skm_basin": 1532.0, "comment": null, "elev_masl": 675.0, "elev_max_masl": null, "end": 2021, "id_basin": 9587, "id_municipality": 22074, "id_saica": null, "id_saih": "A258", "id_sheet": 212, "lat_wgs84": 42.2529, "lon_wgs84": 0.2316, "municipality": "Campo", "name": "Campo", "owner": "ESTADO", "province": "Huesca", "regime": "unknown", "river": "Ésera", "scale_type": null, "sheet": "CAMPO (212)", "start": 2000, "station_type": "CAUCE NATURAL", "system": "Esera-Noguera Ribagorzana", "weir": false, "weir_type": null, "x_etrs89": 778709, "y_etrs89": 4702497, "years_daily": 21, "years_instant": 12, "years_monthly": 30, "discharge": 1 }, "geometry": { "type": "Point", "coordinates": [ 0.38777706527612, 42.424726680431007 ] } },
{ "type": "Feature", "properties": { "id": 9259, "active": 1, "administration": "C.H. EBRO", "basin": "EBRO", "catch_skm": 49.0, "catch_skm_basin": 60.0, "comment": null, "elev_masl": 790.0, "elev_max_masl": null, "end": 2021, "id_basin": 9200, "id_municipality": 31133, "id_saica": null, "id_saih": "A259", "id_sheet": 117, "lat_wgs84": 42.5449, "lon_wgs84": -1.0319, "municipality": "Izalzu", "name": "Izalzu", "owner": "ESTADO", "province": "Navarra", "regime": "natural", "river": "Anduña", "scale_type": "EXTERIOR", "sheet": "OCHAGAVIA (117)", "start": 2003, "station_type": "ENCAUZAMIENTO CON CANAL DE AGUAS BAJAS", "system": "Irati-Arga-Ega", "weir": true, "weir_type": null, "x_etrs89": 658739, "y_etrs89": 4753066, "years_daily": 18, "years_instant": 12, "years_monthly": 30, "discharge": 1 }, "geometry": { "type": "Point", "coordinates": [ -1.055229215610255, 42.913699015032982 ] } },
{ "type": "Feature", "properties": { "id": 9260, "active": 1, "administration": "C.H. EBRO", "basin": "EBRO", "catch_skm": 2193.0, "catch_skm_basin": 2249.0, "comment": null, "elev_masl": 243.0, "elev_max_masl": null, "end": 2004, "id_basin": 9254, "id_municipality": 50252, "id_saica": null, "id_saih": "A260", "id_sheet": 321, "lat_wgs84": 41.5447, "lon_wgs84": -1.1649, "municipality": "Tauste", "name": "Tauste", "owner": "ESTADO", "province": "Zaragoza", "regime": "natural", "river": "Arba De Luesia", "scale_type": "EXTERIOR", "sheet": "TAUSTE (321)", "start": 1990, "station_type": "ENCAUZAMIENTO SIN CANAL DE AGUAS BAJAS", "system": "Riegos De Bardenas", "weir": false, "weir_type": null, "x_etrs89": 642635, "y_etrs89": 4641543, "years_daily": 14, "years_instant": 13, "years_monthly": 52, "discharge": 1 }, "geometry": { "type": "Point", "coordinates": [ -1.280091667177121, 41.912963243330623 ] } },
{ "type": "Feature", "properties": { "id": 9261, "active": 1, "administration": "C.H. EBRO", "basin": "EBRO", "catch_skm": 123.0, "catch_skm_basin": 314.0, "comment": null, "elev_masl": 637.0, "elev_max_masl": null, "end": 2021, "id_basin": 9284, "id_municipality": 50266, "id_saica": null, "id_saih": "A261", "id_sheet": 381, "lat_wgs84": 41.3829, "lon_wgs84": -1.3825, "municipality": "Trasobares", "name": "Trasobares", "owner": "ESTADO", "province": "Zaragoza", "regime": "natural", "river": "Isuela", "scale_type": "EXTERIOR", "sheet": "ILLUECA (381)", "start": 1990, "station_type": "ENCAUZAMIENTO CON CANAL DE AGUAS BAJAS", "system": "Jalón", "weir": true, "weir_type": null, "x_etrs89": 613239, "y_etrs89": 4610842, "years_daily": 31, "years_instant": 15, "years_monthly": 32, "discharge": 1 }, "geometry": { "type": "Point", "coordinates": [ -1.64029529905451, 41.641279066979529 ] } },
{ "type": "Feature", "properties": { "id": 9263, "active": 1, "administration": "C.H. EBRO", "basin": "EBRO", "catch_skm": 47133.0, "catch_skm_basin": 85001.0, "comment": null, "elev_masl": 150.0, "elev_max_masl": null, "end": 2019, "id_basin": 9329, "id_municipality": 50222, "id_saica": null, "id_saih": "A263", "id_sheet": 413, "lat_wgs84": 41.2353, "lon_wgs84": -0.2834, "municipality": "Quinto", "name": "Gelsa", "owner": "ESTADO", "province": "Zaragoza", "regime": "altered", "river": "Ebro", "scale_type": "EXTERIOR", "sheet": "GELSA (413)", "start": 2007, "station_type": "CAUCE NATURAL", "system": "Aguasvivas", "weir": false, "weir_type": null, "x_etrs89": 710985, "y_etrs89": 4586028, "years_daily": 12, "years_instant": 0, "years_monthly": 18, "discharge": 1 }, "geometry": { "type": "Point", "coordinates": [ -0.476161808028645, 41.398122970104431 ] } },
{ "type": "Feature", "properties": { "id": 9264, "active": 1, "administration": "C.H. EBRO", "basin": "EBRO", "catch_skm": 739.0, "catch_skm_basin": 1561.0, "comment": null, "elev_masl": 456.0, "elev_max_masl": 2886.0, "end": 2021, "id_basin": 9197, "id_municipality": 31158, "id_saica": null, "id_saih": "A264", "id_sheet": 242, "lat_wgs84": 42.4502, "lon_wgs84": -1.2241, "municipality": "Longuida", "name": "Aos", "owner": "ESTADO", "province": "Navarra", "regime": "altered", "river": "Irati", "scale_type": "EXTERIOR", "sheet": "MUNILLA (242)", "start": 1998, "station_type": "ENCAUZAMIENTO CON CANAL DE AGUAS BAJAS", "system": "Irati-Arga-Ega", "weir": false, "weir_type": null, "x_etrs89": 632729, "y_etrs89": 4734389, "years_daily": 23, "years_instant": 15, "years_monthly": 32, "discharge": 1 }, "geometry": { "type": "Point", "coordinates": [ -1.378153241430842, 42.750543185782142 ] } },
{ "type": "Feature", "properties": { "id": 9265, "active": 1, "administration": "C.H. EBRO", "basin": "EBRO", "catch_skm": 410.0, "catch_skm_basin": 85001.0, "comment": null, "elev_masl": 830.0, "elev_max_masl": 2886.0, "end": 2007, "id_basin": 9477, "id_municipality": 25221, "id_saica": null, "id_saih": "A265", "id_sheet": 242, "lat_wgs84": 42.3104, "lon_wgs84": 1.136, "municipality": "Tírvia", "name": "Tirvia", "owner": "ESTADO", "province": "Lérida", "regime": "natural", "river": "Noguera De Cardós", "scale_type": "EXTERIOR", "sheet": "MUNILLA (242)", "start": 1991, "station_type": "ENCAUZAMIENTO CON CANAL DE AGUAS BAJAS", "system": "Segre", "weir": true, "weir_type": null, "x_etrs89": 847756, "y_etrs89": 4715949, "years_daily": 16, "years_instant": 15, "years_monthly": 32, "discharge": 1 }, "geometry": { "type": "Point", "coordinates": [ 1.233208450646993, 42.517701788659465 ] } },
{ "type": "Feature", "properties": { "id": 9266, "active": 1, "administration": "C.H. EBRO", "basin": "EBRO", "catch_skm": 6841.0, "catch_skm_basin": 9718.0, "comment": null, "elev_masl": 520.0, "elev_max_masl": null, "end": 2021, "id_basin": 9278, "id_municipality": 50067, "id_saica": null, "id_saih": "A266", "id_sheet": 409, "lat_wgs84": 41.2118, "lon_wgs84": -1.3759, "municipality": "Calatayud", "name": "Calatayud", "owner": "ESTADO", "province": "Zaragoza", "regime": "natural", "river": "Jalón", "scale_type": "EXTERIOR", "sheet": "CALATAYUD (409)", "start": 1994, "station_type": "ENCAUZAMIENTO SIN CANAL DE AGUAS BAJAS", "system": "Eje Del Jalón", "weir": false, "weir_type": null, "x_etrs89": 614339, "y_etrs89": 4579052, "years_daily": 27, "years_instant": 13, "years_monthly": 28, "discharge": 1 }, "geometry": { "type": "Point", "coordinates": [ -1.633124108706894, 41.354857031118129 ] } },
{ "type": "Feature", "properties": { "id": 9267, "active": 1, "administration": "C.H. EBRO", "basin": "EBRO", "catch_skm": 74.0, "catch_skm_basin": 349.0, "comment": null, "elev_masl": 1268.0, "elev_max_masl": null, "end": 2001, "id_basin": 9483, "id_municipality": 25227, "id_saica": null, "id_saih": "A267", "id_sheet": 214, "lat_wgs84": 42.2805, "lon_wgs84": 0.5927, "municipality": "La Torre de Cabdella", "name": "Capdella", "owner": "ESTADO", "province": "Lérida", "regime": "altered", "river": "Flamisell", "scale_type": null, "sheet": "SORT (214)", "start": 1989, "station_type": "ENCAUZAMIENTO CON CANAL DE AGUAS BAJAS", "system": "Segre", "weir": false, "weir_type": null, "x_etrs89": 828111, "y_etrs89": 4709470, "years_daily": 12, "years_instant": 14, "years_monthly": 30, "discharge": 1 }, "geometry": { "type": "Point", "coordinates": [ 0.990944311407184, 42.468072958396178 ] } },
{ "type": "Feature", "properties": { "id": 9268, "active": 1, "administration": "C.H. EBRO", "basin": "EBRO", "catch_skm": 188.0, "catch_skm_basin": 526.0, "comment": null, "elev_masl": 760.0, "elev_max_masl": null, "end": 2021, "id_basin": 9183, "id_municipality": 31128, "id_saica": null, "id_saih": "A268", "id_sheet": 117, "lat_wgs84": 42.5133, "lon_wgs84": -0.5539, "municipality": "Isaba", "name": "Isaba", "owner": "ESTADO", "province": "Navarra", "regime": "natural", "river": "Esca", "scale_type": "EXTERIOR", "sheet": "OCHAGAVIA (117)", "start": 1992, "station_type": "CAUCE NATURAL", "system": "Aragón-Arba", "weir": false, "weir_type": null, "x_etrs89": 669316, "y_etrs89": 4747262, "years_daily": 29, "years_instant": 15, "years_monthly": 30, "discharge": 1 }, "geometry": { "type": "Point", "coordinates": [ -0.927476797853457, 42.859192597989463 ] } },
{ "type": "Feature", "properties": { "id": 9269, "active": 1, "administration": "C.H. EBRO", "basin": "EBRO", "catch_skm": 75.0, "catch_skm_basin": 77.0, "comment": null, "elev_masl": 785.0, "elev_max_masl": null, "end": 2017, "id_basin": 9174, "id_municipality": 22032, "id_saica": null, "id_saih": null, "id_sheet": 144, "lat_wgs84": 42.4034, "lon_wgs84": -0.4257, "municipality": "Aragüés del Puerto", "name": "Aragües Del Puerto", "owner": "ESTADO", "province": "Huesca", "regime": "natural", "river": "Osia", "scale_type": "EXTERIOR", "sheet": "ANSÓ (144)", "start": 1992, "station_type": "ENCAUZAMIENTO CON CANAL DE AGUAS BAJAS", "system": "Aragón-Arba", "weir": true, "weir_type": null, "x_etrs89": 687170, "y_etrs89": 4727379, "years_daily": 25, "years_instant": 13, "years_monthly": 30, "discharge": 1 }, "geometry": { "type": "Point", "coordinates": [ -0.715682652935004, 42.676116823257871 ] } },
{ "type": "Feature", "properties": { "id": 9270, "active": 1, "administration": "C.H. EBRO", "basin": "EBRO", "catch_skm": 224.0, "catch_skm_basin": 283.0, "comment": null, "elev_masl": 410.0, "elev_max_masl": null, "end": 2016, "id_basin": 9216, "id_municipality": 31201, "id_saica": null, "id_saih": "A270", "id_sheet": 141, "lat_wgs84": 42.4751, "lon_wgs84": -1.4001, "municipality": "Pamplona", "name": "Pamplona", "owner": "ESTADO", "province": "Navarra", "regime": "natural", "river": "Elorz", "scale_type": null, "sheet": "PAMPLONA (141)", "start": 2009, "station_type": "ENCAUZAMIENTO CON CANAL DE AGUAS BAJAS", "system": "Irati-Arga-Ega", "weir": false, "weir_type": null, "x_etrs89": 609025, "y_etrs89": 4739201, "years_daily": 7, "years_instant": 1, "years_monthly": 18, "discharge": 1 }, "geometry": { "type": "Point", "coordinates": [ -1.666784147174997, 42.797600901672922 ] } },
{ "type": "Feature", "properties": { "id": 9271, "active": 1, "administration": "C.H. EBRO", "basin": "EBRO", "catch_skm": 101.0, "catch_skm_basin": 8521.0, "comment": null, "elev_masl": 1040.0, "elev_max_masl": null, "end": 2021, "id_basin": 9166, "id_municipality": 22078, "id_saica": null, "id_saih": "A271", "id_sheet": 145, "lat_wgs84": 42.4311, "lon_wgs84": -0.3131, "municipality": "Canfranc", "name": "Canfranc Antiguo", "owner": "ESTADO", "province": "Huesca", "regime": "natural", "river": "Aragón", "scale_type": "EXTERIOR", "sheet": "SALLENT (145)", "start": 1991, "station_type": "ENCAUZAMIENTO CON CANAL DE AGUAS BAJAS", "system": "Aragón-Arba", "weir": true, "weir_type": null, "x_etrs89": 702638, "y_etrs89": 4732667, "years_daily": 30, "years_instant": 16, "years_monthly": 31, "discharge": 1 }, "geometry": { "type": "Point", "coordinates": [ -0.525178486344696, 42.719775071891569 ] } },
{ "type": "Feature", "properties": { "id": 9273, "active": 1, "administration": "C.H. EBRO", "basin": "EBRO", "catch_skm": 574.0, "catch_skm_basin": 582.0, "comment": null, "elev_masl": 319.0, "elev_max_masl": null, "end": 2021, "id_basin": 9253, "id_municipality": 50095, "id_saica": null, "id_saih": "A273", "id_sheet": 283, "lat_wgs84": 42.0343, "lon_wgs84": -1.1254, "municipality": "Ejea de los Caballeros", "name": "Sabinar, El", "owner": "OTROS", "province": "Zaragoza", "regime": "altered", "river": "Arba De Riguel", "scale_type": "EXTERIOR", "sheet": "FUSTIÑANA (283)", "start": 2012, "station_type": "ENCAUZAMIENTO SIN CANAL DE AGUAS BAJAS", "system": "Riegos De Bardenas", "weir": false, "weir_type": null, "x_etrs89": 647689, "y_etrs89": 4658187, "years_daily": 9, "years_instant": 0, "years_monthly": 16, "discharge": 1 }, "geometry": { "type": "Point", "coordinates": [ -1.214995907130461, 42.06186905007155 ] } },
{ "type": "Feature", "properties": { "id": 9277, "active": 1, "administration": "C.H. EBRO", "basin": "EBRO", "catch_skm": 488.0, "catch_skm_basin": 1561.0, "comment": null, "elev_masl": 476.0, "elev_max_masl": null, "end": 2021, "id_basin": 9195, "id_municipality": 31019, "id_saica": null, "id_saih": "A277", "id_sheet": 142, "lat_wgs84": 42.47, "lon_wgs84": -1.2203, "municipality": "Aoiz", "name": "Aoiz Pie De Presa", "owner": "ESTADO", "province": "Navarra", "regime": "natural", "river": "Irati", "scale_type": null, "sheet": "AOIZ (142)", "start": 1999, "station_type": "ENCAUZAMIENTO CON CANAL DE AGUAS BAJAS", "system": "Irati-Arga-Ega", "weir": true, "weir_type": null, "x_etrs89": 633532, "y_etrs89": 4738051, "years_daily": 22, "years_instant": 8, "years_monthly": 23, "discharge": 1 }, "geometry": { "type": "Point", "coordinates": [ -1.367479450199735, 42.783368420156798 ] } },
{ "type": "Feature", "properties": { "id": 9278, "active": 1, "administration": "C.H. EBRO", "basin": "EBRO", "catch_skm": 7561.0, "catch_skm_basin": 9718.0, "comment": null, "elev_masl": 390.0, "elev_max_masl": null, "end": 2021, "id_basin": 9282, "id_municipality": 50032, "id_saica": null, "id_saih": "A278", "id_sheet": 410, "lat_wgs84": 41.294, "lon_wgs84": -1.274, "municipality": "Arándiga", "name": "Chodes", "owner": "ESTADO", "province": "Zaragoza", "regime": "natural", "river": "Jalón", "scale_type": "EXTERIOR", "sheet": "ALMUNIA DE DOÑA GODINA (410)", "start": 2000, "station_type": "ENCAUZAMIENTO SIN CANAL DE AGUAS BAJAS", "system": "Eje Del Jalón", "weir": false, "weir_type": null, "x_etrs89": 628442, "y_etrs89": 4594791, "years_daily": 21, "years_instant": 7, "years_monthly": 22, "discharge": 1 }, "geometry": { "type": "Point", "coordinates": [ -1.461240614912248, 41.494450548477083 ] } },
{ "type": "Feature", "properties": { "id": 9279, "active": 1, "administration": "C.H. EBRO", "basin": "EBRO", "catch_skm": 497.0, "catch_skm_basin": 9718.0, "comment": null, "elev_masl": 800.0, "elev_max_masl": null, "end": 2021, "id_basin": 9018, "id_municipality": 9905, "id_saica": null, "id_saih": "A279", "id_sheet": 410, "lat_wgs84": 42.4628, "lon_wgs84": -3.4603, "municipality": "Valle de Sedano", "name": "Valdelateja", "owner": "ESTADO", "province": "Burgos", "regime": "natural", "river": "Rudrón", "scale_type": null, "sheet": "ALMUNIA DE DOÑA GODINA (410)", "start": 2010, "station_type": "CAUCE NATURAL", "system": "Cabecera Del Ebro", "weir": false, "weir_type": null, "x_etrs89": 437204, "y_etrs89": 4736053, "years_daily": 11, "years_instant": 2, "years_monthly": 18, "discharge": 1 }, "geometry": { "type": "Point", "coordinates": [ -3.767620403430185, 42.774440734617471 ] } },
{ "type": "Feature", "properties": { "id": 9280, "active": 1, "administration": "C.H. EBRO", "basin": "EBRO", "catch_skm": 10370.0, "catch_skm_basin": 85001.0, "comment": "USADO NIVEL Y CAUDAL AUXILIAR DE CENTRAL AGUAS ABAJO (DATOS 2013-14)  ", "elev_masl": 359.0, "elev_max_masl": null, "end": 2021, "id_basin": 9125, "id_municipality": 26089, "id_saica": null, "id_saih": "A280", "id_sheet": 204, "lat_wgs84": 42.2815, "lon_wgs84": -2.2645, "municipality": "Logroño", "name": "Logroño", "owner": "ESTADO", "province": "La Rioja", "regime": "altered", "river": "Ebro", "scale_type": null, "sheet": "LOGROÑO (204)", "start": 2015, "station_type": "CAUCE NATURAL", "system": "Eje Del Ebro", "weir": false, "weir_type": null, "x_etrs89": 545563, "y_etrs89": 4702219, "years_daily": 6, "years_instant": 1, "years_monthly": 16, "discharge": 1 }, "geometry": { "type": "Point", "coordinates": [ -2.445734180798327, 42.47097498190309 ] } },
{ "type": "Feature", "properties": { "id": 9281, "active": 1, "administration": "C.H. EBRO", "basin": "EBRO", "catch_skm": 1239.0, "catch_skm_basin": 1243.0, "comment": null, "elev_masl": 458.0, "elev_max_masl": null, "end": 2021, "id_basin": 9096, "id_municipality": 26071, "id_saica": null, "id_saih": "A281", "id_sheet": 170, "lat_wgs84": 42.3444, "lon_wgs84": -2.5238, "municipality": "Haro", "name": "Haro", "owner": "ESTADO", "province": "La Rioja", "regime": "natural", "river": "Tirón", "scale_type": null, "sheet": "HARO (170)", "start": 2006, "station_type": "ENCAUZAMIENTO CON CANAL DE AGUAS BAJAS", "system": "Cuenca Del Najerilla", "weir": false, "weir_type": null, "x_etrs89": 510073, "y_etrs89": 4714072, "years_daily": 15, "years_instant": 3, "years_monthly": 18, "discharge": 1 }, "geometry": { "type": "Point", "coordinates": [ -2.877252290803709, 42.578995606744151 ] } },
{ "type": "Feature", "properties": { "id": 9282, "active": 1, "administration": "C.H. EBRO", "basin": "EBRO", "catch_skm": 1083.0, "catch_skm_basin": 8521.0, "comment": null, "elev_masl": 554.0, "elev_max_masl": null, "end": 2021, "id_basin": 9176, "id_municipality": 22076, "id_saica": null, "id_saih": "A282", "id_sheet": 175, "lat_wgs84": 42.3529, "lon_wgs84": -0.5258, "municipality": "Canal de Berdún", "name": "Martes", "owner": "ESTADO", "province": "Huesca", "regime": "natural", "river": "Aragón", "scale_type": "EXTERIOR", "sheet": "SIGÜÉS (175)", "start": 2004, "station_type": "CAUCE NATURAL", "system": "Aragón-Arba", "weir": false, "weir_type": null, "x_etrs89": 673705, "y_etrs89": 4717624, "years_daily": 17, "years_instant": 1, "years_monthly": 18, "discharge": 1 }, "geometry": { "type": "Point", "coordinates": [ -0.882881696228591, 42.591485337592076 ] } },
{ "type": "Feature", "properties": { "id": 9283, "active": 1, "administration": "C.H. EBRO", "basin": "EBRO", "catch_skm": 262.0, "catch_skm_basin": 1101.0, "comment": null, "elev_masl": 597.0, "elev_max_masl": null, "end": 2021, "id_basin": 9028, "id_municipality": 9903, "id_saica": null, "id_saih": "A283", "id_sheet": 109, "lat_wgs84": 42.5648, "lon_wgs84": -3.3424, "municipality": "Villarcayo", "name": "Villarcayo", "owner": "ESTADO", "province": "Burgos", "regime": "natural", "river": "Nela", "scale_type": null, "sheet": "VILLARCAYO (109)", "start": 2004, "station_type": "CAUCE NATURAL", "system": "Cabecera Del Ebro", "weir": false, "weir_type": null, "x_etrs89": 453227, "y_etrs89": 4755043, "years_daily": 17, "years_instant": 4, "years_monthly": 18, "discharge": 1 }, "geometry": { "type": "Point", "coordinates": [ -3.573345965981031, 42.94658837143556 ] } },
{ "type": "Feature", "properties": { "id": 9284, "active": 1, "administration": "C.H. EBRO", "basin": "EBRO", "catch_skm": 25340.0, "catch_skm_basin": 85001.0, "comment": null, "elev_masl": 252.0, "elev_max_masl": null, "end": 2012, "id_basin": 9241, "id_municipality": 31232, "id_saica": null, "id_saih": "A284", "id_sheet": 282, "lat_wgs84": 42.0401, "lon_wgs84": -1.3602, "municipality": "Tudela", "name": "Tudela", "owner": "ESTADO", "province": "Navarra", "regime": "altered", "river": "Ebro", "scale_type": "EXTERIOR", "sheet": "TUDELA (282)", "start": 2004, "station_type": "CAUCE NATURAL", "system": "Eje Del Ebro", "weir": false, "weir_type": null, "x_etrs89": 615791, "y_etrs89": 4658173, "years_daily": 8, "years_instant": 0, "years_monthly": 18, "discharge": 1 }, "geometry": { "type": "Point", "coordinates": [ -1.600398852570147, 42.067091418011664 ] } },
{ "type": "Feature", "properties": { "id": 9287, "active": 1, "administration": "C.H. EBRO", "basin": "EBRO", "catch_skm": 151.0, "catch_skm_basin": 446.0, "comment": null, "elev_masl": 914.0, "elev_max_masl": null, "end": 2021, "id_basin": 9273, "id_municipality": 50050, "id_saica": null, "id_saih": "A287", "id_sheet": 380, "lat_wgs84": 41.3228, "lon_wgs84": -1.552, "municipality": "Bijuesca", "name": "Bijuesca", "owner": "ESTADO", "province": "Zaragoza", "regime": "natural", "river": "Manubles", "scale_type": null, "sheet": "BOROBIA (380)", "start": 2010, "station_type": "CAUCE NATURAL", "system": "Jalón", "weir": false, "weir_type": null, "x_etrs89": 589895, "y_etrs89": 4599393, "years_daily": 11, "years_instant": 1, "years_monthly": 17, "discharge": 1 }, "geometry": { "type": "Point", "coordinates": [ -1.922258275343226, 41.541146473646563 ] } },
{ "type": "Feature", "properties": { "id": 9288, "active": 1, "administration": "C.H. EBRO", "basin": "EBRO", "catch_skm": 35.0, "catch_skm_basin": 139.0, "comment": null, "elev_masl": 967.0, "elev_max_masl": null, "end": 2021, "id_basin": 9975, "id_municipality": 42051, "id_saica": null, "id_saih": "A288", "id_sheet": 380, "lat_wgs84": 41.3306, "lon_wgs84": -1.594, "municipality": "Carabantes", "name": "Carabantes", "owner": "ESTADO", "province": "Soria", "regime": "natural", "river": "Carabán", "scale_type": null, "sheet": "BOROBIA (380)", "start": 2010, "station_type": "CAUCE NATURAL", "system": "Jalón", "weir": false, "weir_type": null, "x_etrs89": 583864, "y_etrs89": 4600496, "years_daily": 11, "years_instant": 1, "years_monthly": 17, "discharge": 1 }, "geometry": { "type": "Point", "coordinates": [ -1.994398290511697, 41.551734959356807 ] } },
{ "type": "Feature", "properties": { "id": 9290, "active": 1, "administration": "C.H. EBRO", "basin": "EBRO", "catch_skm": 1046.0, "catch_skm_basin": 2249.0, "comment": null, "elev_masl": 318.0, "elev_max_masl": null, "end": 2017, "id_basin": 9252, "id_municipality": 50095, "id_saica": null, "id_saih": "A290", "id_sheet": 284, "lat_wgs84": 42.0703, "lon_wgs84": -1.0903, "municipality": "Ejea de los Caballeros", "name": "Ejea De Los Caballeros", "owner": "ESTADO", "province": "Zaragoza", "regime": "natural", "river": "Arba", "scale_type": "EXTERIOR", "sheet": "EJEA DE LOS CABALLEROS (284)", "start": 2009, "station_type": "CAUCE NATURAL", "system": "Riegos De Bardenas", "weir": false, "weir_type": null, "x_etrs89": 652854, "y_etrs89": 4664469, "years_daily": 8, "years_instant": 0, "years_monthly": 17, "discharge": 1 }, "geometry": { "type": "Point", "coordinates": [ -1.150959257389105, 42.117430858601395 ] } },
{ "type": "Feature", "properties": { "id": 9291, "active": 1, "administration": "C.H. EBRO", "basin": "EBRO", "catch_skm": 109.0, "catch_skm_basin": 179.0, "comment": null, "elev_masl": 402.0, "elev_max_masl": null, "end": 2021, "id_basin": 9977, "id_municipality": 50151, "id_saica": null, "id_saih": "A291", "id_sheet": 284, "lat_wgs84": 42.0459, "lon_wgs84": -0.5541, "municipality": "Luna", "name": "Luna", "owner": "ESTADO", "province": "Zaragoza", "regime": "natural", "river": "Barranco De La Barluenga", "scale_type": "EXTERIOR", "sheet": "EJEA DE LOS CABALLEROS (284)", "start": 2005, "station_type": "ENCAUZAMIENTO CON CANAL DE AGUAS BAJAS", "system": "Riegos De Bardenas", "weir": true, "weir_type": null, "x_etrs89": 671373, "y_etrs89": 4661076, "years_daily": 16, "years_instant": 1, "years_monthly": 17, "discharge": 1 }, "geometry": { "type": "Point", "coordinates": [ -0.928068070932991, 42.083064230534056 ] } },
{ "type": "Feature", "properties": { "id": 9292, "active": 1, "administration": "C.H. EBRO", "basin": "EBRO", "catch_skm": 465.0, "catch_skm_basin": 483.0, "comment": null, "elev_masl": 262.0, "elev_max_masl": null, "end": 2021, "id_basin": 9246, "id_municipality": 31078, "id_saica": null, "id_saih": "A292", "id_sheet": 321, "lat_wgs84": 41.5529, "lon_wgs84": -1.2449, "municipality": "Cortes de Navarra", "name": "Cortes De Navarra", "owner": "ESTADO", "province": "Navarra", "regime": "natural", "river": "Huecha", "scale_type": "EXTERIOR", "sheet": "TAUSTE (321)", "start": 2009, "station_type": "ENCAUZAMIENTO SIN CANAL DE AGUAS BAJAS", "system": "Eje Del Ebro", "weir": false, "weir_type": null, "x_etrs89": 631537, "y_etrs89": 4642622, "years_daily": 12, "years_instant": 0, "years_monthly": 17, "discharge": 1 }, "geometry": { "type": "Point", "coordinates": [ -1.413620310270743, 41.92460402439491 ] } },
{ "type": "Feature", "properties": { "id": 9293, "active": 1, "administration": "C.H. EBRO", "basin": "EBRO", "catch_skm": 3743.0, "catch_skm_basin": 9699.0, "comment": null, "elev_masl": 336.0, "elev_max_masl": null, "end": 2021, "id_basin": 9598, "id_municipality": 22115, "id_saica": null, "id_saih": "A293", "id_sheet": 288, "lat_wgs84": 42.04, "lon_wgs84": 0.1248, "municipality": "El Grado", "name": "Puente De Las Pilas", "owner": "ESTADO", "province": "Huesca", "regime": "natural", "river": "Cinca", "scale_type": null, "sheet": "FONZ (288)", "start": 2014, "station_type": "CAUCE NATURAL", "system": "Riegos Del Alto Aragón", "weir": false, "weir_type": null, "x_etrs89": 765859, "y_etrs89": 4662178, "years_daily": 7, "years_instant": 0, "years_monthly": 15, "discharge": 1 }, "geometry": { "type": "Point", "coordinates": [ 0.213356782779932, 42.066685643483012 ] } },
{ "type": "Feature", "properties": { "id": 9294, "active": 1, "administration": "C.H. EBRO", "basin": "EBRO", "catch_skm": 28.0, "catch_skm_basin": 34.0, "comment": null, "elev_masl": 810.0, "elev_max_masl": null, "end": 2021, "id_basin": 9976, "id_municipality": 50031, "id_saica": null, "id_saih": "A294", "id_sheet": 381, "lat_wgs84": 41.3546, "lon_wgs84": -1.4623, "municipality": "Aranda de Moncayo", "name": "Maidevera C. E.", "owner": "ESTADO", "province": "Zaragoza", "regime": "natural", "river": "Pedreñas", "scale_type": null, "sheet": "ILLUECA (381)", "start": 2010, "station_type": "ENCAUZAMIENTO SIN CANAL DE AGUAS BAJAS", "system": "Jalón", "weir": true, "weir_type": null, "x_etrs89": 602250, "y_etrs89": 4605653, "years_daily": 11, "years_instant": 0, "years_monthly": 17, "discharge": 1 }, "geometry": { "type": "Point", "coordinates": [ -1.773099878402301, 41.596036075605483 ] } },
{ "type": "Feature", "properties": { "id": 9295, "active": 1, "administration": "C.H. EBRO", "basin": "EBRO", "catch_skm": 16.0, "catch_skm_basin": 37.0, "comment": null, "elev_masl": 612.0, "elev_max_masl": null, "end": 2015, "id_basin": 9973, "id_municipality": 50088, "id_saica": null, "id_saih": "A295", "id_sheet": 410, "lat_wgs84": 41.2214, "lon_wgs84": -1.1753, "municipality": "Cosuenda", "name": "Cosuenda", "owner": "ESTADO", "province": "Zaragoza", "regime": "natural", "river": "Cosuenda", "scale_type": null, "sheet": "ALMUNIA DE DOÑA GODINA (410)", "start": 2006, "station_type": "ENCAUZAMIENTO SIN CANAL DE AGUAS BAJAS", "system": "Jalón", "weir": true, "weir_type": null, "x_etrs89": 642321, "y_etrs89": 4581301, "years_daily": 9, "years_instant": 0, "years_monthly": 16, "discharge": 1 }, "geometry": { "type": "Point", "coordinates": [ -1.298210718477373, 41.37064810694099 ] } },
{ "type": "Feature", "properties": { "id": 9296, "active": 1, "administration": "C.H. EBRO", "basin": "EBRO", "catch_skm": 17.0, "catch_skm_basin": 45.0, "comment": "VALORES NEGATIVOS POR SOCAVACION DEL LECHO (DATOS 2013-14)            ", "elev_masl": 645.0, "elev_max_masl": null, "end": 2020, "id_basin": 9974, "id_municipality": 50004, "id_saica": null, "id_saih": "A296", "id_sheet": 410, "lat_wgs84": 41.2021, "lon_wgs84": -1.1618, "municipality": "Aguarón", "name": "Aguaron", "owner": "ESTADO", "province": "Zaragoza", "regime": "natural", "river": "Aguarón", "scale_type": null, "sheet": "ALMUNIA DE DOÑA GODINA (410)", "start": 2007, "station_type": "ENCAUZAMIENTO SIN CANAL DE AGUAS BAJAS", "system": "Jalón", "weir": false, "weir_type": null, "x_etrs89": 644601, "y_etrs89": 4577831, "years_daily": 13, "years_instant": 0, "years_monthly": 18, "discharge": 1 }, "geometry": { "type": "Point", "coordinates": [ -1.271786451925156, 41.338999371172335 ] } },
{ "type": "Feature", "properties": { "id": 9297, "active": 1, "administration": "C.H. EBRO", "basin": "EBRO", "catch_skm": 45.0, "catch_skm_basin": 46.0, "comment": null, "elev_masl": 585.0, "elev_max_masl": null, "end": 2017, "id_basin": 9630, "id_municipality": 44037, "id_saica": null, "id_saih": "A297", "id_sheet": 496, "lat_wgs84": 40.5024, "lon_wgs84": 0.1151, "municipality": "Beceite", "name": "Beceite", "owner": "ESTADO", "province": "Teruel", "regime": "unknown", "river": "Ulldemó", "scale_type": null, "sheet": "HORTA DE SAN JUAN (496)", "start": 2010, "station_type": null, "system": "Matarraña", "weir": false, "weir_type": null, "x_etrs89": 769592, "y_etrs89": 4525929, "years_daily": 7, "years_instant": 0, "years_monthly": 13, "discharge": 1 }, "geometry": { "type": "Point", "coordinates": [ 0.197595037574172, 40.84009847329807 ] } },
{ "type": "Feature", "properties": { "id": 9298, "active": 1, "administration": "C.H. EBRO", "basin": "EBRO", "catch_skm": 95.0, "catch_skm_basin": 158.0, "comment": null, "elev_masl": 570.0, "elev_max_masl": null, "end": 2021, "id_basin": 9321, "id_municipality": 22173, "id_saica": null, "id_saih": "A298", "id_sheet": 209, "lat_wgs84": 42.2433, "lon_wgs84": -0.4717, "municipality": "Las Peñas de Riglos", "name": "Peña C.E., La", "owner": "ESTADO", "province": "Huesca", "regime": "natural", "river": "Asabón", "scale_type": null, "sheet": "AGÜERO (209)", "start": 2007, "station_type": "ENCAUZAMIENTO CON CANAL DE AGUAS BAJAS", "system": "Gallego-Cinca", "weir": false, "weir_type": null, "x_etrs89": 682015, "y_etrs89": 4697590, "years_daily": 14, "years_instant": 0, "years_monthly": 14, "discharge": 1 }, "geometry": { "type": "Point", "coordinates": [ -0.788038339096924, 42.409280906973223 ] } },
{ "type": "Feature", "properties": { "id": 9299, "active": 1, "administration": "C.H. EBRO", "basin": "EBRO", "catch_skm": 61.0, "catch_skm_basin": 181.0, "comment": null, "elev_masl": 500.0, "elev_max_masl": null, "end": 2021, "id_basin": 9601, "id_municipality": 22175, "id_saica": null, "id_saih": "A299", "id_sheet": 326, "lat_wgs84": 41.585, "lon_wgs84": 0.2234, "municipality": "Peralta de Calasanz", "name": "Peralta De La Sal", "owner": "ESTADO", "province": "Huesca", "regime": "unknown", "river": "Sosa", "scale_type": null, "sheet": "MONZÓN (326)", "start": 2010, "station_type": "CAUCE NATURAL", "system": "Esera-Noguera Ribagorzana", "weir": false, "weir_type": null, "x_etrs89": 779699, "y_etrs89": 4653146, "years_daily": 11, "years_instant": 0, "years_monthly": 14, "discharge": 1 }, "geometry": { "type": "Point", "coordinates": [ 0.376058636382123, 41.980676656896435 ] } },
{ "type": "Feature", "properties": { "id": 9307, "active": 1, "administration": "C.H. EBRO", "basin": "EBRO", "catch_skm": 1905.0, "catch_skm_basin": 9718.0, "comment": "CORRECCIÓN POR POZO SUCIO (DATOS 2013-14)                             ", "elev_masl": 673.0, "elev_max_masl": null, "end": 2021, "id_basin": 9262, "id_municipality": 50081, "id_saica": null, "id_saih": "A307", "id_sheet": 436, "lat_wgs84": 41.1755, "lon_wgs84": -1.5725, "municipality": "Cetina", "name": "Cetina Aa. Ab. Deza", "owner": "ESTADO", "province": "Zaragoza", "regime": "unknown", "river": "Jalón", "scale_type": "EXTERIOR", "sheet": "ALHAMA DE ARAGÓN (436)", "start": 2011, "station_type": "ENCAUZAMIENTO CON CANAL DE AGUAS BAJAS", "system": "Jalón", "weir": false, "weir_type": null, "x_etrs89": 587330, "y_etrs89": 4572418, "years_daily": 10, "years_instant": 0, "years_monthly": 17, "discharge": 1 }, "geometry": { "type": "Point", "coordinates": [ -1.956899741542222, 41.298491579219686 ] } },
{ "type": "Feature", "properties": { "id": 9308, "active": 1, "administration": "C.H. EBRO", "basin": "EBRO", "catch_skm": 36.0, "catch_skm_basin": 73.0, "comment": null, "elev_masl": 551.0, "elev_max_masl": null, "end": 2021, "id_basin": 9060, "id_municipality": 48072, "id_saica": null, "id_saih": "A308", "id_sheet": 87, "lat_wgs84": 43.0225, "lon_wgs84": -2.3927, "municipality": null, "name": "Otxandio", "owner": null, "province": "VIZCAYA/BIZKAIA, PROVINCIA / 48", "regime": "unknown", "river": "Urquiola", "scale_type": null, "sheet": null, "start": 2016, "station_type": null, "system": "Bayas-Zadorra-Inglares", "weir": false, "weir_type": null, "x_etrs89": 527892, "y_etrs89": 4765357, "years_daily": 5, "years_instant": 0, "years_monthly": 6, "discharge": 1 }, "geometry": { "type": "Point", "coordinates": [ -2.657577702798949, 43.040390555031351 ] } },
{ "type": "Feature", "properties": { "id": 9309, "active": 1, "administration": "C.H. EBRO", "basin": "EBRO", "catch_skm": 44.0, "catch_skm_basin": 4009.0, "comment": null, "elev_masl": 1350.0, "elev_max_masl": null, "end": 2021, "id_basin": 9292, "id_municipality": 22204, "id_saica": null, "id_saih": "A309", "id_sheet": 145, "lat_wgs84": 42.461, "lon_wgs84": -0.2003, "municipality": "Sallent de Gállego", "name": "Sallent De Gallego", "owner": null, "province": "Huesca", "regime": "unknown", "river": "Gállego", "scale_type": "Exterior", "sheet": "SALLENT (145)", "start": 2011, "station_type": "Encauzamiento sin canal de aguas bajas", "system": "Gállego - Cinca - Ésera - Noguera Ribagorzana", "weir": false, "weir_type": null, "x_etrs89": 718110, "y_etrs89": 4738654, "years_daily": 10, "years_instant": 0, "years_monthly": 12, "discharge": 1 }, "geometry": { "type": "Point", "coordinates": [ -0.334102525752743, 42.769395506278187 ] } },
{ "type": "Feature", "properties": { "id": 9310, "active": 1, "administration": "C.H. EBRO", "basin": "EBRO", "catch_skm": 60.0, "catch_skm_basin": 61.0, "comment": null, "elev_masl": 1300.0, "elev_max_masl": null, "end": 2021, "id_basin": 9293, "id_municipality": 22204, "id_saica": null, "id_saih": "A310", "id_sheet": 145, "lat_wgs84": 42.463, "lon_wgs84": -0.194, "municipality": "Sallent de Gállego", "name": "Sallent De Gallego", "owner": null, "province": "Huesca", "regime": "unknown", "river": "Aguas Limpias", "scale_type": "Exterior", "sheet": "Sallent (145)", "start": 2010, "station_type": "Encauzamiento sin canal de aguas bajas", "system": "Gállego - Cinca - Ésera - Noguera Ribagorzana", "weir": false, "weir_type": null, "x_etrs89": 718603, "y_etrs89": 4739302, "years_daily": 11, "years_instant": 0, "years_monthly": 12, "discharge": 1 }, "geometry": { "type": "Point", "coordinates": [ -0.327832345376913, 42.775084300081517 ] } },
{ "type": "Feature", "properties": { "id": 9311, "active": 1, "administration": "C.H. EBRO", "basin": "EBRO", "catch_skm": 40311.0, "catch_skm_basin": 85001.0, "comment": null, "elev_masl": 202.0, "elev_max_masl": null, "end": 2021, "id_basin": 9289, "id_municipality": 50297, "id_saica": null, "id_saih": "A311", "id_sheet": 354, "lat_wgs84": 41.4055, "lon_wgs84": -0.5358, "municipality": "Zaragoza", "name": "Zaragoza", "owner": null, "province": "Zaragoza", "regime": "unknown", "river": "Ebro", "scale_type": null, "sheet": "Alagón (354)", "start": 2014, "station_type": "Cauce Natural", "system": "Ebro Alto - Medio Y Aragón", "weir": false, "weir_type": null, "x_etrs89": 674820, "y_etrs89": 4616591, "years_daily": 7, "years_instant": 0, "years_monthly": 12, "discharge": 1 }, "geometry": { "type": "Point", "coordinates": [ -0.899580282645786, 41.681905996815054 ] } },
{ "type": "Feature", "properties": { "id": 9313, "active": 1, "administration": "C.H. EBRO", "basin": "EBRO", "catch_skm": 530.0, "catch_skm_basin": 2759.0, "comment": null, "elev_masl": 421.0, "elev_max_masl": null, "end": 2021, "id_basin": 9215, "id_municipality": 31060, "id_saica": null, "id_saih": "A313", "id_sheet": 141, "lat_wgs84": 42.492, "lon_wgs84": -1.3641, "municipality": "Burlada", "name": "Burlada", "owner": null, "province": "Navarra", "regime": "unknown", "river": "Arga", "scale_type": null, "sheet": "Pamplona (141)", "start": 2009, "station_type": "Cauce Natural", "system": "Ebro Alto - Medio Y Aragón", "weir": false, "weir_type": null, "x_etrs89": 613510, "y_etrs89": 4742003, "years_daily": 12, "years_instant": 0, "years_monthly": 12, "discharge": 1 }, "geometry": { "type": "Point", "coordinates": [ -1.611390298192916, 42.8221749990701 ] } },
{ "type": "Feature", "properties": { "id": 9314, "active": 1, "administration": "C.H. EBRO", "basin": "EBRO", "catch_skm": 114.0, "catch_skm_basin": 116.0, "comment": null, "elev_masl": 508.0, "elev_max_masl": null, "end": 2016, "id_basin": 9065, "id_municipality": 1059, "id_saica": null, "id_saih": "A314", "id_sheet": 112, "lat_wgs84": 42.52, "lon_wgs84": -2.3814, "municipality": "Arrazua-Ubarrundia", "name": "Vitoria", "owner": null, "province": "Álava", "regime": "unknown", "river": "Alegría", "scale_type": null, "sheet": "Vitoria (112)", "start": 2010, "station_type": null, "system": "Bayas-Zadorra-Inglares", "weir": false, "weir_type": null, "x_etrs89": 529626, "y_etrs89": 4746085, "years_daily": 6, "years_instant": 0, "years_monthly": 12, "discharge": 1 }, "geometry": { "type": "Point", "coordinates": [ -2.637310800506972, 42.866780856773325 ] } },
{ "type": "Feature", "properties": { "id": 9315, "active": 1, "administration": "C.H. EBRO", "basin": "EBRO", "catch_skm": 277.0, "catch_skm_basin": 1358.0, "comment": null, "elev_masl": 513.0, "elev_max_masl": null, "end": 2021, "id_basin": 9058, "id_municipality": 1008, "id_saica": null, "id_saih": "A315", "id_sheet": 112, "lat_wgs84": 42.5426, "lon_wgs84": -2.3741, "municipality": "Arrazua-Ubarrundia", "name": "Mendivil", "owner": null, "province": "Álava", "regime": "unknown", "river": "Zadorra", "scale_type": null, "sheet": "Vitoria (112)", "start": 2011, "station_type": "Cauce Natural", "system": "Bayas-Zadorra-Inglares", "weir": false, "weir_type": null, "x_etrs89": 530372, "y_etrs89": 4750567, "years_daily": 10, "years_instant": 0, "years_monthly": 11, "discharge": 1 }, "geometry": { "type": "Point", "coordinates": [ -2.627935773077405, 42.907112327278256 ] } },
{ "type": "Feature", "properties": { "id": 9317, "active": 1, "administration": "C.H. EBRO", "basin": "EBRO", "catch_skm": 805.0, "catch_skm_basin": 842.0, "comment": null, "elev_masl": 504.0, "elev_max_masl": null, "end": 2021, "id_basin": 9068, "id_municipality": 1059, "id_saica": null, "id_saih": "A317", "id_sheet": 112, "lat_wgs84": 42.5223, "lon_wgs84": -2.4036, "municipality": "Vitoria - Gasteiz", "name": "Vitoria-Abetxuko", "owner": null, "province": "Álava", "regime": "unknown", "river": "Zadorra", "scale_type": null, "sheet": "Vitoria (112)", "start": 2010, "station_type": null, "system": "Bayas-Zadorra-Inglares", "weir": false, "weir_type": null, "x_etrs89": 526419, "y_etrs89": 4746783, "years_daily": 11, "years_instant": 0, "years_monthly": 12, "discharge": 1 }, "geometry": { "type": "Point", "coordinates": [ -2.67653826078924, 42.873184088678229 ] } },
{ "type": "Feature", "properties": { "id": 9319, "active": 1, "administration": "C.H. EBRO", "basin": "EBRO", "catch_skm": 765.0, "catch_skm_basin": 766.0, "comment": null, "elev_masl": 727.0, "elev_max_masl": null, "end": 2021, "id_basin": 9310, "id_municipality": 22199, "id_saica": null, "id_saih": "A319", "id_sheet": 210, "lat_wgs84": 42.2924, "lon_wgs84": -0.2225, "municipality": "Sabiñánigo", "name": "Sabiñanigo", "owner": null, "province": "Huesca", "regime": "unknown", "river": "Gállego", "scale_type": null, "sheet": "Yebra de Basa (210)", "start": 2011, "station_type": null, "system": "Gállego - Cinca - Ésera - Noguera Ribagorzana", "weir": false, "weir_type": null, "x_etrs89": 715847, "y_etrs89": 4707526, "years_daily": 10, "years_instant": 0, "years_monthly": 11, "discharge": 1 }, "geometry": { "type": "Point", "coordinates": [ -0.373542125153537, 42.490003583076032 ] } },
{ "type": "Feature", "properties": { "id": 9320, "active": 1, "administration": "C.H. EBRO", "basin": "EBRO", "catch_skm": 92.0, "catch_skm_basin": 2873.0, "comment": null, "elev_masl": 590.0, "elev_max_masl": null, "end": 2021, "id_basin": 9620, "id_municipality": 22150, "id_saica": null, "id_saih": "A320", "id_sheet": 248, "lat_wgs84": 42.1401, "lon_wgs84": -0.2218, "municipality": "Loporzano", "name": "Montearagon C.E.", "owner": null, "province": "Huesca", "regime": "unknown", "river": "Flumen", "scale_type": null, "sheet": "Apiés (248)", "start": 2011, "station_type": null, "system": "Gállego - Cinca - Ésera - Noguera Ribagorzana", "weir": false, "weir_type": null, "x_etrs89": 716886, "y_etrs89": 4679051, "years_daily": 10, "years_instant": 0, "years_monthly": 11, "discharge": 1 }, "geometry": { "type": "Point", "coordinates": [ -0.371618978052964, 42.233536052699492 ] } },
{ "type": "Feature", "properties": { "id": 9321, "active": 1, "administration": "C.H. EBRO", "basin": "EBRO", "catch_skm": 389.0, "catch_skm_basin": 823.0, "comment": null, "elev_masl": 435.0, "elev_max_masl": null, "end": 2021, "id_basin": 9222, "id_municipality": 31025, "id_saica": null, "id_saih": "A321", "id_sheet": 115, "lat_wgs84": 42.5447, "lon_wgs84": -1.5049, "municipality": null, "name": "Etxarren", "owner": null, "province": "NAVARRA, COMUNIDAD FORAL / 15", "regime": "unknown", "river": "Araquil", "scale_type": null, "sheet": null, "start": 1990, "station_type": null, "system": "Irati-Arga-Ega", "weir": false, "weir_type": null, "x_etrs89": 594128, "y_etrs89": 4751807, "years_daily": 31, "years_instant": 0, "years_monthly": 32, "discharge": 1 }, "geometry": { "type": "Point", "coordinates": [ -1.846803658054703, 42.913074820418316 ] } },
{ "type": "Feature", "properties": { "id": 9322, "active": 1, "administration": "C.H. EBRO", "basin": "EBRO", "catch_skm": 184.0, "catch_skm_basin": 188.0, "comment": null, "elev_masl": 417.0, "elev_max_masl": null, "end": 2021, "id_basin": 9225, "id_municipality": 31904, "id_saica": null, "id_saih": "A322", "id_sheet": 115, "lat_wgs84": 42.551, "lon_wgs84": -1.5013, "municipality": null, "name": "Irurtzun", "owner": null, "province": "NAVARRA, COMUNIDAD FORAL / 15", "regime": "unknown", "river": "Larraun", "scale_type": null, "sheet": null, "start": 1990, "station_type": null, "system": "Irati-Arga-Ega", "weir": false, "weir_type": null, "x_etrs89": 594913, "y_etrs89": 4752540, "years_daily": 31, "years_instant": 0, "years_monthly": 32, "discharge": 1 }, "geometry": { "type": "Point", "coordinates": [ -1.837064158124972, 42.919577012447441 ] } },
{ "type": "Feature", "properties": { "id": 9323, "active": 1, "administration": "C.H. EBRO", "basin": "EBRO", "catch_skm": 503.0, "catch_skm_basin": 2759.0, "comment": null, "elev_masl": 392.0, "elev_max_masl": null, "end": 2019, "id_basin": 9215, "id_municipality": 31201, "id_saica": null, "id_saih": "A323", "id_sheet": 141, "lat_wgs84": 42.4902, "lon_wgs84": -1.3809, "municipality": "PAMPLONA / 31201", "name": "Pamplona", "owner": null, "province": "NAVARRA, PROVINCIA / 31", "regime": "unknown", "river": "Arga", "scale_type": null, "sheet": null, "start": 2009, "station_type": null, "system": "Irati-Arga-Ega", "weir": false, "weir_type": null, "x_etrs89": 611525, "y_etrs89": 4741405, "years_daily": 10, "years_instant": 0, "years_monthly": 14, "discharge": 1 }, "geometry": { "type": "Point", "coordinates": [ -1.635785138574274, 42.817083191147212 ] } },
{ "type": "Feature", "properties": { "id": 9324, "active": 1, "administration": "C.H. EBRO", "basin": "EBRO", "catch_skm": 806.0, "catch_skm_basin": 2759.0, "comment": null, "elev_masl": 809.0, "elev_max_masl": null, "end": 2021, "id_basin": 9217, "id_municipality": 31193, "id_saica": null, "id_saih": "A324", "id_sheet": 141, "lat_wgs84": 42.4852, "lon_wgs84": -1.4335, "municipality": "---", "name": "Arazuri", "owner": null, "province": "NAVARRA, COMUNIDAD FORAL / 15", "regime": "unknown", "river": "Arga", "scale_type": null, "sheet": null, "start": 2001, "station_type": null, "system": "Irati-Arga-Ega", "weir": false, "weir_type": null, "x_etrs89": 604121, "y_etrs89": 4740997, "years_daily": 20, "years_instant": 0, "years_monthly": 31, "discharge": 1 }, "geometry": { "type": "Point", "coordinates": [ -1.726406371919296, 42.814453013599639 ] } },
{ "type": "Feature", "properties": { "id": 9325, "active": 1, "administration": "C.H. EBRO", "basin": "EBRO", "catch_skm": 72.0, "catch_skm_basin": 75.0, "comment": null, "elev_masl": 868.0, "elev_max_masl": null, "end": 2021, "id_basin": 9201, "id_municipality": 31185, "id_saica": null, "id_saih": "A325", "id_sheet": 117, "lat_wgs84": 42.5527, "lon_wgs84": -1.0531, "municipality": null, "name": "Ochagavia", "owner": null, "province": "NAVARRA, COMUNIDAD FORAL / 15", "regime": "unknown", "river": "Zatoya", "scale_type": null, "sheet": null, "start": 1996, "station_type": null, "system": "Irati-Arga-Ega", "weir": false, "weir_type": null, "x_etrs89": 655725, "y_etrs89": 4754149, "years_daily": 25, "years_instant": 0, "years_monthly": 32, "discharge": 1 }, "geometry": { "type": "Point", "coordinates": [ -1.091833802013035, 42.924067468461843 ] } },
{ "type": "Feature", "properties": { "id": 9326, "active": 1, "administration": "C.H. EBRO", "basin": "EBRO", "catch_skm": 44.0, "catch_skm_basin": 117.0, "comment": null, "elev_masl": 378.0, "elev_max_masl": null, "end": 2021, "id_basin": 9194, "id_municipality": 31058, "id_saica": null, "id_saih": "A326", "id_sheet": 116, "lat_wgs84": 42.5804, "lon_wgs84": -1.2115, "municipality": null, "name": "Espinal", "owner": null, "province": "NAVARRA, COMUNIDAD FORAL / 15", "regime": "unknown", "river": "Urrobi", "scale_type": null, "sheet": null, "start": 1991, "station_type": null, "system": "Irati-Arga-Ega", "weir": false, "weir_type": null, "x_etrs89": 634229, "y_etrs89": 4758549, "years_daily": 30, "years_instant": 0, "years_monthly": 32, "discharge": 1 }, "geometry": { "type": "Point", "coordinates": [ -1.354063887690317, 42.967760940518218 ] } },
{ "type": "Feature", "properties": { "id": 9327, "active": 1, "administration": "C.H. EBRO", "basin": "EBRO", "catch_skm": 257.0, "catch_skm_basin": 456.0, "comment": null, "elev_masl": 520.0, "elev_max_masl": null, "end": 2021, "id_basin": 9209, "id_municipality": 31191, "id_saica": null, "id_saih": "A327", "id_sheet": 206, "lat_wgs84": 42.286, "lon_wgs84": -1.3827, "municipality": "---", "name": "Olite", "owner": null, "province": "NAVARRA, COMUNIDAD FORAL / 15", "regime": "unknown", "river": "Zidacos", "scale_type": null, "sheet": null, "start": 2000, "station_type": null, "system": "Irati-Arga-Ega", "weir": false, "weir_type": null, "x_etrs89": 611716, "y_etrs89": 4704335, "years_daily": 21, "years_instant": 0, "years_monthly": 32, "discharge": 1 }, "geometry": { "type": "Point", "coordinates": [ -1.640737234101283, 42.483310783801578 ] } },
{ "type": "Feature", "properties": { "id": 9328, "active": 1, "administration": "C.H. EBRO", "basin": "EBRO", "catch_skm": 415.0, "catch_skm_basin": 1461.0, "comment": null, "elev_masl": 461.0, "elev_max_masl": null, "end": 2021, "id_basin": 9148, "id_municipality": 31265, "id_saica": null, "id_saih": "A328", "id_sheet": 139, "lat_wgs84": 42.4055, "lon_wgs84": -2.1704, "municipality": "---", "name": "Arquijas", "owner": null, "province": "NAVARRA, COMUNIDAD FORAL / 15", "regime": "unknown", "river": "Ega I", "scale_type": null, "sheet": null, "start": 1998, "station_type": null, "system": "Irati-Arga-Ega", "weir": false, "weir_type": null, "x_etrs89": 558615, "y_etrs89": 4725742, "years_daily": 23, "years_instant": 0, "years_monthly": 24, "discharge": 1 }, "geometry": { "type": "Point", "coordinates": [ -2.284552135390793, 42.681923247424606 ] } },
{ "type": "Feature", "properties": { "id": 9329, "active": 1, "administration": "C.H. EBRO", "basin": "EBRO", "catch_skm": 553.0, "catch_skm_basin": 1461.0, "comment": null, "elev_masl": 511.0, "elev_max_masl": null, "end": 2018, "id_basin": 9148, "id_municipality": 31177, "id_saica": null, "id_saih": "A329", "id_sheet": 172, "lat_wgs84": 42.3921, "lon_wgs84": -2.074, "municipality": "---", "name": "Murieta", "owner": null, "province": "NAVARRA, COMUNIDAD FORAL / 15", "regime": "unknown", "river": "Ega I", "scale_type": null, "sheet": null, "start": 1990, "station_type": null, "system": "Irati-Arga-Ega", "weir": false, "weir_type": null, "x_etrs89": 571488, "y_etrs89": 4722969, "years_daily": 28, "years_instant": 0, "years_monthly": 32, "discharge": 1 }, "geometry": { "type": "Point", "coordinates": [ -2.12779114441297, 42.655864506561869 ] } },
{ "type": "Feature", "properties": { "id": 9330, "active": 1, "administration": "C.H. EBRO", "basin": "EBRO", "catch_skm": 18.0, "catch_skm_basin": 315.0, "comment": null, "elev_masl": 511.0, "elev_max_masl": null, "end": 2021, "id_basin": 9149, "id_municipality": 31013, "id_saica": null, "id_saih": "A330", "id_sheet": 140, "lat_wgs84": 42.4556, "lon_wgs84": -2.0731, "municipality": "---", "name": "Barindano", "owner": null, "province": "NAVARRA, COMUNIDAD FORAL / 15", "regime": "unknown", "river": "Urederra", "scale_type": null, "sheet": null, "start": 1993, "station_type": null, "system": "Irati-Arga-Ega", "weir": false, "weir_type": null, "x_etrs89": 571566, "y_etrs89": 4735149, "years_daily": 28, "years_instant": 0, "years_monthly": 32, "discharge": 1 }, "geometry": { "type": "Point", "coordinates": [ -2.12530081703273, 42.765532040007862 ] } }
]
}
