{
"type": "FeatureCollection",
"name": "embalses",
"crs": { "type": "name", "properties": { "name": "urn:ogc:def:crs:OGC:1.3:CRS84" } },
"features": [
{ "type": "Feature", "properties": { "ref_ceh": "1077", "nombre": "LAREO", "serv": 1, "comentario": "LOS DATOS DE 2008-09 A 2012-13 ESTAN PENDIENTES DE REVISION", "muni_id": 20015, "hoja_id": 114, "xutm": 572496, "yutm": 4758734, "xutm30": 572496, "yutm30": 4758734, "long": -2.0639, "lat": 42.5837, "longwgs84": -2.0644, "latwgs84": 42.5833, "mna": 743.0, "mnne": 742.5, "num_cuenca": 1962, "nae": 13, "naem": 13, "xetrs89": 572390, "yetrs89": 4758525, "cod_saih": null, "cuenca": "CANTABRICO" }, "geometry": { "type": "Point", "coordinates": [ -2.11221908118821, 42.975937219432382 ] } },
{ "type": "Feature", "properties": { "ref_ceh": "1078", "nombre": "IBIUR", "serv": 1, "comentario": null, "muni_id": 20904, "hoja_id": 89, "xutm": 571270, "yutm": 4770494, "xutm30": 571270, "yutm30": 4770494, "long": -2.0728, "lat": 43.0459, "longwgs84": -2.0733, "latwgs84": 43.0455, "mna": null, "mnne": 168.4, "num_cuenca": 1936, "nae": 12, "naem": 13, "xetrs89": 571164, "yetrs89": 4770285, "cod_saih": null, "cuenca": "CANTABRICO" }, "geometry": { "type": "Point", "coordinates": [ -2.125751265901239, 43.081939839143097 ] } },
{ "type": "Feature", "properties": { "ref_ceh": "1079", "nombre": "ARRIARAN", "serv": 1, "comentario": "LOS DATOS DE 2008-09, 2011-12, 2013-14 Y 2015-16 ESTAN PENDIENTES DE REVISION", "muni_id": 20019, "hoja_id": 88, "xutm": 562039, "yutm": 4769015, "xutm30": 562039, "yutm30": 4769015, "long": -2.1417, "lat": 43.0414, "longwgs84": -2.1421, "latwgs84": 43.041, "mna": null, "mnne": null, "num_cuenca": 1961, "nae": 13, "naem": 13, "xetrs89": 561933, "yetrs89": 4768806, "cod_saih": null, "cuenca": "CANTABRICO" }, "geometry": { "type": "Point", "coordinates": [ -2.239308201782563, 43.069432805543158 ] } },
{ "type": "Feature", "properties": { "ref_ceh": "1108", "nombre": "AÑARBE", "serv": 1, "comentario": null, "muni_id": 20067, "hoja_id": 64, "xutm": 591453, "yutm": 4785213, "xutm30": 591453, "yutm30": 4785214, "long": -1.5227, "lat": 43.1248, "longwgs84": -1.5232, "latwgs84": 43.1244, "mna": null, "mnne": 160.0, "num_cuenca": 1017, "nae": 12, "naem": 13, "xetrs89": 591347, "yetrs89": 4785004, "cod_saih": "E072", "cuenca": "CANTABRICO" }, "geometry": { "type": "Point", "coordinates": [ -1.875417935599827, 43.212294221315432 ] } },
{ "type": "Feature", "properties": { "ref_ceh": "1131", "nombre": "ZOLLO", "serv": 0, "comentario": "INT 1983", "muni_id": 48009, "hoja_id": 61, "xutm": 503592, "yutm": 4782337, "xutm30": 503592, "yutm30": 4782337, "long": -2.5721, "lat": 43.1135, "longwgs84": -2.5726, "latwgs84": 43.1131, "mna": 0.0, "mnne": 210.0, "num_cuenca": 1993, "nae": 25, "naem": 40, "xetrs89": 503486, "yetrs89": 4782129, "cod_saih": null, "cuenca": "CANTABRICO" }, "geometry": { "type": "Point", "coordinates": [ -2.957097603318198, 43.191925064652374 ] } },
{ "type": "Feature", "properties": { "ref_ceh": "1177", "nombre": "ORDUNTE", "serv": 1, "comentario": "LOS DATOS DE 2008-09, 2012-13, 2014-15 Y 2016-17 ESTAN PENDIENTES DE REVISION", "muni_id": 9410, "hoja_id": 85, "xutm": 477011, "yutm": 4778868, "xutm30": 477011, "yutm30": 4778868, "long": -3.1658, "lat": 43.0941, "longwgs84": -3.1703, "latwgs84": 43.0937, "mna": 0.0, "mnne": 308.0, "num_cuenca": 1992, "nae": 58, "naem": 72, "xetrs89": 476905, "yetrs89": 4778660, "cod_saih": "E062", "cuenca": "CANTABRICO" }, "geometry": { "type": "Point", "coordinates": [ -3.28408493953494, 43.160342740583232 ] } },
{ "type": "Feature", "properties": { "ref_ceh": "1231", "nombre": "ALSA - MEDIAJO", "serv": 1, "comentario": "LOS DATOS DE 2008-09 A 2010-11 Y 2013-14 ESTAN PENDIENTES DE REVISION", "muni_id": 39070, "hoja_id": 83, "xutm": 418780, "yutm": 4772050, "xutm30": 418780, "yutm30": 4772050, "long": -4.0325, "lat": 43.074, "longwgs84": -3.5958, "latwgs84": 43.0542, "mna": 0.0, "mnne": 842.0, "num_cuenca": 1100, "nae": 63, "naem": 77, "xetrs89": 418673, "yetrs89": 4771844, "cod_saih": "E056", "cuenca": "CANTABRICO" }, "geometry": { "type": "Point", "coordinates": [ -3.999311799434315, 43.094954560508768 ] } },
{ "type": "Feature", "properties": { "ref_ceh": "1253", "nombre": "COHILLA, LA", "serv": 1, "comentario": null, "muni_id": 39089, "hoja_id": 82, "xutm": 387140, "yutm": 4776691, "xutm30": 387140, "yutm30": 4776691, "long": -4.2315, "lat": 43.0802, "longwgs84": -4.232, "latwgs84": 43.0758, "mna": 0.0, "mnne": 777.9, "num_cuenca": 1114, "nae": 51, "naem": 51, "xetrs89": 387033, "yetrs89": 4776485, "cod_saih": "E052", "cuenca": "CANTABRICO" }, "geometry": { "type": "Point", "coordinates": [ -4.388939314933472, 43.132679165904761 ] } },
{ "type": "Feature", "properties": { "ref_ceh": "1266", "nombre": "URDON", "serv": 1, "comentario": null, "muni_id": 39049, "hoja_id": 56, "xutm": 367678, "yutm": 4791963, "xutm30": 367678, "yutm30": 4791963, "long": -4.375, "lat": 43.1605, "longwgs84": -4.3754, "latwgs84": 43.1601, "mna": null, "mnne": null, "num_cuenca": 1127, "nae": 59, "naem": 59, "xetrs89": 367571, "yetrs89": 4791758, "cod_saih": "E703", "cuenca": "CANTABRICO" }, "geometry": { "type": "Point", "coordinates": [ -4.631798910038831, 43.266999123508292 ] } },
{ "type": "Feature", "properties": { "ref_ceh": "1273", "nombre": "CAMARMEÑA", "serv": 1, "comentario": "LOS DATOS DE 2011-12 ESTAN PENDIENTES DE REVISION", "muni_id": 24116, "hoja_id": 55, "xutm": 345738, "yutm": 4786951, "xutm30": 345738, "yutm30": 4786951, "long": -4.5357, "lat": 43.1308, "longwgs84": -4.5402, "latwgs84": 43.1304, "mna": 0.0, "mnne": 0.0, "num_cuenca": 1129, "nae": 59, "naem": 59, "xetrs89": 345630, "yetrs89": 4786746, "cod_saih": "E051", "cuenca": "CANTABRICO" }, "geometry": { "type": "Point", "coordinates": [ -4.900618494929339, 43.217717225700234 ] } },
{ "type": "Feature", "properties": { "ref_ceh": "1274", "nombre": "ARENAS DE CABRALES", "serv": 1, "comentario": "LOS DATOS DE 2011-12 ESTAN PENDIENTES DE REVISION", "muni_id": 33008, "hoja_id": 56, "xutm": 353367, "yutm": 4796045, "xutm30": 353367, "yutm30": 4796045, "long": -4.4828, "lat": 43.1811, "longwgs84": -4.4833, "latwgs84": 43.1804, "mna": 0.0, "mnne": 0.0, "num_cuenca": 1131, "nae": 59, "naem": 59, "xetrs89": 353259, "yetrs89": 4795840, "cod_saih": "E064", "cuenca": "CANTABRICO" }, "geometry": { "type": "Point", "coordinates": [ -4.80915903788186, 43.301086636287884 ] } },
{ "type": "Feature", "properties": { "ref_ceh": "1333", "nombre": "TANES", "serv": 1, "comentario": "LOS DATOS DE 2008-09 Y 2011-12 ESTAN PENDIENTES DE REVISION", "muni_id": 33067, "hoja_id": 54, "xutm": 302735, "yutm": 4788422, "xutm30": 302735, "yutm30": 4788422, "long": -5.2544, "lat": 43.1319, "longwgs84": -5.2549, "latwgs84": 43.1315, "mna": 493.0, "mnne": 492.5, "num_cuenca": 1148, "nae": 34, "naem": 34, "xetrs89": 302626, "yetrs89": 4788217, "cod_saih": "E040", "cuenca": "CANTABRICO" }, "geometry": { "type": "Point", "coordinates": [ -5.430197757230396, 43.220933969333508 ] } },
{ "type": "Feature", "properties": { "ref_ceh": "1334", "nombre": "RIOSECO", "serv": 1, "comentario": "LOS DATOS DE 2012-13 ESTÁN PENDIENTES DE REVISIÓN", "muni_id": 33067, "hoja_id": 54, "xutm": 299246, "yutm": 4789306, "xutm30": 299246, "yutm30": 4789306, "long": -5.2819, "lat": 43.1345, "longwgs84": -5.2824, "latwgs84": 43.1341, "mna": 381.0, "mnne": 380.5, "num_cuenca": 1150, "nae": 34, "naem": 34, "xetrs89": 299137, "yetrs89": 4789101, "cod_saih": "E041", "cuenca": "CANTABRICO" }, "geometry": { "type": "Point", "coordinates": [ -5.473439404525101, 43.227966391666932 ] } },
{ "type": "Feature", "properties": { "ref_ceh": "1340", "nombre": "PRIAÑES", "serv": 1, "comentario": "LOS DATOS DE 2009-10 Y 2011-12 ESTAN PENDIENTES DE REVISION", "muni_id": 33054, "hoja_id": 28, "xutm": 259106, "yutm": 4807832, "xutm30": 259106, "yutm30": 4807832, "long": -5.5826, "lat": 43.2302, "longwgs84": -5.5831, "latwgs84": 43.2258, "mna": 0.0, "mnne": 77.5, "num_cuenca": 1173, "nae": 36, "naem": 36, "xetrs89": 258997, "yetrs89": 4807627, "cod_saih": "E045", "cuenca": "CANTABRICO" }, "geometry": { "type": "Point", "coordinates": [ -5.97524934142792, 43.382813306489126 ] } },
{ "type": "Feature", "properties": { "ref_ceh": "1346", "nombre": "PROAZA (VALDEMURRIO)", "serv": 1, "comentario": "LOS DATOS DE 2012-13 ESTÁN PENDIENTES DE REVISIÓN", "muni_id": 33052, "hoja_id": 52, "xutm": 742236, "yutm": 4792975, "xutm30": 255136, "yutm30": 4793069, "long": -6.0058, "lat": 43.146, "longwgs84": -6.0103, "latwgs84": 43.1456, "mna": null, "mnne": null, "num_cuenca": 1169, "nae": 24, "naem": 24, "xetrs89": 255029, "yetrs89": 4792863, "cod_saih": null, "cuenca": "CANTABRICO" }, "geometry": { "type": "Point", "coordinates": [ -6.017586653933813, 43.248770308517571 ] } },
{ "type": "Feature", "properties": { "ref_ceh": "1350", "nombre": "SOMIEDO", "serv": 0, "comentario": "INT 1963", "muni_id": 33068, "hoja_id": 76, "xutm": 723629, "yutm": 4777602, "xutm30": 235473, "yutm30": 4779067, "long": -6.1505, "lat": 43.0703, "longwgs84": -6.151, "latwgs84": 43.0658, "mna": 617.7, "mnne": 615.7, "num_cuenca": 1191, "nae": 6, "naem": 19, "xetrs89": 235363, "yetrs89": 4778862, "cod_saih": null, "cuenca": "CANTABRICO" }, "geometry": { "type": "Point", "coordinates": [ -6.252769149942227, 43.116255244921561 ] } },
{ "type": "Feature", "properties": { "ref_ceh": "1356", "nombre": "BARCA, LA", "serv": 1, "comentario": "RESERVA MODIFICADA DE 1970 A MAYO 2016 (REFERENCIA RESPECTO VOLUMEN TOTAL). DATOS 2009-10 PROVISIONALES", "muni_id": 33005, "hoja_id": 51, "xutm": 718743, "yutm": 4800146, "xutm30": 232215, "yutm30": 4801909, "long": -6.1809, "lat": 43.1918, "longwgs84": -6.1814, "latwgs84": 43.1914, "mna": 0.0, "mnne": 212.0, "num_cuenca": 1189, "nae": 51, "naem": 51, "xetrs89": 232105, "yetrs89": 4801704, "cod_saih": "E046", "cuenca": "CANTABRICO" }, "geometry": { "type": "Point", "coordinates": [ -6.303830465833843, 43.320455563935049 ] } },
{ "type": "Feature", "properties": { "ref_ceh": "1357", "nombre": "RIERA, LA", "serv": 1, "comentario": null, "muni_id": 33068, "hoja_id": 76, "xutm": 722901, "yutm": 4781682, "xutm30": 235039, "yutm30": 4783190, "long": -6.1531, "lat": 43.0915, "longwgs84": -6.1536, "latwgs84": 43.0911, "mna": null, "mnne": null, "num_cuenca": 1191, "nae": 24, "naem": 24, "xetrs89": 234932, "yetrs89": 4782984, "cod_saih": null, "cuenca": "CANTABRICO" }, "geometry": { "type": "Point", "coordinates": [ -6.260028378266624, 43.153162568973514 ] } },
{ "type": "Feature", "properties": { "ref_ceh": "1360", "nombre": "MIRANDA", "serv": 1, "comentario": null, "muni_id": 33005, "hoja_id": 51, "xutm": 726827, "yutm": 4801572, "xutm30": 240382, "yutm30": 4802751, "long": -6.1208, "lat": 43.1955, "longwgs84": -6.1213, "latwgs84": 43.1951, "mna": null, "mnne": null, "num_cuenca": 1192, "nae": 20, "naem": 20, "xetrs89": 240275, "yetrs89": 4802545, "cod_saih": null, "cuenca": "CANTABRICO" }, "geometry": { "type": "Point", "coordinates": [ -6.203628219423375, 43.330881201144095 ] } },
{ "type": "Feature", "properties": { "ref_ceh": "1406", "nombre": "SALIME", "serv": 1, "comentario": "LOS DATOS DE 2011-12 ESTÁN PENDIENTES DE REVISIÓN", "muni_id": 33001, "hoja_id": 50, "xutm": 674898, "yutm": 4789518, "xutm30": 187695, "yutm30": 4794451, "long": -6.5046, "lat": 43.1415, "longwgs84": -6.5051, "latwgs84": 43.1411, "mna": 224.5, "mnne": 224.5, "num_cuenca": 1222, "nae": 63, "naem": 67, "xetrs89": 187585, "yetrs89": 4794246, "cod_saih": "E037", "cuenca": "CANTABRICO" }, "geometry": { "type": "Point", "coordinates": [ -6.847515505717976, 43.236289749102639 ] } },
{ "type": "Feature", "properties": { "ref_ceh": "1408", "nombre": "DOIRAS", "serv": 1, "comentario": "LOS DATOS DE 2012-13 ESTÁN PENDIENTES DE REVISIÓN", "muni_id": 33007, "hoja_id": 26, "xutm": 676309, "yutm": 4806171, "xutm30": 190301, "yutm30": 4810974, "long": -6.4924, "lat": 43.2313, "longwgs84": -6.4929, "latwgs84": 43.2309, "mna": 109.2, "mnne": 109.2, "num_cuenca": 1232, "nae": 63, "naem": 77, "xetrs89": 190190, "yetrs89": 4810769, "cod_saih": "E038", "cuenca": "CANTABRICO" }, "geometry": { "type": "Point", "coordinates": [ -6.8248157669643, 43.385815273462214 ] } },
{ "type": "Feature", "properties": { "ref_ceh": "1409", "nombre": "ARBON", "serv": 1, "comentario": "LOS DATOS DE 2008-09 ESTAN PENDIENTES DE REVISION", "muni_id": 33077, "hoja_id": 26, "xutm": 683699, "yutm": 4816511, "xutm30": 198422, "yutm30": 4820762, "long": -6.4343, "lat": 43.2841, "longwgs84": -6.4349, "latwgs84": 43.2837, "mna": 33.2, "mnne": 33.2, "num_cuenca": 1234, "nae": 52, "naem": 52, "xetrs89": 198311, "yetrs89": 4820557, "cod_saih": "E039", "cuenca": "CANTABRICO" }, "geometry": { "type": "Point", "coordinates": [ -6.730172827903291, 43.477070636053604 ] } },
{ "type": "Feature", "properties": { "ref_ceh": "2001", "nombre": "CUERDA DEL POZO", "serv": 1, "comentario": null, "muni_id": 42215, "hoja_id": 317, "xutm": 524593, "yutm": 4636236, "xutm30": 524593, "yutm30": 4636236, "long": -2.4213, "lat": 41.524, "longwgs84": -2.4217, "latwgs84": 41.5233, "mna": 0.0, "mnne": 1084.6, "num_cuenca": 2009, "nae": 63, "naem": 75, "xetrs89": 524485, "yetrs89": 4636028, "cod_saih": null, "cuenca": "DUERO" }, "geometry": { "type": "Point", "coordinates": [ -2.704923630551554, 41.87579389706432 ] } },
{ "type": "Feature", "properties": { "ref_ceh": "2002", "nombre": "VILLALCAMPO", "serv": 1, "comentario": "LAS RESERVAS ANTERIORES A 1995/96 SE REFIEREN AL VOLUMEN UTIL", "muni_id": 49247, "hoja_id": 396, "xutm": 743489, "yutm": 4597641, "xutm30": 242605, "yutm30": 4598124, "long": -6.046, "lat": 41.2934, "longwgs84": -6.0505, "latwgs84": 41.2929, "mna": 0.0, "mnne": 601.0, "num_cuenca": 2323, "nae": 63, "naem": 72, "xetrs89": 242495, "yetrs89": 4597917, "cod_saih": null, "cuenca": "DUERO" }, "geometry": { "type": "Point", "coordinates": [ -6.084680609839403, 41.491515463795601 ] } },
{ "type": "Feature", "properties": { "ref_ceh": "2003", "nombre": "CASTRO", "serv": 1, "comentario": "LAS RESERVAS ANTERIORES A 1995/96 SE REFIEREN AL VOLUMEN UTIL", "muni_id": 49240, "hoja_id": 368, "xutm": 734588, "yutm": 4606683, "xutm30": 234352, "yutm30": 4607763, "long": -6.111, "lat": 41.3436, "longwgs84": -6.1115, "latwgs84": 41.3432, "mna": 0.0, "mnne": 564.0, "num_cuenca": 2323, "nae": 63, "naem": 69, "xetrs89": 234242, "yetrs89": 4607556, "cod_saih": null, "cuenca": "DUERO" }, "geometry": { "type": "Point", "coordinates": [ -6.187657152887008, 41.575510851521059 ] } },
{ "type": "Feature", "properties": { "ref_ceh": "2004", "nombre": "SAUCELLE", "serv": 1, "comentario": "LAS RESERVAS ANTERIORES A 1995/96 SE REFIEREN AL VOLUMEN UTIL", "muni_id": 37302, "hoja_id": 449, "xutm": 684607, "yutm": 4546572, "xutm30": 180337, "yutm30": 4551221, "long": -6.4812, "lat": 41.0258, "longwgs84": -6.4816, "latwgs84": 41.0251, "mna": 0.0, "mnne": 190.0, "num_cuenca": 2343, "nae": 63, "naem": 65, "xetrs89": 180227, "yetrs89": 4551013, "cod_saih": null, "cuenca": "DUERO" }, "geometry": { "type": "Point", "coordinates": [ -6.804572490535913, 41.047549807336431 ] } },
{ "type": "Feature", "properties": { "ref_ceh": "2005", "nombre": "ALDEADAVILA", "serv": 1, "comentario": "LAS RESERVAS ANTERIORES A 1995/96 SE REFIEREN AL VOLUMEN UTIL", "muni_id": 37014, "hoja_id": 422, "xutm": 694098, "yutm": 4565078, "xutm30": 191059, "yutm30": 4569043, "long": -6.4105, "lat": 41.1247, "longwgs84": -6.411, "latwgs84": 41.1243, "mna": 0.0, "mnne": 327.8, "num_cuenca": 2343, "nae": 59, "naem": 58, "xetrs89": 190949, "yetrs89": 4568836, "cod_saih": null, "cuenca": "DUERO" }, "geometry": { "type": "Point", "coordinates": [ -6.68622993754915, 41.211906331878268 ] } },
{ "type": "Feature", "properties": { "ref_ceh": "2010", "nombre": "UZQUIZA", "serv": 1, "comentario": null, "muni_id": 9463, "hoja_id": 239, "xutm": 469730, "yutm": 4683952, "xutm30": 469730, "yutm30": 4683952, "long": -3.2202, "lat": 42.1823, "longwgs84": -3.2207, "latwgs84": 42.1819, "mna": 1102.0, "mnne": 1100.0, "num_cuenca": 2170, "nae": 33, "naem": 33, "xetrs89": 469623, "yetrs89": 4683744, "cod_saih": null, "cuenca": "DUERO" }, "geometry": { "type": "Point", "coordinates": [ -3.368560860712426, 42.305336020747127 ] } },
{ "type": "Feature", "properties": { "ref_ceh": "2011", "nombre": "ARLANZON", "serv": 1, "comentario": null, "muni_id": 9463, "hoja_id": 239, "xutm": 472108, "yutm": 4679345, "xutm30": 472108, "yutm30": 4679345, "long": -3.2017, "lat": 42.1554, "longwgs84": -3.2022, "latwgs84": 42.155, "mna": 0.0, "mnne": 1143.0, "num_cuenca": 2170, "nae": 63, "naem": 77, "xetrs89": 472001, "yetrs89": 4679137, "cod_saih": null, "cuenca": "DUERO" }, "geometry": { "type": "Point", "coordinates": [ -3.339486524968165, 42.263934196117269 ] } },
{ "type": "Feature", "properties": { "ref_ceh": "2012", "nombre": "CERVERA DE RUESGA", "serv": 1, "comentario": "LOS DATOS DE 2007-08 SON PROVISIONALES SUJETOS A REVISION", "muni_id": 34056, "hoja_id": 106, "xutm": 375312, "yutm": 4747228, "xutm30": 375312, "yutm30": 4747228, "long": -4.3135, "lat": 42.52, "longwgs84": -4.314, "latwgs84": 42.5156, "mna": 0.0, "mnne": 1041.6, "num_cuenca": 2129, "nae": 63, "naem": 77, "xetrs89": 375204, "yetrs89": 4747022, "cod_saih": null, "cuenca": "DUERO" }, "geometry": { "type": "Point", "coordinates": [ -4.527742934845045, 42.86559941828753 ] } },
{ "type": "Feature", "properties": { "ref_ceh": "2013", "nombre": "REQUEJADA, LA", "serv": 1, "comentario": null, "muni_id": 34056, "hoja_id": 106, "xutm": 375196, "yutm": 4751786, "xutm30": 375196, "yutm30": 4751786, "long": -4.3144, "lat": 42.5431, "longwgs84": -4.3148, "latwgs84": 42.5424, "mna": 0.0, "mnne": 1082.5, "num_cuenca": 2126, "nae": 63, "naem": 63, "xetrs89": 375088, "yetrs89": 4751580, "cod_saih": null, "cuenca": "DUERO" }, "geometry": { "type": "Point", "coordinates": [ -4.530176534496953, 42.906611830589817 ] } },
{ "type": "Feature", "properties": { "ref_ceh": "2014", "nombre": "CAMPORREDONDO", "serv": 1, "comentario": "LOS DATOS DE 2004-05 SON PROVISIONALES SUJETOS A REVISION", "muni_id": 34199, "hoja_id": 106, "xutm": 358239, "yutm": 4751323, "xutm30": 358239, "yutm30": 4751323, "long": -4.4411, "lat": 42.5405, "longwgs84": -4.4415, "latwgs84": 42.5358, "mna": 0.0, "mnne": 1290.7, "num_cuenca": 2195, "nae": 63, "naem": 77, "xetrs89": 358131, "yetrs89": 4751117, "cod_saih": null, "cuenca": "DUERO" }, "geometry": { "type": "Point", "coordinates": [ -4.737695558314505, 42.899480002450311 ] } },
{ "type": "Feature", "properties": { "ref_ceh": "2015", "nombre": "COMPUERTO", "serv": 1, "comentario": "LOS DATOS DE 2004-05 SON PROVISIONALES SUJETOS A REVISION", "muni_id": 34199, "hoja_id": 106, "xutm": 350836, "yutm": 4747192, "xutm30": 350836, "yutm30": 4747192, "long": -4.4933, "lat": 42.5143, "longwgs84": -4.4938, "latwgs84": 42.5139, "mna": 0.0, "mnne": 1221.5, "num_cuenca": 2195, "nae": 61, "naem": 61, "xetrs89": 350728, "yetrs89": 4746986, "cod_saih": null, "cuenca": "DUERO" }, "geometry": { "type": "Point", "coordinates": [ -4.827230077343671, 42.860886183713447 ] } },
{ "type": "Feature", "properties": { "ref_ceh": "2016", "nombre": "AGUILAR DE CAMPOO", "serv": 1, "comentario": "LOS DATOS DE 2003-04 A 2006-07 SON PROVISIONALES SUJETOS A REVISION", "muni_id": 34004, "hoja_id": 133, "xutm": 394802, "yutm": 4738985, "xutm30": 394802, "yutm30": 4738985, "long": -4.1711, "lat": 42.4744, "longwgs84": -4.1716, "latwgs84": 42.474, "mna": 942.0, "mnne": 942.0, "num_cuenca": 2130, "nae": 59, "naem": 59, "xetrs89": 394694, "yetrs89": 4738779, "cod_saih": null, "cuenca": "DUERO" }, "geometry": { "type": "Point", "coordinates": [ -4.287670554244168, 42.794321976645932 ] } },
{ "type": "Feature", "properties": { "ref_ceh": "2026", "nombre": "BARRIOS DE LUNA", "serv": 1, "comentario": null, "muni_id": 24012, "hoja_id": 102, "xutm": 266127, "yutm": 4748317, "xutm30": 266127, "yutm30": 4748317, "long": -5.5144, "lat": 42.5103, "longwgs84": -5.5149, "latwgs84": 42.5059, "mna": 0.0, "mnne": 1108.5, "num_cuenca": 2285, "nae": 63, "naem": 70, "xetrs89": 266018, "yetrs89": 4748112, "cod_saih": null, "cuenca": "DUERO" }, "geometry": { "type": "Point", "coordinates": [ -5.863593152179581, 42.849783936052148 ] } },
{ "type": "Feature", "properties": { "ref_ceh": "2027", "nombre": "VILLAMECA", "serv": 1, "comentario": null, "muni_id": 24123, "hoja_id": 160, "xutm": 740086, "yutm": 4726166, "xutm30": 248226, "yutm30": 4726581, "long": -6.0417, "lat": 42.3859, "longwgs84": -6.0422, "latwgs84": 42.3855, "mna": 0.0, "mnne": 1008.9, "num_cuenca": 2292, "nae": 63, "naem": 69, "xetrs89": 248116, "yetrs89": 4726375, "cod_saih": null, "cuenca": "DUERO" }, "geometry": { "type": "Point", "coordinates": [ -6.072710124372427, 42.648628340592609 ] } },
{ "type": "Feature", "properties": { "ref_ceh": "2028", "nombre": "MONCABRIL (SISTEMA)", "serv": 1, "comentario": "LOS DATOS DE 2004-05 A 2010-11 Y 2013-14 A 2014-15 ESTAN PENDIENTES DE REVISION", "muni_id": 49162, "hoja_id": 267, "xutm": 686170, "yutm": 4666015, "xutm30": 190204, "yutm30": 4670361, "long": -6.4452, "lat": 42.0727, "longwgs84": -6.4456, "latwgs84": 42.072, "mna": 0.0, "mnne": 1644.0, "num_cuenca": 2311, "nae": 63, "naem": 65, "xetrs89": 190093, "yetrs89": 4670154, "cod_saih": null, "cuenca": "DUERO" }, "geometry": { "type": "Point", "coordinates": [ -6.748953831436045, 42.122240466946444 ] } },
{ "type": "Feature", "properties": { "ref_ceh": "2029", "nombre": "RICOBAYO", "serv": 1, "comentario": "LAS RESERVAS ANTERIORES A 1995/96 SE REFIEREN AL VOLUMEN UTIL", "muni_id": 49135, "hoja_id": 368, "xutm": 251040, "yutm": 4601807, "xutm30": 251040, "yutm30": 4601807, "long": -5.5902, "lat": 41.3143, "longwgs84": -5.5907, "latwgs84": 41.3138, "mna": 0.0, "mnne": 684.0, "num_cuenca": 2322, "nae": 63, "naem": 77, "xetrs89": 250930, "yetrs89": 4601600, "cod_saih": null, "cuenca": "DUERO" }, "geometry": { "type": "Point", "coordinates": [ -5.985293655699644, 41.527309256744843 ] } },
{ "type": "Feature", "properties": { "ref_ceh": "2030", "nombre": "PORMA / JUAN BENET", "serv": 1, "comentario": null, "muni_id": 24021, "hoja_id": 104, "xutm": 312959, "yutm": 4755705, "xutm30": 312959, "yutm30": 4755705, "long": -5.1731, "lat": 42.5549, "longwgs84": -5.1736, "latwgs84": 42.5545, "mna": 0.0, "mnne": 1095.6, "num_cuenca": 2265, "nae": 52, "naem": 52, "xetrs89": 312850, "yetrs89": 4755500, "cod_saih": null, "cuenca": "DUERO" }, "geometry": { "type": "Point", "coordinates": [ -5.293405487153857, 42.929160193409651 ] } },
{ "type": "Feature", "properties": { "ref_ceh": "2031", "nombre": "CERNADILLA", "serv": 1, "comentario": "LAS RESERVAS ANTERIORES A 1995/96 SE REFIEREN AL VOLUMEN UTIL. LOS DATOS DE 2007-08 SON PROVISIONALES SUJETOS A REVISION", "muni_id": 49048, "hoja_id": 268, "xutm": 710515, "yutm": 4655299, "xutm30": 213723, "yutm30": 4657957, "long": -6.2727, "lat": 42.0115, "longwgs84": -6.2732, "latwgs84": 42.0111, "mna": 0.0, "mnne": 889.0, "num_cuenca": 2313, "nae": 47, "naem": 47, "xetrs89": 213612, "yetrs89": 4657750, "cod_saih": null, "cuenca": "DUERO" }, "geometry": { "type": "Point", "coordinates": [ -6.458900215874563, 42.019666398546455 ] } },
{ "type": "Feature", "properties": { "ref_ceh": "2032", "nombre": "RIAÑO", "serv": 1, "comentario": null, "muni_id": 24130, "hoja_id": 105, "xutm": 330004, "yutm": 4755776, "xutm30": 330004, "yutm30": 4755776, "long": -5.05, "lat": 42.5606, "longwgs84": -5.0505, "latwgs84": 42.5601, "mna": 1101.7, "mnne": 1100.0, "num_cuenca": 2262, "nae": 33, "naem": 33, "xetrs89": 329896, "yetrs89": 4755570, "cod_saih": null, "cuenca": "DUERO" }, "geometry": { "type": "Point", "coordinates": [ -5.084680616601138, 42.933783732732635 ] } },
{ "type": "Feature", "properties": { "ref_ceh": "2033", "nombre": "VALPARAISO", "serv": 1, "comentario": "LAS RESERVAS ANTERIORES A 1995/96 SE REFIEREN AL VOLUMEN UTIL", "muni_id": 49121, "hoja_id": 306, "xutm": 726144, "yutm": 4652833, "xutm30": 229175, "yutm30": 4654400, "long": -6.1611, "lat": 41.5942, "longwgs84": -6.1615, "latwgs84": 41.5935, "mna": 835.0, "mnne": 833.0, "num_cuenca": 2313, "nae": 32, "naem": 32, "xetrs89": 229065, "yetrs89": 4654193, "cod_saih": null, "cuenca": "DUERO" }, "geometry": { "type": "Point", "coordinates": [ -6.270925922947834, 41.993152013060019 ] } },
{ "type": "Feature", "properties": { "ref_ceh": "2034", "nombre": "NUESTRA SEÑORA DEL AGAVANZAL", "serv": 1, "comentario": null, "muni_id": 49177, "hoja_id": 307, "xutm": 736964, "yutm": 4651479, "xutm30": 239876, "yutm30": 4652291, "long": -6.0823, "lat": 41.5847, "longwgs84": -6.0827, "latwgs84": 41.584, "mna": 0.0, "mnne": 785.0, "num_cuenca": 2315, "nae": 26, "naem": 27, "xetrs89": 239766, "yetrs89": 4652084, "cod_saih": null, "cuenca": "DUERO" }, "geometry": { "type": "Point", "coordinates": [ -6.140993787559585, 41.977792384576389 ] } },
{ "type": "Feature", "properties": { "ref_ceh": "2036", "nombre": "LINARES DEL ARROYO", "serv": 1, "comentario": null, "muni_id": 40115, "hoja_id": 375, "xutm": 453742, "yutm": 4597654, "xutm30": 453742, "yutm30": 4597654, "long": -3.3316, "lat": 41.3142, "longwgs84": -3.3321, "latwgs84": 41.3138, "mna": 0.0, "mnne": 915.3, "num_cuenca": 2098, "nae": 63, "naem": 70, "xetrs89": 453634, "yetrs89": 4597447, "cod_saih": null, "cuenca": "DUERO" }, "geometry": { "type": "Point", "coordinates": [ -3.555761739308561, 41.527325760772058 ] } },
{ "type": "Feature", "properties": { "ref_ceh": "2037", "nombre": "BURGOMILLODO", "serv": 1, "comentario": "LOS DATOS DE 2004-05, 2005-06 Y 2007-08 SON PROVISIONALES SUJETOS A REVISION", "muni_id": 40044, "hoja_id": 402, "xutm": 426031, "yutm": 4576794, "xutm30": 426031, "yutm30": 4576794, "long": -3.5302, "lat": 41.2019, "longwgs84": -3.5307, "latwgs84": 41.2015, "mna": 0.0, "mnne": 874.2, "num_cuenca": 2110, "nae": 63, "naem": 77, "xetrs89": 425922, "yetrs89": 4576587, "cod_saih": null, "cuenca": "DUERO" }, "geometry": { "type": "Point", "coordinates": [ -3.885341437933965, 41.337365780887978 ] } },
{ "type": "Feature", "properties": { "ref_ceh": "2038", "nombre": "SANTA TERESA", "serv": 1, "comentario": "LOS DATOS DE 2004-05 Y 2008-09 ESTAN PENDIENTES DE REVISION", "muni_id": 37200, "hoja_id": 528, "xutm": 280195, "yutm": 4505239, "xutm30": 280195, "yutm30": 4505239, "long": -5.3601, "lat": 40.4005, "longwgs84": -5.3606, "latwgs84": 40.4001, "mna": 0.0, "mnne": 885.7, "num_cuenca": 2330, "nae": 63, "naem": 67, "xetrs89": 280086, "yetrs89": 4505032, "cod_saih": null, "cuenca": "DUERO" }, "geometry": { "type": "Point", "coordinates": [ -5.601671037299528, 40.666866166993699 ] } },
{ "type": "Feature", "properties": { "ref_ceh": "2039", "nombre": "AGUEDA", "serv": 1, "comentario": null, "muni_id": 37378, "hoja_id": 526, "xutm": 713395, "yutm": 4489808, "xutm30": 205191, "yutm30": 4492580, "long": -6.285, "lat": 40.3154, "longwgs84": -6.2854, "latwgs84": 40.3147, "mna": 0.0, "mnne": 636.5, "num_cuenca": 2370, "nae": 63, "naem": 77, "xetrs89": 205082, "yetrs89": 4492373, "cod_saih": null, "cuenca": "DUERO" }, "geometry": { "type": "Point", "coordinates": [ -6.481718149486932, 40.529651642960886 ] } },
{ "type": "Feature", "properties": { "ref_ceh": "2040", "nombre": "VENCIAS, LAS", "serv": 1, "comentario": "LOS DATOS DE 2004-05 A 2007-08 Y 2010-11 SON PROVISIONALES SUJETOS A REVISION", "muni_id": 40092, "hoja_id": 402, "xutm": 419506, "yutm": 4586986, "xutm30": 419506, "yutm30": 4586986, "long": -3.5748, "lat": 41.2547, "longwgs84": -3.5753, "latwgs84": 41.2543, "mna": 0.0, "mnne": 823.4, "num_cuenca": 2110, "nae": 52, "naem": 52, "xetrs89": 419397, "yetrs89": 4586779, "cod_saih": null, "cuenca": "DUERO" }, "geometry": { "type": "Point", "coordinates": [ -3.964670403148822, 41.428532367661631 ] } },
{ "type": "Feature", "properties": { "ref_ceh": "2041", "nombre": "ALMENDRA", "serv": 1, "comentario": "LAS RESERVAS ANTERIORES A 1995/96 SE REFIEREN AL VOLUMEN UTIL", "muni_id": 37028, "hoja_id": 423, "xutm": 724716, "yutm": 4572693, "xutm30": 222146, "yutm30": 4574530, "long": -6.1902, "lat": 41.1625, "longwgs84": -6.1907, "latwgs84": 41.1621, "mna": 0.0, "mnne": 730.0, "num_cuenca": 2340, "nae": 47, "naem": 47, "xetrs89": 222036, "yetrs89": 4574323, "cod_saih": null, "cuenca": "DUERO" }, "geometry": { "type": "Point", "coordinates": [ -6.318563643296912, 41.272517632270279 ] } },
{ "type": "Feature", "properties": { "ref_ceh": "2042", "nombre": "CASTRO DE LAS COGOTAS", "serv": 1, "comentario": "LOS DATOS DE 2005-06 A 2006-07 SON PROVISIONALES SUJETOS A REVISION", "muni_id": 5049, "hoja_id": 506, "xutm": 356734, "yutm": 4509874, "xutm30": 356734, "yutm30": 4509874, "long": -4.4147, "lat": 40.4336, "longwgs84": -4.4152, "latwgs84": 40.4332, "mna": 0.0, "mnne": 1050.5, "num_cuenca": 2214, "nae": 26, "naem": 27, "xetrs89": 356625, "yetrs89": 4509667, "cod_saih": null, "cuenca": "DUERO" }, "geometry": { "type": "Point", "coordinates": [ -4.697722105208987, 40.72545691888152 ] } },
{ "type": "Feature", "properties": { "ref_ceh": "2043", "nombre": "PONTON ALTO", "serv": 1, "comentario": "LOS DATOS DE 2008-09 ESTAN PENDIENTES DE REVISION", "muni_id": 40181, "hoja_id": 483, "xutm": 412811, "yutm": 4530024, "xutm30": 412811, "yutm30": 4530024, "long": -4.0207, "lat": 40.55, "longwgs84": -4.0212, "latwgs84": 40.5453, "mna": 1103.5, "mnne": 1102.0, "num_cuenca": 2217, "nae": 26, "naem": 27, "xetrs89": 412702, "yetrs89": 4529817, "cod_saih": null, "cuenca": "DUERO" }, "geometry": { "type": "Point", "coordinates": [ -4.036665411420513, 40.914805488968248 ] } },
{ "type": "Feature", "properties": { "ref_ceh": "2047", "nombre": "IRUEÑA", "serv": 1, "comentario": null, "muni_id": 37136, "hoja_id": 550, "xutm": 705520, "yutm": 4480264, "xutm30": 196652, "yutm30": 4483590, "long": -6.3436, "lat": 40.2649, "longwgs84": -6.3441, "latwgs84": 40.2645, "mna": 772.0, "mnne": 772.5, "num_cuenca": 2364, "nae": 7, "naem": 7, "xetrs89": 196543, "yetrs89": 4483383, "cod_saih": null, "cuenca": "DUERO" }, "geometry": { "type": "Point", "coordinates": [ -6.57804198182262, 40.445739084387107 ] } },
{ "type": "Feature", "properties": { "ref_ceh": "2125", "nombre": "CASARES DE ARBAS", "serv": 1, "comentario": "LOS DATOS DE 2011-12 ESTAN PENDIENTES DE REVISION", "muni_id": 24901, "hoja_id": 103, "xutm": 274945, "yutm": 4756665, "xutm30": 274945, "yutm30": 4756665, "long": -5.4528, "lat": 42.5543, "longwgs84": -5.4533, "latwgs84": 42.5539, "mna": null, "mnne": 1297.6, "num_cuenca": 2274, "nae": 12, "naem": 12, "xetrs89": 274836, "yetrs89": 4756460, "cod_saih": null, "cuenca": "DUERO" }, "geometry": { "type": "Point", "coordinates": [ -5.759145606768923, 42.927519969561899 ] } },
{ "type": "Feature", "properties": { "ref_ceh": "9801", "nombre": "EBRO", "serv": 1, "comentario": "LOS DATOS DE 2001-02 A 2004-05 SON PROVISIONALES SUJETOS A REVISION", "muni_id": 39065, "hoja_id": 108, "xutm": 414345, "yutm": 4758211, "xutm30": 414345, "yutm30": 4758211, "long": -4.0301, "lat": 42.5815, "longwgs84": -4.0306, "latwgs84": 42.5811, "mna": 839.0, "mnne": 839.0, "num_cuenca": 9007, "nae": 63, "naem": 74, "xetrs89": 414238, "yetrs89": 4758005, "cod_saih": "E001", "cuenca": "EBRO" }, "geometry": { "type": "Point", "coordinates": [ -4.051668580113262, 42.96986605361618 ] } },
{ "type": "Feature", "properties": { "ref_ceh": "9802", "nombre": "FLIX", "serv": 1, "comentario": "LOS DATOS DE 2006-07 Y 2007-08 ESTAN PENDIENTES DE REVISION", "muni_id": 43060, "hoja_id": 444, "xutm": 294734, "yutm": 4567758, "xutm30": 797607, "yutm30": 4570948, "long": 0.3303, "lat": 41.1404, "longwgs84": 0.3259, "latwgs84": 41.136, "mna": 42.6, "mnne": 41.1, "num_cuenca": 9648, "nae": 59, "naem": 69, "xetrs89": 797499, "yetrs89": 4570738, "cod_saih": "E002", "cuenca": "EBRO" }, "geometry": { "type": "Point", "coordinates": [ 0.54962628387552, 41.233332322419997 ] } },
{ "type": "Feature", "properties": { "ref_ceh": "9803", "nombre": "MEQUINENZA", "serv": 1, "comentario": "LOS DATOS DE 2001-02 A 2005-06, 2007-08, 2009-10 Y 2012-13 SON PROVISIONALES SUJETOS A REVISION", "muni_id": 50095, "hoja_id": 415, "xutm": 272160, "yutm": 4583509, "xutm30": 773989, "yutm30": 4585108, "long": 0.1633, "lat": 41.2213, "longwgs84": 0.1628, "latwgs84": 41.2281, "mna": 121.0, "mnne": 121.0, "num_cuenca": 9378, "nae": 57, "naem": 57, "xetrs89": 773881, "yetrs89": 4584898, "cod_saih": "E003", "cuenca": "EBRO" }, "geometry": { "type": "Point", "coordinates": [ 0.274656397045842, 41.369012921675193 ] } },
{ "type": "Feature", "properties": { "ref_ceh": "9804", "nombre": "RIBARROJA", "serv": 1, "comentario": "LOS DATOS DE 2001-02 A 2003-04. 2005-06 2007-08, 2009-10, 2010-11 Y 2012-13 SON PROVISIONALES SUJETOS A REVISION", "muni_id": 43125, "hoja_id": 443, "xutm": 284934, "yutm": 4569150, "xutm30": 787729, "yutm30": 4571661, "long": 0.2601, "lat": 41.144, "longwgs84": 0.2556, "latwgs84": 41.1436, "mna": 0.0, "mnne": 70.0, "num_cuenca": 9648, "nae": 53, "naem": 53, "xetrs89": 787621, "yetrs89": 4571451, "cod_saih": "E004", "cuenca": "EBRO" }, "geometry": { "type": "Point", "coordinates": [ 0.432308124855189, 41.243314559221325 ] } },
{ "type": "Feature", "properties": { "ref_ceh": "9805", "nombre": "SOBRON", "serv": 1, "comentario": "LOS DATOS DE 2001-02 A 2007-08 SON PROVISIONALES SUJETOS A REVISION", "muni_id": 9054, "hoja_id": 137, "xutm": 491897, "yutm": 4735189, "xutm30": 491897, "yutm30": 4735189, "long": -3.0557, "lat": 42.4606, "longwgs84": -3.0602, "latwgs84": 42.4602, "mna": 511.5, "mnne": 511.0, "num_cuenca": 9045, "nae": 25, "naem": 26, "xetrs89": 491790, "yetrs89": 4734982, "cod_saih": "E005", "cuenca": "EBRO" }, "geometry": { "type": "Point", "coordinates": [ -3.10034806097097, 42.767324622821683 ] } },
{ "type": "Feature", "properties": { "ref_ceh": "9806", "nombre": "PAJARES", "serv": 1, "comentario": "LOS DATOS DE 2002-03, 2004-05, 2006-07, 2007-08, 2009-10 Y 2010-11 SON PROVISIONALES SUJETOS A REVISION", "muni_id": 26091, "hoja_id": 279, "xutm": 532454, "yutm": 4659939, "xutm30": 532454, "yutm30": 4659939, "long": -2.3627, "lat": 42.0524, "longwgs84": -2.3632, "latwgs84": 42.052, "mna": 1230.9, "mnne": 1228.0, "num_cuenca": 9131, "nae": 26, "naem": 27, "xetrs89": 532346, "yetrs89": 4659731, "cod_saih": "E006", "cuenca": "EBRO" }, "geometry": { "type": "Point", "coordinates": [ -2.608885835770358, 42.08899216434164 ] } },
{ "type": "Feature", "properties": { "ref_ceh": "9807", "nombre": "MONTEAGUDO DE LAS VICARIAS", "serv": 1, "comentario": "LOS DATOS DE 2003-04 Y 2009-10 SON PROVISIONALES SUJETOS A REVISION", "muni_id": 42119, "hoja_id": 408, "xutm": 568778, "yutm": 4581535, "xutm30": 568778, "yutm30": 4581535, "long": -2.1039, "lat": 41.2254, "longwgs84": -2.1044, "latwgs84": 41.225, "mna": 0.0, "mnne": 820.9, "num_cuenca": 9259, "nae": 36, "naem": 37, "xetrs89": 568669, "yetrs89": 4581326, "cod_saih": "E007", "cuenca": "EBRO" }, "geometry": { "type": "Point", "coordinates": [ -2.178761070729573, 41.380527859421136 ] } },
{ "type": "Feature", "properties": { "ref_ceh": "9808", "nombre": "MAIDEVERA", "serv": 1, "comentario": null, "muni_id": 50031, "hoja_id": 381, "xutm": 603457, "yutm": 4603432, "xutm30": 603457, "yutm30": 4603432, "long": -1.4533, "lat": 41.3431, "longwgs84": -1.4537, "latwgs84": 41.3426, "mna": 0.0, "mnne": 799.0, "num_cuenca": 9283, "nae": 36, "naem": 37, "xetrs89": 603349, "yetrs89": 4603223, "cod_saih": "E008", "cuenca": "EBRO" }, "geometry": { "type": "Point", "coordinates": [ -1.760334599102781, 41.574011953648572 ] } },
{ "type": "Feature", "properties": { "ref_ceh": "9809", "nombre": "MANSILLA", "serv": 1, "comentario": "LOS DATOS DE 2005-06, 2007-08 Y 2012-13 SON PROVISIONALES SUJETOS A REVISION", "muni_id": 26093, "hoja_id": 278, "xutm": 507421, "yutm": 4667540, "xutm30": 507421, "yutm30": 4667540, "long": -2.5437, "lat": 42.0933, "longwgs84": -2.5441, "latwgs84": 42.0929, "mna": 932.0, "mnne": 930.0, "num_cuenca": 9106, "nae": 61, "naem": 62, "xetrs89": 507313, "yetrs89": 4667332, "cod_saih": "E009", "cuenca": "EBRO" }, "geometry": { "type": "Point", "coordinates": [ -2.911478104379736, 42.158082699737271 ] } },
{ "type": "Feature", "properties": { "ref_ceh": "9810", "nombre": "VALBORNEDO", "serv": 0, "comentario": "INT 1963", "muni_id": 26105, "hoja_id": 203, "xutm": 535437, "yutm": 4696319, "xutm30": 535437, "yutm30": 4696319, "long": -2.3409, "lat": 42.2503, "longwgs84": -2.3414, "latwgs84": 42.2459, "mna": 564.4, "mnne": 564.1, "num_cuenca": 9996, "nae": 6, "naem": 19, "xetrs89": 535330, "yetrs89": 4696111, "cod_saih": null, "cuenca": "EBRO" }, "geometry": { "type": "Point", "coordinates": [ -2.570588731447076, 42.416502442312883 ] } },
{ "type": "Feature", "properties": { "ref_ceh": "9811", "nombre": "GONZALEZ LACASA", "serv": 1, "comentario": "LOS DATOS DE 2003-04, 2005-06, 2007-08 A 2009-10 Y 2012-13 SON PROVISIONALES SUJETOS A REVISION", "muni_id": 26112, "hoja_id": 241, "xutm": 527074, "yutm": 4669289, "xutm30": 527074, "yutm30": 4669289, "long": -2.402, "lat": 42.1028, "longwgs84": -2.4025, "latwgs84": 42.1024, "mna": 996.0, "mnne": 995.5, "num_cuenca": 9133, "nae": 63, "naem": 73, "xetrs89": 526966, "yetrs89": 4669081, "cod_saih": "E011", "cuenca": "EBRO" }, "geometry": { "type": "Point", "coordinates": [ -2.673505225008941, 42.173404474569423 ] } },
{ "type": "Feature", "properties": { "ref_ceh": "9812", "nombre": "TRANQUERA, LA", "serv": 1, "comentario": null, "muni_id": 50072, "hoja_id": 437, "xutm": 600847, "yutm": 4568832, "xutm30": 600847, "yutm30": 4568832, "long": -1.4746, "lat": 41.155, "longwgs84": -1.4751, "latwgs84": 41.1546, "mna": 689.3, "mnne": 685.5, "num_cuenca": 9271, "nae": 57, "naem": 57, "xetrs89": 600738, "yetrs89": 4568623, "cod_saih": "E012", "cuenca": "EBRO" }, "geometry": { "type": "Point", "coordinates": [ -1.797409092149302, 41.262752106705435 ] } },
{ "type": "Feature", "properties": { "ref_ceh": "9813", "nombre": "MEZALOCHA", "serv": 1, "comentario": null, "muni_id": 50167, "hoja_id": 411, "xutm": 660780, "yutm": 4587819, "xutm30": 660780, "yutm30": 4587819, "long": -1.0434, "lat": 41.253, "longwgs84": -1.0438, "latwgs84": 41.2526, "mna": 0.0, "mnne": 472.5, "num_cuenca": 9290, "nae": 29, "naem": 29, "xetrs89": 660672, "yetrs89": 4587610, "cod_saih": "E013", "cuenca": "EBRO" }, "geometry": { "type": "Point", "coordinates": [ -1.077218320509166, 41.423991766391197 ] } },
{ "type": "Feature", "properties": { "ref_ceh": "9814", "nombre": "TORCAS, LAS", "serv": 1, "comentario": "LOS DATOS DE 2006-07 SON PROVISIONALES SUJETOS A REVISION", "muni_id": 50264, "hoja_id": 439, "xutm": 339736, "yutm": 4573426, "xutm30": 660264, "yutm30": 4573426, "long": 1.0509, "lat": 41.1744, "longwgs84": 1.0505, "latwgs84": 41.174, "mna": 728.4, "mnne": 624.3, "num_cuenca": 9290, "nae": 63, "naem": 63, "xetrs89": 660155, "yetrs89": 4573217, "cod_saih": "E014", "cuenca": "EBRO" }, "geometry": { "type": "Point", "coordinates": [ -1.087201043084539, 41.294520049699557 ] } },
{ "type": "Feature", "properties": { "ref_ceh": "9815", "nombre": "MONEVA", "serv": 1, "comentario": "LOS DATOS DE 2001-02, 2002-03, 2006-07 Y 2010-11 SON PROVISIONALES SUJETOS A REVISION", "muni_id": 50233, "hoja_id": 440, "xutm": 681998, "yutm": 4561107, "xutm30": 681998, "yutm30": 4561107, "long": -0.4949, "lat": 41.1049, "longwgs84": -0.4953, "latwgs84": 41.1044, "mna": 616.7, "mnne": 614.7, "num_cuenca": 9332, "nae": 63, "naem": 63, "xetrs89": 681889, "yetrs89": 4560898, "cod_saih": "E015", "cuenca": "EBRO" }, "geometry": { "type": "Point", "coordinates": [ -0.831460277754666, 41.179027333233705 ] } },
{ "type": "Feature", "properties": { "ref_ceh": "9816", "nombre": "ALMOCHUEL", "serv": 1, "comentario": "INT 2003", "muni_id": 50021, "hoja_id": 440, "xutm": 704415, "yutm": 4574278, "xutm30": 704415, "yutm30": 4574278, "long": -0.3332, "lat": 41.1736, "longwgs84": -0.3336, "latwgs84": 41.1732, "mna": 471.6, "mnne": 471.6, "num_cuenca": 9336, "nae": 42, "naem": 44, "xetrs89": 704306, "yetrs89": 4574068, "cod_saih": null, "cuenca": "EBRO" }, "geometry": { "type": "Point", "coordinates": [ -0.56001014509703, 41.292213216477364 ] } },
{ "type": "Feature", "properties": { "ref_ceh": "9817", "nombre": "CUEVA FORADADA", "serv": 1, "comentario": null, "muni_id": 44172, "hoja_id": 493, "xutm": 694098, "yutm": 4539720, "xutm30": 694098, "yutm30": 4539720, "long": -0.4134, "lat": 40.5906, "longwgs84": -0.4139, "latwgs84": 40.5901, "mna": 579.9, "mnne": 579.3, "num_cuenca": 9352, "nae": 63, "naem": 63, "xetrs89": 693989, "yetrs89": 4539511, "cod_saih": "E017", "cuenca": "EBRO" }, "geometry": { "type": "Point", "coordinates": [ -0.694050608782541, 40.98372195911233 ] } },
{ "type": "Feature", "properties": { "ref_ceh": "9818", "nombre": "SANTOLEA", "serv": 1, "comentario": null, "muni_id": 44071, "hoja_id": 519, "xutm": 726523, "yutm": 4517161, "xutm30": 726523, "yutm30": 4517162, "long": -0.1858, "lat": 40.4625, "longwgs84": -0.1902, "latwgs84": 40.4621, "mna": 0.0, "mnne": 583.4, "num_cuenca": 9366, "nae": 63, "naem": 63, "xetrs89": 726414, "yetrs89": 4516952, "cod_saih": "E018", "cuenca": "EBRO" }, "geometry": { "type": "Point", "coordinates": [ -0.317204144538863, 40.772374208164095 ] } },
{ "type": "Feature", "properties": { "ref_ceh": "9819", "nombre": "ESTANCA DE ALCAÑIZ", "serv": 1, "comentario": "LOS DATOS DE 2006-07 Y 2007-08 SON PROVISIONALES SUJETOS A REVISION", "muni_id": 44013, "hoja_id": 469, "xutm": 736858, "yutm": 4549718, "xutm30": 736858, "yutm30": 4549718, "long": -0.1052, "lat": 41.0349, "longwgs84": -0.1057, "latwgs84": 41.0345, "mna": 342.0, "mnne": 342.0, "num_cuenca": 9377, "nae": 63, "naem": 77, "xetrs89": 736749, "yetrs89": 4549508, "cod_saih": "E019", "cuenca": "EBRO" }, "geometry": { "type": "Point", "coordinates": [ -0.182461284354973, 41.062386305386063 ] } },
{ "type": "Feature", "properties": { "ref_ceh": "9820", "nombre": "GALLIPUEN", "serv": 1, "comentario": null, "muni_id": 44040, "hoja_id": 494, "xutm": 718072, "yutm": 4528319, "xutm30": 718072, "yutm30": 4528319, "long": -0.2444, "lat": 40.5234, "longwgs84": -0.2448, "latwgs84": 40.523, "mna": 695.5, "mnne": 694.5, "num_cuenca": 9372, "nae": 46, "naem": 48, "xetrs89": 717963, "yetrs89": 4528110, "cod_saih": "E020", "cuenca": "EBRO" }, "geometry": { "type": "Point", "coordinates": [ -0.413340748911475, 40.875072551891307 ] } },
{ "type": "Feature", "properties": { "ref_ceh": "9821", "nombre": "PENA", "serv": 1, "comentario": "LOS DATOS DE 2002-03, 2006-07 Y 2008-09 ESTAN PENDIENTES DE REVISION", "muni_id": 44246, "hoja_id": 520, "xutm": 258413, "yutm": 4522874, "xutm30": 764445, "yutm30": 4523657, "long": 0.0808, "lat": 40.4914, "longwgs84": 0.0803, "latwgs84": 40.491, "mna": 619.0, "mnne": 617.0, "num_cuenca": 9636, "nae": 63, "naem": 63, "xetrs89": 764336, "yetrs89": 4523447, "cod_saih": "E021", "cuenca": "EBRO" }, "geometry": { "type": "Point", "coordinates": [ 0.134291662971388, 40.819483276374548 ] } },
{ "type": "Feature", "properties": { "ref_ceh": "9822", "nombre": "CALANDA", "serv": 1, "comentario": "LOS DATOS DE 2012-13 SON PROVISIONALES SUJETOS A REVISION", "muni_id": 44052, "hoja_id": 494, "xutm": 734975, "yutm": 4533479, "xutm30": 734975, "yutm30": 4533479, "long": -0.1235, "lat": 40.5505, "longwgs84": -0.124, "latwgs84": 40.5501, "mna": 443.0, "mnne": 440.0, "num_cuenca": 9371, "nae": 39, "naem": 39, "xetrs89": 734866, "yetrs89": 4533269, "cod_saih": "E022", "cuenca": "EBRO" }, "geometry": { "type": "Point", "coordinates": [ -0.21101365098142, 40.916820820489285 ] } },
{ "type": "Feature", "properties": { "ref_ceh": "9823", "nombre": "CASPE II", "serv": 1, "comentario": null, "muni_id": 50074, "hoja_id": 469, "xutm": 1256080, "yutm": 4593264, "xutm30": 752093, "yutm30": 4558359, "long": 0.0012, "lat": 41.0812, "longwgs84": 0.0008, "latwgs84": 41.0808, "mna": 232.5, "mnne": 230.0, "num_cuenca": 9377, "nae": 33, "naem": 34, "xetrs89": 751984, "yetrs89": 4558149, "cod_saih": "E023", "cuenca": "EBRO" }, "geometry": { "type": "Point", "coordinates": [ 0.002159872497454, 41.135544815591821 ] } },
{ "type": "Feature", "properties": { "ref_ceh": "9824", "nombre": "SAN BARTOLOME", "serv": 1, "comentario": null, "muni_id": 50095, "hoja_id": 246, "xutm": 652522, "yutm": 4675186, "xutm30": 652522, "yutm30": 4675186, "long": -1.0908, "lat": 42.1248, "longwgs84": -1.0913, "latwgs84": 42.1244, "mna": 0.0, "mnne": 417.0, "num_cuenca": 9248, "nae": 8, "naem": 10, "xetrs89": 652414, "yetrs89": 4674976, "cod_saih": "E024", "cuenca": "EBRO" }, "geometry": { "type": "Point", "coordinates": [ -1.153530034675855, 42.212097657022156 ] } },
{ "type": "Feature", "properties": { "ref_ceh": "9825", "nombre": "EUGUI", "serv": 1, "comentario": "LOS DATOS DE 2006-07 SON PROVISIONALES SUJETOS A REVISION", "muni_id": 31098, "hoja_id": 116, "xutm": 621304, "yutm": 4758968, "xutm30": 621304, "yutm30": 4758969, "long": -1.3045, "lat": 42.5823, "longwgs84": -1.305, "latwgs84": 42.5819, "mna": 629.0, "mnne": 628.0, "num_cuenca": 9211, "nae": 42, "naem": 42, "xetrs89": 621198, "yetrs89": 4758759, "cod_saih": "E025", "cuenca": "EBRO" }, "geometry": { "type": "Point", "coordinates": [ -1.51375105600425, 42.971837296506202 ] } },
{ "type": "Feature", "properties": { "ref_ceh": "9826", "nombre": "ALBIÑA", "serv": 1, "comentario": null, "muni_id": 1058, "hoja_id": 112, "xutm": 530283, "yutm": 4760299, "xutm30": 530283, "yutm30": 4760299, "long": -2.3743, "lat": 42.5938, "longwgs84": -2.3747, "latwgs84": 42.5934, "mna": 608.3, "mnne": 608.3, "num_cuenca": 9061, "nae": 10, "naem": 11, "xetrs89": 530177, "yetrs89": 4760091, "cod_saih": null, "cuenca": "EBRO" }, "geometry": { "type": "Point", "coordinates": [ -2.629810904550006, 42.992883509943795 ] } },
{ "type": "Feature", "properties": { "ref_ceh": "9827", "nombre": "ULLIVARRI", "serv": 1, "comentario": "LOS DATOS DE 2001-02 A 2007-08, 2010-11 Y 2012-13 SON PROVISIONALES SUJETOS A REVISION", "muni_id": 1008, "hoja_id": 112, "xutm": 531398, "yutm": 4753098, "xutm30": 531398, "yutm30": 4753098, "long": -2.3655, "lat": 42.5545, "longwgs84": -2.366, "latwgs84": 42.5541, "mna": 546.5, "mnne": 546.5, "num_cuenca": 9058, "nae": 61, "naem": 61, "xetrs89": 531292, "yetrs89": 4752890, "cod_saih": "E027", "cuenca": "EBRO" }, "geometry": { "type": "Point", "coordinates": [ -2.616536107605257, 42.927993804328786 ] } },
{ "type": "Feature", "properties": { "ref_ceh": "9828", "nombre": "URRUNAGA", "serv": 1, "comentario": "LOS DATOS DE 2001-02 A 2007-08, 2010-11 Y 2012-13 SON PROVISIONALES SUJETOS A REVISION", "muni_id": 1058, "hoja_id": 112, "xutm": 528237, "yutm": 4756387, "xutm30": 528237, "yutm30": 4756387, "long": -2.3914, "lat": 42.5732, "longwgs84": -2.3918, "latwgs84": 42.5728, "mna": 546.5, "mnne": 546.5, "num_cuenca": 9063, "nae": 61, "naem": 61, "xetrs89": 528131, "yetrs89": 4756179, "cod_saih": "E028", "cuenca": "EBRO" }, "geometry": { "type": "Point", "coordinates": [ -2.655106176637743, 42.957734505344497 ] } },
{ "type": "Feature", "properties": { "ref_ceh": "9829", "nombre": "YESA", "serv": 1, "comentario": "LOS DATOS DE 2004-05 SON PROVISIONALES SUJETOS A REVISION", "muni_id": 31261, "hoja_id": 175, "xutm": 649104, "yutm": 4719976, "xutm30": 649104, "yutm30": 4719976, "long": -1.1055, "lat": 42.3701, "longwgs84": -1.11, "latwgs84": 42.3657, "mna": 0.0, "mnne": 488.6, "num_cuenca": 9188, "nae": 62, "naem": 62, "xetrs89": 648997, "yetrs89": 4719766, "cod_saih": "E029", "cuenca": "EBRO" }, "geometry": { "type": "Point", "coordinates": [ -1.183303268312662, 42.615933978796676 ] } },
{ "type": "Feature", "properties": { "ref_ceh": "9830", "nombre": "ALLOZ", "serv": 1, "comentario": "LOS DATOS DE 2001-02, 2003-04 Y 2004-05 Y 2009-10 SON PROVISIONALES SUJETOS A REVISION", "muni_id": 31260, "hoja_id": 140, "xutm": 586723, "yutm": 4728958, "xutm30": 586723, "yutm30": 4728958, "long": -1.5628, "lat": 42.4227, "longwgs84": -1.5633, "latwgs84": 42.4223, "mna": null, "mnne": 468.7, "num_cuenca": 9230, "nae": 63, "naem": 77, "xetrs89": 586616, "yetrs89": 4728749, "cod_saih": "E030", "cuenca": "EBRO" }, "geometry": { "type": "Point", "coordinates": [ -1.942363360614923, 42.706354116530086 ] } },
{ "type": "Feature", "properties": { "ref_ceh": "9831", "nombre": "IRABIA", "serv": 1, "comentario": "LOS DATOS DE 2006-07 A 2010-11 Y 2012-13 ESTAN PENDIENTES DE REVISION", "muni_id": 31195, "hoja_id": 117, "xutm": 650316, "yutm": 4761014, "xutm30": 650316, "yutm30": 4761014, "long": -1.0923, "lat": 42.591, "longwgs84": -1.0927, "latwgs84": 42.5906, "mna": 819.9, "mnne": 811.5, "num_cuenca": 9193, "nae": 48, "naem": 57, "xetrs89": 650210, "yetrs89": 4760804, "cod_saih": "E031", "cuenca": "EBRO" }, "geometry": { "type": "Point", "coordinates": [ -1.157590199726073, 42.985072101416748 ] } },
{ "type": "Feature", "properties": { "ref_ceh": "9832", "nombre": "ESCARRA (SISTEMA)", "serv": 0, "comentario": "INT 1993", "muni_id": 22204, "hoja_id": 145, "xutm": 716754, "yutm": 4736209, "xutm30": 716754, "yutm30": 4736209, "long": -0.2106, "lat": 42.4449, "longwgs84": -0.2111, "latwgs84": 42.4445, "mna": 0.0, "mnne": 0.0, "num_cuenca": 9295, "nae": 35, "naem": 35, "xetrs89": 716647, "yetrs89": 4735999, "cod_saih": null, "cuenca": "EBRO" }, "geometry": { "type": "Point", "coordinates": [ -0.352983177151893, 42.745926272956368 ] } },
{ "type": "Feature", "properties": { "ref_ceh": "9833", "nombre": "AGUAS LIMPIAS (SISTEMA)", "serv": 0, "comentario": "INT 1993", "muni_id": 22204, "hoja_id": 145, "xutm": 718729, "yutm": 4741000, "xutm30": 718729, "yutm30": 4741000, "long": -0.1933, "lat": 42.4722, "longwgs84": -0.1938, "latwgs84": 42.4718, "mna": 0.0, "mnne": 0.0, "num_cuenca": 9293, "nae": 35, "naem": 35, "xetrs89": 718622, "yetrs89": 4740790, "cod_saih": null, "cuenca": "EBRO" }, "geometry": { "type": "Point", "coordinates": [ -0.327024181094399, 42.788464365140193 ] } },
{ "type": "Feature", "properties": { "ref_ceh": "9834", "nombre": "ALTO CALDARES (SISTEMA)", "serv": 0, "comentario": "INT 1993", "muni_id": 22170, "hoja_id": 145, "xutm": 726043, "yutm": 4737604, "xutm30": 726043, "yutm30": 4737604, "long": -0.1416, "lat": 42.4525, "longwgs84": -0.1421, "latwgs84": 42.4521, "mna": 0.0, "mnne": 0.0, "num_cuenca": 9297, "nae": 35, "naem": 47, "xetrs89": 725936, "yetrs89": 4737394, "cod_saih": null, "cuenca": "EBRO" }, "geometry": { "type": "Point", "coordinates": [ -0.239057660641873, 42.75579607256919 ] } },
{ "type": "Feature", "properties": { "ref_ceh": "9835", "nombre": "BUBAL", "serv": 1, "comentario": "LOS DATOS DE 2004-05 SON PROVISIONALES SUJETOS A REVISION", "muni_id": 22122, "hoja_id": 145, "xutm": 720014, "yutm": 4729060, "xutm30": 720014, "yutm30": 4729060, "long": -0.1853, "lat": 42.4054, "longwgs84": -0.1858, "latwgs84": 42.4051, "mna": 1086.5, "mnne": 1085.0, "num_cuenca": 9302, "nae": 51, "naem": 51, "xetrs89": 719907, "yetrs89": 4728850, "cod_saih": "E035", "cuenca": "EBRO" }, "geometry": { "type": "Point", "coordinates": [ -0.315969120185133, 42.680689306791251 ] } },
{ "type": "Feature", "properties": { "ref_ceh": "9836", "nombre": "PEÑA, LA", "serv": 1, "comentario": "SALTO DE RESERVA ENTRE EL 30/09/2010 Y 01/10/2010", "muni_id": 22173, "hoja_id": 209, "xutm": 686514, "yutm": 4695061, "xutm30": 686514, "yutm30": 4695061, "long": -0.4404, "lat": 42.2305, "longwgs84": -0.4408, "latwgs84": 42.2301, "mna": 0.0, "mnne": 539.0, "num_cuenca": 9322, "nae": 58, "naem": 72, "xetrs89": 686407, "yetrs89": 4694851, "cod_saih": "E036", "cuenca": "EBRO" }, "geometry": { "type": "Point", "coordinates": [ -0.735590768319611, 42.383590649554421 ] } },
{ "type": "Feature", "properties": { "ref_ceh": "9837", "nombre": "ARDISA", "serv": 1, "comentario": "LOS DATOS DE 2004-05 Y 2005-06 SON PROVISIONALES SUJETOS A REVISION", "muni_id": 50033, "hoja_id": 247, "xutm": 685561, "yutm": 4672672, "xutm30": 685561, "yutm30": 4672672, "long": -0.4511, "lat": 42.11, "longwgs84": -0.4516, "latwgs84": 42.1056, "mna": 0.0, "mnne": 421.6, "num_cuenca": 9322, "nae": 59, "naem": 73, "xetrs89": 685453, "yetrs89": 4672462, "cod_saih": "E037", "cuenca": "EBRO" }, "geometry": { "type": "Point", "coordinates": [ -0.754341130376405, 42.182334266034893 ] } },
{ "type": "Feature", "properties": { "ref_ceh": "9838", "nombre": "SOTONERA, LA", "serv": 1, "comentario": "LOS DATOS DE 2001-02 Y 2004-05 SON PROVISIONALES SUJETOS A REVISION", "muni_id": 22014, "hoja_id": 285, "xutm": 692571, "yutm": 4664203, "xutm30": 692571, "yutm30": 4664203, "long": -0.4016, "lat": 42.062, "longwgs84": -0.402, "latwgs84": 42.0616, "mna": 420.5, "mnne": 417.0, "num_cuenca": 9325, "nae": 63, "naem": 77, "xetrs89": 692463, "yetrs89": 4663993, "cod_saih": "E038", "cuenca": "EBRO" }, "geometry": { "type": "Point", "coordinates": [ -0.672318169464356, 42.104429317764684 ] } },
{ "type": "Feature", "properties": { "ref_ceh": "9839", "nombre": "NAVAS, LAS", "serv": 1, "comentario": "LOS DATOS DE 2003-04 SON PROVISIONALES SUJETOS A REVISION", "muni_id": 22149, "hoja_id": 247, "xutm": 694513, "yutm": 4683926, "xutm30": 694513, "yutm30": 4683926, "long": -0.3828, "lat": 42.1657, "longwgs84": -0.3832, "latwgs84": 42.1653, "mna": 648.4, "mnne": 647.4, "num_cuenca": 9995, "nae": 26, "naem": 41, "xetrs89": 694406, "yetrs89": 4683716, "cod_saih": "E039", "cuenca": "EBRO" }, "geometry": { "type": "Point", "coordinates": [ -0.642247410649874, 42.281432637818426 ] } },
{ "type": "Feature", "properties": { "ref_ceh": "9840", "nombre": "LANUZA", "serv": 1, "comentario": "LOS DATOS DE 2002-03, 2004-05 Y 2010-11 SON PROVISIONALES SUJETOS A REVISION", "muni_id": 22204, "hoja_id": 145, "xutm": 719882, "yutm": 4736789, "xutm30": 719882, "yutm30": 4736789, "long": -0.1848, "lat": 42.4505, "longwgs84": -0.1852, "latwgs84": 42.4501, "mna": 1284.5, "mnne": 1283.5, "num_cuenca": 9294, "nae": 39, "naem": 39, "xetrs89": 719775, "yetrs89": 4736579, "cod_saih": "E040", "cuenca": "EBRO" }, "geometry": { "type": "Point", "coordinates": [ -0.314580194369637, 42.750254348276236 ] } },
{ "type": "Feature", "properties": { "ref_ceh": "9841", "nombre": "VADIELLO", "serv": 1, "comentario": "LOS DATOS DE 2004-05 SON PROVISIONALES SUJETOS A REVISION", "muni_id": 22150, "hoja_id": 248, "xutm": 724644, "yutm": 4680366, "xutm30": 724644, "yutm30": 4680366, "long": -0.1638, "lat": 42.1433, "longwgs84": -0.1643, "latwgs84": 42.1429, "mna": 746.0, "mnne": 746.0, "num_cuenca": 9616, "nae": 39, "naem": 40, "xetrs89": 724537, "yetrs89": 4680156, "cod_saih": "E041", "cuenca": "EBRO" }, "geometry": { "type": "Point", "coordinates": [ -0.278570859036343, 42.241315445353898 ] } },
{ "type": "Feature", "properties": { "ref_ceh": "9842", "nombre": "SANTA MARIA DE BELSUE", "serv": 1, "comentario": null, "muni_id": 22163, "hoja_id": 248, "xutm": 718752, "yutm": 4686962, "xutm30": 718752, "yutm30": 4686962, "long": -0.2046, "lat": 42.1812, "longwgs84": -0.2051, "latwgs84": 42.1808, "mna": 894.4, "mnne": 894.4, "num_cuenca": 9620, "nae": 22, "naem": 24, "xetrs89": 718645, "yetrs89": 4686752, "cod_saih": null, "cuenca": "EBRO" }, "geometry": { "type": "Point", "coordinates": [ -0.347419049813219, 42.302328485985335 ] } },
{ "type": "Feature", "properties": { "ref_ceh": "9843", "nombre": "GUIAMETS", "serv": 1, "comentario": "LOS DATOS DE 2007-08, 2009-10 Y 2011-12 SON PROVISIONALES SUJETOS A REVISION", "muni_id": 43070, "hoja_id": 471, "xutm": 311179, "yutm": 4552370, "xutm30": 815086, "yutm30": 4556720, "long": 0.4506, "lat": 41.056, "longwgs84": 0.4502, "latwgs84": 41.0556, "mna": null, "mnne": 184.9, "num_cuenca": 9656, "nae": 42, "naem": 42, "xetrs89": 814977, "yetrs89": 4556510, "cod_saih": "E043", "cuenca": "EBRO" }, "geometry": { "type": "Point", "coordinates": [ 0.750439669634805, 41.098829745668375 ] } },
{ "type": "Feature", "properties": { "ref_ceh": "9844", "nombre": "ARGUIS", "serv": 1, "comentario": null, "muni_id": 22037, "hoja_id": 248, "xutm": 712051, "yutm": 4686957, "xutm30": 712051, "yutm30": 4686957, "long": -0.2539, "lat": 42.1819, "longwgs84": -0.2543, "latwgs84": 42.1815, "mna": 0.0, "mnne": 960.0, "num_cuenca": 9621, "nae": 10, "naem": 11, "xetrs89": 711944, "yetrs89": 4686747, "cod_saih": "E044", "cuenca": "EBRO" }, "geometry": { "type": "Point", "coordinates": [ -0.428636130115569, 42.304134590834991 ] } },
{ "type": "Feature", "properties": { "ref_ceh": "9845", "nombre": "PINETA", "serv": 0, "comentario": "INT 1993", "muni_id": 22057, "hoja_id": 179, "xutm": 270663, "yutm": 4724283, "xutm30": 762631, "yutm30": 4725465, "long": 0.1211, "lat": 42.381, "longwgs84": 0.1206, "latwgs84": 42.3806, "mna": 1141.8, "mnne": 1141.3, "num_cuenca": 9540, "nae": 36, "naem": 46, "xetrs89": 762524, "yetrs89": 4725255, "cod_saih": null, "cuenca": "EBRO" }, "geometry": { "type": "Point", "coordinates": [ 0.201796167489946, 42.635004752398167 ] } },
{ "type": "Feature", "properties": { "ref_ceh": "9846", "nombre": "MEDIANO", "serv": 1, "comentario": "LOS DATOS DE 2004-05 SON PROVISIONALES SUJETOS A REVISION", "muni_id": 22113, "hoja_id": 250, "xutm": 270210, "yutm": 4688532, "xutm30": 764707, "yutm30": 4689764, "long": 0.1243, "lat": 42.1852, "longwgs84": 0.1238, "latwgs84": 42.1848, "mna": 528.7, "mnne": 528.0, "num_cuenca": 9570, "nae": 51, "naem": 51, "xetrs89": 764600, "yetrs89": 4689553, "cod_saih": "E046", "cuenca": "EBRO" }, "geometry": { "type": "Point", "coordinates": [ 0.210608720226717, 42.313273564773546 ] } },
{ "type": "Feature", "properties": { "ref_ceh": "9847", "nombre": "GRADO I", "serv": 1, "comentario": "LOS DATOS DE 2004-05, 2007-08 Y 2009-10 SON PROVISIONALES SUJETOS A REVISION", "muni_id": 22115, "hoja_id": 288, "xutm": 271574, "yutm": 4670457, "xutm30": 767340, "yutm30": 4671826, "long": 0.1408, "lat": 42.0908, "longwgs84": 0.1403, "latwgs84": 42.0904, "mna": 450.7, "mnne": 450.0, "num_cuenca": 9574, "nae": 55, "naem": 55, "xetrs89": 767232, "yetrs89": 4671615, "cod_saih": "E047", "cuenca": "EBRO" }, "geometry": { "type": "Point", "coordinates": [ 0.234241630461022, 42.15107886576051 ] } },
{ "type": "Feature", "properties": { "ref_ceh": "9848", "nombre": "BARASONA-JOAQUIN COSTA", "serv": 1, "comentario": "LOS DATOS DE 2004-05 Y 2005-06 SON PROVISIONALES SUJETOS A REVISION", "muni_id": 22117, "hoja_id": 288, "xutm": 277805, "yutm": 4667265, "xutm30": 773781, "yutm30": 4669078, "long": 0.1843, "lat": 42.0731, "longwgs84": 0.1838, "latwgs84": 42.0727, "mna": 447.7, "mnne": 447.6, "num_cuenca": 9597, "nae": 63, "naem": 77, "xetrs89": 773673, "yetrs89": 4668867, "cod_saih": "E048", "cuenca": "EBRO" }, "geometry": { "type": "Point", "coordinates": [ 0.310782166173268, 42.124147818309204 ] } },
{ "type": "Feature", "properties": { "ref_ceh": "9849", "nombre": "PLANDESCUN", "serv": 0, "comentario": "INT 1993", "muni_id": 22182, "hoja_id": 179, "xutm": 278562, "yutm": 4716773, "xutm30": 771044, "yutm30": 4718532, "long": 0.1808, "lat": 42.3415, "longwgs84": 0.1803, "latwgs84": 42.3411, "mna": 1050.7, "mnne": 1049.6, "num_cuenca": 9545, "nae": 36, "naem": 45, "xetrs89": 770937, "yetrs89": 4718321, "cod_saih": null, "cuenca": "EBRO" }, "geometry": { "type": "Point", "coordinates": [ 0.300943158869457, 42.569751047233886 ] } },
{ "type": "Feature", "properties": { "ref_ceh": "9850", "nombre": "ESCALES", "serv": 1, "comentario": "LOS DATOS DE 2001-02 A 2005-06 Y 2007-08 SON PROVISIONALES SUJETOS A REVISION", "muni_id": 22223, "hoja_id": 251, "xutm": 314214, "yutm": 4688664, "xutm30": 808613, "yutm30": 4692999, "long": 0.4443, "lat": 42.1938, "longwgs84": 0.4439, "latwgs84": 42.1934, "mna": 821.0, "mnne": 821.0, "num_cuenca": 9528, "nae": 61, "naem": 61, "xetrs89": 808505, "yetrs89": 4692788, "cod_saih": "E050", "cuenca": "EBRO" }, "geometry": { "type": "Point", "coordinates": [ 0.744045244836143, 42.326207340040348 ] } },
{ "type": "Feature", "properties": { "ref_ceh": "9851", "nombre": "CANELLES", "serv": 1, "comentario": "LOS DATOS DE 2001-02 A 2005-06 Y 2007-08 SON PROVISIONALES SUJETOS A REVISION", "muni_id": 22105, "hoja_id": 327, "xutm": 302185, "yutm": 4650115, "xutm30": 799316, "yutm30": 4653673, "long": 0.3645, "lat": 41.5839, "longwgs84": 0.3641, "latwgs84": 41.5835, "mna": 506.0, "mnne": 506.0, "num_cuenca": 9536, "nae": 53, "naem": 53, "xetrs89": 799208, "yetrs89": 4653462, "cod_saih": "E051", "cuenca": "EBRO" }, "geometry": { "type": "Point", "coordinates": [ 0.611262160572579, 41.976355678399635 ] } },
{ "type": "Feature", "properties": { "ref_ceh": "9852", "nombre": "SANTA ANA", "serv": 1, "comentario": "LOS DATOS DE 2007-08 SON PROVISIONALES SUJETOS A REVISION", "muni_id": 22089, "hoja_id": 327, "xutm": 299349, "yutm": 4639787, "xutm30": 797208, "yutm30": 4643166, "long": 0.3454, "lat": 41.5302, "longwgs84": 0.345, "latwgs84": 41.5258, "mna": 378.7, "mnne": 378.7, "num_cuenca": 9536, "nae": 60, "naem": 60, "xetrs89": 797100, "yetrs89": 4642955, "cod_saih": "E052", "cuenca": "EBRO" }, "geometry": { "type": "Point", "coordinates": [ 0.580575556816379, 41.882703875700194 ] } },
{ "type": "Feature", "properties": { "ref_ceh": "9853", "nombre": "VALLE DE ARAN (SISTEMA)", "serv": 0, "comentario": "INT 1995", "muni_id": 25025, "hoja_id": 181, "xutm": 1317383, "yutm": 4767711, "xutm30": 825042, "yutm30": 4726947, "long": 0.5748, "lat": 42.3732, "longwgs84": 0.5744, "latwgs84": 42.3728, "mna": 0.0, "mnne": 0.0, "num_cuenca": 9664, "nae": 38, "naem": 39, "xetrs89": 824934, "yetrs89": 4726736, "cod_saih": null, "cuenca": "EBRO" }, "geometry": { "type": "Point", "coordinates": [ 0.962204598482973, 42.624533787816006 ] } },
{ "type": "Feature", "properties": { "ref_ceh": "9854", "nombre": "CAPDELLA (SISTEMA)", "serv": 0, "comentario": "INT 1995", "muni_id": 25227, "hoja_id": 181, "xutm": 333759, "yutm": 4711221, "xutm30": 826531, "yutm30": 4716901, "long": 0.5833, "lat": 42.3205, "longwgs84": 0.5828, "latwgs84": 42.3201, "mna": 0.0, "mnne": 0.0, "num_cuenca": 9483, "nae": 38, "naem": 39, "xetrs89": 826423, "yetrs89": 4716690, "cod_saih": null, "cuenca": "EBRO" }, "geometry": { "type": "Point", "coordinates": [ 0.974573385339785, 42.533651408482882 ] } },
{ "type": "Feature", "properties": { "ref_ceh": "9855", "nombre": "ESPOT (SISTEMA)", "serv": 0, "comentario": "INT 1978", "muni_id": 25082, "hoja_id": 181, "xutm": 339365, "yutm": 4711365, "xutm30": 832119, "yutm30": 4717442, "long": 1.0238, "lat": 42.3214, "longwgs84": 1.0234, "latwgs84": 42.321, "mna": 0.0, "mnne": 0.0, "num_cuenca": 9465, "nae": 19, "naem": 19, "xetrs89": 832011, "yetrs89": 4717231, "cod_saih": null, "cuenca": "EBRO" }, "geometry": { "type": "Point", "coordinates": [ 1.042764326142586, 42.536133259177497 ] } },
{ "type": "Feature", "properties": { "ref_ceh": "9856", "nombre": "BOREN-ESTERRI", "serv": 0, "comentario": "INT 1995", "muni_id": 25024, "hoja_id": 181, "xutm": 343462, "yutm": 4724343, "xutm30": 835289, "yutm30": 4730691, "long": 1.0525, "lat": 42.3918, "longwgs84": 1.052, "latwgs84": 42.3914, "mna": 0.0, "mnne": 1096.0, "num_cuenca": 9458, "nae": 36, "naem": 37, "xetrs89": 835181, "yetrs89": 4730480, "cod_saih": null, "cuenca": "EBRO" }, "geometry": { "type": "Point", "coordinates": [ 1.089055568600028, 42.653779287441616 ] } },
{ "type": "Feature", "properties": { "ref_ceh": "9857", "nombre": "TORRASA, LA", "serv": 0, "comentario": "INT 1995", "muni_id": 25082, "hoja_id": 181, "xutm": 347660, "yutm": 4715588, "xutm30": 840102, "yutm30": 4722247, "long": 1.0838, "lat": 42.3437, "longwgs84": 1.0833, "latwgs84": 42.3433, "mna": 0.0, "mnne": 936.0, "num_cuenca": 9466, "nae": 35, "naem": 36, "xetrs89": 839994, "yetrs89": 4722036, "cod_saih": null, "cuenca": "EBRO" }, "geometry": { "type": "Point", "coordinates": [ 1.142584685843255, 42.575825342631809 ] } },
{ "type": "Feature", "properties": { "ref_ceh": "9858", "nombre": "TALARN O TREMP", "serv": 1, "comentario": "LOS DATOS DE 2001-02 A 2007-08, 2009-10 Y 2010-11 SON PROVISIONALES SUJETOS A REVISION", "muni_id": 25215, "hoja_id": 252, "xutm": 327712, "yutm": 4672059, "xutm30": 823259, "yutm30": 4677372, "long": 0.545, "lat": 42.1051, "longwgs84": 0.5445, "latwgs84": 42.1048, "mna": 501.0, "mnne": 500.9, "num_cuenca": 9490, "nae": 63, "naem": 77, "xetrs89": 823151, "yetrs89": 4677161, "cod_saih": "E058", "cuenca": "EBRO" }, "geometry": { "type": "Point", "coordinates": [ 0.912694754633034, 42.17985912918482 ] } },
{ "type": "Feature", "properties": { "ref_ceh": "9859", "nombre": "TERRADETS", "serv": 1, "comentario": "LOS DATOS DE 2001-02 A 2007-08, 2009-10 Y 2010-11 SON PROVISIONALES SUJETOS A REVISION", "muni_id": 25128, "hoja_id": 290, "xutm": 1319328, "yutm": 4703005, "xutm30": 822402, "yutm30": 4662713, "long": 0.5344, "lat": 42.0259, "longwgs84": 0.5339, "latwgs84": 42.0255, "mna": 0.0, "mnne": 372.0, "num_cuenca": 9496, "nae": 63, "naem": 77, "xetrs89": 822294, "yetrs89": 4662502, "cod_saih": "E059", "cuenca": "EBRO" }, "geometry": { "type": "Point", "coordinates": [ 0.894257106537738, 42.048492298694448 ] } },
{ "type": "Feature", "properties": { "ref_ceh": "9860", "nombre": "CAMARASA", "serv": 1, "comentario": "LOS DATOS DE 2001-02 A 2010-11 ESTAN PENDIENTES DE REVISION", "muni_id": 25062, "hoja_id": 328, "xutm": 1320561, "yutm": 4687348, "xutm30": 822525, "yutm30": 4647117, "long": 0.5318, "lat": 41.5434, "longwgs84": 0.5314, "latwgs84": 41.543, "mna": 336.0, "mnne": 336.2, "num_cuenca": 9496, "nae": 63, "naem": 77, "xetrs89": 822417, "yetrs89": 4646906, "cod_saih": "E060", "cuenca": "EBRO" }, "geometry": { "type": "Point", "coordinates": [ 0.887194607781643, 41.90829790682929 ] } },
{ "type": "Feature", "properties": { "ref_ceh": "9861", "nombre": "SAN LORENZO MONGAY", "serv": 1, "comentario": "LOS DATOS DE 2009-10 ESTAN EN PENDIENTES DE REVISION", "muni_id": 25062, "hoja_id": 328, "xutm": 320451, "yutm": 4635912, "xutm30": 818545, "yutm30": 4640773, "long": 0.5014, "lat": 41.5114, "longwgs84": 0.5009, "latwgs84": 41.5111, "mna": 257.0, "mnne": 247.2, "num_cuenca": 9497, "nae": 59, "naem": 72, "xetrs89": 818437, "yetrs89": 4640562, "cod_saih": "E061", "cuenca": "EBRO" }, "geometry": { "type": "Point", "coordinates": [ 0.835898366384008, 41.852900060297138 ] } },
{ "type": "Feature", "properties": { "ref_ceh": "9862", "nombre": "OLIANA", "serv": 1, "comentario": "LOS DATOS DE 2004-05 SON PROVISIONALES SUJETOS A REVISION. EL 01/10/2011 CAMBIO DEL VOLUMEN DE EMBALSE", "muni_id": 25149, "hoja_id": 291, "xutm": 359010, "yutm": 4661628, "xutm30": 855248, "yutm30": 4669157, "long": 1.1743, "lat": 42.0536, "longwgs84": 1.1738, "latwgs84": 42.0532, "mna": null, "mnne": 518.3, "num_cuenca": 9447, "nae": 63, "naem": 63, "xetrs89": 855140, "yetrs89": 4668946, "cod_saih": "E062", "cuenca": "EBRO" }, "geometry": { "type": "Point", "coordinates": [ 1.294012287284672, 42.092230114804501 ] } },
{ "type": "Feature", "properties": { "ref_ceh": "9863", "nombre": "CAVALLERS", "serv": 1, "comentario": "LOS DATOS DE 2001-02 A 2005-06, 2007-08, 2009-10 Y 2012-13 SON PROVISIONALES SUJETOS A REVISION", "muni_id": 25043, "hoja_id": 181, "xutm": 324021, "yutm": 4717183, "xutm30": 816386, "yutm30": 4722163, "long": 0.512, "lat": 42.351, "longwgs84": 0.5115, "latwgs84": 42.3507, "mna": 1783.0, "mnne": 1781.0, "num_cuenca": 9515, "nae": 59, "naem": 59, "xetrs89": 816278, "yetrs89": 4721952, "cod_saih": "E063", "cuenca": "EBRO" }, "geometry": { "type": "Point", "coordinates": [ 0.854235575377629, 42.58514755445723 ] } },
{ "type": "Feature", "properties": { "ref_ceh": "9864", "nombre": "LINSOLES", "serv": 0, "comentario": "INT 1993", "muni_id": 22200, "hoja_id": 180, "xutm": 293534, "yutm": 4717830, "xutm30": 785910, "yutm30": 4720647, "long": 0.2902, "lat": 42.3504, "longwgs84": 0.2858, "latwgs84": 42.35, "mna": 1077.5, "mnne": 1077.0, "num_cuenca": 9583, "nae": 9, "naem": 10, "xetrs89": 785803, "yetrs89": 4720436, "cod_saih": null, "cuenca": "EBRO" }, "geometry": { "type": "Point", "coordinates": [ 0.482804173974963, 42.58340564698721 ] } },
{ "type": "Feature", "properties": { "ref_ceh": "9865", "nombre": "BASERCA", "serv": 1, "comentario": "LOS DATOS DE 2001-02 A 2010-11, 2012-13  Y 2015-16 ESTAN PENDIENTES DE REVISION", "muni_id": 22157, "hoja_id": 180, "xutm": 316212, "yutm": 4716639, "xutm30": 808630, "yutm30": 4721066, "long": 0.4538, "lat": 42.3446, "longwgs84": 0.4534, "latwgs84": 42.3442, "mna": 1436.5, "mnne": 1434.5, "num_cuenca": 9510, "nae": 36, "naem": 36, "xetrs89": 808522, "yetrs89": 4720854, "cod_saih": "E065", "cuenca": "EBRO" }, "geometry": { "type": "Point", "coordinates": [ 0.759326028131355, 42.578418966161998 ] } },
{ "type": "Feature", "properties": { "ref_ceh": "9866", "nombre": "LLAUSET", "serv": 1, "comentario": "LOS DATOS DE 2006-07 A 2010-11 Y 2012-13 ESTAN PENDIENTES DE REVISION", "muni_id": 22157, "hoja_id": 180, "xutm": 1295973, "yutm": 4760297, "xutm30": 803305, "yutm30": 4721120, "long": 0.4145, "lat": 42.3456, "longwgs84": 0.4141, "latwgs84": 42.3452, "mna": 2190.0, "mnne": 2192.0, "num_cuenca": 9511, "nae": 28, "naem": 28, "xetrs89": 803197, "yetrs89": 4720909, "cod_saih": null, "cuenca": "EBRO" }, "geometry": { "type": "Point", "coordinates": [ 0.694602793417167, 42.581022394096387 ] } },
{ "type": "Feature", "properties": { "ref_ceh": "9867", "nombre": "SALLENTE", "serv": 1, "comentario": null, "muni_id": 25227, "hoja_id": 181, "xutm": 335408, "yutm": 4707430, "xutm30": 828446, "yutm30": 4713232, "long": 0.5949, "lat": 42.3004, "longwgs84": 0.5945, "latwgs84": 42.296, "mna": 1765.0, "mnne": 1765.0, "num_cuenca": 9483, "nae": 8, "naem": 9, "xetrs89": 828338, "yetrs89": 4713021, "cod_saih": null, "cuenca": "EBRO" }, "geometry": { "type": "Point", "coordinates": [ 0.995731760260698, 42.499878976115156 ] } },
{ "type": "Feature", "properties": { "ref_ceh": "9868", "nombre": "CIURANA", "serv": 1, "comentario": "LOS DATOS DE 2001-02 A 2008-09, 2010-11, 2012-13 Y 2015-16 SON PROVISIONALES SUJETOS A REVISION", "muni_id": 43049, "hoja_id": 445, "xutm": 1331256, "yutm": 4614353, "xutm30": 828042, "yutm30": 4574070, "long": 0.5453, "lat": 41.1503, "longwgs84": 0.5449, "latwgs84": 41.1459, "mna": 0.0, "mnne": 485.9, "num_cuenca": 9651, "nae": 51, "naem": 51, "xetrs89": 827933, "yetrs89": 4573860, "cod_saih": null, "cuenca": "EBRO" }, "geometry": { "type": "Point", "coordinates": [ 0.913654040654535, 41.249632750976062 ] } },
{ "type": "Feature", "properties": { "ref_ceh": "9869", "nombre": "CERTESCANS", "serv": 1, "comentario": "INT 2008. LOS DATOS DE 2006-07 Y 2007-08 SON PROVISIONALES SUJETOS A REVISION", "muni_id": 25123, "hoja_id": 150, "xutm": 1344571, "yutm": 4780054, "xutm30": 852847, "yutm30": 4737240, "long": 1.1829, "lat": 42.4221, "longwgs84": 1.1824, "latwgs84": 42.4217, "mna": 2234.5, "mnne": 2191.5, "num_cuenca": 9947, "nae": 8, "naem": 9, "xetrs89": 852739, "yetrs89": 4737029, "cod_saih": null, "cuenca": "EBRO" }, "geometry": { "type": "Point", "coordinates": [ 1.306748292200026, 42.70475195107089 ] } },
{ "type": "Feature", "properties": { "ref_ceh": "9871", "nombre": "VAL", "serv": 1, "comentario": "LOS DATOS DE 2002-03 SON PROVISIONALES SUJETOS A REVISION", "muni_id": 50106, "hoja_id": 320, "xutm": 600873, "yutm": 4636975, "xutm30": 600873, "yutm30": 4636975, "long": -1.4704, "lat": 41.5239, "longwgs84": -1.4708, "latwgs84": 41.5235, "mna": 627.3, "mnne": 620.0, "num_cuenca": 9243, "nae": 19, "naem": 19, "xetrs89": 600765, "yetrs89": 4636766, "cod_saih": "E071", "cuenca": "EBRO" }, "geometry": { "type": "Point", "coordinates": [ -1.785647584836445, 41.87639939721813 ] } },
{ "type": "Feature", "properties": { "ref_ceh": "9873", "nombre": "IP", "serv": 1, "comentario": null, "muni_id": 22078, "hoja_id": 145, "xutm": 707763, "yutm": 4733453, "xutm30": 707763, "yutm30": 4733453, "long": -0.2745, "lat": 42.4329, "longwgs84": -0.2749, "latwgs84": 42.4325, "mna": 2115.0, "mnne": 2115.0, "num_cuenca": 9993, "nae": 8, "naem": 9, "xetrs89": 707656, "yetrs89": 4733243, "cod_saih": null, "cuenca": "EBRO" }, "geometry": { "type": "Point", "coordinates": [ -0.463740180073073, 42.723617021515075 ] } },
{ "type": "Feature", "properties": { "ref_ceh": "9874", "nombre": "URDALUR", "serv": 1, "comentario": "LOS DATOS DE 2002-03, 2004-05, 2007-08 Y 2008-09 SON PROVISIONALES SUJETOS A REVISION", "muni_id": 31073, "hoja_id": 113, "xutm": 562653, "yutm": 4752077, "xutm30": 562653, "yutm30": 4752077, "long": -2.1357, "lat": 42.5505, "longwgs84": -2.1402, "latwgs84": 42.5501, "mna": null, "mnne": 648.5, "num_cuenca": 9221, "nae": 25, "naem": 26, "xetrs89": 562547, "yetrs89": 4751868, "cod_saih": "E074", "cuenca": "EBRO" }, "geometry": { "type": "Point", "coordinates": [ -2.233664813957232, 42.916867723904801 ] } },
{ "type": "Feature", "properties": { "ref_ceh": "9875", "nombre": "ITOIZ", "serv": 1, "comentario": "LOS DATOS DE 2003-04 Y 2006-07 SON PROVISIONALES SUJETOS A REVISION", "muni_id": 31158, "hoja_id": 142, "xutm": 634110, "yutm": 4740375, "xutm30": 634110, "yutm30": 4740375, "long": -1.2136, "lat": 42.4812, "longwgs84": -1.214, "latwgs84": 42.4808, "mna": 590.0, "mnne": 588.0, "num_cuenca": 9195, "nae": 18, "naem": 19, "xetrs89": 634003, "yetrs89": 4740165, "cod_saih": "E075", "cuenca": "EBRO" }, "geometry": { "type": "Point", "coordinates": [ -1.361221315794266, 42.802315852910262 ] } },
{ "type": "Feature", "properties": { "ref_ceh": "9876", "nombre": "RIALB", "serv": 1, "comentario": "LOS DATOS DE 2007-08 SON PROVISIONALES SUJETOS A REVISION", "muni_id": 25042, "hoja_id": 329, "xutm": 350377, "yutm": 4644854, "xutm30": 847802, "yutm30": 4651801, "long": 1.1142, "lat": 41.4627, "longwgs84": 1.1138, "latwgs84": 41.5623, "mna": 432.8, "mnne": 430.0, "num_cuenca": 9451, "nae": 23, "naem": 24, "xetrs89": 847694, "yetrs89": 4651590, "cod_saih": "E076", "cuenca": "EBRO" }, "geometry": { "type": "Point", "coordinates": [ 1.193945114121848, 41.939662236716963 ] } },
{ "type": "Feature", "properties": { "ref_ceh": "9877", "nombre": "MONTEARAGON", "serv": 1, "comentario": null, "muni_id": 22150, "hoja_id": 248, "xutm": 718012, "yutm": 4673631, "xutm30": 718012, "yutm30": 4673631, "long": -0.2137, "lat": 42.1101, "longwgs84": -0.2141, "latwgs84": 42.1057, "mna": 579.5, "mnne": 579.0, "num_cuenca": 9620, "nae": 11, "naem": 12, "xetrs89": 717904, "yetrs89": 4673421, "cod_saih": "E077", "cuenca": "EBRO" }, "geometry": { "type": "Point", "coordinates": [ -0.361405022959509, 42.182601003523054 ] } },
{ "type": "Feature", "properties": { "ref_ceh": "9879", "nombre": "GUARA", "serv": 1, "comentario": null, "muni_id": 22081, "hoja_id": 248, "xutm": 729260, "yutm": 4679435, "xutm30": 729260, "yutm30": 4679435, "long": -0.1319, "lat": 42.1358, "longwgs84": -0.1323, "latwgs84": 42.1354, "mna": null, "mnne": 789.0, "num_cuenca": 9612, "nae": 22, "naem": 24, "xetrs89": 729153, "yetrs89": 4679225, "cod_saih": "E079", "cuenca": "EBRO" }, "geometry": { "type": "Point", "coordinates": [ -0.223054643650314, 42.231599895034343 ] } },
{ "type": "Feature", "properties": { "ref_ceh": "9880", "nombre": "TABESCAN", "serv": 1, "comentario": null, "muni_id": 25123, "hoja_id": 182, "xutm": 356720, "yutm": 4722192, "xutm30": 848682, "yutm30": 4729485, "long": 1.1509, "lat": 42.3817, "longwgs84": 1.1505, "latwgs84": 42.3813, "mna": 1104.4, "mnne": 1104.4, "num_cuenca": 9471, "nae": 6, "naem": 7, "xetrs89": 848574, "yetrs89": 4729274, "cod_saih": "E080", "cuenca": "EBRO" }, "geometry": { "type": "Point", "coordinates": [ 1.251275471739107, 42.637005380866619 ] } },
{ "type": "Feature", "properties": { "ref_ceh": "9881", "nombre": "VALDABRA", "serv": 1, "comentario": null, "muni_id": 22125, "hoja_id": 286, "xutm": 711487, "yutm": 4660769, "xutm30": 711487, "yutm30": 4660769, "long": -0.2638, "lat": 42.0411, "longwgs84": -0.2642, "latwgs84": 42.0407, "mna": 399.0, "mnne": 399.1, "num_cuenca": 9988, "nae": 25, "naem": 25, "xetrs89": 711379, "yetrs89": 4660559, "cod_saih": "E081", "cuenca": "EBRO" }, "geometry": { "type": "Point", "coordinates": [ -0.444995960178557, 42.06866493824058 ] } },
{ "type": "Feature", "properties": { "ref_ceh": "9882", "nombre": "TORROLLON", "serv": 1, "comentario": null, "muni_id": 22136, "hoja_id": 324, "xutm": 726242, "yutm": 4644689, "xutm30": 726242, "yutm30": 4644689, "long": -0.1618, "lat": 41.5516, "longwgs84": -0.1623, "latwgs84": 41.5512, "mna": 375.7, "mnne": 375.7, "num_cuenca": 9938, "nae": 24, "naem": 25, "xetrs89": 726134, "yetrs89": 4644479, "cod_saih": "E082", "cuenca": "EBRO" }, "geometry": { "type": "Point", "coordinates": [ -0.27302402373803, 41.919894820533194 ] } },
{ "type": "Feature", "properties": { "ref_ceh": "9884", "nombre": "LAVERNE", "serv": 1, "comentario": "REGULADOR DE LA ACEQUIA DE SORA", "muni_id": 50095, "hoja_id": 284, "xutm": 658324, "yutm": 4662024, "xutm30": 658324, "yutm30": 4662024, "long": -1.0508, "lat": 42.0537, "longwgs84": -1.0513, "latwgs84": 42.0533, "mna": 400.2, "mnne": 400.2, "num_cuenca": 9950, "nae": 10, "naem": 11, "xetrs89": 658216, "yetrs89": 4661815, "cod_saih": "E084", "cuenca": "EBRO" }, "geometry": { "type": "Point", "coordinates": [ -1.086849399847114, 42.092477623658851 ] } },
{ "type": "Feature", "properties": { "ref_ceh": "9885", "nombre": "LOTETA, LA", "serv": 1, "comentario": null, "muni_id": 50118, "hoja_id": 353, "xutm": 639161, "yutm": 4631980, "xutm30": 639161, "yutm30": 4631980, "long": -1.1928, "lat": 41.4936, "longwgs84": -1.1932, "latwgs84": 41.4932, "mna": 288.0, "mnne": 18.2, "num_cuenca": 9986, "nae": 13, "naem": 13, "xetrs89": 639053, "yetrs89": 4631771, "cod_saih": "E085", "cuenca": "EBRO" }, "geometry": { "type": "Point", "coordinates": [ -1.325563827560765, 41.825624512165575 ] } },
{ "type": "Feature", "properties": { "ref_ceh": "9886", "nombre": "VALCOMUNA", "serv": 1, "comentario": null, "muni_id": 44147, "hoja_id": 469, "xutm": 258508, "yutm": 4551018, "xutm30": 762608, "yutm30": 4551745, "long": 0.0732, "lat": 41.0426, "longwgs84": 0.0728, "latwgs84": 41.0422, "mna": null, "mnne": 133.1, "num_cuenca": 9643, "nae": 16, "naem": 17, "xetrs89": 762499, "yetrs89": 4551535, "cod_saih": null, "cuenca": "EBRO" }, "geometry": { "type": "Point", "coordinates": [ 0.124438012729295, 41.072722966389641 ] } },
{ "type": "Feature", "properties": { "ref_ceh": "9887", "nombre": "LECHAGO", "serv": 1, "comentario": null, "muni_id": 44050, "hoja_id": 491, "xutm": 643132, "yutm": 4536603, "xutm30": 643132, "yutm30": 4536603, "long": -1.1757, "lat": 40.5802, "longwgs84": -1.1801, "latwgs84": 40.5758, "mna": 891.0, "mnne": null, "num_cuenca": 9276, "nae": 8, "naem": 9, "xetrs89": 643023, "yetrs89": 4536394, "cod_saih": null, "cuenca": "EBRO" }, "geometry": { "type": "Point", "coordinates": [ -1.300304732743857, 40.966182018326663 ] } },
{ "type": "Feature", "properties": { "ref_ceh": "9889", "nombre": "ENCISO", "serv": 1, "comentario": null, "muni_id": 26058, "hoja_id": 280, "xutm": 559785, "yutm": 4666273, "xutm30": 559785, "yutm30": 4666273, "long": -2.1635, "lat": 42.0844, "longwgs84": -2.164, "latwgs84": 42.084, "mna": null, "mnne": null, "num_cuenca": 9158, "nae": 3, "naem": 3, "xetrs89": 559677, "yetrs89": 4666065, "cod_saih": "E089", "cuenca": "EBRO" }, "geometry": { "type": "Point", "coordinates": [ -2.27778308869124, 42.14443264507738 ] } },
{ "type": "Feature", "properties": { "ref_ceh": "9891", "nombre": "PARRAS, LAS", "serv": 1, "comentario": null, "muni_id": 44144, "hoja_id": 517, "xutm": 675545, "yutm": 4521649, "xutm30": 675545, "yutm30": 4521649, "long": -0.5506, "lat": 40.4935, "longwgs84": -0.551, "latwgs84": 40.4931, "mna": null, "mnne": 975.0, "num_cuenca": 9339, "nae": 3, "naem": 4, "xetrs89": 675436, "yetrs89": 4521440, "cod_saih": "E091", "cuenca": "EBRO" }, "geometry": { "type": "Point", "coordinates": [ -0.919550441069083, 40.825239042819945 ] } },
{ "type": "Feature", "properties": { "ref_ceh": "9892", "nombre": "TERROBA", "serv": 1, "comentario": null, "muni_id": 26147, "hoja_id": 242, "xutm": 546992, "yutm": 4679719, "xutm30": 546992, "yutm30": 4679719, "long": -2.2549, "lat": 42.1603, "longwgs84": -2.2553, "latwgs84": 42.1559, "mna": 772.0, "mnne": null, "num_cuenca": 9140, "nae": 3, "naem": 3, "xetrs89": 546884, "yetrs89": 4679511, "cod_saih": "E092", "cuenca": "EBRO" }, "geometry": { "type": "Point", "coordinates": [ -2.431512226940849, 42.266396046145637 ] } },
{ "type": "Feature", "properties": { "ref_ceh": "9893", "nombre": "VALDEPATAO", "serv": 1, "comentario": null, "muni_id": 22077, "hoja_id": 414, "xutm": 254587, "yutm": 4604419, "xutm30": 755005, "yutm30": 4604752, "long": 0.0327, "lat": 41.3311, "longwgs84": 0.0323, "latwgs84": 41.3307, "mna": 361.0, "mnne": null, "num_cuenca": 9948, "nae": 3, "naem": 3, "xetrs89": 754897, "yetrs89": 4604542, "cod_saih": "E093", "cuenca": "EBRO" }, "geometry": { "type": "Point", "coordinates": [ 0.056287124377309, 41.551937906739219 ] } },
{ "type": "Feature", "properties": { "ref_ceh": "9894", "nombre": "FITAS, LAS", "serv": 1, "comentario": null, "muni_id": 22251, "hoja_id": 357, "xutm": 744292, "yutm": 4631547, "xutm30": 744292, "yutm30": 4631547, "long": -0.0335, "lat": 41.4751, "longwgs84": -0.034, "latwgs84": 41.4747, "mna": null, "mnne": null, "num_cuenca": 9937, "nae": 5, "naem": 6, "xetrs89": 744184, "yetrs89": 4631337, "cod_saih": null, "cuenca": "EBRO" }, "geometry": { "type": "Point", "coordinates": [ -0.061045881788077, 41.796309475069783 ] } },
{ "type": "Feature", "properties": { "ref_ceh": "9895", "nombre": "SAN SALVADOR", "serv": 1, "comentario": "DATOS DE RESERVA EN DM3", "muni_id": 22060, "hoja_id": 358, "xutm": 265639, "yutm": 4628438, "xutm30": 764360, "yutm30": 4629485, "long": 0.105, "lat": 41.4621, "longwgs84": 0.1045, "latwgs84": 41.4617, "mna": 298.0, "mnne": null, "num_cuenca": 9941, "nae": 5, "naem": 5, "xetrs89": 764252, "yetrs89": 4629275, "cod_saih": null, "cuenca": "EBRO" }, "geometry": { "type": "Point", "coordinates": [ 0.17922680468236, 41.771336169626913 ] } },
{ "type": "Feature", "properties": { "ref_ceh": "9897", "nombre": "TRAPA, LA", "serv": 1, "comentario": null, "muni_id": 50152, "hoja_id": 469, "xutm": 258023, "yutm": 4560558, "xutm30": 761468, "yutm30": 4561230, "long": 0.0658, "lat": 41.0934, "longwgs84": 0.0654, "latwgs84": 41.093, "mna": 283.1, "mnne": null, "num_cuenca": 9936, "nae": 10, "naem": 11, "xetrs89": 761360, "yetrs89": 4561020, "cod_saih": null, "cuenca": "EBRO" }, "geometry": { "type": "Point", "coordinates": [ 0.114934405831257, 41.158404678515545 ] } },
{ "type": "Feature", "properties": { "ref_ceh": "9898", "nombre": "PUENTE DE SANTOLEA", "serv": 1, "comentario": null, "muni_id": 44071, "hoja_id": 519, "xutm": 724396, "yutm": 4514280, "xutm30": 724396, "yutm30": 4514280, "long": -0.2032, "lat": 40.4453, "longwgs84": -0.2036, "latwgs84": 40.4449, "mna": 596.0, "mnne": null, "num_cuenca": 9364, "nae": 5, "naem": 6, "xetrs89": 724287, "yetrs89": 4514071, "cod_saih": null, "cuenca": "EBRO" }, "geometry": { "type": "Point", "coordinates": [ -0.343414277916262, 40.747031319731683 ] } },
{ "type": "Feature", "properties": { "ref_ceh": "9901", "nombre": "MAIRAGA", "serv": 1, "comentario": null, "muni_id": 31192, "hoja_id": 173, "xutm": 615876, "yutm": 4721751, "xutm30": 615876, "yutm30": 4721751, "long": -1.3512, "lat": 42.3819, "longwgs84": -1.3517, "latwgs84": 42.3815, "mna": 650.5, "mnne": 650.5, "num_cuenca": 9965, "nae": 25, "naem": 25, "xetrs89": 615769, "yetrs89": 4721542, "cod_saih": "E201", "cuenca": "EBRO" }, "geometry": { "type": "Point", "coordinates": [ -1.58794864743323, 42.637630914279214 ] } },
{ "type": "Feature", "properties": { "ref_ceh": "9903", "nombre": "SAN GREGORIO", "serv": 1, "comentario": null, "muni_id": 22165, "hoja_id": 386, "xutm": 253429, "yutm": 4609459, "xutm30": 753500, "yutm30": 4609700, "long": 0.023, "lat": 41.3553, "longwgs84": 0.0225, "latwgs84": 41.3549, "mna": null, "mnne": 361.8, "num_cuenca": 9933, "nae": 3, "naem": 3, "xetrs89": 753392, "yetrs89": 4609490, "cod_saih": "E103", "cuenca": "EBRO" }, "geometry": { "type": "Point", "coordinates": [ 0.040354497014499, 41.596921391500409 ] } },
{ "type": "Feature", "properties": { "ref_ceh": "9904", "nombre": "NAGORE", "serv": 1, "comentario": null, "muni_id": 31028, "hoja_id": 116, "xutm": 632988, "yutm": 4745670, "xutm30": 632988, "yutm30": 4745670, "long": -1.2221, "lat": 42.5105, "longwgs84": -1.2225, "latwgs84": 42.5101, "mna": null, "mnne": null, "num_cuenca": 9194, "nae": 2, "naem": 2, "xetrs89": 632882, "yetrs89": 4745460, "cod_saih": null, "cuenca": "EBRO" }, "geometry": { "type": "Point", "coordinates": [ -1.373675775718933, 42.8501753733469 ] } },
{ "type": "Feature", "properties": { "ref_ceh": "9930", "nombre": "CERECEDA", "serv": 1, "comentario": "LOS DATOS DE 2003-04 Y 2004-05 SON PROVISIONALES SUJETOS A REVISION", "muni_id": 9238, "hoja_id": 136, "xutm": 461769, "yutm": 4737321, "xutm30": 461769, "yutm30": 4737321, "long": -3.2803, "lat": 42.4712, "longwgs84": -3.2807, "latwgs84": 42.4708, "mna": 566.9, "mnne": 566.4, "num_cuenca": 9019, "nae": 17, "naem": 19, "xetrs89": 461662, "yetrs89": 4737114, "cod_saih": null, "cuenca": "EBRO" }, "geometry": { "type": "Point", "coordinates": [ -3.468729927892238, 42.785608915229574 ] } },
{ "type": "Feature", "properties": { "ref_ceh": "1430", "nombre": "RIO COBO", "serv": 1, "comentario": null, "muni_id": 27013, "hoja_id": 3, "xutm": 625742, "yutm": 4837476, "xutm30": 142071, "yutm30": 4845881, "long": -7.2624, "lat": 43.4044, "longwgs84": -7.263, "latwgs84": 43.404, "mna": 49.5, "mnne": 49.0, "num_cuenca": 1983, "nae": 27, "naem": 28, "xetrs89": 141959, "yetrs89": 4845676, "cod_saih": null, "cuenca": "GALICIA" }, "geometry": { "type": "Point", "coordinates": [ -7.441613147872644, 43.677748333014506 ] } },
{ "type": "Feature", "properties": { "ref_ceh": "1445", "nombre": "FORCADAS", "serv": 1, "comentario": null, "muni_id": 15087, "hoja_id": 7, "xutm": 573920, "yutm": 4829810, "xutm30": 89741, "yutm30": 4841976, "long": -8.0502, "lat": 43.3701, "longwgs84": -8.0508, "latwgs84": 43.3657, "mna": 0.0, "mnne": 167.5, "num_cuenca": 1982, "nae": 23, "naem": 23, "xetrs89": 89629, "yetrs89": 4841771, "cod_saih": null, "cuenca": "GALICIA" }, "geometry": { "type": "Point", "coordinates": [ -8.085459013158541, 43.615701656167687 ] } },
{ "type": "Feature", "properties": { "ref_ceh": "1454", "nombre": "RIBEIRA, LA", "serv": 1, "comentario": null, "muni_id": 15070, "hoja_id": 23, "xutm": 594793, "yutm": 4812690, "xutm30": 109361, "yutm30": 4823359, "long": -7.4942, "lat": 43.2737, "longwgs84": -7.4947, "latwgs84": 43.2733, "mna": 0.0, "mnne": 400.4, "num_cuenca": 1262, "nae": 37, "naem": 37, "xetrs89": 109249, "yetrs89": 4823154, "cod_saih": null, "cuenca": "GALICIA" }, "geometry": { "type": "Point", "coordinates": [ -7.829813276245408, 43.45921447952756 ] } },
{ "type": "Feature", "properties": { "ref_ceh": "1456", "nombre": "EUME", "serv": 1, "comentario": null, "muni_id": 15070, "hoja_id": 22, "xutm": 580208, "yutm": 4806718, "xutm30": 94357, "yutm30": 4818443, "long": -8.0034, "lat": 43.243, "longwgs84": -8.0039, "latwgs84": 43.2426, "mna": 320.0, "mnne": 318.0, "num_cuenca": 1272, "nae": 47, "naem": 48, "xetrs89": 94245, "yetrs89": 4818238, "cod_saih": null, "cuenca": "GALICIA" }, "geometry": { "type": "Point", "coordinates": [ -8.010933917943053, 43.407145436889017 ] } },
{ "type": "Feature", "properties": { "ref_ceh": "1507", "nombre": "FERVENZA", "serv": 1, "comentario": null, "muni_id": 15034, "hoja_id": 93, "xutm": 499240, "yutm": 4759689, "xutm30": 10017, "yutm30": 4777243, "long": -9.0034, "lat": 42.5921, "longwgs84": -9.0039, "latwgs84": 42.5917, "mna": 0.0, "mnne": 285.0, "num_cuenca": 1302, "nae": 37, "naem": 37, "xetrs89": 9905, "yetrs89": 4777037, "cod_saih": null, "cuenca": "GALICIA" }, "geometry": { "type": "Point", "coordinates": [ -9.010865531363462, 42.98793255796113 ] } },
{ "type": "Feature", "properties": { "ref_ceh": "1510", "nombre": "VILLAGUDIN", "serv": 1, "comentario": "LOS DATOS DE SALIDAS DEL 10/2000 AL 01/2003 SON PROVISIONALES SUJETOS A REVISION", "muni_id": 15084, "hoja_id": 70, "xutm": 541363, "yutm": 4771652, "xutm30": 53004, "yutm30": 4786186, "long": -8.293, "lat": 43.0544, "longwgs84": -8.2936, "latwgs84": 43.054, "mna": 282.0, "mnne": 279.0, "num_cuenca": 1318, "nae": 13, "naem": 13, "xetrs89": 52892, "yetrs89": 4785980, "cod_saih": null, "cuenca": "GALICIA" }, "geometry": { "type": "Point", "coordinates": [ -8.493291608852067, 43.094538261523162 ] } },
{ "type": "Feature", "properties": { "ref_ceh": "1528", "nombre": "BARRIE DE LA MAZA", "serv": 1, "comentario": "LOS DATOS DE SALIDAS DEL 10/2000 AL 01/2003 SON PROVISIONALES SUJETOS A REVISION", "muni_id": 15056, "hoja_id": 94, "xutm": 516707, "yutm": 4746060, "xutm30": 26514, "yutm30": 4762359, "long": -8.4744, "lat": 42.5158, "longwgs84": -8.4749, "latwgs84": 42.5154, "mna": 248.0, "mnne": 248.0, "num_cuenca": 1330, "nae": 49, "naem": 49, "xetrs89": 26402, "yetrs89": 4762153, "cod_saih": null, "cuenca": "GALICIA" }, "geometry": { "type": "Point", "coordinates": [ -8.797006836570525, 42.865018696228958 ] } },
{ "type": "Feature", "properties": { "ref_ceh": "1546", "nombre": "PORTODEMOUROS", "serv": 1, "comentario": "SE HAN MODIFICADO LOS CAUDALES DESDE 1992/93 A 1994/1995", "muni_id": 15006, "hoja_id": 95, "xutm": 566286, "yutm": 4745413, "xutm30": 76042, "yutm30": 4758170, "long": -8.1119, "lat": 42.5128, "longwgs84": -8.1125, "latwgs84": 42.5123, "mna": 252.8, "mnne": 252.0, "num_cuenca": 1344, "nae": 37, "naem": 37, "xetrs89": 75930, "yetrs89": 4757964, "cod_saih": null, "cuenca": "GALICIA" }, "geometry": { "type": "Point", "coordinates": [ -8.190181723932607, 42.856514300649494 ] } },
{ "type": "Feature", "properties": { "ref_ceh": "5001", "nombre": "TRANCO DE BEAS", "serv": 1, "comentario": null, "muni_id": 23904, "hoja_id": 887, "xutm": 517973, "yutm": 4225334, "xutm30": 517973, "yutm30": 4225334, "long": -2.4741, "lat": 38.103, "longwgs84": -2.4746, "latwgs84": 38.1026, "mna": 0.0, "mnne": 641.5, "num_cuenca": 5003, "nae": 63, "naem": 77, "xetrs89": 517861, "yetrs89": 4225127, "cod_saih": "E01", "cuenca": "GUADALQUIVIR" }, "geometry": { "type": "Point", "coordinates": [ -2.796083253898119, 38.173877320540747 ] } },
{ "type": "Feature", "properties": { "ref_ceh": "5002", "nombre": "DOÑA ALDONZA", "serv": 0, "comentario": "INT 2008", "muni_id": 23092, "hoja_id": 927, "xutm": 472543, "yutm": 4197785, "xutm30": 472543, "yutm30": 4197785, "long": -3.1845, "lat": 37.5538, "longwgs84": -3.1849, "latwgs84": 37.5531, "mna": 0.0, "mnne": 341.5, "num_cuenca": 5051, "nae": 38, "naem": 38, "xetrs89": 472432, "yetrs89": 4197579, "cod_saih": null, "cuenca": "GUADALQUIVIR" }, "geometry": { "type": "Point", "coordinates": [ -3.313677801703535, 37.925351058463924 ] } },
{ "type": "Feature", "properties": { "ref_ceh": "5003", "nombre": "PEDRO MARIN", "serv": 0, "comentario": "CENTRAL FLUYENTE DESDE 2010-11.LOS DATOS DE 2009-10 ESTAN PENDIENTES DE REVISION", "muni_id": 23009, "hoja_id": 927, "xutm": 463824, "yutm": 4196009, "xutm30": 463824, "yutm30": 4196009, "long": -3.2441, "lat": 37.5437, "longwgs84": -3.2446, "latwgs84": 37.5433, "mna": 0.0, "mnne": 320.0, "num_cuenca": 5053, "nae": 41, "naem": 41, "xetrs89": 463712, "yetrs89": 4195803, "cod_saih": "E10", "cuenca": "GUADALQUIVIR" }, "geometry": { "type": "Point", "coordinates": [ -3.412805283872391, 37.909038053341291 ] } },
{ "type": "Feature", "properties": { "ref_ceh": "5004", "nombre": "GUADALEN", "serv": 1, "comentario": null, "muni_id": 23094, "hoja_id": 906, "xutm": 458273, "yutm": 4224073, "xutm30": 458273, "yutm30": 4224073, "long": -3.2835, "lat": 38.0949, "longwgs84": -3.2839, "latwgs84": 38.0942, "mna": 0.0, "mnne": 349.5, "num_cuenca": 5081, "nae": 63, "naem": 67, "xetrs89": 458161, "yetrs89": 4223866, "cod_saih": "E13", "cuenca": "GUADALQUIVIR" }, "geometry": { "type": "Point", "coordinates": [ -3.477590075670681, 38.161718358842094 ] } },
{ "type": "Feature", "properties": { "ref_ceh": "5005", "nombre": "RUMBLAR", "serv": 1, "comentario": null, "muni_id": 23011, "hoja_id": 905, "xutm": 429535, "yutm": 4224103, "xutm30": 429535, "yutm30": 4224103, "long": -3.4816, "lat": 38.0941, "longwgs84": -3.482, "latwgs84": 38.0937, "mna": 343.7, "mnne": 342.0, "num_cuenca": 5106, "nae": 63, "naem": 77, "xetrs89": 429424, "yetrs89": 4223896, "cod_saih": "E19", "cuenca": "GUADALQUIVIR" }, "geometry": { "type": "Point", "coordinates": [ -3.805600624094885, 38.160196780066684 ] } },
{ "type": "Feature", "properties": { "ref_ceh": "5006", "nombre": "MONTORO III", "serv": 1, "comentario": "LOS DATOS DE 2008-09 Y 2009-10 ESTAN PENDIENTES DE REVISION", "muni_id": 13055, "hoja_id": 836, "xutm": 404201, "yutm": 4264875, "xutm30": 404201, "yutm30": 4264875, "long": -4.0556, "lat": 38.3135, "longwgs84": -4.0601, "latwgs84": 38.3131, "mna": 0.0, "mnne": 565.6, "num_cuenca": 5113, "nae": 62, "naem": 66, "xetrs89": 404090, "yetrs89": 4264668, "cod_saih": "E22", "cuenca": "GUADALQUIVIR" }, "geometry": { "type": "Point", "coordinates": [ -4.10028093611348, 38.525242375665762 ] } },
{ "type": "Feature", "properties": { "ref_ceh": "5007", "nombre": "JANDULA", "serv": 1, "comentario": null, "muni_id": 23005, "hoja_id": 883, "xutm": 414829, "yutm": 4231407, "xutm30": 414829, "yutm30": 4231407, "long": -3.5823, "lat": 38.1336, "longwgs84": -3.5827, "latwgs84": 38.1329, "mna": 0.0, "mnne": 360.0, "num_cuenca": 5118, "nae": 63, "naem": 77, "xetrs89": 414718, "yetrs89": 4231200, "cod_saih": "E23", "cuenca": "GUADALQUIVIR" }, "geometry": { "type": "Point", "coordinates": [ -3.974320641049591, 38.224744008480108 ] } },
{ "type": "Feature", "properties": { "ref_ceh": "5008", "nombre": "ENCINAREJO", "serv": 0, "comentario": "INT 2009", "muni_id": 23005, "hoja_id": 904, "xutm": 413105, "yutm": 4224761, "xutm30": 413105, "yutm30": 4224761, "long": -3.5931, "lat": 38.096, "longwgs84": -3.5935, "latwgs84": 38.0953, "mna": 0.0, "mnne": 279.0, "num_cuenca": 5120, "nae": 52, "naem": 65, "xetrs89": 412994, "yetrs89": 4224554, "cod_saih": "E24", "cuenca": "GUADALQUIVIR" }, "geometry": { "type": "Point", "coordinates": [ -3.993200286736442, 38.164690164104691 ] } },
{ "type": "Feature", "properties": { "ref_ceh": "5010", "nombre": "BREÑA II, LA", "serv": 1, "comentario": null, "muni_id": 14005, "hoja_id": 943, "xutm": 320281, "yutm": 4188864, "xutm30": 320281, "yutm30": 4188864, "long": -5.0231, "lat": 37.4944, "longwgs84": -5.0236, "latwgs84": 37.4939, "mna": 125.0, "mnne": 121.0, "num_cuenca": 5206, "nae": 63, "naem": 77, "xetrs89": 320170, "yetrs89": 4188658, "cod_saih": "E36", "cuenca": "GUADALQUIVIR" }, "geometry": { "type": "Point", "coordinates": [ -5.043357984574444, 37.827633833932211 ] } },
{ "type": "Feature", "properties": { "ref_ceh": "5011", "nombre": "PINTADO, EL", "serv": 1, "comentario": null, "muni_id": 41032, "hoja_id": 919, "xutm": 240711, "yutm": 4208355, "xutm30": 240711, "yutm30": 4208355, "long": -5.5708, "lat": 37.5907, "longwgs84": -5.5713, "latwgs84": 37.5902, "mna": 0.0, "mnne": 340.5, "num_cuenca": 5346, "nae": 63, "naem": 73, "xetrs89": 240601, "yetrs89": 4208150, "cod_saih": "E57", "cuenca": "GUADALQUIVIR" }, "geometry": { "type": "Point", "coordinates": [ -5.953556186994268, 37.983940208400192 ] } },
{ "type": "Feature", "properties": { "ref_ceh": "5012", "nombre": "BEMBEZAR", "serv": 1, "comentario": null, "muni_id": 14036, "hoja_id": 921, "xutm": 305734, "yutm": 4197432, "xutm30": 305734, "yutm30": 4197432, "long": -5.1234, "lat": 37.5411, "longwgs84": -5.1239, "latwgs84": 37.5407, "mna": 0.0, "mnne": 182.5, "num_cuenca": 5222, "nae": 60, "naem": 60, "xetrs89": 305623, "yetrs89": 4197227, "cod_saih": "E37", "cuenca": "GUADALQUIVIR" }, "geometry": { "type": "Point", "coordinates": [ -5.210848297182225, 37.901826735400682 ] } },
{ "type": "Feature", "properties": { "ref_ceh": "5013", "nombre": "MINILLA, LA", "serv": 1, "comentario": null, "muni_id": 41083, "hoja_id": 962, "xutm": 748399, "yutm": 4172741, "xutm30": 219160, "yutm30": 4173780, "long": -6.1102, "lat": 37.4004, "longwgs84": -6.1107, "latwgs84": 37.3959, "mna": 0.0, "mnne": 157.5, "num_cuenca": 5366, "nae": 63, "naem": 68, "xetrs89": 219049, "yetrs89": 4173576, "cod_saih": "E63", "cuenca": "GUADALQUIVIR" }, "geometry": { "type": "Point", "coordinates": [ -6.185198547723133, 37.666388730254376 ] } },
{ "type": "Feature", "properties": { "ref_ceh": "5014", "nombre": "CALA", "serv": 1, "comentario": null, "muni_id": 41083, "hoja_id": 940, "xutm": 756740, "yutm": 4178706, "xutm30": 227896, "yutm30": 4179198, "long": -6.0514, "lat": 37.4311, "longwgs84": -6.0517, "latwgs84": 37.4304, "mna": 278.7, "mnne": 278.0, "num_cuenca": 5367, "nae": 63, "naem": 77, "xetrs89": 227785, "yetrs89": 4178993, "cod_saih": "E64", "cuenca": "GUADALQUIVIR" }, "geometry": { "type": "Point", "coordinates": [ -6.088314050440895, 37.717775215126807 ] } },
{ "type": "Feature", "properties": { "ref_ceh": "5015", "nombre": "HORNACHUELOS", "serv": 1, "comentario": null, "muni_id": 14036, "hoja_id": 942, "xutm": 303090, "yutm": 4189125, "xutm30": 303090, "yutm30": 4189125, "long": -5.1414, "lat": 37.494, "longwgs84": -5.1419, "latwgs84": 37.4935, "mna": 0.0, "mnne": 96.5, "num_cuenca": 5222, "nae": 44, "naem": 45, "xetrs89": 302979, "yetrs89": 4188920, "cod_saih": "E38", "cuenca": "GUADALQUIVIR" }, "geometry": { "type": "Point", "coordinates": [ -5.238634764264303, 37.826443611285335 ] } },
{ "type": "Feature", "properties": { "ref_ceh": "5016", "nombre": "ARACENA", "serv": 1, "comentario": null, "muni_id": 21059, "hoja_id": 918, "xutm": 724152, "yutm": 4198879, "xutm30": 196632, "yutm30": 4201430, "long": -6.2701, "lat": 37.5433, "longwgs84": -6.2706, "latwgs84": 37.5429, "mna": 345.5, "mnne": 344.0, "num_cuenca": 5362, "nae": 51, "naem": 51, "xetrs89": 196522, "yetrs89": 4201226, "cod_saih": "E61", "cuenca": "GUADALQUIVIR" }, "geometry": { "type": "Point", "coordinates": [ -6.451749035133561, 37.907983757238988 ] } },
{ "type": "Feature", "properties": { "ref_ceh": "5017", "nombre": "RETORTILLO", "serv": 1, "comentario": "LOS DATOS DE 2009-10 ESTAN PENDIENTES DE REVISION", "muni_id": 14036, "hoja_id": 921, "xutm": 293394, "yutm": 4191007, "xutm30": 293394, "yutm30": 4191007, "long": -5.2053, "lat": 37.5033, "longwgs84": -5.2057, "latwgs84": 37.5028, "mna": 0.0, "mnne": 187.0, "num_cuenca": 5228, "nae": 51, "naem": 51, "xetrs89": 293283, "yetrs89": 4190802, "cod_saih": "E39", "cuenca": "GUADALQUIVIR" }, "geometry": { "type": "Point", "coordinates": [ -5.349259333521377, 37.841247179908756 ] } },
{ "type": "Feature", "properties": { "ref_ceh": "5018", "nombre": "GUADALMENA", "serv": 1, "comentario": null, "muni_id": 23029, "hoja_id": 864, "xutm": 507626, "yutm": 4246363, "xutm30": 507626, "yutm30": 4246363, "long": -2.5446, "lat": 38.2153, "longwgs84": -2.545, "latwgs84": 38.2149, "mna": 600.7, "mnne": 600.7, "num_cuenca": 5071, "nae": 51, "naem": 51, "xetrs89": 507515, "yetrs89": 4246156, "cod_saih": "E15", "cuenca": "GUADALQUIVIR" }, "geometry": { "type": "Point", "coordinates": [ -2.913978754968564, 38.363546390779099 ] } },
{ "type": "Feature", "properties": { "ref_ceh": "5019", "nombre": "MALPASILLO-JAUJA", "serv": 0, "comentario": "INT 2008", "muni_id": 14038, "hoja_id": 1006, "xutm": 351500, "yutm": 4129593, "xutm30": 351500, "yutm30": 4129593, "long": -4.4032, "lat": 37.1802, "longwgs84": -4.4036, "latwgs84": 37.1757, "mna": 0.0, "mnne": 241.0, "num_cuenca": 5288, "nae": 50, "naem": 55, "xetrs89": 351387, "yetrs89": 4129388, "cod_saih": null, "cuenca": "GUADALQUIVIR" }, "geometry": { "type": "Point", "coordinates": [ -4.676788261725331, 37.299250277329257 ] } },
{ "type": "Feature", "properties": { "ref_ceh": "5020", "nombre": "CUBILLAS", "serv": 1, "comentario": null, "muni_id": 18003, "hoja_id": 1009, "xutm": 439623, "yutm": 4125857, "xutm30": 439623, "yutm30": 4125857, "long": -3.4052, "lat": 37.1636, "longwgs84": -3.4056, "latwgs84": 37.1632, "mna": 643.0, "mnne": 641.5, "num_cuenca": 5247, "nae": 63, "naem": 66, "xetrs89": 439511, "yetrs89": 4125651, "cod_saih": "E45", "cuenca": "GUADALQUIVIR" }, "geometry": { "type": "Point", "coordinates": [ -3.682299535007465, 37.275478993639247 ] } },
{ "type": "Feature", "properties": { "ref_ceh": "5021", "nombre": "BERMEJALES, LOS", "serv": 1, "comentario": null, "muni_id": 18020, "hoja_id": 1040, "xutm": 420614, "yutm": 4095015, "xutm30": 420614, "yutm30": 4095015, "long": -3.5332, "lat": 36.595, "longwgs84": -3.5336, "latwgs84": 36.5946, "mna": 0.0, "mnne": 829.0, "num_cuenca": 5269, "nae": 63, "naem": 67, "xetrs89": 420502, "yetrs89": 4094809, "cod_saih": "E46", "cuenca": "GUADALQUIVIR" }, "geometry": { "type": "Point", "coordinates": [ -3.893420115346524, 36.996066414397824 ] } },
{ "type": "Feature", "properties": { "ref_ceh": "5022", "nombre": "TORRE DEL AGUILA", "serv": 1, "comentario": "SALTO DE RESERVA ENTRE 30/09/2016 Y 01/10/2016 POR CAMBIO DE CURVA DE CAPACIDAD", "muni_id": 41095, "hoja_id": 1020, "xutm": 254809, "yutm": 4103266, "xutm30": 254809, "yutm30": 4103266, "long": -5.4525, "lat": 37.0235, "longwgs84": -5.4529, "latwgs84": 37.023, "mna": 0.0, "mnne": 51.0, "num_cuenca": 5414, "nae": 63, "naem": 73, "xetrs89": 254697, "yetrs89": 4103062, "cod_saih": "E68", "cuenca": "GUADALQUIVIR" }, "geometry": { "type": "Point", "coordinates": [ -5.75816890569689, 37.04174838466502 ] } },
{ "type": "Feature", "properties": { "ref_ceh": "5025", "nombre": "CORDOBILLA", "serv": 0, "comentario": "INT 2008", "muni_id": 14056, "hoja_id": 988, "xutm": 347626, "yutm": 4135217, "xutm30": 347626, "yutm30": 4135217, "long": -4.4313, "lat": 37.2104, "longwgs84": -4.4317, "latwgs84": 37.2058, "mna": 0.0, "mnne": 212.5, "num_cuenca": 5292, "nae": 50, "naem": 55, "xetrs89": 347514, "yetrs89": 4135011, "cod_saih": "E50", "cuenca": "GUADALQUIVIR" }, "geometry": { "type": "Point", "coordinates": [ -4.721624967944718, 37.349285621696744 ] } },
{ "type": "Feature", "properties": { "ref_ceh": "5026", "nombre": "IZNAJAR", "serv": 1, "comentario": null, "muni_id": 14058, "hoja_id": 1007, "xutm": 377155, "yutm": 4126590, "xutm30": 377155, "yutm30": 4126590, "long": -4.2308, "lat": 37.164, "longwgs84": -4.2312, "latwgs84": 37.1633, "mna": 0.0, "mnne": 421.1, "num_cuenca": 5286, "nae": 54, "naem": 54, "xetrs89": 377043, "yetrs89": 4126384, "cod_saih": "E48", "cuenca": "GUADALQUIVIR" }, "geometry": { "type": "Point", "coordinates": [ -4.38690226454035, 37.275927291105845 ] } },
{ "type": "Feature", "properties": { "ref_ceh": "5029", "nombre": "BOLERA, LA", "serv": 1, "comentario": null, "muni_id": 23070, "hoja_id": 949, "xutm": 508648, "yutm": 4179646, "xutm30": 508648, "yutm30": 4179646, "long": -2.5407, "lat": 37.4549, "longwgs84": -2.5411, "latwgs84": 37.4544, "mna": 971.4, "mnne": 971.4, "num_cuenca": 5027, "nae": 54, "naem": 54, "xetrs89": 508537, "yetrs89": 4179439, "cod_saih": "E05", "cuenca": "GUADALQUIVIR" }, "geometry": { "type": "Point", "coordinates": [ -2.903076804874395, 37.76223089754582 ] } },
{ "type": "Feature", "properties": { "ref_ceh": "5032", "nombre": "MARMOLEJO", "serv": 0, "comentario": "INT 2009", "muni_id": 23059, "hoja_id": 904, "xutm": 396014, "yutm": 4213184, "xutm30": 396014, "yutm30": 4213184, "long": -4.1107, "lat": 38.0335, "longwgs84": -4.1112, "latwgs84": 38.0331, "mna": 0.0, "mnne": 191.8, "num_cuenca": 5121, "nae": 35, "naem": 35, "xetrs89": 395902, "yetrs89": 4212978, "cod_saih": "E25", "cuenca": "GUADALQUIVIR" }, "geometry": { "type": "Point", "coordinates": [ -4.18658629671642, 38.058569325772702 ] } },
{ "type": "Feature", "properties": { "ref_ceh": "5033", "nombre": "CARPIO, EL", "serv": 0, "comentario": "CENTRAL FLUYENTE DESDE 2010-11", "muni_id": 14018, "hoja_id": 924, "xutm": 369056, "yutm": 4204250, "xutm30": 369056, "yutm30": 4204250, "long": -4.2927, "lat": 37.5833, "longwgs84": -4.2932, "latwgs84": 37.5828, "mna": 138.1, "mnne": 137.3, "num_cuenca": 5149, "nae": 36, "naem": 36, "xetrs89": 368944, "yetrs89": 4204044, "cod_saih": "E78", "cuenca": "GUADALQUIVIR" }, "geometry": { "type": "Point", "coordinates": [ -4.492154115712546, 37.974572645743187 ] } },
{ "type": "Feature", "properties": { "ref_ceh": "5034", "nombre": "CANTILLANA", "serv": 0, "comentario": "CENTRAL FLUYENTE DESDE 2010-11", "muni_id": 41023, "hoja_id": 963, "xutm": 251875, "yutm": 4164506, "xutm30": 251875, "yutm30": 4164506, "long": -5.4837, "lat": 37.3539, "longwgs84": -5.4841, "latwgs84": 37.3532, "mna": 0.0, "mnne": 18.8, "num_cuenca": 5337, "nae": 34, "naem": 34, "xetrs89": 251764, "yetrs89": 4164301, "cod_saih": "E82", "cuenca": "GUADALQUIVIR" }, "geometry": { "type": "Point", "coordinates": [ -5.811589230966734, 37.592321079804428 ] } },
{ "type": "Feature", "properties": { "ref_ceh": "5035", "nombre": "ALCALA DEL RIO", "serv": 0, "comentario": "CENTRAL FLUYENTE DESDE 2010-11. LOS DATOS DE 2009-10 ESTAN PENDIENTES DE REVISION", "muni_id": 41005, "hoja_id": 962, "xutm": 237076, "yutm": 4156774, "xutm30": 237076, "yutm30": 4156774, "long": -5.583, "lat": 37.3112, "longwgs84": -5.5834, "latwgs84": 37.3107, "mna": 12.4, "mnne": 10.0, "num_cuenca": 5355, "nae": 37, "naem": 37, "xetrs89": 236965, "yetrs89": 4156570, "cod_saih": "E60", "cuenca": "GUADALQUIVIR" }, "geometry": { "type": "Point", "coordinates": [ -5.976233761203701, 37.518621288812604 ] } },
{ "type": "Feature", "properties": { "ref_ceh": "5036", "nombre": "PUENTE NUEVO", "serv": 1, "comentario": null, "muni_id": 14073, "hoja_id": 901, "xutm": 331284, "yutm": 4217339, "xutm30": 331284, "yutm30": 4217339, "long": -4.5526, "lat": 38.0517, "longwgs84": -4.553, "latwgs84": 38.0511, "mna": 445.8, "mnne": 445.0, "num_cuenca": 5202, "nae": 45, "naem": 45, "xetrs89": 331173, "yetrs89": 4217133, "cod_saih": "E34", "cuenca": "GUADALQUIVIR" }, "geometry": { "type": "Point", "coordinates": [ -4.925086414218325, 38.086235668568648 ] } },
{ "type": "Feature", "properties": { "ref_ceh": "5037", "nombre": "SIERRA BOYERA", "serv": 1, "comentario": null, "muni_id": 14009, "hoja_id": 879, "xutm": 305621, "yutm": 4237012, "xutm30": 305621, "yutm30": 4237012, "long": -5.1318, "lat": 38.1536, "longwgs84": -5.1322, "latwgs84": 38.153, "mna": 0.0, "mnne": 501.0, "num_cuenca": 5202, "nae": 45, "naem": 45, "xetrs89": 305510, "yetrs89": 4236806, "cod_saih": "E33", "cuenca": "GUADALQUIVIR" }, "geometry": { "type": "Point", "coordinates": [ -5.222902581656921, 38.258251474476289 ] } },
{ "type": "Feature", "properties": { "ref_ceh": "5038", "nombre": "QUENTAR", "serv": 1, "comentario": null, "muni_id": 18168, "hoja_id": 1010, "xutm": 461238, "yutm": 4117720, "xutm30": 461238, "yutm30": 4117720, "long": -3.2613, "lat": 37.1219, "longwgs84": -3.2617, "latwgs84": 37.1212, "mna": 0.0, "mnne": 1040.0, "num_cuenca": 5231, "nae": 45, "naem": 45, "xetrs89": 461126, "yetrs89": 4117514, "cod_saih": "E42", "cuenca": "GUADALQUIVIR" }, "geometry": { "type": "Point", "coordinates": [ -3.438071845986391, 37.203287868740858 ] } },
{ "type": "Feature", "properties": { "ref_ceh": "5039", "nombre": "QUIEBRAJANO", "serv": 1, "comentario": null, "muni_id": 23093, "hoja_id": 969, "xutm": 435828, "yutm": 4165527, "xutm30": 435828, "yutm30": 4165527, "long": -3.4338, "lat": 37.3805, "longwgs84": -3.4342, "latwgs84": 37.3758, "mna": 787.7, "mnne": 785.0, "num_cuenca": 5095, "nae": 44, "naem": 44, "xetrs89": 435716, "yetrs89": 4165321, "cod_saih": "E17", "cuenca": "GUADALQUIVIR" }, "geometry": { "type": "Point", "coordinates": [ -3.728563154702115, 37.632770642054695 ] } },
{ "type": "Feature", "properties": { "ref_ceh": "5040", "nombre": "VILLAFRANCA", "serv": 0, "comentario": "INT 1999", "muni_id": 14067, "hoja_id": 923, "xutm": 359662, "yutm": 4202317, "xutm30": 359662, "yutm30": 4202317, "long": -4.3551, "lat": 37.5727, "longwgs84": -4.3555, "latwgs84": 37.5721, "mna": 121.5, "mnne": 118.8, "num_cuenca": 5151, "nae": 22, "naem": 22, "xetrs89": 359551, "yetrs89": 4202111, "cod_saih": "E79", "cuenca": "GUADALQUIVIR" }, "geometry": { "type": "Point", "coordinates": [ -4.5986844735997, 37.955752380764892 ] } },
{ "type": "Feature", "properties": { "ref_ceh": "5041", "nombre": "RETORTILLO (DERIVACION)", "serv": 1, "comentario": null, "muni_id": 14036, "hoja_id": 942, "xutm": 296597, "yutm": 4180266, "xutm30": 296597, "yutm30": 4180266, "long": -5.1831, "lat": 37.4447, "longwgs84": -5.1836, "latwgs84": 37.4443, "mna": 0.0, "mnne": 90.0, "num_cuenca": 5228, "nae": 36, "naem": 37, "xetrs89": 296486, "yetrs89": 4180061, "cod_saih": "E40", "cuenca": "GUADALQUIVIR" }, "geometry": { "type": "Point", "coordinates": [ -5.309870759320318, 37.745235545971902 ] } },
{ "type": "Feature", "properties": { "ref_ceh": "5042", "nombre": "GERGAL", "serv": 1, "comentario": null, "muni_id": 41049, "hoja_id": 962, "xutm": 760668, "yutm": 4162109, "xutm30": 230754, "yutm30": 4162383, "long": -6.0255, "lat": 37.3409, "longwgs84": -6.0259, "latwgs84": 37.3402, "mna": 0.0, "mnne": 50.0, "num_cuenca": 5368, "nae": 41, "naem": 41, "xetrs89": 230643, "yetrs89": 4162179, "cod_saih": "E65", "cuenca": "GUADALQUIVIR" }, "geometry": { "type": "Point", "coordinates": [ -6.04973311357065, 37.567283346702872 ] } },
{ "type": "Feature", "properties": { "ref_ceh": "5043", "nombre": "NEGRATIN", "serv": 1, "comentario": "REAJUSTE DE COTA EL 01/06/2009", "muni_id": 18078, "hoja_id": 971, "xutm": 504098, "yutm": 4157334, "xutm30": 504098, "yutm30": 4157334, "long": -2.5713, "lat": 37.3345, "longwgs84": -2.5717, "latwgs84": 37.334, "mna": 639.5, "mnne": 637.5, "num_cuenca": 5028, "nae": 37, "naem": 37, "xetrs89": 503987, "yetrs89": 4157127, "cod_saih": "E06", "cuenca": "GUADALQUIVIR" }, "geometry": { "type": "Point", "coordinates": [ -2.954856283759454, 37.561154714632288 ] } },
{ "type": "Feature", "properties": { "ref_ceh": "5044", "nombre": "DAÑADOR", "serv": 1, "comentario": null, "muni_id": 23062, "hoja_id": 864, "xutm": 496684, "yutm": 4251274, "xutm30": 496684, "yutm30": 4251274, "long": -3.0217, "lat": 38.2433, "longwgs84": -3.0221, "latwgs84": 38.2428, "mna": 716.7, "mnne": 713.7, "num_cuenca": 5078, "nae": 32, "naem": 32, "xetrs89": 496572, "yetrs89": 4251067, "cod_saih": "E12", "cuenca": "GUADALQUIVIR" }, "geometry": { "type": "Point", "coordinates": [ -3.03926290219414, 38.40783080667115 ] } },
{ "type": "Feature", "properties": { "ref_ceh": "5045", "nombre": "AGUASCEBAS", "serv": 1, "comentario": null, "muni_id": 23095, "hoja_id": 907, "xutm": 504318, "yutm": 4211027, "xutm30": 504318, "yutm30": 4211027, "long": -2.5703, "lat": 38.0249, "longwgs84": -2.5707, "latwgs84": 38.0242, "mna": 1016.9, "mnne": 1016.0, "num_cuenca": 5996, "nae": 32, "naem": 32, "xetrs89": 504207, "yetrs89": 4210820, "cod_saih": "E02", "cuenca": "GUADALQUIVIR" }, "geometry": { "type": "Point", "coordinates": [ -2.952053447586272, 38.045099435682793 ] } },
{ "type": "Feature", "properties": { "ref_ceh": "5046", "nombre": "GUADANUÑO-CERRO MURIANO", "serv": 1, "comentario": null, "muni_id": 14021, "hoja_id": 902, "xutm": 342189, "yutm": 4209817, "xutm30": 342189, "yutm30": 4209817, "long": -4.4752, "lat": 38.0118, "longwgs84": -4.4757, "latwgs84": 38.0114, "mna": 513.0, "mnne": 512.0, "num_cuenca": 5995, "nae": 32, "naem": 32, "xetrs89": 342078, "yetrs89": 4209611, "cod_saih": "E35", "cuenca": "GUADALQUIVIR" }, "geometry": { "type": "Point", "coordinates": [ -4.799138358179207, 38.020445731682926 ] } },
{ "type": "Feature", "properties": { "ref_ceh": "5047", "nombre": "MARTIN GONZALO", "serv": 1, "comentario": null, "muni_id": 14043, "hoja_id": 903, "xutm": 382609, "yutm": 4217139, "xutm30": 382609, "yutm30": 4217139, "long": -4.2019, "lat": 38.0538, "longwgs84": -4.2024, "latwgs84": 38.0533, "mna": 0.0, "mnne": 282.4, "num_cuenca": 5994, "nae": 32, "naem": 32, "xetrs89": 382497, "yetrs89": 4216933, "cod_saih": "E27", "cuenca": "GUADALQUIVIR" }, "geometry": { "type": "Point", "coordinates": [ -4.340000298970985, 38.092563535924448 ] } },
{ "type": "Feature", "properties": { "ref_ceh": "5048", "nombre": "CANALES", "serv": 1, "comentario": "LOS DATOS DE 2009-10 ESTAN PENDIENTES DE REVISION", "muni_id": 18094, "hoja_id": 1027, "xutm": 457838, "yutm": 4112859, "xutm30": 457838, "yutm30": 4112859, "long": -3.2829, "lat": 37.0938, "longwgs84": -3.2834, "latwgs84": 37.0934, "mna": 962.5, "mnne": 958.0, "num_cuenca": 5230, "nae": 33, "naem": 33, "xetrs89": 457726, "yetrs89": 4112653, "cod_saih": "E41", "cuenca": "GUADALQUIVIR" }, "geometry": { "type": "Point", "coordinates": [ -3.476110262974548, 37.15932370633459 ] } },
{ "type": "Feature", "properties": { "ref_ceh": "5049", "nombre": "YEGUAS", "serv": 1, "comentario": null, "muni_id": 14043, "hoja_id": 903, "xutm": 390395, "yutm": 4214185, "xutm30": 390395, "yutm30": 4214185, "long": -4.1458, "lat": 38.0408, "longwgs84": -4.1502, "latwgs84": 38.0401, "mna": 0.0, "mnne": 248.5, "num_cuenca": 5136, "nae": 32, "naem": 32, "xetrs89": 390283, "yetrs89": 4213979, "cod_saih": "E26", "cuenca": "GUADALQUIVIR" }, "geometry": { "type": "Point", "coordinates": [ -4.250775682126423, 38.066925041094763 ] } },
{ "type": "Feature", "properties": { "ref_ceh": "5050", "nombre": "COLOMERA", "serv": 1, "comentario": null, "muni_id": 18051, "hoja_id": 991, "xutm": 436300, "yutm": 4139738, "xutm30": 436300, "yutm30": 4139738, "long": -3.4311, "lat": 37.2406, "longwgs84": -3.4316, "latwgs84": 37.2401, "mna": 814.4, "mnne": 812.0, "num_cuenca": 5250, "nae": 30, "naem": 31, "xetrs89": 436188, "yetrs89": 4139532, "cod_saih": "E44", "cuenca": "GUADALQUIVIR" }, "geometry": { "type": "Point", "coordinates": [ -3.720974387168549, 37.400369265465677 ] } },
{ "type": "Feature", "properties": { "ref_ceh": "5051", "nombre": "SAN RAFAEL DE NAVALLANA", "serv": 1, "comentario": "LOS DATOS DE 2008-09 ESTAN PENDIENTES DE REVISION", "muni_id": 14021, "hoja_id": 923, "xutm": 357333, "yutm": 4202737, "xutm30": 357333, "yutm30": 4202737, "long": -4.3726, "lat": 37.5738, "longwgs84": -4.3731, "latwgs84": 37.5733, "mna": 159.3, "mnne": 158.0, "num_cuenca": 5162, "nae": 30, "naem": 31, "xetrs89": 357222, "yetrs89": 4202531, "cod_saih": "E30", "cuenca": "GUADALQUIVIR" }, "geometry": { "type": "Point", "coordinates": [ -4.62526837406192, 37.959173124658975 ] } },
{ "type": "Feature", "properties": { "ref_ceh": "5052", "nombre": "FERNANDINA, LA", "serv": 1, "comentario": null, "muni_id": 23094, "hoja_id": 884, "xutm": 450142, "yutm": 4226099, "xutm30": 450142, "yutm30": 4226099, "long": -3.3409, "lat": 38.1053, "longwgs84": -3.3414, "latwgs84": 38.1047, "mna": 454.4, "mnne": 452.5, "num_cuenca": 5084, "nae": 30, "naem": 30, "xetrs89": 450031, "yetrs89": 4225892, "cod_saih": "E14", "cuenca": "GUADALQUIVIR" }, "geometry": { "type": "Point", "coordinates": [ -3.570532032648466, 38.179563016603716 ] } },
{ "type": "Feature", "properties": { "ref_ceh": "5054", "nombre": "ZUFRE", "serv": 1, "comentario": null, "muni_id": 21079, "hoja_id": 939, "xutm": 739535, "yutm": 4186977, "xutm30": 211225, "yutm30": 4188559, "long": -6.1646, "lat": 37.4753, "longwgs84": -6.1651, "latwgs84": 37.4749, "mna": null, "mnne": 250.0, "num_cuenca": 5366, "nae": 30, "naem": 30, "xetrs89": 211115, "yetrs89": 4188355, "cod_saih": "E62", "cuenca": "GUADALQUIVIR" }, "geometry": { "type": "Point", "coordinates": [ -6.280883647445911, 37.79691579139498 ] } },
{ "type": "Feature", "properties": { "ref_ceh": "5055", "nombre": "JOSE TORAN", "serv": 1, "comentario": null, "muni_id": 41055, "hoja_id": 942, "xutm": 281187, "yutm": 4180957, "xutm30": 281187, "yutm30": 4180957, "long": -5.2901, "lat": 37.4457, "longwgs84": -5.2905, "latwgs84": 37.4452, "mna": 150.0, "mnne": 147.3, "num_cuenca": 5310, "nae": 29, "naem": 30, "xetrs89": 281076, "yetrs89": 4180752, "cod_saih": "E54", "cuenca": "GUADALQUIVIR" }, "geometry": { "type": "Point", "coordinates": [ -5.484835720444237, 37.747901605083356 ] } },
{ "type": "Feature", "properties": { "ref_ceh": "5056", "nombre": "HUESNA", "serv": 1, "comentario": null, "muni_id": 41033, "hoja_id": 941, "xutm": 263555, "yutm": 4183888, "xutm30": 263555, "yutm30": 4183888, "long": -5.4104, "lat": 37.4618, "longwgs84": -5.4108, "latwgs84": 37.4612, "mna": 277.6, "mnne": 275.5, "num_cuenca": 5334, "nae": 29, "naem": 30, "xetrs89": 263444, "yetrs89": 4183683, "cod_saih": "E56", "cuenca": "GUADALQUIVIR" }, "geometry": { "type": "Point", "coordinates": [ -5.685723091547518, 37.769903024113532 ] } },
{ "type": "Feature", "properties": { "ref_ceh": "5058", "nombre": "AGRIO", "serv": 1, "comentario": null, "muni_id": 41013, "hoja_id": 961, "xutm": 740054, "yutm": 4157594, "xutm30": 209890, "yutm30": 4159192, "long": -6.1659, "lat": 37.3203, "longwgs84": -6.1703, "latwgs84": 37.3156, "mna": 108.6, "mnne": 106.5, "num_cuenca": 5396, "nae": 28, "naem": 29, "xetrs89": 209779, "yetrs89": 4158988, "cod_saih": "E67", "cuenca": "GUADALQUIVIR" }, "geometry": { "type": "Point", "coordinates": [ -6.284356433370617, 37.532232962265766 ] } },
{ "type": "Feature", "properties": { "ref_ceh": "5059", "nombre": "FRESNEDA, LA (AZUD)", "serv": 0, "comentario": "INT 2008", "muni_id": 13098, "hoja_id": 837, "xutm": 440825, "yutm": 4274642, "xutm30": 440825, "yutm30": 4274642, "long": -3.4047, "lat": 38.3704, "longwgs84": -3.4052, "latwgs84": 38.3659, "mna": 0.0, "mnne": 717.0, "num_cuenca": 5108, "nae": 16, "naem": 17, "xetrs89": 440714, "yetrs89": 4274435, "cod_saih": null, "cuenca": "GUADALQUIVIR" }, "geometry": { "type": "Point", "coordinates": [ -3.680996166786495, 38.616450698273958 ] } },
{ "type": "Feature", "properties": { "ref_ceh": "5060", "nombre": "SAN CLEMENTE", "serv": 1, "comentario": null, "muni_id": 18098, "hoja_id": 929, "xutm": 531094, "yutm": 4190351, "xutm30": 531094, "yutm30": 4190351, "long": -2.3848, "lat": 37.5134, "longwgs84": -2.3852, "latwgs84": 37.513, "mna": 1061.5, "mnne": 1061.0, "num_cuenca": 5015, "nae": 28, "naem": 29, "xetrs89": 530983, "yetrs89": 4190144, "cod_saih": "E03", "cuenca": "GUADALQUIVIR" }, "geometry": { "type": "Point", "coordinates": [ -2.647785238109252, 37.858230195042182 ] } },
{ "type": "Feature", "properties": { "ref_ceh": "5061", "nombre": "PUEBLA DE CAZALLA", "serv": 1, "comentario": null, "muni_id": 41077, "hoja_id": 1021, "xutm": 300822, "yutm": 4111822, "xutm30": 300822, "yutm30": 4111822, "long": -5.1432, "lat": 37.0751, "longwgs84": -5.1437, "latwgs84": 37.0747, "mna": 274.1, "mnne": 271.6, "num_cuenca": 5316, "nae": 27, "naem": 28, "xetrs89": 300710, "yetrs89": 4111617, "cod_saih": "E55", "cuenca": "GUADALQUIVIR" }, "geometry": { "type": "Point", "coordinates": [ -5.243475556928546, 37.12970530342168 ] } },
{ "type": "Feature", "properties": { "ref_ceh": "5062", "nombre": "GUADALMELLATO", "serv": 1, "comentario": null, "muni_id": 14001, "hoja_id": 902, "xutm": 353160, "yutm": 4211980, "xutm30": 353160, "yutm30": 4211980, "long": -4.4024, "lat": 38.0235, "longwgs84": -4.4028, "latwgs84": 38.0249, "mna": 211.5, "mnne": 211.5, "num_cuenca": 5162, "nae": 63, "naem": 77, "xetrs89": 353049, "yetrs89": 4211774, "cod_saih": "E29", "cuenca": "GUADALQUIVIR" }, "geometry": { "type": "Point", "coordinates": [ -4.674645113181179, 38.041777993346095 ] } },
{ "type": "Feature", "properties": { "ref_ceh": "5066", "nombre": "VADOMOJON", "serv": 1, "comentario": "LOS DATOS DE 2008-09 ESTAN PENDIENTES DE REVISION", "muni_id": 14007, "hoja_id": 967, "xutm": 391886, "yutm": 4166654, "xutm30": 391886, "yutm30": 4166654, "long": -4.1331, "lat": 37.3824, "longwgs84": -4.1336, "latwgs84": 37.382, "mna": 365.4, "mnne": 363.5, "num_cuenca": 5178, "nae": 25, "naem": 26, "xetrs89": 391774, "yetrs89": 4166448, "cod_saih": "E32", "cuenca": "GUADALQUIVIR" }, "geometry": { "type": "Point", "coordinates": [ -4.226663677661139, 37.638800796869639 ] } },
{ "type": "Feature", "properties": { "ref_ceh": "5068", "nombre": "FRANCISCO ABELLAN-PEÑON DE LOS GITANOS", "serv": 1, "comentario": null, "muni_id": 18154, "hoja_id": 1010, "xutm": 477454, "yutm": 4129811, "xutm30": 477454, "yutm30": 4129811, "long": -3.1516, "lat": 37.1851, "longwgs84": -3.1521, "latwgs84": 37.1846, "mna": 957.6, "mnne": 955.0, "num_cuenca": 5033, "nae": 22, "naem": 24, "xetrs89": 477342, "yetrs89": 4129605, "cod_saih": "E07", "cuenca": "GUADALQUIVIR" }, "geometry": { "type": "Point", "coordinates": [ -3.25570382250032, 37.312810306372661 ] } },
{ "type": "Feature", "properties": { "ref_ceh": "5070", "nombre": "GIRIBAILE", "serv": 1, "comentario": null, "muni_id": 23046, "hoja_id": 906, "xutm": 455366, "yutm": 4215928, "xutm30": 455366, "yutm30": 4215928, "long": -3.3032, "lat": 38.0522, "longwgs84": -3.3037, "latwgs84": 38.0517, "mna": 349.7, "mnne": 345.5, "num_cuenca": 5074, "nae": 25, "naem": 26, "xetrs89": 455254, "yetrs89": 4215722, "cod_saih": "E16", "cuenca": "GUADALQUIVIR" }, "geometry": { "type": "Point", "coordinates": [ -3.51026103187922, 38.088182160364873 ] } },
{ "type": "Feature", "properties": { "ref_ceh": "5071", "nombre": "PORTILLO, EL", "serv": 1, "comentario": null, "muni_id": 18046, "hoja_id": 950, "xutm": 518824, "yutm": 4184456, "xutm30": 518824, "yutm30": 4184456, "long": -2.471, "lat": 37.4824, "longwgs84": -2.4715, "latwgs84": 37.482, "mna": null, "mnne": 915.5, "num_cuenca": 5025, "nae": 20, "naem": 21, "xetrs89": 518713, "yetrs89": 4184249, "cod_saih": "E04", "cuenca": "GUADALQUIVIR" }, "geometry": { "type": "Point", "coordinates": [ -2.787421932265953, 37.805432603131017 ] } },
{ "type": "Feature", "properties": { "ref_ceh": "5108", "nombre": "VIBORAS", "serv": 1, "comentario": "LOS DATOS DE 2005-06 SON PROVISIONALES SUJETOS A REVISION", "muni_id": 23060, "hoja_id": 968, "xutm": 410841, "yutm": 4166460, "xutm30": 410841, "yutm30": 4166460, "long": -4.0038, "lat": 37.3825, "longwgs84": -4.0043, "latwgs84": 37.3821, "mna": null, "mnne": 544.0, "num_cuenca": 5177, "nae": 16, "naem": 17, "xetrs89": 410729, "yetrs89": 4166254, "cod_saih": "E31", "cuenca": "GUADALQUIVIR" }, "geometry": { "type": "Point", "coordinates": [ -4.011832690820141, 37.639090540402137 ] } },
{ "type": "Feature", "properties": { "ref_ceh": "5123", "nombre": "FRESNEDA", "serv": 1, "comentario": null, "muni_id": 13098, "hoja_id": 837, "xutm": 445265, "yutm": 4268184, "xutm30": 445265, "yutm30": 4268184, "long": -3.3742, "lat": 38.3335, "longwgs84": -3.3746, "latwgs84": 38.3331, "mna": 717.0, "mnne": 717.0, "num_cuenca": 5108, "nae": 13, "naem": 14, "xetrs89": 445154, "yetrs89": 4267977, "cod_saih": "E21", "cuenca": "GUADALQUIVIR" }, "geometry": { "type": "Point", "coordinates": [ -3.629490201791045, 38.5585404515666 ] } },
{ "type": "Feature", "properties": { "ref_ceh": "5125", "nombre": "MELONARES, LOS", "serv": 1, "comentario": null, "muni_id": 41073, "hoja_id": 940, "xutm": 246009, "yutm": 4179157, "xutm30": 246009, "yutm30": 4179157, "long": -5.5254, "lat": 37.4326, "longwgs84": -5.5259, "latwgs84": 37.4321, "mna": null, "mnne": 82.0, "num_cuenca": 5350, "nae": 13, "naem": 13, "xetrs89": 245898, "yetrs89": 4178952, "cod_saih": "E58", "cuenca": "GUADALQUIVIR" }, "geometry": { "type": "Point", "coordinates": [ -5.883052738659739, 37.722608715978431 ] } },
{ "type": "Feature", "properties": { "ref_ceh": "5139", "nombre": "ARENOSO", "serv": 1, "comentario": "LOS DATOS DE 2009-10 ESTAN PENDIENTES DE REVISION", "muni_id": 14043, "hoja_id": 903, "xutm": 373607, "yutm": 4209332, "xutm30": 373607, "yutm30": 4209332, "long": -4.2624, "lat": 38.012, "longwgs84": -4.2624, "latwgs84": 38.012, "mna": 209.0, "mnne": null, "num_cuenca": 5148, "nae": 14, "naem": 14, "xetrs89": 373495, "yetrs89": 4209126, "cod_saih": "E28", "cuenca": "GUADALQUIVIR" }, "geometry": { "type": "Point", "coordinates": [ -4.441249483715184, 38.021007519387048 ] } },
{ "type": "Feature", "properties": { "ref_ceh": "5140", "nombre": "SILES", "serv": 1, "comentario": null, "muni_id": 23082, "hoja_id": 865, "xutm": 533871, "yutm": 4250946, "xutm30": 533871, "yutm30": 4250946, "long": -2.3644, "lat": 38.242, "longwgs84": -2.3648, "latwgs84": 38.2415, "mna": 0.0, "mnne": 702.3, "num_cuenca": 5060, "nae": 6, "naem": 6, "xetrs89": 533760, "yetrs89": 4250739, "cod_saih": "E08", "cuenca": "GUADALQUIVIR" }, "geometry": { "type": "Point", "coordinates": [ -2.613346626757445, 38.40424361423765 ] } },
{ "type": "Feature", "properties": { "ref_ceh": "4001", "nombre": "PEÑARROYA", "serv": 1, "comentario": null, "muni_id": 13019, "hoja_id": 762, "xutm": 499519, "yutm": 4323754, "xutm30": 499519, "yutm30": 4323754, "long": -3.002, "lat": 39.0344, "longwgs84": -3.0025, "latwgs84": 39.034, "mna": 736.5, "mnne": 735.0, "num_cuenca": 4001, "nae": 62, "naem": 62, "xetrs89": 499408, "yetrs89": 4323546, "cod_saih": "E1-01", "cuenca": "GUADIANA" }, "geometry": { "type": "Point", "coordinates": [ -3.006842558054788, 39.061001113475506 ] } },
{ "type": "Feature", "properties": { "ref_ceh": "4002", "nombre": "CIJARA", "serv": 1, "comentario": null, "muni_id": 10017, "hoja_id": 708, "xutm": 326561, "yutm": 4360331, "xutm30": 326561, "yutm30": 4360331, "long": -5.0048, "lat": 39.2228, "longwgs84": -5.0053, "latwgs84": 39.2223, "mna": 429.5, "mnne": 427.5, "num_cuenca": 4059, "nae": 63, "naem": 63, "xetrs89": 326451, "yetrs89": 4360124, "cod_saih": "E2-01", "cuenca": "GUADIANA" }, "geometry": { "type": "Point", "coordinates": [ -5.014764996666107, 39.37315992349415 ] } },
{ "type": "Feature", "properties": { "ref_ceh": "4003", "nombre": "GARCIA DE SOLA", "serv": 1, "comentario": "LOS DATOS DE 2008-09 ESTAN PENDIENTES DE REVISION", "muni_id": 6127, "hoja_id": 756, "xutm": 311310, "yutm": 4335274, "xutm30": 311310, "yutm30": 4335274, "long": -5.11, "lat": 39.0844, "longwgs84": -5.1105, "latwgs84": 39.084, "mna": 363.0, "mnne": 362.6, "num_cuenca": 4065, "nae": 59, "naem": 59, "xetrs89": 311200, "yetrs89": 4335067, "cod_saih": "E2-03", "cuenca": "GUADIANA" }, "geometry": { "type": "Point", "coordinates": [ -5.184683377562147, 39.144338070171877 ] } },
{ "type": "Feature", "properties": { "ref_ceh": "4004", "nombre": "ORELLANA", "serv": 1, "comentario": "LOS DATOS DE 2004-05 SON PROVISIONALES SUJETOS A REVISION", "muni_id": 6097, "hoja_id": 779, "xutm": 280297, "yutm": 4318485, "xutm30": 280297, "yutm30": 4318485, "long": -5.3211, "lat": 38.5914, "longwgs84": -5.3216, "latwgs84": 38.5909, "mna": 320.0, "mnne": 318.0, "num_cuenca": 4065, "nae": 61, "naem": 62, "xetrs89": 280187, "yetrs89": 4318279, "cod_saih": "E2-04", "cuenca": "GUADIANA" }, "geometry": { "type": "Point", "coordinates": [ -5.537820725129622, 38.985929839925426 ] } },
{ "type": "Feature", "properties": { "ref_ceh": "4005", "nombre": "GASSET", "serv": 1, "comentario": null, "muni_id": 13040, "hoja_id": 759, "xutm": 419052, "yutm": 4331681, "xutm30": 419052, "yutm30": 4331681, "long": -3.5611, "lat": 39.0748, "longwgs84": -3.5616, "latwgs84": 39.0743, "mna": 624.0, "mnne": 625.5, "num_cuenca": 4027, "nae": 62, "naem": 77, "xetrs89": 418941, "yetrs89": 4331474, "cod_saih": "E1-05", "cuenca": "GUADIANA" }, "geometry": { "type": "Point", "coordinates": [ -3.93779758225706, 39.128669632428796 ] } },
{ "type": "Feature", "properties": { "ref_ceh": "4006", "nombre": "ZUJAR", "serv": 1, "comentario": "DATOS DE 2003-04 SUJETOS A REVISION. DATOS MODIFICADOS DE SALIDAS 2012-13 (ANUARIO 13-14)", "muni_id": 6048, "hoja_id": 780, "xutm": 285227, "yutm": 4310676, "xutm30": 285227, "yutm30": 4310676, "long": -5.2838, "lat": 38.5505, "longwgs84": -5.2843, "latwgs84": 38.5501, "mna": 320.0, "mnne": 318.0, "num_cuenca": 4082, "nae": 58, "naem": 58, "xetrs89": 285117, "yetrs89": 4310470, "cod_saih": "E2-07", "cuenca": "GUADIANA" }, "geometry": { "type": "Point", "coordinates": [ -5.478501110340031, 38.916849373714321 ] } },
{ "type": "Feature", "properties": { "ref_ceh": "4007", "nombre": "TORRE DE ABRAHAM", "serv": 1, "comentario": null, "muni_id": 13072, "hoja_id": 710, "xutm": 392042, "yutm": 4358617, "xutm30": 392042, "yutm30": 4358617, "long": -4.1512, "lat": 39.2211, "longwgs84": -4.1516, "latwgs84": 39.2206, "mna": 673.7, "mnne": 673.5, "num_cuenca": 4036, "nae": 43, "naem": 43, "xetrs89": 391932, "yetrs89": 4358410, "cod_saih": "E1-09", "cuenca": "GUADIANA" }, "geometry": { "type": "Point", "coordinates": [ -4.254529015434969, 39.368398731485961 ] } },
{ "type": "Feature", "properties": { "ref_ceh": "4008", "nombre": "VICARIO, EL", "serv": 1, "comentario": null, "muni_id": 13034, "hoja_id": 759, "xutm": 413828, "yutm": 4324048, "xutm30": 413828, "yutm30": 4324048, "long": -3.5945, "lat": 39.0338, "longwgs84": -3.595, "latwgs84": 39.0334, "mna": 601.0, "mnne": 595.0, "num_cuenca": 4029, "nae": 43, "naem": 43, "xetrs89": 413717, "yetrs89": 4323841, "cod_saih": "E1-06", "cuenca": "GUADIANA" }, "geometry": { "type": "Point", "coordinates": [ -3.997258204145508, 39.059395634162613 ] } },
{ "type": "Feature", "properties": { "ref_ceh": "4010", "nombre": "SERENA, LA", "serv": 1, "comentario": "LOS DATOS DE 2003-04 A 2005-06, 2008-09 ESTAN PENDIENTES DE REVISION", "muni_id": 6036, "hoja_id": 780, "xutm": 290795, "yutm": 4310001, "xutm30": 290795, "yutm30": 4310001, "long": -5.2446, "lat": 38.5448, "longwgs84": -5.2451, "latwgs84": 38.5444, "mna": 354.0, "mnne": 352.1, "num_cuenca": 4082, "nae": 32, "naem": 33, "xetrs89": 290685, "yetrs89": 4309795, "cod_saih": "E2-06", "cuenca": "GUADIANA" }, "geometry": { "type": "Point", "coordinates": [ -5.41412653510851, 38.912117492276323 ] } },
{ "type": "Feature", "properties": { "ref_ceh": "4011", "nombre": "ALANGE", "serv": 1, "comentario": "LOS DATOS DE 2003-04 A 2005-06, 2011-12, 2012-13 SON PROVISIONALES SUJETOS A REVISION", "muni_id": 6004, "hoja_id": 803, "xutm": 737417, "yutm": 4296940, "xutm30": 216248, "yutm30": 4298461, "long": -6.16, "lat": 38.4719, "longwgs84": -6.1605, "latwgs84": 38.4715, "mna": 275.6, "mnne": 275.6, "num_cuenca": 4109, "nae": 31, "naem": 32, "xetrs89": 216139, "yetrs89": 4298256, "cod_saih": "E2-16", "cuenca": "GUADIANA" }, "geometry": { "type": "Point", "coordinates": [ -6.26800832917224, 38.787374505910925 ] } },
{ "type": "Feature", "properties": { "ref_ceh": "4012", "nombre": "CHANZA", "serv": 1, "comentario": "LOS DATOS DE 2003-04, 2005-06  Y 2016-17 SON PROVISIONALES SUJETOS A REVISION", "muni_id": 21037, "hoja_id": 958, "xutm": 630772, "yutm": 4158034, "xutm30": 100718, "yutm30": 4166615, "long": -7.311, "lat": 37.3334, "longwgs84": -7.3115, "latwgs84": 37.3329, "mna": 63.2, "mnne": 63.0, "num_cuenca": 4162, "nae": 28, "naem": 28, "xetrs89": 100608, "yetrs89": 4166412, "cod_saih": "E3-01", "cuenca": "GUADIANA" }, "geometry": { "type": "Point", "coordinates": [ -7.520812989199567, 37.558179226816172 ] } },
{ "type": "Feature", "properties": { "ref_ceh": "4013", "nombre": "CORNALBO", "serv": 1, "comentario": "CAMBIO DE CAPACIDAD DEL EMBALSE DESDE ANUARIO 2012-13", "muni_id": 6083, "hoja_id": 777, "xutm": 743421, "yutm": 4319484, "xutm30": 223723, "yutm30": 4320567, "long": -6.1123, "lat": 38.5924, "longwgs84": -6.1128, "latwgs84": 38.5919, "mna": null, "mnne": 307.5, "num_cuenca": 4111, "nae": 25, "naem": 26, "xetrs89": 223614, "yetrs89": 4320361, "cod_saih": "E2-17", "cuenca": "GUADIANA" }, "geometry": { "type": "Point", "coordinates": [ -6.190970878506038, 38.988639637194161 ] } },
{ "type": "Feature", "properties": { "ref_ceh": "4014", "nombre": "PROSERPINA", "serv": 1, "comentario": null, "muni_id": 6083, "hoja_id": 777, "xutm": 728288, "yutm": 4316938, "xutm30": 208450, "yutm30": 4319023, "long": -6.2154, "lat": 38.5816, "longwgs84": -6.2159, "latwgs84": 38.5811, "mna": 245.0, "mnne": 244.6, "num_cuenca": 4980, "nae": 25, "naem": 26, "xetrs89": 208341, "yetrs89": 4318817, "cod_saih": "E2-18", "cuenca": "GUADIANA" }, "geometry": { "type": "Point", "coordinates": [ -6.366368052052517, 38.96979742482344 ] } },
{ "type": "Feature", "properties": { "ref_ceh": "4015", "nombre": "VILLAR DEL REY", "serv": 1, "comentario": "LOS DATOS DE 2008-09 Y DE 2011-12 A 2016-17 ESTAN PENDIENTES DE REVISION", "muni_id": 6155, "hoja_id": 750, "xutm": 684467, "yutm": 4336019, "xutm30": 165955, "yutm30": 4340969, "long": -6.5155, "lat": 39.0911, "longwgs84": -6.52, "latwgs84": 39.0907, "mna": 245.9, "mnne": 242.9, "num_cuenca": 4138, "nae": 25, "naem": 26, "xetrs89": 165847, "yetrs89": 4340763, "cod_saih": "E2-24", "cuenca": "GUADIANA" }, "geometry": { "type": "Point", "coordinates": [ -6.866631346213026, 39.151942726313976 ] } },
{ "type": "Feature", "properties": { "ref_ceh": "4016", "nombre": "MONTIJO", "serv": 1, "comentario": "LOS DATOS DE 2003-04 A 2005-06, 2008-09, 2011-12, 2015-16 Y 2016-17 ESTAN PENDIENTES DE REVISION", "muni_id": 6083, "hoja_id": 777, "xutm": 723013, "yutm": 4311650, "xutm30": 202836, "yutm30": 4314092, "long": -6.2539, "lat": 38.5529, "longwgs84": -6.2544, "latwgs84": 38.5525, "mna": 204.1, "mnne": 202.1, "num_cuenca": 4114, "nae": 25, "naem": 26, "xetrs89": 202727, "yetrs89": 4313887, "cod_saih": "E2-19", "cuenca": "GUADIANA" }, "geometry": { "type": "Point", "coordinates": [ -6.428918839085257, 38.923564614293944 ] } },
{ "type": "Feature", "properties": { "ref_ceh": "4017", "nombre": "MOLINOS DE MATACHEL, LOS", "serv": 1, "comentario": "LOS DATOS DE 2011-12 ESTAN PENDIENTES DE REVISION", "muni_id": 6069, "hoja_id": 830, "xutm": 751060, "yutm": 4269116, "xutm30": 228044, "yutm30": 4269798, "long": -6.0711, "lat": 38.3204, "longwgs84": -6.0716, "latwgs84": 38.3159, "mna": 351.8, "mnne": 350.0, "num_cuenca": 4104, "nae": 25, "naem": 26, "xetrs89": 227934, "yetrs89": 4269593, "cod_saih": "E2-15", "cuenca": "GUADIANA" }, "geometry": { "type": "Point", "coordinates": [ -6.121182221357006, 38.53316979896676 ] } },
{ "type": "Feature", "properties": { "ref_ceh": "4018", "nombre": "BOQUERON, EL", "serv": 1, "comentario": "LOS DATOS DE 2013-14 A 2015-16 ESTAN PENDIENTES DE REVISION", "muni_id": 6038, "hoja_id": 752, "xutm": 723219, "yutm": 4336934, "xutm30": 204710, "yutm30": 4339319, "long": -6.2501, "lat": 39.0908, "longwgs84": -6.2506, "latwgs84": 39.0904, "mna": 330.7, "mnne": 330.0, "num_cuenca": 4998, "nae": 25, "naem": 26, "xetrs89": 204601, "yetrs89": 4339113, "cod_saih": "E2-21", "cuenca": "GUADIANA" }, "geometry": { "type": "Point", "coordinates": [ -6.418267251517121, 39.151112121847717 ] } },
{ "type": "Feature", "properties": { "ref_ceh": "4019", "nombre": "HORNO TEJERO", "serv": 1, "comentario": "LOS DATOS DE 2008-09, 2009-10, 2012-13 Y 2013-14, 2015-16 Y 2016-17 ESTAN PENDIENTES DE REVISION", "muni_id": 6038, "hoja_id": 752, "xutm": 721934, "yutm": 4337051, "xutm30": 203435, "yutm30": 4339521, "long": -6.2554, "lat": 39.0913, "longwgs84": -6.2559, "latwgs84": 39.0909, "mna": 324.8, "mnne": 324.0, "num_cuenca": 4115, "nae": 25, "naem": 26, "xetrs89": 203326, "yetrs89": 4339315, "cod_saih": "E2-20", "cuenca": "GUADIANA" }, "geometry": { "type": "Point", "coordinates": [ -6.43308486752126, 39.152495652333506 ] } },
{ "type": "Feature", "properties": { "ref_ceh": "4020", "nombre": "TENTUDIA", "serv": 1, "comentario": "LOS DATOS DE 2008-09, 2014-15, 2015-16, 2016-17 Y 2018-19 ESTAN PENDIENTES DE REVISION", "muni_id": 6026, "hoja_id": 897, "xutm": 735482, "yutm": 4220406, "xutm30": 209332, "yutm30": 4222191, "long": -6.1853, "lat": 38.0601, "longwgs84": -6.1857, "latwgs84": 38.0556, "mna": 669.5, "mnne": 668.0, "num_cuenca": 4997, "nae": 25, "naem": 26, "xetrs89": 209222, "yetrs89": 4221986, "cod_saih": "E2-28", "cuenca": "GUADIANA" }, "geometry": { "type": "Point", "coordinates": [ -6.315937293968645, 38.098924217887365 ] } },
{ "type": "Feature", "properties": { "ref_ceh": "4021", "nombre": "CANCHALES, LOS", "serv": 1, "comentario": "LOS DATOS DE 2008-09, 2013-14, 2015-16 Y 2016-17 ESTAN PENDIENTES DE REVISION", "muni_id": 6088, "hoja_id": 776, "xutm": 714763, "yutm": 4315933, "xutm30": 194882, "yutm30": 4318911, "long": -6.3117, "lat": 38.5755, "longwgs84": -6.3122, "latwgs84": 38.5751, "mna": 224.6, "mnne": 222.1, "num_cuenca": 4115, "nae": 25, "naem": 26, "xetrs89": 194773, "yetrs89": 4318706, "cod_saih": "E2-22", "cuenca": "GUADIANA" }, "geometry": { "type": "Point", "coordinates": [ -6.522652534245387, 38.964179240804526 ] } },
{ "type": "Feature", "properties": { "ref_ceh": "4038", "nombre": "CANCHO DEL FRESNO", "serv": 1, "comentario": "LOS DATOS DE 2018-19 ESTAN PENDIENTES DE REVISION", "muni_id": 10044, "hoja_id": 707, "xutm": 294262, "yutm": 4363326, "xutm30": 294262, "yutm30": 4363326, "long": -5.232, "lat": 39.2339, "longwgs84": -5.2325, "latwgs84": 39.2335, "mna": 628.5, "mnne": 626.0, "num_cuenca": 4086, "nae": 14, "naem": 14, "xetrs89": 294152, "yetrs89": 4363120, "cod_saih": "E2-08", "cuenca": "GUADIANA" }, "geometry": { "type": "Point", "coordinates": [ -5.390369426844591, 39.393038969100864 ] } },
{ "type": "Feature", "properties": { "ref_ceh": "4041", "nombre": "MARISANCHEZ (CABEZUELA, LA)", "serv": 1, "comentario": "LOS DATOS DE 2009-10 ESTAN PENDIENTES DE REVISION", "muni_id": 13087, "hoja_id": 812, "xutm": 476050, "yutm": 4282791, "xutm30": 476050, "yutm30": 4282791, "long": -3.1631, "lat": 38.4134, "longwgs84": -3.1636, "latwgs84": 38.413, "mna": 763.6, "mnne": 763.0, "num_cuenca": 4030, "nae": 21, "naem": 21, "xetrs89": 475939, "yetrs89": 4282584, "cod_saih": "E1-07", "cuenca": "GUADIANA" }, "geometry": { "type": "Point", "coordinates": [ -3.276669634797944, 38.691542995354602 ] } },
{ "type": "Feature", "properties": { "ref_ceh": "4043", "nombre": "RUECAS", "serv": 1, "comentario": null, "muni_id": 10109, "hoja_id": 732, "xutm": 284743, "yutm": 4349661, "xutm30": 284743, "yutm30": 4349661, "long": -5.2942, "lat": 39.1608, "longwgs84": -5.2947, "latwgs84": 39.1604, "mna": 390.6, "mnne": 389.1, "num_cuenca": 4086, "nae": 14, "naem": 14, "xetrs89": 284633, "yetrs89": 4349455, "cod_saih": "E2-09", "cuenca": "GUADIANA" }, "geometry": { "type": "Point", "coordinates": [ -5.496429885344301, 39.267700377103097 ] } },
{ "type": "Feature", "properties": { "ref_ceh": "4044", "nombre": "SIERRA BRAVA", "serv": 1, "comentario": "LOS DATOS DE 2018-19 ESTAN PENDIENTES DE REVISION", "muni_id": 10219, "hoja_id": 731, "xutm": 271653, "yutm": 4341721, "xutm30": 271653, "yutm30": 4341721, "long": -5.3838, "lat": 39.1139, "longwgs84": -5.3843, "latwgs84": 39.1134, "mna": 331.6, "mnne": 331.6, "num_cuenca": 4087, "nae": 14, "naem": 14, "xetrs89": 271543, "yetrs89": 4341515, "cod_saih": "E2-11", "cuenca": "GUADIANA" }, "geometry": { "type": "Point", "coordinates": [ -5.645329167851511, 39.192879083287281 ] } },
{ "type": "Feature", "properties": { "ref_ceh": "4045", "nombre": "VEGA DEL JABALON, LA", "serv": 1, "comentario": null, "muni_id": 13027, "hoja_id": 811, "xutm": 431965, "yutm": 4290640, "xutm30": 431965, "yutm30": 4290640, "long": -3.4659, "lat": 38.454, "longwgs84": -3.4704, "latwgs84": 38.4536, "mna": 640.3, "mnne": 639.0, "num_cuenca": 4030, "nae": 21, "naem": 21, "xetrs89": 431854, "yetrs89": 4290433, "cod_saih": "E1-08", "cuenca": "GUADIANA" }, "geometry": { "type": "Point", "coordinates": [ -3.784331809386238, 38.759972083196502 ] } },
{ "type": "Feature", "properties": { "ref_ceh": "4047", "nombre": "CUBILAR", "serv": 1, "comentario": "LOS DATOS DE 2013-14, 2016-17 Y 2018-19 ESTAN PENDIENTES DE REVISION", "muni_id": 10109, "hoja_id": 732, "xutm": 286373, "yutm": 4346299, "xutm30": 286373, "yutm30": 4346299, "long": -5.2831, "lat": 39.1421, "longwgs84": -5.2835, "latwgs84": 39.1416, "mna": 352.0, "mnne": 350.5, "num_cuenca": 4988, "nae": 14, "naem": 14, "xetrs89": 286263, "yetrs89": 4346093, "cod_saih": "E2-13", "cuenca": "GUADIANA" }, "geometry": { "type": "Point", "coordinates": [ -5.476486744713081, 39.237837292805139 ] } },
{ "type": "Feature", "properties": { "ref_ceh": "4048", "nombre": "GARGALIGAS", "serv": 1, "comentario": "LOS DATOS DE 2011-12, 2013-14 Y 2016-17 ESTAN PENDIENTES DE REVISION", "muni_id": 6102, "hoja_id": 732, "xutm": 296595, "yutm": 4340411, "xutm30": 296595, "yutm30": 4340411, "long": -5.2118, "lat": 39.1119, "longwgs84": -5.2123, "latwgs84": 39.1114, "mna": 357.2, "mnne": 355.6, "num_cuenca": 4089, "nae": 14, "naem": 14, "xetrs89": 296485, "yetrs89": 4340205, "cod_saih": "E2-12", "cuenca": "GUADIANA" }, "geometry": { "type": "Point", "coordinates": [ -5.356371089302488, 39.1872828658326 ] } },
{ "type": "Feature", "properties": { "ref_ceh": "4050", "nombre": "PUERTO VALLEHERMOSO", "serv": 1, "comentario": null, "muni_id": 13010, "hoja_id": 787, "xutm": 485450, "yutm": 4302455, "xutm30": 485450, "yutm30": 4302455, "long": -3.1004, "lat": 38.5213, "longwgs84": -3.1008, "latwgs84": 38.5208, "mna": 750.0, "mnne": 749.5, "num_cuenca": 4004, "nae": 21, "naem": 21, "xetrs89": 485339, "yetrs89": 4302248, "cod_saih": "E1-02", "cuenca": "GUADIANA" }, "geometry": { "type": "Point", "coordinates": [ -3.169000385327553, 38.868953998658178 ] } },
{ "type": "Feature", "properties": { "ref_ceh": "4051", "nombre": "PUENTE NAVARRO", "serv": 1, "comentario": "LOS DATOS DE 2012-13 ESTAN PENDIENTES DE REVISION", "muni_id": 13039, "hoja_id": 760, "xutm": 434336, "yutm": 4329734, "xutm30": 434336, "yutm30": 4329734, "long": -3.4534, "lat": 39.0649, "longwgs84": -3.4539, "latwgs84": 39.0645, "mna": 606.3, "mnne": 606.0, "num_cuenca": 4025, "nae": 11, "naem": 11, "xetrs89": 434225, "yetrs89": 4329527, "cod_saih": "E1-03", "cuenca": "GUADIANA" }, "geometry": { "type": "Point", "coordinates": [ -3.760799614682291, 39.1124148863409 ] } },
{ "type": "Feature", "properties": { "ref_ceh": "4083", "nombre": "ANDEVALO", "serv": 1, "comentario": "LOS DATOS DE 2011-12 ESTAN PENDIENTES DE REVISION", "muni_id": 21003, "hoja_id": 958, "xutm": 641893, "yutm": 4164634, "xutm30": 112257, "yutm30": 4172500, "long": -7.2332, "lat": 37.3702, "longwgs84": -7.2337, "latwgs84": 37.3658, "mna": 113.5, "mnne": 112.0, "num_cuenca": 4157, "nae": 14, "naem": 14, "xetrs89": 112148, "yetrs89": 4172298, "cod_saih": "E3-10", "cuenca": "GUADIANA" }, "geometry": { "type": "Point", "coordinates": [ -7.39366010271952, 37.616002772908217 ] } },
{ "type": "Feature", "properties": { "ref_ceh": "4183", "nombre": "LAVADERO O RUECAS (AZUD)", "serv": 1, "comentario": "LOS DATOS DE 2008-09 A 2011-12 Y 2013-14 ESTAN PENDIENTES DE REVISION", "muni_id": 10109, "hoja_id": 731, "xutm": 282308, "yutm": 4345908, "xutm30": 282308, "yutm30": 4345908, "long": -5.3119, "lat": 39.1404, "longwgs84": -5.3124, "latwgs84": 39.14, "mna": null, "mnne": 338.5, "num_cuenca": 4086, "nae": 14, "naem": 14, "xetrs89": 282198, "yetrs89": 4345702, "cod_saih": "E2-10", "cuenca": "GUADIANA" }, "geometry": { "type": "Point", "coordinates": [ -5.523417821906136, 39.233306770859009 ] } },
{ "type": "Feature", "properties": { "ref_ceh": "8001", "nombre": "ALARCON", "serv": 1, "comentario": "DESDE 06/95 SALIDAS NO INCLUYE EL TRASVASE TAJO-SEGURA.DATOS 2002-05, 2008-10, 2013-14, 2015-17 Y 2018-19 EN REVISION", "muni_id": 16003, "hoja_id": 691, "xutm": 576382, "yutm": 4380018, "xutm30": 576382, "yutm30": 4380018, "long": -2.0639, "lat": 39.3357, "longwgs84": -2.0643, "latwgs84": 39.3353, "mna": 0.0, "mnne": 806.0, "num_cuenca": 8048, "nae": 63, "naem": 77, "xetrs89": 576272, "yetrs89": 4379810, "cod_saih": "400", "cuenca": "JUCAR" }, "geometry": { "type": "Point", "coordinates": [ -2.112084102973684, 39.56459687798224 ] } },
{ "type": "Feature", "properties": { "ref_ceh": "8002", "nombre": "ALCORA", "serv": 1, "comentario": "LOS DATOS DE 2002-03. 2004-05, 2005-06 Y 2016-17  SON PROVISIONALES SUJETOS A REVISION. ENTRADAS EN REVISION", "muni_id": 12005, "hoja_id": 615, "xutm": 737280, "yutm": 4442540, "xutm30": 737280, "yutm30": 4442540, "long": -0.1259, "lat": 40.0557, "longwgs84": -0.1304, "latwgs84": 40.0552, "mna": 303.0, "mnne": 302.5, "num_cuenca": 8200, "nae": 63, "naem": 64, "xetrs89": 737170, "yetrs89": 4442331, "cod_saih": "100", "cuenca": "JUCAR" }, "geometry": { "type": "Point", "coordinates": [ -0.217734275967501, 40.09787442314132 ] } },
{ "type": "Feature", "properties": { "ref_ceh": "8003", "nombre": "ALMANSA", "serv": 1, "comentario": "LOS DATOS DE 2002-03. 2004-06, 2016-17 Y 2018-19  SON PROVISIONALES SUJETOS A REVISION. ENTRADAS EN REVISION", "muni_id": 2009, "hoja_id": 793, "xutm": 660059, "yutm": 4304699, "xutm30": 660059, "yutm30": 4304699, "long": -1.0917, "lat": 38.5236, "longwgs84": -1.0922, "latwgs84": 38.5229, "mna": 0.0, "mnne": 739.0, "num_cuenca": 8998, "nae": 62, "naem": 71, "xetrs89": 659949, "yetrs89": 4304491, "cod_saih": "700000000000", "cuenca": "JUCAR" }, "geometry": { "type": "Point", "coordinates": [ -1.156153206782542, 38.87473012235818 ] } },
{ "type": "Feature", "properties": { "ref_ceh": "8004", "nombre": "AMADORIO", "serv": 1, "comentario": "ENTRADAS EN REVISION. DATOS 2018-19 PROVISIONALES SUJETOS A REVISION", "muni_id": 3139, "hoja_id": 847, "xutm": 738513, "yutm": 4268781, "xutm30": 738513, "yutm30": 4268781, "long": -0.1549, "lat": 38.3205, "longwgs84": -0.1554, "latwgs84": 38.3201, "mna": 0.0, "mnne": 127.0, "num_cuenca": 8017, "nae": 63, "naem": 64, "xetrs89": 738403, "yetrs89": 4268573, "cod_saih": "80", "cuenca": "JUCAR" }, "geometry": { "type": "Point", "coordinates": [ -0.26491595739279, 38.53364397249721 ] } },
{ "type": "Feature", "properties": { "ref_ceh": "8005", "nombre": "ARENOS", "serv": 1, "comentario": "ENTRADAS EN REVISION. DATOS 2018-19 PROVISIONALES SUJETOS A REVISION", "muni_id": 12079, "hoja_id": 614, "xutm": 709064, "yutm": 4440386, "xutm30": 709064, "yutm30": 4440386, "long": -0.3253, "lat": 40.0513, "longwgs84": -0.3257, "latwgs84": 40.051, "mna": 0.0, "mnne": 600.0, "num_cuenca": 8184, "nae": 39, "naem": 39, "xetrs89": 708954, "yetrs89": 4440177, "cod_saih": "200", "cuenca": "JUCAR" }, "geometry": { "type": "Point", "coordinates": [ -0.549129575018747, 40.085962044828747 ] } },
{ "type": "Feature", "properties": { "ref_ceh": "8006", "nombre": "ARQUILLO DE SAN BLAS", "serv": 1, "comentario": "ENTRADAS EN REVISION. DATOS 2013-14 Y 2018-19 PROVISIONALES SUJETOS A REVISION", "muni_id": 44216, "hoja_id": 566, "xutm": 652520, "yutm": 4469922, "xutm30": 652520, "yutm30": 4469922, "long": -1.1213, "lat": 40.2155, "longwgs84": -1.1218, "latwgs84": 40.2151, "mna": 977.0, "mnne": 974.2, "num_cuenca": 8134, "nae": 54, "naem": 54, "xetrs89": 652411, "yetrs89": 4469713, "cod_saih": "30", "cuenca": "JUCAR" }, "geometry": { "type": "Point", "coordinates": [ -1.204963562759608, 40.36406819944802 ] } },
{ "type": "Feature", "properties": { "ref_ceh": "8007", "nombre": "BENIARRES", "serv": 1, "comentario": "LOS DATOS DE 2008-09, 2009-10, 2016-17 Y 2018-19 ESTAN PENDIENTES DE REVISION. ENTRADAS EN REVISION", "muni_id": 3028, "hoja_id": 821, "xutm": 729642, "yutm": 4299767, "xutm30": 729642, "yutm30": 4299767, "long": -0.2119, "lat": 38.4858, "longwgs84": -0.2123, "latwgs84": 38.4854, "mna": 0.0, "mnne": 318.0, "num_cuenca": 8029, "nae": 63, "naem": 64, "xetrs89": 729532, "yetrs89": 4299559, "cod_saih": "90", "cuenca": "JUCAR" }, "geometry": { "type": "Point", "coordinates": [ -0.356339544628749, 38.814921160115247 ] } },
{ "type": "Feature", "properties": { "ref_ceh": "8008", "nombre": "BUSEO", "serv": 1, "comentario": "DATOS 2003-05, 2008-09, 2012-13, 2016-17 Y 2018-19 PROVISIONALES. ENTRADAS EN REVISION. RESERVA 17-01-2015 EN REVISION", "muni_id": 46234, "hoja_id": 694, "xutm": 677030, "yutm": 4385102, "xutm30": 677030, "yutm30": 4385102, "long": 0.5618, "lat": 39.3551, "longwgs84": -0.5622, "latwgs84": 39.3544, "mna": 0.0, "mnne": 478.0, "num_cuenca": 8157, "nae": 63, "naem": 77, "xetrs89": 676920, "yetrs89": 4384893, "cod_saih": "6000", "cuenca": "JUCAR" }, "geometry": { "type": "Point", "coordinates": [ -0.939549652846692, 39.595515432103603 ] } },
{ "type": "Feature", "properties": { "ref_ceh": "8009", "nombre": "CONTRERAS", "serv": 1, "comentario": "ENTRADAS EN REVISION", "muni_id": 46259, "hoja_id": 693, "xutm": 628756, "yutm": 4378377, "xutm30": 628756, "yutm30": 4378377, "long": -1.3006, "lat": 39.3241, "longwgs84": -1.301, "latwgs84": 39.3237, "mna": 673.0, "mnne": 669.0, "num_cuenca": 8089, "nae": 48, "naem": 48, "xetrs89": 628646, "yetrs89": 4378169, "cod_saih": "50", "cuenca": "JUCAR" }, "geometry": { "type": "Point", "coordinates": [ -1.502848821981613, 39.543559405586549 ] } },
{ "type": "Feature", "properties": { "ref_ceh": "8012", "nombre": "EMBARCADEROS", "serv": 0, "comentario": "INT 1988", "muni_id": 46097, "hoja_id": 745, "xutm": 669713, "yutm": 4345601, "xutm30": 669713, "yutm30": 4345601, "long": -1.02, "lat": 39.1435, "longwgs84": -1.0205, "latwgs84": 39.1429, "mna": 325.5, "mnne": 321.0, "num_cuenca": 8098, "nae": 19, "naem": 19, "xetrs89": 669603, "yetrs89": 4345393, "cod_saih": null, "cuenca": "JUCAR" }, "geometry": { "type": "Point", "coordinates": [ -1.034734684294937, 39.241283061443859 ] } },
{ "type": "Feature", "properties": { "ref_ceh": "8013", "nombre": "FORATA", "serv": 1, "comentario": "LOS DATOS DE 2003-04, 2004-05 Y 2018-19 SON PROVISIONALES SUJETOS A REVISION. ENTRADAS EN REVISION", "muni_id": 46261, "hoja_id": 720, "xutm": 684105, "yutm": 4356997, "xutm30": 684105, "yutm30": 4356997, "long": -0.5149, "lat": 39.2032, "longwgs84": -0.5154, "latwgs84": 39.2027, "mna": 384.0, "mnne": 384.0, "num_cuenca": 8123, "nae": 53, "naem": 53, "xetrs89": 683995, "yetrs89": 4356788, "cod_saih": "7000", "cuenca": "JUCAR" }, "geometry": { "type": "Point", "coordinates": [ -0.864956938557385, 39.340958479387972 ] } },
{ "type": "Feature", "properties": { "ref_ceh": "8014", "nombre": "BENAGEBER", "serv": 1, "comentario": "ENTRADAS EN REVISION. DATOS DE 2018-19 SON PROVISIONALES SUJETOS A REVISION", "muni_id": 46050, "hoja_id": 666, "xutm": 663043, "yutm": 4399340, "xutm30": 663043, "yutm30": 4399341, "long": -1.0551, "lat": 39.434, "longwgs84": -1.0556, "latwgs84": 39.4335, "mna": 0.0, "mnne": 527.2, "num_cuenca": 8152, "nae": 63, "naem": 77, "xetrs89": 662933, "yetrs89": 4399132, "cod_saih": "60", "cuenca": "JUCAR" }, "geometry": { "type": "Point", "coordinates": [ -1.098846241538017, 39.726516919597422 ] } },
{ "type": "Feature", "properties": { "ref_ceh": "8015", "nombre": "GUADALEST", "serv": 1, "comentario": "LOS DATOS DE 2003-04, 2005-06 Y 2018-19 SON PROVISIONALES SUJETOS A REVISION. ENTRADAS EN REVISION", "muni_id": 3075, "hoja_id": 821, "xutm": 744383, "yutm": 4285194, "xutm30": 744383, "yutm30": 4285194, "long": -0.1127, "lat": 38.4052, "longwgs84": -0.1131, "latwgs84": 38.4047, "mna": 0.0, "mnne": 380.0, "num_cuenca": 8020, "nae": 54, "naem": 54, "xetrs89": 744273, "yetrs89": 4284986, "cod_saih": "800", "cuenca": "JUCAR" }, "geometry": { "type": "Point", "coordinates": [ -0.191889628367706, 38.679787794991519 ] } },
{ "type": "Feature", "properties": { "ref_ceh": "8016", "nombre": "LORIGUILLA", "serv": 1, "comentario": "ENTRADAS EN REVISION. DATOS DE 2018-19 SON PROVISIONALES SUJETOS A REVISION", "muni_id": 46148, "hoja_id": 694, "xutm": 679107, "yutm": 4392916, "xutm30": 679107, "yutm30": 4392916, "long": -0.5443, "lat": 39.396, "longwgs84": -0.5448, "latwgs84": 39.3956, "mna": 0.0, "mnne": 320.0, "num_cuenca": 8156, "nae": 52, "naem": 52, "xetrs89": 678997, "yetrs89": 4392707, "cod_saih": "600", "cuenca": "JUCAR" }, "geometry": { "type": "Point", "coordinates": [ -0.91326175709517, 39.665444405198926 ] } },
{ "type": "Feature", "properties": { "ref_ceh": "8017", "nombre": "MARIA CRISTINA", "serv": 1, "comentario": "DATOS DE 2002-03 A 2004-05, 2008-09, 2009-10, 2013-14 Y 2018-19 PENDIENTES DE REVISION. ENTRADAS EN REVISION", "muni_id": 12005, "hoja_id": 616, "xutm": 742103, "yutm": 4434950, "xutm30": 742103, "yutm30": 4434950, "long": -0.0946, "lat": 40.0146, "longwgs84": -0.0951, "latwgs84": 40.0142, "mna": 318.2, "mnne": 134.3, "num_cuenca": 8201, "nae": 62, "naem": 77, "xetrs89": 741993, "yetrs89": 4434741, "cod_saih": "1000000", "cuenca": "JUCAR" }, "geometry": { "type": "Point", "coordinates": [ -0.164055625230711, 40.028202447361302 ] } },
{ "type": "Feature", "properties": { "ref_ceh": "8018", "nombre": "ONDA", "serv": 1, "comentario": "DATOS DE 2004-05, 2009-10, 2013-14 Y 2018-19 PROVISIONALES SUJETOS A REVISION. ENTRADAS EN REVISION", "muni_id": 12006, "hoja_id": 640, "xutm": 728120, "yutm": 4424335, "xutm30": 728120, "yutm30": 4424335, "long": -0.1949, "lat": 39.5616, "longwgs84": -0.1953, "latwgs84": 39.5612, "mna": 307.7, "mnne": 306.0, "num_cuenca": 8172, "nae": 63, "naem": 67, "xetrs89": 728010, "yetrs89": 4424126, "cod_saih": "10000", "cuenca": "JUCAR" }, "geometry": { "type": "Point", "coordinates": [ -0.3314727605773, 39.936560759607779 ] } },
{ "type": "Feature", "properties": { "ref_ceh": "8019", "nombre": "REGAJO", "serv": 1, "comentario": "ENTRADAS EN REVISION. DATOS DE 2018-19 SON PROVISIONALES SUJETOS A REVISION", "muni_id": 12071, "hoja_id": 639, "xutm": 711716, "yutm": 4418624, "xutm30": 711716, "yutm30": 4418624, "long": 0.3126, "lat": 39.5329, "longwgs84": -0.313, "latwgs84": 39.5322, "mna": 0.0, "mnne": 405.0, "num_cuenca": 8168, "nae": 62, "naem": 62, "xetrs89": 711606, "yetrs89": 4418415, "cod_saih": "0", "cuenca": "JUCAR" }, "geometry": { "type": "Point", "coordinates": [ -0.525134332214743, 39.889412004832643 ] } },
{ "type": "Feature", "properties": { "ref_ceh": "8021", "nombre": "SICHAR", "serv": 1, "comentario": "DATOS DE 2002-03, 2013-14 Y 2018-19 PROVISIONALES SUJETOS A REVISION. ENTRADAS EN REVISION", "muni_id": 12084, "hoja_id": 615, "xutm": 736423, "yutm": 4432764, "xutm30": 736423, "yutm30": 4432764, "long": -0.1348, "lat": 40.0041, "longwgs84": -0.1353, "latwgs84": 40.0036, "mna": 0.0, "mnne": 164.0, "num_cuenca": 8194, "nae": 62, "naem": 62, "xetrs89": 736313, "yetrs89": 4432555, "cod_saih": "100000", "cuenca": "JUCAR" }, "geometry": { "type": "Point", "coordinates": [ -0.231341744844711, 40.010139568739021 ] } },
{ "type": "Feature", "properties": { "ref_ceh": "8023", "nombre": "TOBA, LA", "serv": 1, "comentario": "LOS DATOS DE 2002-03 A 2005-06, 2008-09  Y 2015-16 ESTAN PENDIENTES DE REVISION", "muni_id": 16245, "hoja_id": 587, "xutm": 591836, "yutm": 4451861, "xutm30": 591836, "yutm30": 4451861, "long": -1.5515, "lat": 40.1241, "longwgs84": -1.5519, "latwgs84": 40.1237, "mna": 0.0, "mnne": 1156.3, "num_cuenca": 8036, "nae": 63, "naem": 77, "xetrs89": 591727, "yetrs89": 4451652, "cod_saih": "40", "cuenca": "JUCAR" }, "geometry": { "type": "Point", "coordinates": [ -1.922103526403102, 40.210264357483091 ] } },
{ "type": "Feature", "properties": { "ref_ceh": "8025", "nombre": "ULLDECONA", "serv": 1, "comentario": "DATOS DE 2004-05, 2005-06, 2009-10, 2013-14, 2014-15 Y 2016-17 PROVISIONALES SUJETOS A REVISION. ENTRADAS EN REVISION", "muni_id": 12093, "hoja_id": 521, "xutm": 266322, "yutm": 4506079, "xutm30": 773434, "yutm30": 4507449, "long": 0.1406, "lat": 40.4021, "longwgs84": 0.1401, "latwgs84": 40.4015, "mna": 0.0, "mnne": 477.1, "num_cuenca": 8218, "nae": 62, "naem": 62, "xetrs89": 773325, "yetrs89": 4507239, "cod_saih": "10", "cuenca": "JUCAR" }, "geometry": { "type": "Point", "coordinates": [ 0.233640875457371, 40.670761516528223 ] } },
{ "type": "Feature", "properties": { "ref_ceh": "8026", "nombre": "MOLINAR, EL", "serv": 1, "comentario": "DATOS DE 2004-05, 2008-09, 2010-11, 2013-14, 2014-15 Y 2016-17 PENDIENTES DE REVISION", "muni_id": 2077, "hoja_id": 744, "xutm": 651898, "yutm": 4341527, "xutm30": 651898, "yutm30": 4341527, "long": -1.1427, "lat": 39.1233, "longwgs84": -1.1431, "latwgs84": 39.1228, "mna": 478.0, "mnne": 476.0, "num_cuenca": 8066, "nae": 32, "naem": 32, "xetrs89": 651788, "yetrs89": 4341319, "cod_saih": "70", "cuenca": "JUCAR" }, "geometry": { "type": "Point", "coordinates": [ -1.241984635878056, 39.207889432424018 ] } },
{ "type": "Feature", "properties": { "ref_ceh": "8027", "nombre": "CORTES 2", "serv": 1, "comentario": "LOS DATOS DE 2002-03 A 2004-05, 2007-08, 2009-10, 2010-11, 2014-15 Y 2016-17 SON PROVISIONALES SUJETOS A REVISION", "muni_id": 46099, "hoja_id": 745, "xutm": 679692, "yutm": 4348083, "xutm30": 679692, "yutm30": 4348084, "long": -0.5502, "lat": 39.1546, "longwgs84": -0.5507, "latwgs84": 39.1542, "mna": 329.0, "mnne": 326.0, "num_cuenca": 8098, "nae": 32, "naem": 32, "xetrs89": 679582, "yetrs89": 4347875, "cod_saih": "7000000000000", "cuenca": "JUCAR" }, "geometry": { "type": "Point", "coordinates": [ -0.918511968116162, 39.261625495676277 ] } },
{ "type": "Feature", "properties": { "ref_ceh": "8028", "nombre": "MUELA, LA (BOMBEO)", "serv": 1, "comentario": "DATOS DE 2002-03, 2005-06, 2007-08, 2008-09, 2010-11, 2013-14, 2014-15, 2015-16 Y 2016-17 PENDIENTES DE REVISION", "muni_id": 46099, "hoja_id": 745, "xutm": 678915, "yutm": 4345465, "xutm30": 678915, "yutm30": 4345465, "long": 0.5537, "lat": 39.1424, "longwgs84": -0.5541, "latwgs84": 39.1418, "mna": 0.0, "mnne": 832.0, "num_cuenca": 8098, "nae": 32, "naem": 32, "xetrs89": 678805, "yetrs89": 4345257, "cod_saih": "70000000000000", "cuenca": "JUCAR" }, "geometry": { "type": "Point", "coordinates": [ -0.928206566125331, 39.238210830636028 ] } },
{ "type": "Feature", "properties": { "ref_ceh": "8029", "nombre": "NARANJERO, EL", "serv": 1, "comentario": "DATOS DE 2002-03, 2004-06, 2007-08, 2012-13, 2015-17 Y 2018-19 SUJETOS A REVISION", "muni_id": 46099, "hoja_id": 746, "xutm": 685402, "yutm": 4350000, "xutm30": 685402, "yutm30": 4350000, "long": 0.5102, "lat": 39.1646, "longwgs84": -0.5106, "latwgs84": 39.164, "mna": 243.0, "mnne": 240.0, "num_cuenca": 8098, "nae": 32, "naem": 32, "xetrs89": 685292, "yetrs89": 4349791, "cod_saih": "700", "cuenca": "JUCAR" }, "geometry": { "type": "Point", "coordinates": [ -0.851844751885987, 39.277676836283419 ] } },
{ "type": "Feature", "properties": { "ref_ceh": "8030", "nombre": "TOUS", "serv": 1, "comentario": "ENTRADAS EN REVISION. DATOS DE 2018-19 SON PROVISIONALES SUJETOS A REVISION", "muni_id": 46246, "hoja_id": 769, "xutm": 703168, "yutm": 4334364, "xutm30": 703168, "yutm30": 4334364, "long": 0.3858, "lat": 39.0805, "longwgs84": -0.3902, "latwgs84": 39.0759, "mna": 145.0, "mnne": 130.0, "num_cuenca": 8104, "nae": 27, "naem": 28, "xetrs89": 703058, "yetrs89": 4334156, "cod_saih": "70000", "cuenca": "JUCAR" }, "geometry": { "type": "Point", "coordinates": [ -0.650729118901078, 39.132927489879677 ] } },
{ "type": "Feature", "properties": { "ref_ceh": "8031", "nombre": "ESCALONA", "serv": 1, "comentario": "HASTA EL AÑO 2011/12 EL CODIGO ERA 8037. DATOS DE 2004-05 Y 2008-09 PENDIENTES DE REVISION. ENTRADAS EN REVISION", "muni_id": 46179, "hoja_id": 769, "xutm": 699042, "yutm": 4333787, "xutm30": 699042, "yutm30": 4333787, "long": -0.4151, "lat": 39.0748, "longwgs84": -0.4155, "latwgs84": 39.0743, "mna": 190.9, "mnne": 143.0, "num_cuenca": 8103, "nae": 24, "naem": 25, "xetrs89": 698932, "yetrs89": 4333579, "cod_saih": "7000000000", "cuenca": "JUCAR" }, "geometry": { "type": "Point", "coordinates": [ -0.698597551065299, 39.128684369683128 ] } },
{ "type": "Feature", "properties": { "ref_ceh": "8032", "nombre": "BELLUS", "serv": 1, "comentario": "HASTA AÑO 11/12 EL CODIGO ERA 8036. DATOS DE 2002-03 A 2004-05, 2008-09, 2009-10 Y 2011-12 Y ENTRADAS EN REVISION", "muni_id": 46049, "hoja_id": 795, "xutm": 718691, "yutm": 4313299, "xutm30": 718691, "yutm30": 4313299, "long": 0.2836, "lat": 38.5629, "longwgs84": -0.2841, "latwgs84": 38.5622, "mna": 160.1, "mnne": 155.0, "num_cuenca": 8109, "nae": 24, "naem": 25, "xetrs89": 718581, "yetrs89": 4313091, "cod_saih": "70000000000", "cuenca": "JUCAR" }, "geometry": { "type": "Point", "coordinates": [ -0.478047706604256, 38.939532450019662 ] } },
{ "type": "Feature", "properties": { "ref_ceh": "8033", "nombre": "ALGAR", "serv": 1, "comentario": "HASTA EL AÑO 2011/12 EL CODIGO ERA 8057. LOS DATOS DE 2004-05 Y 2013-14 SUJETOS A REVISION. ENTRADAS EN REVISION", "muni_id": 46028, "hoja_id": 668, "xutm": 724759, "yutm": 4407728, "xutm30": 724759, "yutm30": 4407728, "long": -0.2231, "lat": 39.4721, "longwgs84": -0.2235, "latwgs84": 39.4717, "mna": null, "mnne": 207.0, "num_cuenca": 8168, "nae": 16, "naem": 16, "xetrs89": 724649, "yetrs89": 4407519, "cod_saih": "0", "cuenca": "JUCAR" }, "geometry": { "type": "Point", "coordinates": [ -0.376471743264022, 39.787987355089598 ] } },
{ "type": "Feature", "properties": { "ref_ceh": "8034", "nombre": "BALAGUERAS", "serv": 1, "comentario": "DATOS DE 2013-14 PROVISIONALES SUJETOS A REVISION. ENTRADAS EN REVISION", "muni_id": 44201, "hoja_id": 591, "xutm": 697676, "yutm": 4454062, "xutm30": 697676, "yutm30": 4454062, "long": -0.4038, "lat": 40.1247, "longwgs84": -0.4042, "latwgs84": 40.1243, "mna": 1017.0, "mnne": 1015.2, "num_cuenca": 8181, "nae": 8, "naem": 8, "xetrs89": 697566, "yetrs89": 4453853, "cod_saih": null, "cuenca": "JUCAR" }, "geometry": { "type": "Point", "coordinates": [ -0.678405704125792, 40.211824219342709 ] } },
{ "type": "Feature", "properties": { "ref_ceh": "8035", "nombre": "VALBONA", "serv": 1, "comentario": "RESERVA 30-06-2015 EN REVISION", "muni_id": 44240, "hoja_id": 591, "xutm": 685795, "yutm": 4458357, "xutm30": 685795, "yutm30": 4458357, "long": -0.4856, "lat": 40.1516, "longwgs84": -0.49, "latwgs84": 40.1512, "mna": 979.8, "mnne": 978.5, "num_cuenca": 8995, "nae": 8, "naem": 8, "xetrs89": 685686, "yetrs89": 4458148, "cod_saih": null, "cuenca": "JUCAR" }, "geometry": { "type": "Point", "coordinates": [ -0.816666463516039, 40.253206843853285 ] } },
{ "type": "Feature", "properties": { "ref_ceh": "8036", "nombre": "MORA DE RUBIELOS", "serv": 1, "comentario": "DATOS DE 2013-14 PROVISIONALES SUJETOS A REVISION. ENTRADAS EN REVISION", "muni_id": 44158, "hoja_id": 591, "xutm": 691966, "yutm": 4461493, "xutm30": 691966, "yutm30": 4461493, "long": -0.4436, "lat": 40.1648, "longwgs84": -0.4436, "latwgs84": 40.1648, "mna": null, "mnne": null, "num_cuenca": 8179, "nae": 8, "naem": 8, "xetrs89": 691857, "yetrs89": 4461284, "cod_saih": null, "cuenca": "JUCAR" }, "geometry": { "type": "Point", "coordinates": [ -0.743220463049753, 40.280046993886998 ] } },
{ "type": "Feature", "properties": { "ref_ceh": "8931", "nombre": "TIBI", "serv": 0, "comentario": "INT 1970", "muni_id": 3129, "hoja_id": 846, "xutm": 713064, "yutm": 4264406, "xutm30": 713064, "yutm30": 4264406, "long": 0.3324, "lat": 38.3009, "longwgs84": -0.3328, "latwgs84": 38.3003, "mna": 0.0, "mnne": 403.0, "num_cuenca": 8011, "nae": 3, "naem": 3, "xetrs89": 712954, "yetrs89": 4264198, "cod_saih": null, "cuenca": "JUCAR" }, "geometry": { "type": "Point", "coordinates": [ -0.557951553682694, 38.500706993494525 ] } },
{ "type": "Feature", "properties": { "ref_ceh": "8932", "nombre": "RELLEU", "serv": 0, "comentario": "INT 1970", "muni_id": 3112, "hoja_id": 847, "xutm": 736356, "yutm": 4271997, "xutm30": 736356, "yutm30": 4271997, "long": 0.1714, "lat": 38.3354, "longwgs84": -0.1719, "latwgs84": 38.3348, "mna": 0.0, "mnne": 251.0, "num_cuenca": 8015, "nae": 3, "naem": 3, "xetrs89": 736246, "yetrs89": 4271789, "cod_saih": null, "cuenca": "JUCAR" }, "geometry": { "type": "Point", "coordinates": [ -0.288548609872379, 38.563169488104727 ] } },
{ "type": "Feature", "properties": { "ref_ceh": "8933", "nombre": "ELCHE", "serv": 0, "comentario": "INT 1970", "muni_id": 3065, "hoja_id": 893, "xutm": 699361, "yutm": 4242569, "xutm30": 699361, "yutm30": 4242569, "long": 0.4311, "lat": 38.1833, "longwgs84": -0.4316, "latwgs84": 38.1826, "mna": 0.0, "mnne": 152.0, "num_cuenca": 8005, "nae": 3, "naem": 3, "xetrs89": 699251, "yetrs89": 4242361, "cod_saih": null, "cuenca": "JUCAR" }, "geometry": { "type": "Point", "coordinates": [ -0.721157195819055, 38.307232918882107 ] } },
{ "type": "Feature", "properties": { "ref_ceh": "8934", "nombre": "ELDA", "serv": 0, "comentario": "INT 1970", "muni_id": 3066, "hoja_id": 871, "xutm": 692497, "yutm": 4263431, "xutm30": 692497, "yutm30": 4263431, "long": -0.4734, "lat": 38.2952, "longwgs84": -0.4738, "latwgs84": 38.2948, "mna": 0.0, "mnne": 426.0, "num_cuenca": 8003, "nae": 3, "naem": 3, "xetrs89": 692387, "yetrs89": 4263223, "cod_saih": null, "cuenca": "JUCAR" }, "geometry": { "type": "Point", "coordinates": [ -0.793900733091788, 38.496606327146438 ] } },
{ "type": "Feature", "properties": { "ref_ceh": "1627", "nombre": "BELESAR", "serv": 1, "comentario": "LOS DATOS DESDE 1962 EN ADELANTE ESTAN EN PROCESO DE REVISION", "muni_id": 27016, "hoja_id": 155, "xutm": 605695, "yutm": 4720600, "xutm30": 113659, "yutm30": 4730564, "long": -7.424, "lat": 42.3747, "longwgs84": -7.4245, "latwgs84": 42.3743, "mna": 330.0, "mnne": 330.0, "num_cuenca": 1408, "nae": 58, "naem": 59, "xetrs89": 113548, "yetrs89": 4730358, "cod_saih": "E001", "cuenca": "MINHO" }, "geometry": { "type": "Point", "coordinates": [ -7.71253165208731, 42.628683148332591 ] } },
{ "type": "Feature", "properties": { "ref_ceh": "1629", "nombre": "PEARES, LOS", "serv": 1, "comentario": "RESERVA MODIFICADA DESDE 1955 (REFERENCIA RESPECTO VOLUMEN TOTAL). SALIDAS DEL 10/2000 AL 01/2003 PROVISIONALES", "muni_id": 27041, "hoja_id": 188, "xutm": 605020, "yutm": 4702424, "xutm30": 111695, "yutm30": 4712451, "long": -7.4321, "lat": 42.2759, "longwgs84": -7.4327, "latwgs84": 42.2754, "mna": 194.2, "mnne": 194.2, "num_cuenca": 1410, "nae": 63, "naem": 66, "xetrs89": 111584, "yetrs89": 4712244, "cod_saih": "E002", "cuenca": "MINHO" }, "geometry": { "type": "Point", "coordinates": [ -7.724099733222869, 42.46512209722416 ] } },
{ "type": "Feature", "properties": { "ref_ceh": "1631", "nombre": "VELLE", "serv": 1, "comentario": "LOS DATOS DE SALIDAS DEL 10/2000 AL 01/2003 SUJETOS A REVISION. DATOS RESERVA MODIFICADOS DESDE 08/1982 AL 09/2008", "muni_id": 32054, "hoja_id": 188, "xutm": 594674, "yutm": 4690377, "xutm30": 100534, "yutm30": 4701144, "long": -7.5101, "lat": 42.2136, "longwgs84": -7.5105, "latwgs84": 42.2129, "mna": 108.4, "mnne": 108.4, "num_cuenca": 1467, "nae": 51, "naem": 51, "xetrs89": 100423, "yetrs89": 4700937, "cod_saih": "E030", "cuenca": "MINHO" }, "geometry": { "type": "Point", "coordinates": [ -7.851533249748814, 42.357988615593868 ] } },
{ "type": "Feature", "properties": { "ref_ceh": "1634", "nombre": "CASTRELO", "serv": 1, "comentario": "LOS DATOS DE SALIDAS DEL 10/2000 AL 01/2003 SUJETOS A REVISION. DATOS RESERVA MODIFICADOS DESDE 08/1982 AL 09/2008", "muni_id": 32069, "hoja_id": 225, "xutm": 572962, "yutm": 4682849, "xutm30": 78272, "yutm30": 4695155, "long": -8.0654, "lat": 42.1737, "longwgs84": -8.0659, "latwgs84": 42.1733, "mna": 88.0, "mnne": 88.0, "num_cuenca": 1473, "nae": 51, "naem": 51, "xetrs89": 78160, "yetrs89": 4694948, "cod_saih": "E031", "cuenca": "MINHO" }, "geometry": { "type": "Point", "coordinates": [ -8.116457454502363, 42.292525935603273 ] } },
{ "type": "Feature", "properties": { "ref_ceh": "1637", "nombre": "ALBARELLOS", "serv": 1, "comentario": "LOS DATOS DE SALIDAS DEL 10/2000 AL 01/2003 SON PROVISIONALES SUJETOS A REVISION", "muni_id": 32040, "hoja_id": 186, "xutm": 566619, "yutm": 4694677, "xutm30": 72768, "yutm30": 4707428, "long": -8.1126, "lat": 42.2403, "longwgs84": -8.1131, "latwgs84": 42.2359, "mna": 0.0, "mnne": 265.0, "num_cuenca": 1476, "nae": 48, "naem": 49, "xetrs89": 72656, "yetrs89": 4707221, "cod_saih": "E032", "cuenca": "MINHO" }, "geometry": { "type": "Point", "coordinates": [ -8.192026318784313, 42.399610507384992 ] } },
{ "type": "Feature", "properties": { "ref_ceh": "1641", "nombre": "FRIEIRA", "serv": 1, "comentario": "LOS DATOS DE SALIDAS DEL 10/2000 AL 01/2003 SUJETOS A REVISION. DATOS RESERVA MODIFICADOS DESDE 08/1982 AL 09/2008", "muni_id": 36014, "hoja_id": 262, "xutm": 566810, "yutm": 4667614, "xutm30": 71047, "yutm30": 4680359, "long": -8.1129, "lat": 42.0925, "longwgs84": -8.1134, "latwgs84": 42.0921, "mna": 67.0, "mnne": 67.0, "num_cuenca": 1491, "nae": 51, "naem": 51, "xetrs89": 70935, "yetrs89": 4680152, "cod_saih": "E033", "cuenca": "MINHO" }, "geometry": { "type": "Point", "coordinates": [ -8.19282539844121, 42.155879635345826 ] } },
{ "type": "Feature", "properties": { "ref_ceh": "1704", "nombre": "ROZAS, LAS - MATALAVILLA (SIST.)", "serv": 1, "comentario": null, "muni_id": 24116, "hoja_id": 101, "xutm": 716447, "yutm": 4754107, "xutm30": 226629, "yutm30": 4756139, "long": -6.2055, "lat": 42.5429, "longwgs84": -6.21, "latwgs84": 42.5425, "mna": 0.0, "mnne": 959.5, "num_cuenca": 1414, "nae": 49, "naem": 50, "xetrs89": 226517, "yetrs89": 4755932, "cod_saih": "E003-E005", "cuenca": "MINHO" }, "geometry": { "type": "Point", "coordinates": [ -6.350084478223056, 42.906982969108739 ] } },
{ "type": "Feature", "properties": { "ref_ceh": "1709", "nombre": "BARCENA", "serv": 1, "comentario": "LOS DATOS DE 2008-09 ESTAN PENDIENTES DE REVISION", "muni_id": 24115, "hoja_id": 158, "xutm": 700347, "yutm": 4717002, "xutm30": 207924, "yutm30": 4720255, "long": -6.3332, "lat": 42.3443, "longwgs84": -6.3337, "latwgs84": 42.3439, "mna": 620.0, "mnne": 620.0, "num_cuenca": 1414, "nae": 60, "naem": 60, "xetrs89": 207814, "yetrs89": 4720049, "cod_saih": "E007", "cuenca": "MINHO" }, "geometry": { "type": "Point", "coordinates": [ -6.560244902513535, 42.577537942466087 ] } },
{ "type": "Feature", "properties": { "ref_ceh": "1710", "nombre": "FUENTE DEL AZUFRE", "serv": 1, "comentario": "LOS DATOS DE 2008-09 Y 2013-14 ESTAN PENDIENTES DE REVISION", "muni_id": 24115, "hoja_id": 158, "xutm": 698546, "yutm": 4715224, "xutm30": 206001, "yutm30": 4718608, "long": -6.3453, "lat": 42.3347, "longwgs84": -6.3458, "latwgs84": 42.3343, "mna": 538.9, "mnne": 536.1, "num_cuenca": 1414, "nae": 59, "naem": 59, "xetrs89": 205891, "yetrs89": 4718402, "cod_saih": "E008", "cuenca": "MINHO" }, "geometry": { "type": "Point", "coordinates": [ -6.582783520445795, 42.562004493750969 ] } },
{ "type": "Feature", "properties": { "ref_ceh": "1711", "nombre": "CAMPAÑANA", "serv": 1, "comentario": "LOS DATOS DE 2008-09 A 2010-11 Y 2013-14 ESTAN PENDIENTES DE REVISION", "muni_id": 24041, "hoja_id": 191, "xutm": 683385, "yutm": 4707716, "xutm30": 190337, "yutm30": 4712187, "long": -6.4606, "lat": 42.2958, "longwgs84": -6.4611, "latwgs84": 42.2953, "mna": 0.0, "mnne": 525.8, "num_cuenca": 1976, "nae": 52, "naem": 52, "xetrs89": 190226, "yetrs89": 4711981, "cod_saih": "E350", "cuenca": "MINHO" }, "geometry": { "type": "Point", "coordinates": [ -6.76974333784888, 42.498182590506772 ] } },
{ "type": "Feature", "properties": { "ref_ceh": "1712", "nombre": "PEÑARRUBIA", "serv": 1, "comentario": null, "muni_id": 32073, "hoja_id": 191, "xutm": 679440, "yutm": 4702987, "xutm30": 186064, "yutm30": 4707745, "long": -6.4904, "lat": 42.2728, "longwgs84": -6.4909, "latwgs84": 42.2723, "mna": 394.9, "mnne": 394.4, "num_cuenca": 1432, "nae": 52, "naem": 52, "xetrs89": 185953, "yetrs89": 4707539, "cod_saih": "E011", "cuenca": "MINHO" }, "geometry": { "type": "Point", "coordinates": [ -6.819199684833785, 42.456546416261389 ] } },
{ "type": "Feature", "properties": { "ref_ceh": "1713", "nombre": "SANTIAGO", "serv": 1, "comentario": null, "muni_id": 32088, "hoja_id": 190, "xutm": 658268, "yutm": 4696617, "xutm30": 164474, "yutm30": 4702882, "long": -7.0437, "lat": 42.2418, "longwgs84": -7.0442, "latwgs84": 42.2414, "mna": 303.0, "mnne": 303.0, "num_cuenca": 1436, "nae": 52, "naem": 52, "xetrs89": 164363, "yetrs89": 4702676, "cod_saih": "E570", "cuenca": "MINHO" }, "geometry": { "type": "Point", "coordinates": [ -7.078297058298494, 42.403820376376991 ] } },
{ "type": "Feature", "properties": { "ref_ceh": "1716", "nombre": "PUMARES", "serv": 1, "comentario": null, "muni_id": 32018, "hoja_id": 190, "xutm": 676257, "yutm": 4696970, "xutm30": 182461, "yutm30": 4701963, "long": -6.513, "lat": 42.2415, "longwgs84": -6.5135, "latwgs84": 42.2411, "mna": 359.0, "mnne": 359.0, "num_cuenca": 1434, "nae": 50, "naem": 50, "xetrs89": 182350, "yetrs89": 4701757, "cod_saih": "E571", "cuenca": "MINHO" }, "geometry": { "type": "Point", "coordinates": [ -6.859726818549317, 42.403124924345235 ] } },
{ "type": "Feature", "properties": { "ref_ceh": "1718", "nombre": "MONTEARENAS", "serv": 1, "comentario": "LOS DATOS DE 2008-09 ESTAN PENDIENTES DE REVISION", "muni_id": 24115, "hoja_id": 158, "xutm": 701187, "yutm": 4714515, "xutm30": 208586, "yutm30": 4717713, "long": -6.3258, "lat": 42.3322, "longwgs84": -6.3303, "latwgs84": 42.3318, "mna": 549.9, "mnne": 549.0, "num_cuenca": 1419, "nae": 52, "naem": 52, "xetrs89": 208476, "yetrs89": 4717507, "cod_saih": "E009", "cuenca": "MINHO" }, "geometry": { "type": "Point", "coordinates": [ -6.550895874781876, 42.554939517838676 ] } },
{ "type": "Feature", "properties": { "ref_ceh": "1740", "nombre": "SAN MARTIN", "serv": 1, "comentario": null, "muni_id": 27050, "hoja_id": 190, "xutm": 650490, "yutm": 4694958, "xutm30": 156589, "yutm30": 4701775, "long": -7.1018, "lat": 42.233, "longwgs84": -7.1023, "latwgs84": 42.2326, "mna": 0.0, "mnne": 290.0, "num_cuenca": 1436, "nae": 63, "naem": 63, "xetrs89": 156478, "yetrs89": 4701569, "cod_saih": "E013", "cuenca": "MINHO" }, "geometry": { "type": "Point", "coordinates": [ -7.173202993783856, 42.390431698525084 ] } },
{ "type": "Feature", "properties": { "ref_ceh": "1741", "nombre": "SAN SEBASTIAN", "serv": 1, "comentario": "LOS DATOS DE 2008-09 Y 2009-10 ESTAN PENDIENTES DE REVISION", "muni_id": 49162, "hoja_id": 266, "xutm": 669709, "yutm": 4668146, "xutm30": 173920, "yutm30": 4673646, "long": -6.5646, "lat": 42.0849, "longwgs84": -6.565, "latwgs84": 42.0843, "mna": 0.0, "mnne": 1198.0, "num_cuenca": 1437, "nae": 61, "naem": 61, "xetrs89": 173809, "yetrs89": 4673439, "cod_saih": "E014", "cuenca": "MINHO" }, "geometry": { "type": "Point", "coordinates": [ -6.947336130109659, 42.145156648741356 ] } },
{ "type": "Feature", "properties": { "ref_ceh": "1743", "nombre": "BAO", "serv": 1, "comentario": null, "muni_id": 32015, "hoja_id": 228, "xutm": 651325, "yutm": 4678986, "xutm30": 156296, "yutm30": 4685766, "long": -7.0957, "lat": 42.1452, "longwgs84": -7.1002, "latwgs84": 42.1447, "mna": 654.0, "mnne": 652.0, "num_cuenca": 1441, "nae": 61, "naem": 61, "xetrs89": 156185, "yetrs89": 4685559, "cod_saih": "E018", "cuenca": "MINHO" }, "geometry": { "type": "Point", "coordinates": [ -7.167237096637081, 42.246496307841021 ] } },
{ "type": "Feature", "properties": { "ref_ceh": "1744", "nombre": "MONTEFURADO", "serv": 1, "comentario": null, "muni_id": 27050, "hoja_id": 189, "xutm": 646750, "yutm": 4694914, "xutm30": 152880, "yutm30": 4701995, "long": -7.1301, "lat": 42.2334, "longwgs84": -7.1305, "latwgs84": 42.2327, "mna": 290.0, "mnne": 290.0, "num_cuenca": 1453, "nae": 63, "naem": 63, "xetrs89": 152769, "yetrs89": 4701789, "cod_saih": "E023", "cuenca": "MINHO" }, "geometry": { "type": "Point", "coordinates": [ -7.218275602627875, 42.390760048002626 ] } },
{ "type": "Feature", "properties": { "ref_ceh": "1745", "nombre": "PIAS O SAN AGUSTIN", "serv": 1, "comentario": null, "muni_id": 49154, "hoja_id": 266, "xutm": 666263, "yutm": 4663320, "xutm30": 170139, "yutm30": 4669069, "long": -6.5921, "lat": 42.0616, "longwgs84": -6.5925, "latwgs84": 42.0609, "mna": 0.0, "mnne": 1040.0, "num_cuenca": 1437, "nae": 60, "naem": 60, "xetrs89": 170028, "yetrs89": 4668862, "cod_saih": "E015", "cuenca": "MINHO" }, "geometry": { "type": "Point", "coordinates": [ -6.990398817748657, 42.102452160679967 ] } },
{ "type": "Feature", "properties": { "ref_ceh": "1748", "nombre": "GUISTOLAS", "serv": 1, "comentario": null, "muni_id": 32063, "hoja_id": 189, "xutm": 640090, "yutm": 4689632, "xutm30": 145855, "yutm30": 4697190, "long": -7.1757, "lat": 42.2047, "longwgs84": -7.1801, "latwgs84": 42.204, "mna": 700.5, "mnne": 700.0, "num_cuenca": 1452, "nae": 63, "naem": 63, "xetrs89": 145744, "yetrs89": 4696983, "cod_saih": "E022", "cuenca": "MINHO" }, "geometry": { "type": "Point", "coordinates": [ -7.30043586445005, 42.344429983630775 ] } },
{ "type": "Feature", "properties": { "ref_ceh": "1751", "nombre": "SEQUEIROS", "serv": 1, "comentario": null, "muni_id": 27050, "hoja_id": 189, "xutm": 643902, "yutm": 4701530, "xutm30": 150475, "yutm30": 4708805, "long": -7.15, "lat": 42.2707, "longwgs84": -7.1505, "latwgs84": 42.2703, "mna": 256.0, "mnne": 255.1, "num_cuenca": 1454, "nae": 63, "naem": 63, "xetrs89": 150364, "yetrs89": 4708599, "cod_saih": "E024", "cuenca": "MINHO" }, "geometry": { "type": "Point", "coordinates": [ -7.251552207619748, 42.450844196210099 ] } },
{ "type": "Feature", "properties": { "ref_ceh": "1768", "nombre": "SAN ESTEBAN", "serv": 1, "comentario": null, "muni_id": 32052, "hoja_id": 188, "xutm": 611177, "yutm": 4696829, "xutm30": 117481, "yutm30": 4706423, "long": -7.3855, "lat": 42.2457, "longwgs84": -7.3859, "latwgs84": 42.245, "mna": 229.0, "mnne": 229.0, "num_cuenca": 1462, "nae": 63, "naem": 63, "xetrs89": 117370, "yetrs89": 4706216, "cod_saih": "E027", "cuenca": "MINHO" }, "geometry": { "type": "Point", "coordinates": [ -7.649943467675438, 42.413889307415687 ] } },
{ "type": "Feature", "properties": { "ref_ceh": "1769", "nombre": "SAN PEDRO", "serv": 1, "comentario": null, "muni_id": 27041, "hoja_id": 188, "xutm": 605875, "yutm": 4701032, "xutm30": 112452, "yutm30": 4710999, "long": -7.4245, "lat": 42.2713, "longwgs84": -7.425, "latwgs84": 42.2709, "mna": 132.0, "mnne": 130.0, "num_cuenca": 1466, "nae": 61, "naem": 62, "xetrs89": 112341, "yetrs89": 4710792, "cod_saih": "E029", "cuenca": "MINHO" }, "geometry": { "type": "Point", "coordinates": [ -7.713943225543198, 42.45246850626706 ] } },
{ "type": "Feature", "properties": { "ref_ceh": "1770", "nombre": "PORTAS, LAS", "serv": 1, "comentario": null, "muni_id": 32092, "hoja_id": 265, "xutm": 648157, "yutm": 4664265, "xutm30": 152096, "yutm30": 4671287, "long": -7.1228, "lat": 42.0657, "longwgs84": -7.1234, "latwgs84": 42.0653, "mna": 884.0, "mnne": 882.0, "num_cuenca": 1438, "nae": 47, "naem": 48, "xetrs89": 151985, "yetrs89": 4671080, "cod_saih": "E016", "cuenca": "MINHO" }, "geometry": { "type": "Point", "coordinates": [ -7.209360760259249, 42.114586794810663 ] } },
{ "type": "Feature", "properties": { "ref_ceh": "1780", "nombre": "EDRADA-MAO", "serv": 1, "comentario": "SALIDAS DEL 10/2000 AL 01/2003 Y DATOS DE 2008-09 A 2010-11 Y 2013-14 A 2014-15 PENDIENTES DE REVISION", "muni_id": 32057, "hoja_id": 188, "xutm": 621976, "yutm": 4688295, "xutm30": 127637, "yutm30": 4697135, "long": -7.311, "lat": 42.2012, "longwgs84": -7.3115, "latwgs84": 42.2008, "mna": 806.0, "mnne": 806.0, "num_cuenca": 1974, "nae": 41, "naem": 41, "xetrs89": 127526, "yetrs89": 4696928, "cod_saih": "E026", "cuenca": "MINHO" }, "geometry": { "type": "Point", "coordinates": [ -7.520903284627363, 42.33543745434072 ] } },
{ "type": "Feature", "properties": { "ref_ceh": "1781", "nombre": "EDRADA-CONSO", "serv": 1, "comentario": null, "muni_id": 32092, "hoja_id": 265, "xutm": 646432, "yutm": 4667592, "xutm30": 150607, "yutm30": 4674731, "long": -7.1341, "lat": 42.0846, "longwgs84": -7.1345, "latwgs84": 42.0841, "mna": 890.5, "mnne": 888.0, "num_cuenca": 1440, "nae": 41, "naem": 41, "xetrs89": 150496, "yetrs89": 4674524, "cod_saih": "E016B", "cuenca": "MINHO" }, "geometry": { "type": "Point", "coordinates": [ -7.229384383199503, 42.144858925597688 ] } },
{ "type": "Feature", "properties": { "ref_ceh": "1782", "nombre": "CENZA", "serv": 1, "comentario": null, "muni_id": 32092, "hoja_id": 227, "xutm": 645024, "yutm": 4673105, "xutm30": 149589, "yutm30": 4680336, "long": -7.1437, "lat": 42.1145, "longwgs84": -7.1442, "latwgs84": 42.1141, "mna": 1341.9, "mnne": 1341.0, "num_cuenca": 1973, "nae": 27, "naem": 28, "xetrs89": 149478, "yetrs89": 4680129, "cod_saih": "E017", "cuenca": "MINHO" }, "geometry": { "type": "Point", "coordinates": [ -7.245041496588584, 42.194746761866611 ] } },
{ "type": "Feature", "properties": { "ref_ceh": "1790", "nombre": "CHANDREJA", "serv": 1, "comentario": null, "muni_id": 32029, "hoja_id": 227, "xutm": 633174, "yutm": 4680434, "xutm30": 138298, "yutm30": 4688491, "long": -7.2307, "lat": 42.1553, "longwgs84": -7.2311, "latwgs84": 42.1546, "mna": 910.0, "mnne": 910.0, "num_cuenca": 1452, "nae": 63, "naem": 63, "xetrs89": 138187, "yetrs89": 4688284, "cod_saih": "E021", "cuenca": "MINHO" }, "geometry": { "type": "Point", "coordinates": [ -7.386477976189388, 42.262841295885146 ] } },
{ "type": "Feature", "properties": { "ref_ceh": "1791", "nombre": "PRADA", "serv": 1, "comentario": null, "muni_id": 32083, "hoja_id": 228, "xutm": 661653, "yutm": 4686352, "xutm30": 167129, "yutm30": 4692394, "long": -7.0219, "lat": 42.1843, "longwgs84": -7.0224, "latwgs84": 42.1839, "mna": 845.0, "mnne": 845.0, "num_cuenca": 1448, "nae": 61, "naem": 61, "xetrs89": 167018, "yetrs89": 4692187, "cod_saih": "E019", "cuenca": "MINHO" }, "geometry": { "type": "Point", "coordinates": [ -7.040064219387137, 42.310733182874721 ] } },
{ "type": "Feature", "properties": { "ref_ceh": "1792", "nombre": "SANTA EULALIA", "serv": 1, "comentario": null, "muni_id": 32015, "hoja_id": 190, "xutm": 659579, "yutm": 4690505, "xutm30": 165351, "yutm30": 4696687, "long": -7.0345, "lat": 42.2059, "longwgs84": -7.035, "latwgs84": 42.2055, "mna": 0.0, "mnne": 525.0, "num_cuenca": 1450, "nae": 52, "naem": 52, "xetrs89": 165240, "yetrs89": 4696480, "cod_saih": "E020", "cuenca": "MINHO" }, "geometry": { "type": "Point", "coordinates": [ -7.064070220463597, 42.348537770056339 ] } },
{ "type": "Feature", "properties": { "ref_ceh": "1794", "nombre": "VILL / MAO /REGUEIRO", "serv": 0, "comentario": "INT 1976", "muni_id": 32049, "hoja_id": 189, "xutm": 622741, "yutm": 4689033, "xutm30": 128454, "yutm30": 4697818, "long": -7.3036, "lat": 42.2035, "longwgs84": -7.3041, "latwgs84": 42.2031, "mna": 0.0, "mnne": 751.0, "num_cuenca": 1461, "nae": 4, "naem": 6, "xetrs89": 128343, "yetrs89": 4697611, "cod_saih": null, "cuenca": "MINHO" }, "geometry": { "type": "Point", "coordinates": [ -7.511456027539185, 42.3419597249395 ] } },
{ "type": "Feature", "properties": { "ref_ceh": "1795", "nombre": "LEBOREIRO-MAO", "serv": 1, "comentario": "LOS DATOS DE SALIDAS DEL 10/2000 AL 01/2003 SON PROVISIONALES SUJETOS A REVISION", "muni_id": 32049, "hoja_id": 226, "xutm": 621803, "yutm": 4687290, "xutm30": 127394, "yutm30": 4696143, "long": -7.3118, "lat": 42.1939, "longwgs84": -7.3123, "latwgs84": 42.1935, "mna": 860.8, "mnne": 860.0, "num_cuenca": 1461, "nae": 50, "naem": 51, "xetrs89": 127283, "yetrs89": 4695936, "cod_saih": "E025", "cuenca": "MINHO" }, "geometry": { "type": "Point", "coordinates": [ -7.523204284367895, 42.326415028469668 ] } },
{ "type": "Feature", "properties": { "ref_ceh": "1796", "nombre": "VILASOUTO", "serv": 1, "comentario": "DATOS RESERVA MODIFICADOS DE 09/1980 Y DATOS MODIFICADOS DE 10/1985 A 02/1987 RESPECTO A PUBLICADOS", "muni_id": 27024, "hoja_id": 156, "xutm": 629414, "yutm": 4724709, "xutm30": 137648, "yutm30": 4732984, "long": -7.2515, "lat": 42.3948, "longwgs84": -7.2521, "latwgs84": 42.3943, "mna": 474.2, "mnne": 473.0, "num_cuenca": 1464, "nae": 43, "naem": 43, "xetrs89": 137537, "yetrs89": 4732778, "cod_saih": "E028", "cuenca": "MINHO" }, "geometry": { "type": "Point", "coordinates": [ -7.422419366359903, 42.662062330949368 ] } },
{ "type": "Feature", "properties": { "ref_ceh": "1807", "nombre": "SALAS, LAS", "serv": 1, "comentario": "LOS DATOS DE SALIDAS DEL 10/2000 AL 01/2003 Y LOS DATOS DE 2009-10 Y 2015-16 ESTAN PENDIENTES DE REVISION", "muni_id": 32051, "hoja_id": 301, "xutm": 587768, "yutm": 4642117, "xutm30": 90204, "yutm30": 4653398, "long": -7.5629, "lat": 41.5531, "longwgs84": -7.5634, "latwgs84": 41.5527, "mna": 0.0, "mnne": 834.0, "num_cuenca": 1512, "nae": 48, "naem": 49, "xetrs89": 90092, "yetrs89": 4653191, "cod_saih": "E036", "cuenca": "MINHO" }, "geometry": { "type": "Point", "coordinates": [ -7.943001046789027, 41.924210376573754 ] } },
{ "type": "Feature", "properties": { "ref_ceh": "1808", "nombre": "CONCHAS, LAS", "serv": 1, "comentario": "LOS DATOS DE SALIDAS DEL 10/2000 AL 01/2003 Y DATOS DE 2013-14 SON PROVISIONALES SUJETOS A REVISION", "muni_id": 32041, "hoja_id": 301, "xutm": 580122, "yutm": 4644259, "xutm30": 82712, "yutm30": 4656076, "long": -8.02, "lat": 41.5644, "longwgs84": -8.0205, "latwgs84": 41.564, "mna": 549.0, "mnne": 549.0, "num_cuenca": 1511, "nae": 63, "naem": 63, "xetrs89": 82600, "yetrs89": 4655869, "cod_saih": "E035", "cuenca": "MINHO" }, "geometry": { "type": "Point", "coordinates": [ -8.034906184759203, 41.944317324349242 ] } },
{ "type": "Feature", "properties": { "ref_ceh": "7001", "nombre": "ANCHURICAS", "serv": 1, "comentario": null, "muni_id": 23904, "hoja_id": 887, "xutm": 541107, "yutm": 4228829, "xutm30": 541107, "yutm30": 4228829, "long": -2.315, "lat": 38.1221, "longwgs84": -2.3154, "latwgs84": 38.1217, "mna": 910.2, "mnne": 909.5, "num_cuenca": 7014, "nae": 56, "naem": 56, "xetrs89": 540995, "yetrs89": 4228622, "cod_saih": "04E04E1", "cuenca": "SEGURA" }, "geometry": { "type": "Point", "coordinates": [ -2.531769581927557, 38.204619719685383 ] } },
{ "type": "Feature", "properties": { "ref_ceh": "7002", "nombre": "FUENSANTA", "serv": 1, "comentario": null, "muni_id": 2086, "hoja_id": 866, "xutm": 569288, "yutm": 4249740, "xutm30": 569288, "yutm30": 4249740, "long": -2.1224, "lat": 38.2333, "longwgs84": -2.1228, "latwgs84": 38.2329, "mna": 0.0, "mnne": 602.1, "num_cuenca": 7018, "nae": 63, "naem": 77, "xetrs89": 569177, "yetrs89": 4249533, "cod_saih": "04S02E1", "cuenca": "SEGURA" }, "geometry": { "type": "Point", "coordinates": [ -2.207860933632748, 38.391336001694917 ] } },
{ "type": "Feature", "properties": { "ref_ceh": "7003", "nombre": "CENAJO", "serv": 1, "comentario": null, "muni_id": 2037, "hoja_id": 868, "xutm": 607041, "yutm": 4247285, "xutm30": 607041, "yutm30": 4247285, "long": -1.4629, "lat": 38.22, "longwgs84": -1.4634, "latwgs84": 38.2156, "mna": 435.0, "mnne": 433.4, "num_cuenca": 7026, "nae": 63, "naem": 64, "xetrs89": 606930, "yetrs89": 4247078, "cod_saih": "04S03E1", "cuenca": "SEGURA" }, "geometry": { "type": "Point", "coordinates": [ -1.776003037459284, 38.365497824859432 ] } },
{ "type": "Feature", "properties": { "ref_ceh": "7004", "nombre": "VIEJA, LA O NOVIA, LA", "serv": 1, "comentario": null, "muni_id": 23904, "hoja_id": 888, "xutm": 547599, "yutm": 4225776, "xutm30": 547599, "yutm30": 4225776, "long": -2.2724, "lat": 38.1041, "longwgs84": -2.2728, "latwgs84": 38.1036, "mna": 0.0, "mnne": 918.4, "num_cuenca": 7015, "nae": 56, "naem": 56, "xetrs89": 547487, "yetrs89": 4225569, "cod_saih": "04E05E1", "cuenca": "SEGURA" }, "geometry": { "type": "Point", "coordinates": [ -2.457827116023666, 38.176786333548115 ] } },
{ "type": "Feature", "properties": { "ref_ceh": "7005", "nombre": "ALFONSO XIII", "serv": 1, "comentario": null, "muni_id": 30013, "hoja_id": 890, "xutm": 622648, "yutm": 4231712, "xutm30": 622648, "yutm30": 4231712, "long": -1.3556, "lat": 38.1328, "longwgs84": -1.36, "latwgs84": 38.1323, "mna": 0.0, "mnne": 300.9, "num_cuenca": 7039, "nae": 63, "naem": 77, "xetrs89": 622537, "yetrs89": 4231504, "cod_saih": "02E03E1", "cuenca": "SEGURA" }, "geometry": { "type": "Point", "coordinates": [ -1.600099432196325, 38.223179173447754 ] } },
{ "type": "Feature", "properties": { "ref_ceh": "7006", "nombre": "CIERVA, LA", "serv": 1, "comentario": null, "muni_id": 30029, "hoja_id": 912, "xutm": 632755, "yutm": 4213761, "xutm30": 632755, "yutm30": 4213761, "long": -1.2912, "lat": 38.034, "longwgs84": -1.2917, "latwgs84": 38.0336, "mna": 392.0, "mnne": 390.8, "num_cuenca": 7049, "nae": 63, "naem": 77, "xetrs89": 632644, "yetrs89": 4213553, "cod_saih": "01E01E1", "cuenca": "SEGURA" }, "geometry": { "type": "Point", "coordinates": [ -1.488011775623924, 38.060015465155026 ] } },
{ "type": "Feature", "properties": { "ref_ceh": "7007", "nombre": "PUENTES", "serv": 1, "comentario": null, "muni_id": 30024, "hoja_id": 953, "xutm": 604154, "yutm": 4177251, "xutm30": 604154, "yutm30": 4177251, "long": -1.4905, "lat": 37.441, "longwgs84": -1.4909, "latwgs84": 37.4405, "mna": null, "mnne": 464.0, "num_cuenca": 7062, "nae": 63, "naem": 77, "xetrs89": 604043, "yetrs89": 4177043, "cod_saih": "05E03E1", "cuenca": "SEGURA" }, "geometry": { "type": "Point", "coordinates": [ -1.819225323378473, 37.734760642354942 ] } },
{ "type": "Feature", "properties": { "ref_ceh": "7008", "nombre": "TALAVE", "serv": 1, "comentario": null, "muni_id": 2044, "hoja_id": 842, "xutm": 599111, "yutm": 4263060, "xutm30": 599111, "yutm30": 4263060, "long": -1.5148, "lat": 38.3035, "longwgs84": -1.5152, "latwgs84": 38.3031, "mna": 509.0, "mnne": 507.8, "num_cuenca": 7031, "nae": 63, "naem": 77, "xetrs89": 599001, "yetrs89": 4262853, "cod_saih": "03E02E1", "cuenca": "SEGURA" }, "geometry": { "type": "Point", "coordinates": [ -1.864522378250174, 38.508550088616708 ] } },
{ "type": "Feature", "properties": { "ref_ceh": "7009", "nombre": "CAMARILLAS", "serv": 1, "comentario": null, "muni_id": 2037, "hoja_id": 868, "xutm": 618194, "yutm": 4244610, "xutm30": 618194, "yutm30": 4244610, "long": -1.3851, "lat": 38.2028, "longwgs84": -1.3856, "latwgs84": 38.2024, "mna": 349.6, "mnne": 348.6, "num_cuenca": 7033, "nae": 61, "naem": 61, "xetrs89": 618083, "yetrs89": 4244403, "cod_saih": "03E03E1", "cuenca": "SEGURA" }, "geometry": { "type": "Point", "coordinates": [ -1.648817180883003, 38.339994380382663 ] } },
{ "type": "Feature", "properties": { "ref_ceh": "7010", "nombre": "SANTOMERA", "serv": 1, "comentario": null, "muni_id": 30901, "hoja_id": 913, "xutm": 667721, "yutm": 4218330, "xutm30": 667721, "yutm30": 4218330, "long": -1.0514, "lat": 38.0548, "longwgs84": -1.0519, "latwgs84": 38.0543, "mna": 0.0, "mnne": 100.4, "num_cuenca": 7068, "nae": 50, "naem": 50, "xetrs89": 667610, "yetrs89": 4218122, "cod_saih": "01E02E1", "cuenca": "SEGURA" }, "geometry": { "type": "Point", "coordinates": [ -1.088551482945014, 38.095370784619689 ] } },
{ "type": "Feature", "properties": { "ref_ceh": "7011", "nombre": "ARGOS", "serv": 1, "comentario": null, "muni_id": 30017, "hoja_id": 890, "xutm": 611025, "yutm": 4225775, "xutm30": 611025, "yutm30": 4225775, "long": -1.4357, "lat": 38.1021, "longwgs84": -1.4402, "latwgs84": 38.1016, "mna": 411.2, "mnne": 413.2, "num_cuenca": 7037, "nae": 48, "naem": 48, "xetrs89": 610914, "yetrs89": 4225568, "cod_saih": "02E02E1", "cuenca": "SEGURA" }, "geometry": { "type": "Point", "coordinates": [ -1.733779337543058, 38.171201894638187 ] } },
{ "type": "Feature", "properties": { "ref_ceh": "7012", "nombre": "VALDEINFIERNO", "serv": 1, "comentario": "LOS DATOS DE 2012-13 ESTAN PENDIENTES DE REVISION", "muni_id": 30024, "hoja_id": 952, "xutm": 591229, "yutm": 4184933, "xutm30": 591229, "yutm30": 4184933, "long": -1.5749, "lat": 37.4824, "longwgs84": -1.5754, "latwgs84": 37.4819, "mna": 689.7, "mnne": 697.4, "num_cuenca": 7059, "nae": 50, "naem": 50, "xetrs89": 591118, "yetrs89": 4184725, "cod_saih": "05E02E1", "cuenca": "SEGURA" }, "geometry": { "type": "Point", "coordinates": [ -1.964921825313325, 37.805367130566722 ] } },
{ "type": "Feature", "properties": { "ref_ceh": "7013", "nombre": "OJOS", "serv": 1, "comentario": null, "muni_id": 30011, "hoja_id": 912, "xutm": 644485, "yutm": 4225187, "xutm30": 644485, "yutm30": 4225187, "long": -1.2103, "lat": 38.0945, "longwgs84": -1.2107, "latwgs84": 38.094, "mna": 139.8, "mnne": 138.6, "num_cuenca": 7046, "nae": 39, "naem": 39, "xetrs89": 644374, "yetrs89": 4224979, "cod_saih": "02S01E1", "cuenca": "SEGURA" }, "geometry": { "type": "Point", "coordinates": [ -1.352040444192911, 38.161156615373692 ] } },
{ "type": "Feature", "properties": { "ref_ceh": "7014", "nombre": "MAYES", "serv": 1, "comentario": null, "muni_id": 30031, "hoja_id": 912, "xutm": 642373, "yutm": 4219499, "xutm30": 642373, "yutm30": 4219499, "long": -1.2234, "lat": 38.0641, "longwgs84": -1.2238, "latwgs84": 38.0637, "mna": 276.9, "mnne": 276.3, "num_cuenca": 7997, "nae": 39, "naem": 39, "xetrs89": 642262, "yetrs89": 4219291, "cod_saih": "02E01E1", "cuenca": "SEGURA" }, "geometry": { "type": "Point", "coordinates": [ -1.377274319934292, 38.110248812735655 ] } },
{ "type": "Feature", "properties": { "ref_ceh": "7015", "nombre": "PEDRERA, LA", "serv": 1, "comentario": "LOS DATOS DE 2016-17  ESTAN PENDIENTES DE REVISION", "muni_id": 3099, "hoja_id": 913, "xutm": 686530, "yutm": 4211770, "xutm30": 686530, "yutm30": 4211770, "long": -0.5229, "lat": 38.0202, "longwgs84": -0.5233, "latwgs84": 38.0157, "mna": 0.0, "mnne": 105.0, "num_cuenca": 7996, "nae": 36, "naem": 36, "xetrs89": 686419, "yetrs89": 4211562, "cod_saih": "07E01E1", "cuenca": "SEGURA" }, "geometry": { "type": "Point", "coordinates": [ -0.875889705014101, 38.032603567443111 ] } },
{ "type": "Feature", "properties": { "ref_ceh": "7016", "nombre": "CREVILLENTE", "serv": 1, "comentario": null, "muni_id": 3059, "hoja_id": 893, "xutm": 693330, "yutm": 4236870, "xutm30": 693330, "yutm30": 4236870, "long": -0.4726, "lat": 38.153, "longwgs84": -0.473, "latwgs84": 38.1526, "mna": 0.0, "mnne": 145.0, "num_cuenca": 7995, "nae": 29, "naem": 30, "xetrs89": 693219, "yetrs89": 4236662, "cod_saih": "07E02E1", "cuenca": "SEGURA" }, "geometry": { "type": "Point", "coordinates": [ -0.791653445457845, 38.257228859702046 ] } },
{ "type": "Feature", "properties": { "ref_ceh": "7017", "nombre": "TAIBILLA", "serv": 1, "comentario": null, "muni_id": 2055, "hoja_id": 888, "xutm": 564712, "yutm": 4227561, "xutm30": 564712, "yutm30": 4227561, "long": -2.154, "lat": 38.1135, "longwgs84": -2.1544, "latwgs84": 38.113, "mna": null, "mnne": 951.3, "num_cuenca": 7021, "nae": 26, "naem": 27, "xetrs89": 564600, "yetrs89": 4227354, "cod_saih": "04E06E1", "cuenca": "SEGURA" }, "geometry": { "type": "Point", "coordinates": [ -2.26229377844827, 38.191807942751176 ] } },
{ "type": "Feature", "properties": { "ref_ceh": "7018", "nombre": "ALGECIRAS", "serv": 1, "comentario": null, "muni_id": 30008, "hoja_id": 933, "xutm": 641846, "yutm": 4194772, "xutm30": 641846, "yutm30": 4194772, "long": -1.2313, "lat": 37.532, "longwgs84": -1.2317, "latwgs84": 37.5315, "mna": 267.5, "mnne": 265.0, "num_cuenca": 7065, "nae": 20, "naem": 21, "xetrs89": 641735, "yetrs89": 4194564, "cod_saih": "01E05E1", "cuenca": "SEGURA" }, "geometry": { "type": "Point", "coordinates": [ -1.388167817068818, 37.887558327208033 ] } },
{ "type": "Feature", "properties": { "ref_ceh": "3006", "nombre": "ENTREPEÑAS", "serv": 1, "comentario": null, "muni_id": 19245, "hoja_id": 562, "xutm": 521277, "yutm": 4482675, "xutm30": 521277, "yutm30": 4482675, "long": -2.4456, "lat": 40.2938, "longwgs84": -2.4501, "latwgs84": 40.2934, "mna": 0.0, "mnne": 718.0, "num_cuenca": 3029, "nae": 63, "naem": 67, "xetrs89": 521168, "yetrs89": 4482467, "cod_saih": null, "cuenca": "TAJO" }, "geometry": { "type": "Point", "coordinates": [ -2.7502099489407, 40.492633367147164 ] } },
{ "type": "Feature", "properties": { "ref_ceh": "3007", "nombre": "BOLARQUE", "serv": 1, "comentario": null, "muni_id": 19022, "hoja_id": 562, "xutm": 515505, "yutm": 4468180, "xutm30": 515505, "yutm30": 4468180, "long": -2.4903, "lat": 40.2148, "longwgs84": -2.4907, "latwgs84": 40.2144, "mna": 586.0, "mnne": 642.0, "num_cuenca": 3057, "nae": 63, "naem": 66, "xetrs89": 515396, "yetrs89": 4467972, "cod_saih": null, "cuenca": "TAJO" }, "geometry": { "type": "Point", "coordinates": [ -2.818672288064778, 40.362173743822517 ] } },
{ "type": "Feature", "properties": { "ref_ceh": "3008", "nombre": "ZORITA", "serv": 1, "comentario": null, "muni_id": 19335, "hoja_id": 561, "xutm": 508838, "yutm": 4466420, "xutm30": 508838, "yutm30": 4466420, "long": -2.5345, "lat": 40.2051, "longwgs84": -2.535, "latwgs84": 40.2047, "mna": 0.0, "mnne": 600.0, "num_cuenca": 3057, "nae": 54, "naem": 54, "xetrs89": 508729, "yetrs89": 4466212, "cod_saih": null, "cuenca": "TAJO" }, "geometry": { "type": "Point", "coordinates": [ -2.89721736515252, 40.346413941004755 ] } },
{ "type": "Feature", "properties": { "ref_ceh": "3009", "nombre": "ALMOGUERA", "serv": 1, "comentario": null, "muni_id": 19021, "hoja_id": 584, "xutm": 503615, "yutm": 4458403, "xutm30": 503615, "yutm30": 4458403, "long": -2.5727, "lat": 40.1631, "longwgs84": -2.5732, "latwgs84": 40.1627, "mna": 0.0, "mnne": 585.0, "num_cuenca": 3059, "nae": 54, "naem": 54, "xetrs89": 503505, "yetrs89": 4458195, "cod_saih": null, "cuenca": "TAJO" }, "geometry": { "type": "Point", "coordinates": [ -2.958773078863372, 40.274224556564377 ] } },
{ "type": "Feature", "properties": { "ref_ceh": "3013", "nombre": "PORTIÑA, LA", "serv": 1, "comentario": null, "muni_id": 45165, "hoja_id": 627, "xutm": 342920, "yutm": 4429200, "xutm30": 342920, "yutm30": 4429200, "long": -4.5024, "lat": 39.5952, "longwgs84": -4.5029, "latwgs84": 39.5947, "mna": 0.0, "mnne": 411.0, "num_cuenca": 3989, "nae": 50, "naem": 51, "xetrs89": 342810, "yetrs89": 4428993, "cod_saih": null, "cuenca": "TAJO" }, "geometry": { "type": "Point", "coordinates": [ -4.841351658816286, 39.996504220490479 ] } },
{ "type": "Feature", "properties": { "ref_ceh": "3016", "nombre": "TORREJON-TAJO", "serv": 1, "comentario": null, "muni_id": 10190, "hoja_id": 651, "xutm": 244485, "yutm": 4413740, "xutm30": 244485, "yutm30": 4413740, "long": -5.5909, "lat": 39.5004, "longwgs84": -5.5914, "latwgs84": 39.5, "mna": 243.5, "mnne": 243.5, "num_cuenca": 3261, "nae": 53, "naem": 53, "xetrs89": 244376, "yetrs89": 4413534, "cod_saih": null, "cuenca": "TAJO" }, "geometry": { "type": "Point", "coordinates": [ -5.987174316747195, 39.833372416858154 ] } },
{ "type": "Feature", "properties": { "ref_ceh": "3019", "nombre": "ALCANTARA", "serv": 1, "comentario": null, "muni_id": 10008, "hoja_id": 648, "xutm": 681429, "yutm": 4400202, "xutm30": 167194, "yutm30": 4405273, "long": -6.5259, "lat": 39.4354, "longwgs84": -6.5304, "latwgs84": 39.435, "mna": 0.0, "mnne": 218.0, "num_cuenca": 3371, "nae": 51, "naem": 52, "xetrs89": 167086, "yetrs89": 4405067, "cod_saih": null, "cuenca": "TAJO" }, "geometry": { "type": "Point", "coordinates": [ -6.884352773568621, 39.730516268996901 ] } },
{ "type": "Feature", "properties": { "ref_ceh": "3043", "nombre": "BUENDIA", "serv": 1, "comentario": null, "muni_id": 16041, "hoja_id": 562, "xutm": 518455, "yutm": 4472242, "xutm30": 518455, "yutm30": 4472242, "long": -2.4657, "lat": 40.236, "longwgs84": -2.4702, "latwgs84": 40.2355, "mna": 712.0, "mnne": 712.0, "num_cuenca": 3054, "nae": 63, "naem": 67, "xetrs89": 518346, "yetrs89": 4472034, "cod_saih": null, "cuenca": "TAJO" }, "geometry": { "type": "Point", "coordinates": [ -2.783811679112402, 40.39870920015985 ] } },
{ "type": "Feature", "properties": { "ref_ceh": "3050", "nombre": "VADO, EL", "serv": 1, "comentario": null, "muni_id": 19307, "hoja_id": 459, "xutm": 474815, "yutm": 4539398, "xutm30": 474815, "yutm30": 4539398, "long": -3.1758, "lat": 41.0017, "longwgs84": -3.1803, "latwgs84": 41.0013, "mna": 0.0, "mnne": 923.5, "num_cuenca": 3070, "nae": 63, "naem": 72, "xetrs89": 474706, "yetrs89": 4539190, "cod_saih": null, "cuenca": "TAJO" }, "geometry": { "type": "Point", "coordinates": [ -3.300771274069703, 41.003507620811924 ] } },
{ "type": "Feature", "properties": { "ref_ceh": "3065", "nombre": "PALMACES", "serv": 1, "comentario": null, "muni_id": 19208, "hoja_id": 460, "xutm": 505150, "yutm": 4544575, "xutm30": 505150, "yutm30": 4544575, "long": -2.5619, "lat": 41.0306, "longwgs84": -2.5624, "latwgs84": 41.0302, "mna": 885.0, "mnne": 885.0, "num_cuenca": 3094, "nae": 63, "naem": 73, "xetrs89": 505041, "yetrs89": 4544367, "cod_saih": null, "cuenca": "TAJO" }, "geometry": { "type": "Point", "coordinates": [ -2.940014720480147, 41.050519831737866 ] } },
{ "type": "Feature", "properties": { "ref_ceh": "3066", "nombre": "ATANCE, EL", "serv": 1, "comentario": null, "muni_id": 19257, "hoja_id": 461, "xutm": 518120, "yutm": 4547372, "xutm30": 518120, "yutm30": 4547372, "long": -2.4703, "lat": 41.0439, "longwgs84": -2.4708, "latwgs84": 41.0432, "mna": 909.7, "mnne": 907.0, "num_cuenca": 3088, "nae": 14, "naem": 15, "xetrs89": 518011, "yetrs89": 4547164, "cod_saih": null, "cuenca": "TAJO" }, "geometry": { "type": "Point", "coordinates": [ -2.785597311063981, 41.075531752661668 ] } },
{ "type": "Feature", "properties": { "ref_ceh": "3068", "nombre": "BELEÑA", "serv": 1, "comentario": null, "muni_id": 19092, "hoja_id": 485, "xutm": 483623, "yutm": 4531652, "xutm30": 483623, "yutm30": 4531652, "long": -3.114, "lat": 40.5606, "longwgs84": -3.1145, "latwgs84": 40.5602, "mna": 845.0, "mnne": 843.5, "num_cuenca": 3102, "nae": 35, "naem": 35, "xetrs89": 483514, "yetrs89": 4531444, "cod_saih": null, "cuenca": "TAJO" }, "geometry": { "type": "Point", "coordinates": [ -3.195829569765011, 40.933955527783226 ] } },
{ "type": "Feature", "properties": { "ref_ceh": "3069", "nombre": "SANTILLANA", "serv": 1, "comentario": null, "muni_id": 28082, "hoja_id": 509, "xutm": 430950, "yutm": 4506735, "xutm30": 430950, "yutm30": 4506735, "long": -3.4903, "lat": 40.4229, "longwgs84": -3.4907, "latwgs84": 40.4224, "mna": 0.0, "mnne": 894.0, "num_cuenca": 3119, "nae": 63, "naem": 76, "xetrs89": 430841, "yetrs89": 4506528, "cod_saih": null, "cuenca": "TAJO" }, "geometry": { "type": "Point", "coordinates": [ -3.818705555943483, 40.706762388318282 ] } },
{ "type": "Feature", "properties": { "ref_ceh": "3073", "nombre": "FINISTERRE", "serv": 1, "comentario": "DATOS 2013-14 PROVISIONALES PENDIENTES DE REVISION", "muni_id": 45166, "hoja_id": 686, "xutm": 444226, "yutm": 4389398, "xutm30": 444226, "yutm30": 4389398, "long": -3.39, "lat": 39.3907, "longwgs84": -3.3905, "latwgs84": 39.3903, "mna": 0.0, "mnne": 685.4, "num_cuenca": 3158, "nae": 27, "naem": 28, "xetrs89": 444116, "yetrs89": 4389190, "cod_saih": null, "cuenca": "TAJO" }, "geometry": { "type": "Point", "coordinates": [ -3.651378666994832, 39.650680048543038 ] } },
{ "type": "Feature", "properties": { "ref_ceh": "3074", "nombre": "CASTRO, EL", "serv": 1, "comentario": "DATOS 2013-14 PROVISIONALES PENDIENTES DE REVISION", "muni_id": 45191, "hoja_id": 658, "xutm": 435684, "yutm": 4406707, "xutm30": 435684, "yutm30": 4406707, "long": -3.4505, "lat": 39.4826, "longwgs84": -3.451, "latwgs84": 39.4822, "mna": 561.0, "mnne": 552.0, "num_cuenca": 3158, "nae": 27, "naem": 28, "xetrs89": 435574, "yetrs89": 4406499, "cod_saih": null, "cuenca": "TAJO" }, "geometry": { "type": "Point", "coordinates": [ -3.752629711992227, 39.806023607316661 ] } },
{ "type": "Feature", "properties": { "ref_ceh": "3079", "nombre": "TAJERA, LA", "serv": 1, "comentario": null, "muni_id": 19260, "hoja_id": 487, "xutm": 532360, "yutm": 4521175, "xutm30": 532360, "yutm30": 4521175, "long": -2.3658, "lat": 40.5025, "longwgs84": -2.3703, "latwgs84": 40.5021, "mna": 962.1, "mnne": 959.5, "num_cuenca": 3131, "nae": 27, "naem": 28, "xetrs89": 532251, "yetrs89": 4520967, "cod_saih": null, "cuenca": "TAJO" }, "geometry": { "type": "Point", "coordinates": [ -2.617452188315597, 40.839106373729024 ] } },
{ "type": "Feature", "properties": { "ref_ceh": "3111", "nombre": "BURGUILLO, EL", "serv": 1, "comentario": null, "muni_id": 5241, "hoja_id": 556, "xutm": 369985, "yutm": 4476245, "xutm30": 369985, "yutm30": 4476245, "long": -4.3157, "lat": 40.2534, "longwgs84": -4.3202, "latwgs84": 40.2529, "mna": 0.0, "mnne": 729.1, "num_cuenca": 3210, "nae": 63, "naem": 81, "xetrs89": 369875, "yetrs89": 4476038, "cod_saih": null, "cuenca": "TAJO" }, "geometry": { "type": "Point", "coordinates": [ -4.53394982397026, 40.424806584986932 ] } },
{ "type": "Feature", "properties": { "ref_ceh": "3112", "nombre": "SAN JUAN", "serv": 1, "comentario": null, "muni_id": 28133, "hoja_id": 557, "xutm": 388730, "yutm": 4470175, "xutm30": 388730, "yutm30": 4470175, "long": -4.1838, "lat": 40.2227, "longwgs84": -4.1843, "latwgs84": 40.2222, "mna": 0.0, "mnne": 580.0, "num_cuenca": 3220, "nae": 63, "naem": 66, "xetrs89": 388620, "yetrs89": 4469968, "cod_saih": null, "cuenca": "TAJO" }, "geometry": { "type": "Point", "coordinates": [ -4.311976288550405, 40.372855737295275 ] } },
{ "type": "Feature", "properties": { "ref_ceh": "3113", "nombre": "PICADAS", "serv": 1, "comentario": null, "muni_id": 28133, "hoja_id": 580, "xutm": 393995, "yutm": 4465710, "xutm30": 393995, "yutm30": 4465710, "long": -4.1452, "lat": 40.2004, "longwgs84": -4.1457, "latwgs84": 40.196, "mna": 0.0, "mnne": 518.5, "num_cuenca": 3220, "nae": 54, "naem": 54, "xetrs89": 393885, "yetrs89": 4465503, "cod_saih": null, "cuenca": "TAJO" }, "geometry": { "type": "Point", "coordinates": [ -4.249230245737381, 40.333325904033813 ] } },
{ "type": "Feature", "properties": { "ref_ceh": "3114", "nombre": "CHARCO DEL CURA (PUENTE NUEVO)", "serv": 1, "comentario": null, "muni_id": 5241, "hoja_id": 557, "xutm": 372630, "yutm": 4475950, "xutm30": 372630, "yutm30": 4475950, "long": -4.3005, "lat": 40.2525, "longwgs84": -4.301, "latwgs84": 40.2521, "mna": 0.0, "mnne": 647.5, "num_cuenca": 3210, "nae": 54, "naem": 54, "xetrs89": 372520, "yetrs89": 4475743, "cod_saih": null, "cuenca": "TAJO" }, "geometry": { "type": "Point", "coordinates": [ -4.502720966789414, 40.422559244300402 ] } },
{ "type": "Feature", "properties": { "ref_ceh": "3115", "nombre": "CAZALEGAS", "serv": 1, "comentario": null, "muni_id": 45045, "hoja_id": 602, "xutm": 354490, "yutm": 4430810, "xutm30": 354490, "yutm30": 4430810, "long": -4.4218, "lat": 40.0051, "longwgs84": -4.4223, "latwgs84": 40.0047, "mna": 385.4, "mnne": 384.1, "num_cuenca": 3238, "nae": 63, "naem": 63, "xetrs89": 354380, "yetrs89": 4430603, "cod_saih": null, "cuenca": "TAJO" }, "geometry": { "type": "Point", "coordinates": [ -4.706238578578881, 40.013077320547431 ] } },
{ "type": "Feature", "properties": { "ref_ceh": "3116", "nombre": "MORALES", "serv": 1, "comentario": null, "muni_id": 28128, "hoja_id": 580, "xutm": 370970, "yutm": 4464013, "xutm30": 370970, "yutm30": 4464013, "long": -4.3107, "lat": 40.1858, "longwgs84": -4.3112, "latwgs84": 40.1853, "mna": 802.9, "mnne": 802.0, "num_cuenca": 3988, "nae": 28, "naem": 29, "xetrs89": 370860, "yetrs89": 4463806, "cod_saih": null, "cuenca": "TAJO" }, "geometry": { "type": "Point", "coordinates": [ -4.519864986678744, 40.31479811675176 ] } },
{ "type": "Feature", "properties": { "ref_ceh": "3127", "nombre": "ROSARITO", "serv": 1, "comentario": null, "muni_id": 45125, "hoja_id": 600, "xutm": 302063, "yutm": 4442756, "xutm30": 302063, "yutm30": 4442756, "long": -5.1921, "lat": 40.064, "longwgs84": -5.1926, "latwgs84": 40.0636, "mna": 0.0, "mnne": 307.3, "num_cuenca": 3280, "nae": 63, "naem": 63, "xetrs89": 301954, "yetrs89": 4442549, "cod_saih": null, "cuenca": "TAJO" }, "geometry": { "type": "Point", "coordinates": [ -5.323756676728521, 40.109951074123892 ] } },
{ "type": "Feature", "properties": { "ref_ceh": "3128", "nombre": "TORREJON-TIETAR", "serv": 1, "comentario": null, "muni_id": 10182, "hoja_id": 623, "xutm": 244150, "yutm": 4414150, "xutm30": 244150, "yutm30": 4414150, "long": -5.5924, "lat": 39.5017, "longwgs84": -5.5929, "latwgs84": 39.5013, "mna": 223.0, "mnne": 222.0, "num_cuenca": 3296, "nae": 53, "naem": 53, "xetrs89": 244041, "yetrs89": 4413944, "cod_saih": null, "cuenca": "TAJO" }, "geometry": { "type": "Point", "coordinates": [ -5.991244215209551, 39.836960674485454 ] } },
{ "type": "Feature", "properties": { "ref_ceh": "3141", "nombre": "GUIJO DE GRANADILLA", "serv": 1, "comentario": null, "muni_id": 10090, "hoja_id": 575, "xutm": 743440, "yutm": 4451906, "xutm30": 232578, "yutm30": 4452717, "long": -6.0827, "lat": 40.1054, "longwgs84": -6.0832, "latwgs84": 40.1049, "mna": 0.0, "mnne": 329.0, "num_cuenca": 3346, "nae": 32, "naem": 32, "xetrs89": 232469, "yetrs89": 4452511, "cod_saih": null, "cuenca": "TAJO" }, "geometry": { "type": "Point", "coordinates": [ -6.142176924372315, 40.180356426978094 ] } },
{ "type": "Feature", "properties": { "ref_ceh": "3142", "nombre": "GABRIEL Y GALAN", "serv": 1, "comentario": null, "muni_id": 10090, "hoja_id": 575, "xutm": 744075, "yutm": 4456476, "xutm30": 233520, "yutm30": 4457234, "long": -6.0754, "lat": 40.1321, "longwgs84": -6.0759, "latwgs84": 40.1317, "mna": 0.0, "mnne": 386.0, "num_cuenca": 3346, "nae": 63, "naem": 65, "xetrs89": 233411, "yetrs89": 4457028, "cod_saih": null, "cuenca": "TAJO" }, "geometry": { "type": "Point", "coordinates": [ -6.133000432936027, 40.221290983759928 ] } },
{ "type": "Feature", "properties": { "ref_ceh": "3143", "nombre": "VALDEOBISPO", "serv": 1, "comentario": null, "muni_id": 10202, "hoja_id": 597, "xutm": 734479, "yutm": 4442601, "xutm30": 223007, "yutm30": 4444036, "long": -6.1458, "lat": 40.0601, "longwgs84": -6.1503, "latwgs84": 40.0557, "mna": 0.0, "mnne": 308.0, "num_cuenca": 3350, "nae": 55, "naem": 55, "xetrs89": 222898, "yetrs89": 4443830, "cod_saih": null, "cuenca": "TAJO" }, "geometry": { "type": "Point", "coordinates": [ -6.250693538326005, 40.099166566924396 ] } },
{ "type": "Feature", "properties": { "ref_ceh": "3145", "nombre": "JERTE-PLASENCIA", "serv": 1, "comentario": null, "muni_id": 10148, "hoja_id": 598, "xutm": 752432, "yutm": 4438857, "xutm30": 240670, "yutm30": 4439090, "long": -6.0226, "lat": 40.0341, "longwgs84": -6.023, "latwgs84": 40.0337, "mna": 0.0, "mnne": 367.0, "num_cuenca": 3353, "nae": 34, "naem": 34, "xetrs89": 240561, "yetrs89": 4438884, "cod_saih": null, "cuenca": "TAJO" }, "geometry": { "type": "Point", "coordinates": [ -6.041791060527455, 40.060295622364571 ] } },
{ "type": "Feature", "properties": { "ref_ceh": "3148", "nombre": "BORBOLLON", "serv": 1, "comentario": "DATO RESERVA MODIFICADO 01/09/1959 (ANUARIO 13-14)", "muni_id": 10171, "hoja_id": 596, "xutm": 706560, "yutm": 4444661, "xutm30": 195279, "yutm30": 4447976, "long": -6.3433, "lat": 40.0734, "longwgs84": -6.3438, "latwgs84": 40.073, "mna": 0.0, "mnne": 313.5, "num_cuenca": 3363, "nae": 63, "naem": 64, "xetrs89": 195170, "yetrs89": 4447770, "cod_saih": null, "cuenca": "TAJO" }, "geometry": { "type": "Point", "coordinates": [ -6.577258349994358, 40.125016445212204 ] } },
{ "type": "Feature", "properties": { "ref_ceh": "3151", "nombre": "CASTREJON", "serv": 1, "comentario": null, "muni_id": 45136, "hoja_id": 656, "xutm": 389280, "yutm": 4410270, "xutm30": 389280, "yutm30": 4410270, "long": -4.1738, "lat": 39.5004, "longwgs84": -4.1743, "latwgs84": 39.5, "mna": 0.0, "mnne": 425.0, "num_cuenca": 3183, "nae": 54, "naem": 54, "xetrs89": 389170, "yetrs89": 4410063, "cod_saih": null, "cuenca": "TAJO" }, "geometry": { "type": "Point", "coordinates": [ -4.295224559279895, 39.83334575837609 ] } },
{ "type": "Feature", "properties": { "ref_ceh": "3152", "nombre": "VALDECAÑAS", "serv": 1, "comentario": null, "muni_id": 10026, "hoja_id": 652, "xutm": 276430, "yutm": 4406580, "xutm30": 276430, "yutm30": 4406580, "long": -5.3638, "lat": 39.4645, "longwgs84": -5.3643, "latwgs84": 39.4641, "mna": 315.0, "mnne": 315.0, "num_cuenca": 3259, "nae": 56, "naem": 57, "xetrs89": 276321, "yetrs89": 4406374, "cod_saih": null, "cuenca": "TAJO" }, "geometry": { "type": "Point", "coordinates": [ -5.611821437226694, 39.777936948455498 ] } },
{ "type": "Feature", "properties": { "ref_ceh": "3154", "nombre": "RIOSEQUILLO", "serv": 1, "comentario": null, "muni_id": 28027, "hoja_id": 484, "xutm": 445558, "yutm": 4537473, "xutm30": 445558, "yutm30": 4537473, "long": -3.385, "lat": 40.5909, "longwgs84": -3.3855, "latwgs84": 40.5905, "mna": 1010.0, "mnne": 1005.0, "num_cuenca": 3071, "nae": 63, "naem": 63, "xetrs89": 445449, "yetrs89": 4537266, "cod_saih": null, "cuenca": "TAJO" }, "geometry": { "type": "Point", "coordinates": [ -3.648481197755739, 40.984744212419585 ] } },
{ "type": "Feature", "properties": { "ref_ceh": "3155", "nombre": "PUENTES VIEJAS", "serv": 1, "comentario": null, "muni_id": 28902, "hoja_id": 484, "xutm": 452060, "yutm": 4538375, "xutm30": 452060, "yutm30": 4538375, "long": -3.3412, "lat": 40.594, "longwgs84": -3.3417, "latwgs84": 40.5936, "mna": 0.0, "mnne": 950.5, "num_cuenca": 3073, "nae": 63, "naem": 63, "xetrs89": 451951, "yetrs89": 4538167, "cod_saih": null, "cuenca": "TAJO" }, "geometry": { "type": "Point", "coordinates": [ -3.571261896391526, 40.993269114164164 ] } },
{ "type": "Feature", "properties": { "ref_ceh": "3156", "nombre": "ATAZAR, EL", "serv": 1, "comentario": null, "muni_id": 28016, "hoja_id": 485, "xutm": 460235, "yutm": 4529316, "xutm30": 460235, "yutm30": 4529316, "long": -3.282, "lat": 40.5448, "longwgs84": -3.2825, "latwgs84": 40.5444, "mna": 0.0, "mnne": 870.0, "num_cuenca": 3075, "nae": 50, "naem": 50, "xetrs89": 460126, "yetrs89": 4529108, "cod_saih": null, "cuenca": "TAJO" }, "geometry": { "type": "Point", "coordinates": [ -3.473488200222757, 40.912106270163775 ] } },
{ "type": "Feature", "properties": { "ref_ceh": "3157", "nombre": "VELLON, EL", "serv": 1, "comentario": null, "muni_id": 28108, "hoja_id": 509, "xutm": 447380, "yutm": 4512110, "xutm30": 447380, "yutm30": 4512110, "long": -3.3724, "lat": 40.4527, "longwgs84": -3.3729, "latwgs84": 40.4523, "mna": 0.0, "mnne": 828.0, "num_cuenca": 3077, "nae": 53, "naem": 54, "xetrs89": 447271, "yetrs89": 4511903, "cod_saih": null, "cuenca": "TAJO" }, "geometry": { "type": "Point", "coordinates": [ -3.624672274576493, 40.75639655509827 ] } },
{ "type": "Feature", "properties": { "ref_ceh": "3160", "nombre": "RIVERA DE GATA", "serv": 1, "comentario": null, "muni_id": 10215, "hoja_id": 596, "xutm": 701779, "yutm": 4445551, "xutm30": 190565, "yutm30": 4449188, "long": -6.3754, "lat": 40.0807, "longwgs84": -6.3759, "latwgs84": 40.0803, "mna": 349.5, "mnne": 339.5, "num_cuenca": 3366, "nae": 31, "naem": 32, "xetrs89": 190457, "yetrs89": 4448982, "cod_saih": null, "cuenca": "TAJO" }, "geometry": { "type": "Point", "coordinates": [ -6.633043296454555, 40.134193525679784 ] } },
{ "type": "Feature", "properties": { "ref_ceh": "3166", "nombre": "TORCON", "serv": 1, "comentario": "DATOS 2013-14 PROVISIONALES PENDIENTES DE REVISION", "muni_id": 45109, "hoja_id": 684, "xutm": 381203, "yutm": 4387291, "xutm30": 381203, "yutm30": 4387291, "long": -4.2303, "lat": 39.3735, "longwgs84": -4.2308, "latwgs84": 39.3731, "mna": 0.0, "mnne": 700.0, "num_cuenca": 3190, "nae": 61, "naem": 62, "xetrs89": 381093, "yetrs89": 4387084, "cod_saih": null, "cuenca": "TAJO" }, "geometry": { "type": "Point", "coordinates": [ -4.385441879426225, 39.625268559986438 ] } },
{ "type": "Feature", "properties": { "ref_ceh": "3181", "nombre": "VALMAYOR", "serv": 1, "comentario": null, "muni_id": 28160, "hoja_id": 533, "xutm": 411397, "yutm": 4487932, "xutm30": 411397, "yutm30": 4487932, "long": -4.0246, "lat": 40.3212, "longwgs84": -4.0251, "latwgs84": 40.3208, "mna": 831.0, "mnne": 828.0, "num_cuenca": 3167, "nae": 39, "naem": 39, "xetrs89": 411288, "yetrs89": 4487725, "cod_saih": null, "cuenca": "TAJO" }, "geometry": { "type": "Point", "coordinates": [ -4.047492251281371, 40.535524272803372 ] } },
{ "type": "Feature", "properties": { "ref_ceh": "3189", "nombre": "NAVACERRADA", "serv": 1, "comentario": null, "muni_id": 28093, "hoja_id": 508, "xutm": 415195, "yutm": 4507800, "xutm30": 415195, "yutm30": 4507800, "long": -4.0014, "lat": 40.4258, "longwgs84": -4.0019, "latwgs84": 40.4254, "mna": 1156.0, "mnne": 1156.0, "num_cuenca": 3118, "nae": 51, "naem": 51, "xetrs89": 415086, "yetrs89": 4507593, "cod_saih": null, "cuenca": "TAJO" }, "geometry": { "type": "Point", "coordinates": [ -4.00533303709101, 40.714881918553161 ] } },
{ "type": "Feature", "properties": { "ref_ceh": "3190", "nombre": "JAROSA, LA", "serv": 1, "comentario": null, "muni_id": 28068, "hoja_id": 533, "xutm": 405640, "yutm": 4502380, "xutm30": 405640, "yutm30": 4502380, "long": -4.0659, "lat": 40.3958, "longwgs84": -4.0704, "latwgs84": 40.3954, "mna": 1087.0, "mnne": 1087.0, "num_cuenca": 3993, "nae": 51, "naem": 51, "xetrs89": 405531, "yetrs89": 4502173, "cod_saih": null, "cuenca": "TAJO" }, "geometry": { "type": "Point", "coordinates": [ -4.117623274124767, 40.665023392417851 ] } },
{ "type": "Feature", "properties": { "ref_ceh": "3191", "nombre": "NAVALMEDIO", "serv": 1, "comentario": null, "muni_id": 28038, "hoja_id": 508, "xutm": 412340, "yutm": 4511640, "xutm30": 412340, "yutm30": 4511640, "long": -4.0218, "lat": 40.4501, "longwgs84": -4.0223, "latwgs84": 40.4457, "mna": 0.0, "mnne": 1289.0, "num_cuenca": 3994, "nae": 51, "naem": 51, "xetrs89": 412231, "yetrs89": 4511433, "cod_saih": null, "cuenca": "TAJO" }, "geometry": { "type": "Point", "coordinates": [ -4.039667670337835, 40.749170160317981 ] } },
{ "type": "Feature", "properties": { "ref_ceh": "3195", "nombre": "VILLAR, EL", "serv": 1, "comentario": null, "muni_id": 28902, "hoja_id": 484, "xutm": 452726, "yutm": 4533285, "xutm30": 452726, "yutm30": 4533285, "long": -3.3342, "lat": 40.5655, "longwgs84": -3.3347, "latwgs84": 40.5651, "mna": 0.0, "mnne": 903.5, "num_cuenca": 3073, "nae": 63, "naem": 63, "xetrs89": 452617, "yetrs89": 4533077, "cod_saih": null, "cuenca": "TAJO" }, "geometry": { "type": "Point", "coordinates": [ -3.56295423837634, 40.947458126065655 ] } },
{ "type": "Feature", "properties": { "ref_ceh": "3196", "nombre": "PINILLA", "serv": 1, "comentario": null, "muni_id": 28076, "hoja_id": 484, "xutm": 434955, "yutm": 4533137, "xutm30": 434955, "yutm30": 4533137, "long": -3.4622, "lat": 40.5646, "longwgs84": -3.4627, "latwgs84": 40.5642, "mna": 1090.0, "mnne": 1088.8, "num_cuenca": 3071, "nae": 54, "naem": 54, "xetrs89": 434846, "yetrs89": 4532930, "cod_saih": null, "cuenca": "TAJO" }, "geometry": { "type": "Point", "coordinates": [ -3.774058949753233, 40.944909932926457 ] } },
{ "type": "Feature", "properties": { "ref_ceh": "3199", "nombre": "NAVALCAN", "serv": 1, "comentario": null, "muni_id": 45110, "hoja_id": 601, "xutm": 317364, "yutm": 4435509, "xutm30": 317364, "yutm30": 4435509, "long": -5.0827, "lat": 40.0258, "longwgs84": -5.0832, "latwgs84": 40.0253, "mna": 0.0, "mnne": 370.0, "num_cuenca": 3275, "nae": 39, "naem": 39, "xetrs89": 317254, "yetrs89": 4435302, "cod_saih": null, "cuenca": "TAJO" }, "geometry": { "type": "Point", "coordinates": [ -5.142312313340176, 40.048165797850579 ] } },
{ "type": "Feature", "properties": { "ref_ceh": "3201", "nombre": "MOLINO DE CHINCHA", "serv": 1, "comentario": "DATOS 2015-16 PROVISIONALES PENDIENTES DE REVISION", "muni_id": 16057, "hoja_id": 539, "xutm": 569715, "yutm": 4489562, "xutm30": 569715, "yutm30": 4489562, "long": -2.1036, "lat": 40.3311, "longwgs84": -2.1041, "latwgs84": 40.3307, "mna": 0.0, "mnne": 939.3, "num_cuenca": 3032, "nae": 60, "naem": 73, "xetrs89": 569606, "yetrs89": 4489353, "cod_saih": null, "cuenca": "TAJO" }, "geometry": { "type": "Point", "coordinates": [ -2.177902929699072, 40.552014261644587 ] } },
{ "type": "Feature", "properties": { "ref_ceh": "3203", "nombre": "AZUTAN", "serv": 1, "comentario": null, "muni_id": 45017, "hoja_id": 654, "xutm": 321215, "yutm": 4405405, "xutm30": 321215, "yutm30": 4405405, "long": -5.0515, "lat": 39.4645, "longwgs84": -5.052, "latwgs84": 39.4641, "mna": 0.0, "mnne": 354.0, "num_cuenca": 3249, "nae": 50, "naem": 50, "xetrs89": 321105, "yetrs89": 4405198, "cod_saih": null, "cuenca": "TAJO" }, "geometry": { "type": "Point", "coordinates": [ -5.088942114346461, 39.777937776612511 ] } },
{ "type": "Feature", "properties": { "ref_ceh": "3208", "nombre": "SALOR", "serv": 1, "comentario": null, "muni_id": 10037, "hoja_id": 704, "xutm": 732325, "yutm": 4360794, "xutm30": 215381, "yutm30": 4362533, "long": -6.1812, "lat": 39.2153, "longwgs84": -6.1817, "latwgs84": 39.2149, "mna": 0.0, "mnne": 395.9, "num_cuenca": 3380, "nae": 43, "naem": 43, "xetrs89": 215272, "yetrs89": 4362327, "cod_saih": null, "cuenca": "TAJO" }, "geometry": { "type": "Point", "coordinates": [ -6.3047813760426, 39.363499582085694 ] } },
{ "type": "Feature", "properties": { "ref_ceh": "3227", "nombre": "ACEÑA", "serv": 1, "comentario": null, "muni_id": 5184, "hoja_id": 532, "xutm": 396780, "yutm": 4496675, "xutm30": 396780, "yutm30": 4496675, "long": -4.1313, "lat": 40.365, "longwgs84": -4.1317, "latwgs84": 40.3645, "mna": 1317.5, "mnne": 1316.1, "num_cuenca": 3214, "nae": 29, "naem": 30, "xetrs89": 396671, "yetrs89": 4496468, "cod_saih": null, "cuenca": "TAJO" }, "geometry": { "type": "Point", "coordinates": [ -4.221483468773453, 40.612577830381575 ] } },
{ "type": "Feature", "properties": { "ref_ceh": "3247", "nombre": "NAVAMUÑO", "serv": 1, "comentario": null, "muni_id": 37078, "hoja_id": 553, "xutm": 264468, "yutm": 4470280, "xutm30": 264468, "yutm30": 4470280, "long": -5.4623, "lat": 40.2057, "longwgs84": -5.4628, "latwgs84": 40.2053, "mna": 0.0, "mnne": 1241.0, "num_cuenca": 3996, "nae": 31, "naem": 31, "xetrs89": 264359, "yetrs89": 4470073, "cod_saih": null, "cuenca": "TAJO" }, "geometry": { "type": "Point", "coordinates": [ -5.774522393066946, 40.347951447025373 ] } },
{ "type": "Feature", "properties": { "ref_ceh": "3252", "nombre": "GUAJARAZ", "serv": 1, "comentario": "DATOS 2013-14 PROVISIONALES PENDIENTES DE REVISION", "muni_id": 45016, "hoja_id": 657, "xutm": 407009, "yutm": 4406316, "xutm30": 407009, "yutm30": 4406316, "long": -4.051, "lat": 39.4804, "longwgs84": -4.0515, "latwgs84": 39.4759, "mna": 606.1, "mnne": 605.0, "num_cuenca": 3164, "nae": 43, "naem": 44, "xetrs89": 406899, "yetrs89": 4406109, "cod_saih": null, "cuenca": "TAJO" }, "geometry": { "type": "Point", "coordinates": [ -4.087509951237181, 39.799854320917234 ] } },
{ "type": "Feature", "properties": { "ref_ceh": "3257", "nombre": "BUJEDA, LA", "serv": 1, "comentario": null, "muni_id": 19022, "hoja_id": 585, "xutm": 514190, "yutm": 4455100, "xutm30": 514190, "yutm30": 4455100, "long": -2.4959, "lat": 40.1444, "longwgs84": -2.5004, "latwgs84": 40.144, "mna": 903.0, "mnne": 905.5, "num_cuenca": 3059, "nae": 32, "naem": 32, "xetrs89": 514080, "yetrs89": 4454892, "cod_saih": null, "cuenca": "TAJO" }, "geometry": { "type": "Point", "coordinates": [ -2.834459424144674, 40.244355467828285 ] } },
{ "type": "Feature", "properties": { "ref_ceh": "3263", "nombre": "PARDO, EL", "serv": 1, "comentario": null, "muni_id": 28079, "hoja_id": 534, "xutm": 433299, "yutm": 4488075, "xutm30": 433299, "yutm30": 4488075, "long": -3.4715, "lat": 40.3224, "longwgs84": -3.472, "latwgs84": 40.322, "mna": 0.0, "mnne": 629.0, "num_cuenca": 3121, "nae": 48, "naem": 48, "xetrs89": 433190, "yetrs89": 4487868, "cod_saih": null, "cuenca": "TAJO" }, "geometry": { "type": "Point", "coordinates": [ -3.788920347816198, 40.538867487517393 ] } },
{ "type": "Feature", "properties": { "ref_ceh": "3264", "nombre": "GUADILOBA", "serv": 1, "comentario": null, "muni_id": 10037, "hoja_id": 704, "xutm": 732528, "yutm": 4374501, "xutm30": 216495, "yutm30": 4376200, "long": -6.1747, "lat": 39.2917, "longwgs84": -6.1752, "latwgs84": 39.2913, "mna": 359.7, "mnne": 359.4, "num_cuenca": 3317, "nae": 42, "naem": 42, "xetrs89": 216386, "yetrs89": 4375994, "cod_saih": null, "cuenca": "TAJO" }, "geometry": { "type": "Point", "coordinates": [ -6.297667105983871, 39.486811037040894 ] } },
{ "type": "Feature", "properties": { "ref_ceh": "3267", "nombre": "PORTAJE", "serv": 1, "comentario": "DATOS 2013-14 PROVISIONALES PENDIENTES DE REVISION", "muni_id": 10150, "hoja_id": 621, "xutm": 710278, "yutm": 4418701, "xutm30": 197242, "yutm30": 4421809, "long": -6.3226, "lat": 39.533, "longwgs84": -6.3231, "latwgs84": 39.5326, "mna": 302.1, "mnne": 301.0, "num_cuenca": 3326, "nae": 27, "naem": 28, "xetrs89": 197133, "yetrs89": 4421603, "cod_saih": null, "cuenca": "TAJO" }, "geometry": { "type": "Point", "coordinates": [ -6.542065780481634, 39.890419110597058 ] } },
{ "type": "Feature", "properties": { "ref_ceh": "3285", "nombre": "CEDILLO", "serv": 1, "comentario": null, "muni_id": 10062, "hoja_id": 674, "xutm": 625328, "yutm": 4391701, "xutm30": 110576, "yutm30": 4400538, "long": -7.322, "lat": 39.3955, "longwgs84": -7.3225, "latwgs84": 39.3951, "mna": 0.0, "mnne": 115.0, "num_cuenca": 3399, "nae": 45, "naem": 46, "xetrs89": 110468, "yetrs89": 4400332, "cod_saih": null, "cuenca": "TAJO" }, "geometry": { "type": "Point", "coordinates": [ -7.54035310624353, 39.66403354530464 ] } },
{ "type": "Feature", "properties": { "ref_ceh": "3287", "nombre": "ALCORLO", "serv": 1, "comentario": null, "muni_id": 19269, "hoja_id": 460, "xutm": 497998, "yutm": 4539929, "xutm30": 497998, "yutm30": 4539929, "long": -3.0126, "lat": 41.0035, "longwgs84": -3.0131, "latwgs84": 41.0031, "mna": 922.5, "mnne": 920.0, "num_cuenca": 3098, "nae": 39, "naem": 40, "xetrs89": 497889, "yetrs89": 4539721, "cod_saih": null, "cuenca": "TAJO" }, "geometry": { "type": "Point", "coordinates": [ -3.025103906966252, 41.008680645683469 ] } },
{ "type": "Feature", "properties": { "ref_ceh": "3300", "nombre": "BAÑOS", "serv": 1, "comentario": "DATOS 2013-14 PROVISIONALES PENDIENTES DE REVISION", "muni_id": 10024, "hoja_id": 575, "xutm": 254016, "yutm": 4463262, "xutm30": 254016, "yutm30": 4463262, "long": -5.5336, "lat": 40.1659, "longwgs84": -5.5341, "latwgs84": 40.1654, "mna": 607.1, "mnne": 606.0, "num_cuenca": 3981, "nae": 22, "naem": 23, "xetrs89": 253907, "yetrs89": 4463055, "cod_saih": null, "cuenca": "TAJO" }, "geometry": { "type": "Point", "coordinates": [ -5.894742190444163, 40.281788741520067 ] } }
]
}
