{
"type": "FeatureCollection",
"name": "estaciones",
"crs": { "type": "name", "properties": { "name": "urn:ogc:def:crs:OGC:1.3:CRS84" } },
"features": [
{ "type": "Feature", "properties": { "indroea": 1080, "lugar": "ANDOAIN", "comentario": null, "serv": 1, "suprest": 765, "suprcnc": 861, "hoja_id": 64, "alti": 38.0, "altimax": 1544.0, "naa": 19, "naam": 66, "naai": 29, "num_cuenca": 1028, "muni_id": 20009, "xutm": 579176, "yutm": 4786841, "xutm30": 579176, "yutm30": 4786841, "long": -2.013, "lat": 43.1346, "longwgs84": -2.0135, "latwgs84": 43.1342, "observ1": "POR FALTA DE FIABILIDAD EN CURVA DE GASTO, NO SE PUBLICA Q, SOLO H                                  ", "xetrs89": 579070, "yetrs89": 4786632, "cod_saih": "A149", "cuenca": "CANTABRICO", "rio": "oria", "regimen": "alterado", "sistema": "oria", "caudal": 1, "inicio": 1991.0, "fin": 2010.0, "url_link": "https://casadoj.github.io/CAMELS-ES/Cantabrico/Oria/plots/1080.html" }, "geometry": { "type": "Point", "coordinates": [ -2.026305016215147, 43.22833765127951 ] } },
{ "type": "Feature", "properties": { "indroea": 1103, "lugar": "ALZOLA", "comentario": "INT 2003                                                              ", "serv": 0, "suprest": 456, "suprcnc": 531, "hoja_id": 63, "alti": 44.0, "altimax": 1544.0, "naa": 7, "naam": 35, "naai": 23, "num_cuenca": 1042, "muni_id": 20032, "xutm": 548747, "yutm": 4786678, "xutm30": 548747, "yutm30": 4786678, "long": -2.2359, "lat": 43.135, "longwgs84": -2.2404, "latwgs84": 43.1346, "observ1": null, "xetrs89": 548642, "yetrs89": 4786470, "cod_saih": "A800", "cuenca": "CANTABRICO", "rio": "deba", "regimen": "desconocido", "sistema": "deva", "caudal": 1, "inicio": 1991.0, "fin": 1998.0, "url_link": "https://casadoj.github.io/CAMELS-ES/Cantabrico/Deva/plots/1103.html" }, "geometry": { "type": "Point", "coordinates": [ -2.400993722110718, 43.229454526424824 ] } },
{ "type": "Feature", "properties": { "indroea": 1105, "lugar": "EREÑOZU", "comentario": null, "serv": 1, "suprest": 215, "suprcnc": 266, "hoja_id": 64, "alti": 28.0, "altimax": 1139.0, "naa": 30, "naam": 53, "naai": 36, "num_cuenca": 1018, "muni_id": 20040, "xutm": 586038, "yutm": 4788616, "xutm30": 586038, "yutm30": 4788616, "long": -1.5625, "lat": 43.1441, "longwgs84": -1.563, "latwgs84": 43.1437, "observ1": "FALTA FIABILIDAD EN CURVA DE GASTO, NO SE PUBLICAN Q PARA TODAS LAS H                               ", "xetrs89": 585932, "yetrs89": 4788406, "cod_saih": "A900", "cuenca": "CANTABRICO", "rio": "urumea", "regimen": "desconocido", "sistema": "urumea", "caudal": 1, "inicio": 1991.0, "fin": 2021.0, "url_link": "https://casadoj.github.io/CAMELS-ES/Cantabrico/Urumea/plots/1105.html" }, "geometry": { "type": "Point", "coordinates": [ -1.941541147804602, 43.243558926505692 ] } },
{ "type": "Feature", "properties": { "indroea": 1106, "lugar": "ENDARLAZA", "comentario": null, "serv": 1, "suprest": 681, "suprcnc": 705, "hoja_id": 65, "alti": 18.0, "altimax": 1418.0, "naa": 30, "naam": 51, "naai": 28, "num_cuenca": 1012, "muni_id": 20045, "xutm": 603146, "yutm": 4794568, "xutm30": 603146, "yutm30": 4794568, "long": -1.4343, "lat": 43.1746, "longwgs84": -1.4347, "latwgs84": 43.1742, "observ1": "FALTA FIABILIDAD EN CURVA DE GASTO, NO SE PUBLICAN Q PARA TODAS LAS H                               ", "xetrs89": 603040, "yetrs89": 4794358, "cod_saih": "A140", "cuenca": "CANTABRICO", "rio": "bidasoa", "regimen": "natural", "sistema": "bidasoa", "caudal": 1, "inicio": 1991.0, "fin": 2021.0, "url_link": "https://casadoj.github.io/CAMELS-ES/Cantabrico/Bidasoa/plots/1106.html" }, "geometry": { "type": "Point", "coordinates": [ -1.729747639128951, 43.294997933956026 ] } },
{ "type": "Feature", "properties": { "indroea": 1107, "lugar": "OYARZUN", "comentario": "INT 2007                                                              ", "serv": 0, "suprest": 38, "suprcnc": 74, "hoja_id": 64, "alti": 27.0, "altimax": 840.0, "naa": 13, "naam": 38, "naai": 31, "num_cuenca": 1014, "muni_id": 20063, "xutm": 591257, "yutm": 4794779, "xutm30": 591257, "yutm30": 4794779, "long": -1.523, "lat": 43.1758, "longwgs84": -1.5235, "latwgs84": 43.1754, "observ1": null, "xetrs89": 591151, "yetrs89": 4794569, "cod_saih": "A801", "cuenca": "CANTABRICO", "rio": "oyarzun", "regimen": "natural", "sistema": "urumea", "caudal": 1, "inicio": 1993.0, "fin": 2006.0, "url_link": "https://casadoj.github.io/CAMELS-ES/Cantabrico/Urumea/plots/1107.html" }, "geometry": { "type": "Point", "coordinates": [ -1.876247920158356, 43.298431173222362 ] } },
{ "type": "Feature", "properties": { "indroea": 1109, "lugar": "ECHABE", "comentario": "INT 2007                                                              ", "serv": 0, "suprest": 304, "suprcnc": 343, "hoja_id": 63, "alti": 19.0, "altimax": 1423.0, "naa": 15, "naam": 34, "naai": 23, "num_cuenca": 1034, "muni_id": 20003, "xutm": 562244, "yutm": 4790950, "xutm30": 562244, "yutm30": 4790950, "long": -2.1359, "lat": 43.1605, "longwgs84": -2.1404, "latwgs84": 43.1601, "observ1": null, "xetrs89": 562139, "yetrs89": 4790741, "cod_saih": "A802", "cuenca": "CANTABRICO", "rio": "urola", "regimen": "desconocido", "sistema": "urola", "caudal": 1, "inicio": 1991.0, "fin": 2006.0, "url_link": "https://casadoj.github.io/CAMELS-ES/Cantabrico/Urola/plots/1109.html" }, "geometry": { "type": "Point", "coordinates": [ -2.234315106580449, 43.266919182230247 ] } },
{ "type": "Feature", "properties": { "indroea": 1141, "lugar": "BERRIATUA", "comentario": "INT 2007                                                              ", "serv": 0, "suprest": 93, "suprcnc": 104, "hoja_id": 63, "alti": 54.0, "altimax": 1026.0, "naa": 15, "naam": 38, "naai": 0, "num_cuenca": 1044, "muni_id": 48018, "xutm": 543500, "yutm": 4795662, "xutm30": 543500, "yutm30": 4795662, "long": -2.2749, "lat": 43.1842, "longwgs84": -2.2754, "latwgs84": 43.1838, "observ1": "                                                                                                    ", "xetrs89": 543394, "yetrs89": 4795454, "cod_saih": "A850", "cuenca": "CANTABRICO", "rio": "artibay", "regimen": "natural", "sistema": "artibay-lea-oka", "caudal": 1, "inicio": 1991.0, "fin": 2006.0, "url_link": "https://casadoj.github.io/CAMELS-ES/Cantabrico/Artibay-Lea-Oka/plots/1141.html" }, "geometry": { "type": "Point", "coordinates": [ -2.464909559291141, 43.310669025382083 ] } },
{ "type": "Feature", "properties": { "indroea": 1163, "lugar": "LEMONA (IBAIZABAL)", "comentario": null, "serv": 1, "suprest": 251, "suprcnc": 472, "hoja_id": 62, "alti": 69.0, "altimax": 1157.0, "naa": 30, "naam": 52, "naai": 8, "num_cuenca": 1065, "muni_id": 48055, "xutm": 520014, "yutm": 4784559, "xutm30": 520014, "yutm30": 4784559, "long": -2.4513, "lat": 43.1246, "longwgs84": -2.4518, "latwgs84": 43.1242, "observ1": null, "xetrs89": 519908, "yetrs89": 4784351, "cod_saih": "A145", "cuenca": "CANTABRICO", "rio": "ibaizábal", "regimen": "alterado", "sistema": "nervión", "caudal": 1, "inicio": 1991.0, "fin": 2021.0, "url_link": "https://casadoj.github.io/CAMELS-ES/Cantabrico/Nervión/plots/1163.html" }, "geometry": { "type": "Point", "coordinates": [ -2.754912118837821, 43.211679187959561 ] } },
{ "type": "Feature", "properties": { "indroea": 1175, "lugar": "SODUPE", "comentario": "INT 2010                                                              ", "serv": 0, "suprest": 255, "suprcnc": 256, "hoja_id": 61, "alti": 74.0, "altimax": 1178.0, "naa": 5, "naam": 41, "naai": 0, "num_cuenca": 1072, "muni_id": 48045, "xutm": 496385, "yutm": 4783365, "xutm30": 496385, "yutm30": 4783365, "long": -3.024, "lat": 43.1208, "longwgs84": -3.0245, "latwgs84": 43.1204, "observ1": null, "xetrs89": 496279, "yetrs89": 4783157, "cod_saih": "A852", "cuenca": "CANTABRICO", "rio": "herrerías", "regimen": "alterado", "sistema": "nervión", "caudal": 1, "inicio": 2004.0, "fin": 2009.0, "url_link": "https://casadoj.github.io/CAMELS-ES/Cantabrico/Nervión/plots/1175.html" }, "geometry": { "type": "Point", "coordinates": [ -3.045801476693854, 43.20118085462385 ] } },
{ "type": "Feature", "properties": { "indroea": 1186, "lugar": "GURIEZO", "comentario": null, "serv": 1, "suprest": 112, "suprcnc": 146, "hoja_id": 36, "alti": 17.0, "altimax": 1003.0, "naa": 9, "naam": 52, "naai": 0, "num_cuenca": 1076, "muni_id": 39030, "xutm": 473403, "yutm": 4800447, "xutm30": 473403, "yutm30": 4800447, "long": -3.1941, "lat": 43.212, "longwgs84": -3.1947, "latwgs84": 43.2116, "observ1": "FALTA FIABILIDAD EN CURVA DE GASTO, NO SE PUBLICAN Q PARA TODAS LAS H                               ", "xetrs89": 473297, "yetrs89": 4800239, "cod_saih": "A700", "cuenca": "CANTABRICO", "rio": "agüera", "regimen": "desconocido", "sistema": "agüera", "caudal": 1, "inicio": 2007.0, "fin": 2016.0, "url_link": "https://casadoj.github.io/CAMELS-ES/Cantabrico/Agüera/plots/1186.html" }, "geometry": { "type": "Point", "coordinates": [ -3.329511338554228, 43.354532809665365 ] } },
{ "type": "Feature", "properties": { "indroea": 1196, "lugar": "COTERILLO", "comentario": null, "serv": 1, "suprest": 485, "suprcnc": 512, "hoja_id": 60, "alti": 16.0, "altimax": 1640.0, "naa": 5, "naam": 53, "naai": 30, "num_cuenca": 1084, "muni_id": 39002, "xutm": 464745, "yutm": 4797767, "xutm30": 464745, "yutm30": 4797767, "long": -3.2605, "lat": 43.1952, "longwgs84": -3.261, "latwgs84": 43.1948, "observ1": "FALTA FIABILIDAD EN CURVA DE GASTO, NO SE PUBLICAN Q PARA TODAS LAS H                               ", "xetrs89": 464639, "yetrs89": 4797560, "cod_saih": "A701", "cuenca": "CANTABRICO", "rio": "asón", "regimen": "desconocido", "sistema": "asón", "caudal": 1, "inicio": 2016.0, "fin": 2021.0, "url_link": "https://casadoj.github.io/CAMELS-ES/Cantabrico/Asón/plots/1196.html" }, "geometry": { "type": "Point", "coordinates": [ -3.436174467002509, 43.330052621696467 ] } },
{ "type": "Feature", "properties": { "indroea": 1207, "lugar": "CAVADA, LA", "comentario": null, "serv": 1, "suprest": 146, "suprcnc": 291, "hoja_id": 35, "alti": 52.0, "altimax": 1707.0, "naa": 4, "naam": 52, "naai": 0, "num_cuenca": 1086, "muni_id": 39064, "xutm": 442815, "yutm": 4800428, "xutm30": 442815, "yutm30": 4800428, "long": -3.422, "lat": 43.2114, "longwgs84": -3.4225, "latwgs84": 43.211, "observ1": "FALTA FIABILIDAD EN CURVA DE GASTO, NO SE PUBLICAN Q PARA TODAS LAS H                               ", "xetrs89": 442709, "yetrs89": 4800222, "cod_saih": "A090", "cuenca": "CANTABRICO", "rio": "miera", "regimen": "alterado", "sistema": "pas-miera", "caudal": 1, "inicio": 2017.0, "fin": 2021.0, "url_link": "https://casadoj.github.io/CAMELS-ES/Cantabrico/Pas-Miera/plots/1207.html" }, "geometry": { "type": "Point", "coordinates": [ -3.70694057991473, 43.352669549399657 ] } },
{ "type": "Feature", "properties": { "indroea": 1237, "lugar": "TORRELAVEGA", "comentario": null, "serv": 1, "suprest": 463, "suprcnc": 482, "hoja_id": 34, "alti": 16.0, "altimax": 1396.0, "naa": 7, "naam": 27, "naai": 0, "num_cuenca": 1111, "muni_id": 39087, "xutm": 413883, "yutm": 4800738, "xutm30": 413883, "yutm30": 4800738, "long": -4.0345, "lat": 43.2114, "longwgs84": -4.035, "latwgs84": 43.211, "observ1": null, "xetrs89": 413776, "yetrs89": 4800532, "cod_saih": "N038", "cuenca": "CANTABRICO", "rio": "besaya", "regimen": "alterado", "sistema": "saja", "caudal": 1, "inicio": 2014.0, "fin": 2021.0, "url_link": "https://casadoj.github.io/CAMELS-ES/Cantabrico/Saja/plots/1237.html" }, "geometry": { "type": "Point", "coordinates": [ -4.06395691876047, 43.352696784867547 ] } },
{ "type": "Feature", "properties": { "indroea": 1252, "lugar": "PUENTE PUMAR", "comentario": null, "serv": 1, "suprest": 80, "suprcnc": 424, "hoja_id": 82, "alti": null, "altimax": null, "naa": 4, "naam": 6, "naai": 0, "num_cuenca": 1114, "muni_id": 39053, "xutm": 385796, "yutm": 4774558, "xutm30": 385796, "yutm30": 4774558, "long": -4.2413, "lat": 43.0652, "longwgs84": -4.2418, "latwgs84": 43.0648, "observ1": null, "xetrs89": 385689, "yetrs89": 4774352, "cod_saih": "A252", "cuenca": "CANTABRICO", "rio": "nansa", "regimen": "natural", "sistema": "nansa", "caudal": 1, "inicio": 2017.0, "fin": 2021.0, "url_link": "https://casadoj.github.io/CAMELS-ES/Cantabrico/Nansa/plots/1252.html" }, "geometry": { "type": "Point", "coordinates": [ -4.405019511015865, 43.113275752174978 ] } },
{ "type": "Feature", "properties": { "indroea": 1264, "lugar": "OJEDO", "comentario": null, "serv": 1, "suprest": 157, "suprcnc": 157, "hoja_id": 81, "alti": 269.0, "altimax": 2011.0, "naa": 5, "naam": 28, "naai": 11, "num_cuenca": 1125, "muni_id": 39022, "xutm": 369085, "yutm": 4780236, "xutm30": 369085, "yutm30": 4780236, "long": -4.3637, "lat": 43.0946, "longwgs84": -4.3642, "latwgs84": 43.0942, "observ1": null, "xetrs89": 368978, "yetrs89": 4780031, "cod_saih": "A702", "cuenca": "CANTABRICO", "rio": "bullón", "regimen": "natural", "sistema": "deva", "caudal": 1, "inicio": 2016.0, "fin": 2021.0, "url_link": "https://casadoj.github.io/CAMELS-ES/Cantabrico/Deva/plots/1264.html" }, "geometry": { "type": "Point", "coordinates": [ -4.611685657772185, 43.161688293930112 ] } },
{ "type": "Feature", "properties": { "indroea": 1265, "lugar": "OJEDO", "comentario": null, "serv": 1, "suprest": 290, "suprcnc": 1184, "hoja_id": 81, "alti": 282.0, "altimax": 2538.0, "naa": 5, "naam": 28, "naai": 11, "num_cuenca": 1124, "muni_id": 39022, "xutm": 369031, "yutm": 4780236, "xutm30": 369031, "yutm30": 4780236, "long": -4.364, "lat": 43.0946, "longwgs84": -4.3645, "latwgs84": 43.0942, "observ1": "FALTA FIABILIDAD EN CURVA DE GASTO, NO SE PUBLICAN Q PARA TODAS LAS H                               ", "xetrs89": 368924, "yetrs89": 4780031, "cod_saih": "A703", "cuenca": "CANTABRICO", "rio": "deva", "regimen": "natural", "sistema": "deva", "caudal": 1, "inicio": 2016.0, "fin": 2021.0, "url_link": "https://casadoj.github.io/CAMELS-ES/Cantabrico/Deva/plots/1265.html" }, "geometry": { "type": "Point", "coordinates": [ -4.612349647527705, 43.161678936564982 ] } },
{ "type": "Feature", "properties": { "indroea": 1268, "lugar": "PUENTELLES", "comentario": null, "serv": 1, "suprest": 643, "suprcnc": 1184, "hoja_id": 56, "alti": 56.0, "altimax": 2536.0, "naa": 5, "naam": 52, "naai": 30, "num_cuenca": 1128, "muni_id": 33047, "xutm": 369784, "yutm": 4797493, "xutm30": 369784, "yutm30": 4797493, "long": -4.3621, "lat": 43.1906, "longwgs84": -4.3626, "latwgs84": 43.1902, "observ1": null, "xetrs89": 369677, "yetrs89": 4797288, "cod_saih": "A078", "cuenca": "CANTABRICO", "rio": "deva", "regimen": "natural", "sistema": "deva", "caudal": 1, "inicio": 2016.0, "fin": 2021.0, "url_link": "https://casadoj.github.io/CAMELS-ES/Cantabrico/Deva/plots/1268.html" }, "geometry": { "type": "Point", "coordinates": [ -4.607169240345004, 43.317142302518697 ] } },
{ "type": "Feature", "properties": { "indroea": 1274, "lugar": "PONCEBOS", "comentario": null, "serv": 1, "suprest": 270, "suprcnc": 496, "hoja_id": 56, "alti": 239.0, "altimax": 2604.0, "naa": 19, "naam": 28, "naai": 10, "num_cuenca": 1129, "muni_id": 33008, "xutm": 351530, "yutm": 4791426, "xutm30": 351530, "yutm30": 4791426, "long": -4.4945, "lat": 43.1537, "longwgs84": -4.495, "latwgs84": 43.1533, "observ1": "FALTA FIABILIDAD EN CURVA DE GASTO, NO SE PUBLICAN Q PARA TODAS LAS H                               ", "xetrs89": 351422, "yetrs89": 4791221, "cod_saih": "A600", "cuenca": "CANTABRICO", "rio": "cares", "regimen": "alterado", "sistema": "deva", "caudal": 1, "inicio": 1995.0, "fin": 2014.0, "url_link": "https://casadoj.github.io/CAMELS-ES/Cantabrico/Deva/plots/1274.html" }, "geometry": { "type": "Point", "coordinates": [ -4.830548866823875, 43.2591550491831 ] } },
{ "type": "Feature", "properties": { "indroea": 1276, "lugar": "MIER", "comentario": null, "serv": 1, "suprest": 455, "suprcnc": 496, "hoja_id": 56, "alti": 62.0, "altimax": 2648.0, "naa": 25, "naam": 53, "naai": 25, "num_cuenca": 1131, "muni_id": 33046, "xutm": 363482, "yutm": 4797361, "xutm30": 363482, "yutm30": 4797361, "long": -4.41, "lat": 43.1857, "longwgs84": -4.4105, "latwgs84": 43.1853, "observ1": "FALTA FIABILIDAD EN CURVA DE GASTO, NO SE PUBLICAN Q PARA TODAS LAS H                               ", "xetrs89": 363375, "yetrs89": 4797156, "cod_saih": "A080", "cuenca": "CANTABRICO", "rio": "cares", "regimen": "alterado", "sistema": "deva", "caudal": 1, "inicio": 1991.0, "fin": 2016.0, "url_link": "https://casadoj.github.io/CAMELS-ES/Cantabrico/Deva/plots/1276.html" }, "geometry": { "type": "Point", "coordinates": [ -4.684821703101975, 43.314835969119805 ] } },
{ "type": "Feature", "properties": { "indroea": 1284, "lugar": "MOLININ, EL", "comentario": "INT 2009                                                              ", "serv": 0, "suprest": 28, "suprcnc": 34, "hoja_id": 31, "alti": 214.0, "altimax": 869.0, "naa": 17, "naam": 23, "naai": 0, "num_cuenca": 1999, "muni_id": 33036, "xutm": 343505, "yutm": 4806857, "xutm30": 343505, "yutm30": 4806857, "long": -4.5557, "lat": 43.2351, "longwgs84": -4.5602, "latwgs84": 43.2347, "observ1": null, "xetrs89": 343397, "yetrs89": 4806652, "cod_saih": "A601", "cuenca": "CANTABRICO", "rio": "riensena", "regimen": "natural", "sistema": "llanes", "caudal": 1, "inicio": 1991.0, "fin": 2008.0, "url_link": "https://casadoj.github.io/CAMELS-ES/Cantabrico/Llanes/plots/1284.html" }, "geometry": { "type": "Point", "coordinates": [ -4.933768847462047, 43.396400973026964 ] } },
{ "type": "Feature", "properties": { "indroea": 1285, "lugar": "RALES", "comentario": null, "serv": 1, "suprest": 99, "suprcnc": 83, "hoja_id": 31, "alti": 35.0, "altimax": 1199.0, "naa": 26, "naam": 35, "naai": 12, "num_cuenca": 1921, "muni_id": 33036, "xutm": 347115, "yutm": 4808260, "xutm30": 347097, "yutm30": 4808271, "long": -4.5318, "lat": 43.2439, "longwgs84": -4.5323, "latwgs84": 43.2435, "observ1": null, "xetrs89": 346989, "yetrs89": 4808066, "cod_saih": "A074", "cuenca": "CANTABRICO", "rio": "bedón", "regimen": "natural", "sistema": "llanes", "caudal": 1, "inicio": 1991.0, "fin": 2017.0, "url_link": "https://casadoj.github.io/CAMELS-ES/Cantabrico/Llanes/plots/1285.html" }, "geometry": { "type": "Point", "coordinates": [ -4.889833668034061, 43.409867601170632 ] } },
{ "type": "Feature", "properties": { "indroea": 1293, "lugar": "PERVIS", "comentario": null, "serv": 1, "suprest": 356, "suprcnc": 1246, "hoja_id": 55, "alti": 156.0, "altimax": null, "naa": 5, "naam": 12, "naai": 0, "num_cuenca": 1138, "muni_id": 33003, "xutm": 326974, "yutm": 4795371, "xutm30": 326974, "yutm30": 4795371, "long": -5.0758, "lat": 43.1726, "longwgs84": -5.0803, "latwgs84": 43.1722, "observ1": null, "xetrs89": 326866, "yetrs89": 4795166, "cod_saih": "A614", "cuenca": "CANTABRICO", "rio": "sella", "regimen": "desconocido", "sistema": "sella", "caudal": 1, "inicio": 2016.0, "fin": 2021.0, "url_link": "https://casadoj.github.io/CAMELS-ES/Cantabrico/Sella/plots/1293.html" }, "geometry": { "type": "Point", "coordinates": [ -5.134139521291904, 43.289413893402923 ] } },
{ "type": "Feature", "properties": { "indroea": 1294, "lugar": "CANGAS DE ONIS", "comentario": null, "serv": 1, "suprest": 139, "suprcnc": 149, "hoja_id": 31, "alti": 68.0, "altimax": null, "naa": 9, "naam": 11, "naai": 0, "num_cuenca": 1141, "muni_id": 33012, "xutm": 327779, "yutm": 4802290, "xutm30": 327779, "yutm30": 4802290, "long": -5.073, "lat": 43.2111, "longwgs84": -5.0735, "latwgs84": 43.2107, "observ1": "FALTA FIABILIDAD EN CURVA DE GASTO, NO SE PUBLICAN Q PARA TODAS LAS H                               ", "xetrs89": 327671, "yetrs89": 4802085, "cod_saih": "N033", "cuenca": "CANTABRICO", "rio": "güeña", "regimen": "desconocido", "sistema": "sella", "caudal": 1, "inicio": 2012.0, "fin": 2021.0, "url_link": "https://casadoj.github.io/CAMELS-ES/Cantabrico/Sella/plots/1294.html" }, "geometry": { "type": "Point", "coordinates": [ -5.126394527841352, 43.351858333285179 ] } },
{ "type": "Feature", "properties": { "indroea": 1295, "lugar": "CANGAS DE ONIS", "comentario": null, "serv": 1, "suprest": 486, "suprcnc": 1246, "hoja_id": 31, "alti": 58.0, "altimax": 2596.0, "naa": 4, "naam": 90, "naai": 2, "num_cuenca": 1140, "muni_id": 33012, "xutm": 327313, "yutm": 4802165, "xutm30": 327313, "yutm30": 4802165, "long": -5.0751, "lat": 43.2106, "longwgs84": -5.0756, "latwgs84": 43.2102, "observ1": "FALTA FIABILIDAD EN CURVA DE GASTO, NO SE PUBLICAN Q PARA TODAS LAS H                               ", "xetrs89": 327205, "yetrs89": 4801960, "cod_saih": "A602", "cuenca": "CANTABRICO", "rio": "sella", "regimen": "alterado", "sistema": "sella", "caudal": 1, "inicio": 2016.0, "fin": 2020.0, "url_link": "https://casadoj.github.io/CAMELS-ES/Cantabrico/Sella/plots/1295.html" }, "geometry": { "type": "Point", "coordinates": [ -5.132101278362612, 43.350626523100331 ] } },
{ "type": "Feature", "properties": { "indroea": 1296, "lugar": "SOBREFOZ", "comentario": null, "serv": 1, "suprest": 36, "suprcnc": 350, "hoja_id": 55, "alti": 659.0, "altimax": 1700.0, "naa": 21, "naam": 28, "naai": 14, "num_cuenca": 1135, "muni_id": 33050, "xutm": 323140, "yutm": 4782132, "xutm30": 323140, "yutm30": 4782132, "long": -5.1033, "lat": 43.1014, "longwgs84": -5.1038, "latwgs84": 43.101, "observ1": null, "xetrs89": 323032, "yetrs89": 4781927, "cod_saih": "A603", "cuenca": "CANTABRICO", "rio": "ponga", "regimen": "natural", "sistema": "sella", "caudal": 1, "inicio": 1995.0, "fin": 2016.0, "url_link": "https://casadoj.github.io/CAMELS-ES/Cantabrico/Sella/plots/1296.html" }, "geometry": { "type": "Point", "coordinates": [ -5.177120066923268, 43.169395387747073 ] } },
{ "type": "Feature", "properties": { "indroea": 1302, "lugar": "OZANES", "comentario": null, "serv": 1, "suprest": 486, "suprcnc": 509, "hoja_id": 31, "alti": 33.0, "altimax": null, "naa": 28, "naam": 47, "naai": 17, "num_cuenca": 1143, "muni_id": 33045, "xutm": 323115, "yutm": 4804112, "xutm30": 323106, "yutm30": 4804091, "long": -5.1059, "lat": 43.2205, "longwgs84": -5.1104, "latwgs84": 43.2201, "observ1": "FALTA FIABILIDAD EN CURVA DE GASTO, NO SE PUBLICAN Q PARA TODAS LAS H                               ", "xetrs89": 322998, "yetrs89": 4803886, "cod_saih": "A604", "cuenca": "CANTABRICO", "rio": "piloña", "regimen": "alterado", "sistema": "sella", "caudal": 1, "inicio": 1991.0, "fin": 2019.0, "url_link": "https://casadoj.github.io/CAMELS-ES/Cantabrico/Sella/plots/1302.html" }, "geometry": { "type": "Point", "coordinates": [ -5.18459640973412, 43.36697739249977 ] } },
{ "type": "Feature", "properties": { "indroea": 1303, "lugar": "VILLAMAYOR", "comentario": null, "serv": 1, "suprest": 379, "suprcnc": 509, "hoja_id": 30, "alti": 96.0, "altimax": 1551.0, "naa": 27, "naam": 51, "naai": 20, "num_cuenca": 1143, "muni_id": 33049, "xutm": 314614, "yutm": 4804618, "xutm30": 314614, "yutm30": 4804618, "long": -5.1718, "lat": 43.2215, "longwgs84": -5.1722, "latwgs84": 43.2211, "observ1": null, "xetrs89": 314506, "yetrs89": 4804413, "cod_saih": "A073", "cuenca": "CANTABRICO", "rio": "piloña", "regimen": "natural", "sistema": "sella", "caudal": 1, "inicio": 1991.0, "fin": 2018.0, "url_link": "https://casadoj.github.io/CAMELS-ES/Cantabrico/Sella/plots/1303.html" }, "geometry": { "type": "Point", "coordinates": [ -5.289504608833633, 43.369669533529098 ] } },
{ "type": "Feature", "properties": { "indroea": 1305, "lugar": "VILLAVICIOSA", "comentario": null, "serv": 1, "suprest": 98, "suprcnc": 124, "hoja_id": 30, "alti": 20.0, "altimax": null, "naa": 5, "naam": 10, "naai": 0, "num_cuenca": 1916, "muni_id": 33076, "xutm": 302281, "yutm": 4816091, "xutm30": 302281, "yutm30": 4816091, "long": -5.264, "lat": 43.2815, "longwgs84": -5.2645, "latwgs84": 43.2811, "observ1": "FALTA FIABILIDAD EN CURVA DE GASTO, NO SE PUBLICAN Q PARA TODAS LAS H                               ", "xetrs89": 302172, "yetrs89": 4815887, "cod_saih": "A623", "cuenca": "CANTABRICO", "rio": "linares", "regimen": "desconocido", "sistema": "avilés-gijón-villaviciosa", "caudal": 1, "inicio": 2016.0, "fin": 2021.0, "url_link": "https://casadoj.github.io/CAMELS-ES/Cantabrico/Avilés-Gijón-Villaviciosa/plots/1305.html" }, "geometry": { "type": "Point", "coordinates": [ -5.445762085070773, 43.469744422652184 ] } },
{ "type": "Feature", "properties": { "indroea": 1335, "lugar": "CONDADO, EL", "comentario": null, "serv": 1, "suprest": 343, "suprcnc": 4866, "hoja_id": 54, "alti": 366.0, "altimax": 2104.0, "naa": 25, "naam": 60, "naai": 25, "num_cuenca": 1150, "muni_id": 33032, "xutm": 298035, "yutm": 4789767, "xutm30": 298035, "yutm30": 4789767, "long": -5.2914, "lat": 43.1358, "longwgs84": -5.2919, "latwgs84": 43.1354, "observ1": "FALTA FIABILIDAD EN CURVA DE GASTO, NO SE PUBLICAN Q PARA TODAS LAS H                               ", "xetrs89": 297926, "yetrs89": 4789562, "cod_saih": "A605", "cuenca": "CANTABRICO", "rio": "nalón", "regimen": "alterado", "sistema": "nalón", "caudal": 1, "inicio": 1991.0, "fin": 2016.0, "url_link": "https://casadoj.github.io/CAMELS-ES/Cantabrico/Nalón/plots/1335.html" }, "geometry": { "type": "Point", "coordinates": [ -5.488506807171346, 43.231790359251143 ] } },
{ "type": "Feature", "properties": { "indroea": 1339, "lugar": "SAMA", "comentario": null, "serv": 1, "suprest": 548, "suprcnc": 4866, "hoja_id": 53, "alti": 213.0, "altimax": null, "naa": 5, "naam": 10, "naai": 0, "num_cuenca": 1152, "muni_id": 33031, "xutm": 282639, "yutm": 4797389, "xutm30": 282639, "yutm30": 4797389, "long": -5.4046, "lat": 43.175, "longwgs84": -5.4051, "latwgs84": 43.1746, "observ1": null, "xetrs89": 282530, "yetrs89": 4797184, "cod_saih": "A618", "cuenca": "CANTABRICO", "rio": "nalón", "regimen": "desconocido", "sistema": "nalón", "caudal": 1, "inicio": 2016.0, "fin": 2021.0, "url_link": "https://casadoj.github.io/CAMELS-ES/Cantabrico/Nalón/plots/1339.html" }, "geometry": { "type": "Point", "coordinates": [ -5.680918735660564, 43.29606914477872 ] } },
{ "type": "Feature", "properties": { "indroea": 1343, "lugar": "SAN CUCAO", "comentario": null, "serv": 1, "suprest": 314, "suprcnc": 382, "hoja_id": 28, "alti": 121.0, "altimax": 793.0, "naa": 26, "naam": 51, "naai": 11, "num_cuenca": 1173, "muni_id": 33035, "xutm": 265898, "yutm": 4811514, "xutm30": 265898, "yutm30": 4811514, "long": -5.533, "lat": 43.2509, "longwgs84": -5.5335, "latwgs84": 43.2505, "observ1": null, "xetrs89": 265789, "yetrs89": 4811309, "cod_saih": "A064", "cuenca": "CANTABRICO", "rio": "nora", "regimen": "alterado", "sistema": "nalón", "caudal": 1, "inicio": 1995.0, "fin": 2021.0, "url_link": "https://casadoj.github.io/CAMELS-ES/Cantabrico/Nalón/plots/1343.html" }, "geometry": { "type": "Point", "coordinates": [ -5.893083105739293, 43.41807519222985 ] } },
{ "type": "Feature", "properties": { "indroea": 1365, "lugar": "MOREDA", "comentario": "INT 2013                                                              ", "serv": 0, "suprest": 265, "suprcnc": 375, "hoja_id": 78, "alti": 334.0, "altimax": 2115.0, "naa": 21, "naam": 42, "naai": 15, "num_cuenca": 1158, "muni_id": 33002, "xutm": 278116, "yutm": 4783215, "xutm30": 278116, "yutm30": 4783215, "long": -5.4346, "lat": 43.1006, "longwgs84": -5.4351, "latwgs84": 43.1002, "observ1": null, "xetrs89": 278007, "yetrs89": 4783010, "cod_saih": "A060", "cuenca": "CANTABRICO", "rio": "aller", "regimen": "alterado", "sistema": "nalón", "caudal": 1, "inicio": 1991.0, "fin": 2012.0, "url_link": "https://casadoj.github.io/CAMELS-ES/Cantabrico/Nalón/plots/1365.html" }, "geometry": { "type": "Point", "coordinates": [ -5.730913101392507, 43.167261756578455 ] } },
{ "type": "Feature", "properties": { "indroea": 1369, "lugar": "PARTEAYER", "comentario": "INT 2014                                                              ", "serv": 0, "suprest": 893, "suprcnc": 923, "hoja_id": 52, "alti": 158.0, "altimax": null, "naa": 22, "naam": 63, "naai": 1, "num_cuenca": 1165, "muni_id": 33038, "xutm": 266766, "yutm": 4796485, "xutm30": 266773, "yutm30": 4796507, "long": -5.5228, "lat": 43.1704, "longwgs84": -5.5233, "latwgs84": 43.17, "observ1": "DATOS MODIFICADOS 2007-08 (ANUARIO 13-14)                                                           ", "xetrs89": 266664, "yetrs89": 4796303, "cod_saih": "A607", "cuenca": "CANTABRICO", "rio": "caudal", "regimen": "alterado", "sistema": "nalón", "caudal": 1, "inicio": 1991.0, "fin": 2013.0, "url_link": "https://casadoj.github.io/CAMELS-ES/Cantabrico/Nalón/plots/1369.html" }, "geometry": { "type": "Point", "coordinates": [ -5.875903778141079, 43.283396813310539 ] } },
{ "type": "Feature", "properties": { "indroea": 1378, "lugar": "GRADO", "comentario": null, "serv": 1, "suprest": 210, "suprcnc": 214, "hoja_id": 28, "alti": 56.0, "altimax": 1454.0, "naa": 25, "naam": 54, "naai": 16, "num_cuenca": 1175, "muni_id": 33026, "xutm": 737726, "yutm": 4808327, "xutm30": 251740, "yutm30": 4808706, "long": -6.0354, "lat": 43.2322, "longwgs84": -6.0359, "latwgs84": 43.2318, "observ1": "FALTA FIABILIDAD EN CURVA DE GASTO, NO SE PUBLICAN Q PARA TODAS LAS H                               ", "xetrs89": 251631, "yetrs89": 4808501, "cod_saih": "A608", "cuenca": "CANTABRICO", "rio": "cubia", "regimen": "natural", "sistema": "nalón", "caudal": 1, "inicio": 1991.0, "fin": 2016.0, "url_link": "https://casadoj.github.io/CAMELS-ES/Cantabrico/Nalón/plots/1378.html" }, "geometry": { "type": "Point", "coordinates": [ -6.066455118412438, 43.388271259827007 ] } },
{ "type": "Feature", "properties": { "indroea": 1395, "lugar": "TREVIAS", "comentario": null, "serv": 1, "suprest": 411, "suprcnc": 467, "hoja_id": 12, "alti": 35.0, "altimax": 1291.0, "naa": 5, "naam": 52, "naai": 30, "num_cuenca": 1200, "muni_id": 33034, "xutm": 707379, "yutm": 4819933, "xutm30": 222300, "yutm30": 4822470, "long": -6.2606, "lat": 43.301, "longwgs84": -6.2611, "latwgs84": 43.3006, "observ1": null, "xetrs89": 222190, "yetrs89": 4822266, "cod_saih": "A609", "cuenca": "CANTABRICO", "rio": "esva", "regimen": "alterado", "sistema": "esva", "caudal": 1, "inicio": 2016.0, "fin": 2021.0, "url_link": "https://casadoj.github.io/CAMELS-ES/Cantabrico/Esva/plots/1395.html" }, "geometry": { "type": "Point", "coordinates": [ -6.436342025199142, 43.501677322375606 ] } },
{ "type": "Feature", "properties": { "indroea": 1402, "lugar": "VALLO", "comentario": null, "serv": 1, "suprest": 80, "suprcnc": 121, "hoja_id": 99, "alti": 478.0, "altimax": 1900.0, "naa": 4, "naam": 28, "naai": 12, "num_cuenca": 1207, "muni_id": 27034, "xutm": 664602, "yutm": 4751179, "xutm30": 174673, "yutm30": 4756913, "long": -6.5903, "lat": 42.5341, "longwgs84": -6.5908, "latwgs84": 42.5337, "observ1": null, "xetrs89": 174563, "yetrs89": 4756707, "cod_saih": "A050", "cuenca": "CANTABRICO", "rio": "bibey", "regimen": "natural", "sistema": "navia", "caudal": 1, "inicio": 2016.0, "fin": 2020.0, "url_link": "https://casadoj.github.io/CAMELS-ES/Cantabrico/Navia/plots/1402.html" }, "geometry": { "type": "Point", "coordinates": [ -6.985570486420953, 42.893573453900387 ] } },
{ "type": "Feature", "properties": { "indroea": 1414, "lugar": "SUEIRO", "comentario": null, "serv": 1, "suprest": 123, "suprcnc": 144, "hoja_id": 10, "alti": 32.0, "altimax": null, "naa": 5, "naam": 44, "naai": 25, "num_cuenca": 1236, "muni_id": 33023, "xutm": 671718, "yutm": 4821912, "xutm30": 186852, "yutm30": 4827017, "long": -6.523, "lat": 43.3147, "longwgs84": -6.5235, "latwgs84": 43.3143, "observ1": "FALTA FIABILIDAD EN CURVA DE GASTO, NO SE PUBLICAN Q PARA TODAS LAS H                               ", "xetrs89": 186741, "yetrs89": 4826812, "cod_saih": "A613", "cuenca": "CANTABRICO", "rio": "porcía", "regimen": "natural", "sistema": "porcía", "caudal": 1, "inicio": 2016.0, "fin": 2021.0, "url_link": "https://casadoj.github.io/CAMELS-ES/Cantabrico/Porcía/plots/1414.html" }, "geometry": { "type": "Point", "coordinates": [ -6.876511311768667, 43.528511120758459 ] } },
{ "type": "Feature", "properties": { "indroea": 1424, "lugar": "RIBEIRA DE PIQUIN", "comentario": null, "serv": 1, "suprest": 346, "suprcnc": 819, "hoja_id": 48, "alti": 241.0, "altimax": 1111.0, "naa": 13, "naam": 15, "naai": 2, "num_cuenca": 1240, "muni_id": 27053, "xutm": 646476, "yutm": 4782543, "xutm30": 158818, "yutm30": 4789527, "long": -7.1152, "lat": 43.105, "longwgs84": -7.1157, "latwgs84": 43.1046, "observ1": null, "xetrs89": 158707, "yetrs89": 4789322, "cod_saih": "A047", "cuenca": "CANTABRICO", "rio": "eo", "regimen": "natural", "sistema": "eo", "caudal": 1, "inicio": 2008.0, "fin": 2021.0, "url_link": "https://casadoj.github.io/CAMELS-ES/Cantabrico/Eo/plots/1424.html" }, "geometry": { "type": "Point", "coordinates": [ -7.199221934956591, 43.179568135278238 ] } },
{ "type": "Feature", "properties": { "indroea": 1425, "lugar": "PONTENOVA", "comentario": "INT 2009                                                              ", "serv": 0, "suprest": 572, "suprcnc": 819, "hoja_id": 24, "alti": 23.0, "altimax": 1111.0, "naa": 7, "naam": 41, "naai": 3, "num_cuenca": 1240, "muni_id": 27048, "xutm": 646651, "yutm": 4801223, "xutm30": 160334, "yutm30": 4808168, "long": -7.1126, "lat": 43.2056, "longwgs84": -7.1132, "latwgs84": 43.2051, "observ1": null, "xetrs89": 160223, "yetrs89": 4807963, "cod_saih": "A500", "cuenca": "CANTABRICO", "rio": "eo", "regimen": "alterado", "sistema": "eo", "caudal": 1, "inicio": 2001.0, "fin": 2008.0, "url_link": "https://casadoj.github.io/CAMELS-ES/Cantabrico/Eo/plots/1425.html" }, "geometry": { "type": "Point", "coordinates": [ -7.192109743085914, 43.347658066390466 ] } },
{ "type": "Feature", "properties": { "indroea": 1427, "lugar": "SAN TIRSO DE ABRES", "comentario": null, "serv": 1, "suprest": 712, "suprcnc": 819, "hoja_id": 25, "alti": 21.0, "altimax": 1111.0, "naa": 5, "naam": 109, "naai": 30, "num_cuenca": 1244, "muni_id": 33063, "xutm": 650387, "yutm": 4808608, "xutm30": 164597, "yutm30": 4815273, "long": -7.0833, "lat": 43.2452, "longwgs84": -7.0838, "latwgs84": 43.2448, "observ1": null, "xetrs89": 164486, "yetrs89": 4815068, "cod_saih": "A048", "cuenca": "CANTABRICO", "rio": "eo", "regimen": "natural", "sistema": "eo", "caudal": 1, "inicio": 2016.0, "fin": 2021.0, "url_link": "https://casadoj.github.io/CAMELS-ES/Cantabrico/Eo/plots/1427.html" }, "geometry": { "type": "Point", "coordinates": [ -7.144000581752185, 43.413381721332726 ] } },
{ "type": "Feature", "properties": { "indroea": 2000, "lugar": "VINUESA", "comentario": null, "serv": 1, "suprest": 126, "suprcnc": 157, "hoja_id": 317, "alti": 1090.0, "altimax": 1880.0, "naa": 23, "naam": 60, "naai": 25, "num_cuenca": 2004, "muni_id": 42215, "xutm": 520210, "yutm": 4640160, "xutm30": 520210, "yutm30": 4640160, "long": -2.4523, "lat": 41.5445, "longwgs84": -2.4527, "latwgs84": 41.5441, "observ1": null, "xetrs89": 520102, "yetrs89": 4639952, "cod_saih": null, "cuenca": "DUERO", "rio": "revinuesa", "regimen": "natural", "sistema": "alto duero", "caudal": 1, "inicio": 1998.0, "fin": 2021.0, "url_link": "https://casadoj.github.io/CAMELS-ES/Duero/Alto Duero/plots/2000.html" }, "geometry": { "type": "Point", "coordinates": [ -2.757610436725025, 41.911259967412747 ] } },
{ "type": "Feature", "properties": { "indroea": 2001, "lugar": "SALIDA EMBALSE DE CUERDA DEL POZO", "comentario": null, "serv": 1, "suprest": 580, "suprcnc": 97620, "hoja_id": 317, "alti": 1049.0, "altimax": 2315.0, "naa": 28, "naam": 30, "naai": 17, "num_cuenca": 2001, "muni_id": 42160, "xutm": 525568, "yutm": 4636302, "xutm30": 525568, "yutm30": 4636302, "long": -2.4131, "lat": 41.5239, "longwgs84": -2.4135, "latwgs84": 41.5235, "observ1": null, "xetrs89": 525460, "yetrs89": 4636094, "cod_saih": null, "cuenca": "DUERO", "rio": "duero", "regimen": "alterado", "sistema": "alto duero", "caudal": 1, "inicio": 1993.0, "fin": 2021.0, "url_link": "https://casadoj.github.io/CAMELS-ES/Duero/Alto Duero/plots/2001.html" }, "geometry": { "type": "Point", "coordinates": [ -2.693170917780449, 41.876357551258806 ] } },
{ "type": "Feature", "properties": { "indroea": 2002, "lugar": "GARRAY-SORIA", "comentario": null, "serv": 1, "suprest": 1500, "suprcnc": 97620, "hoja_id": 350, "alti": 1007.0, "altimax": 2315.0, "naa": 24, "naam": 108, "naai": 48, "num_cuenca": 2021, "muni_id": 42094, "xutm": 545390, "yutm": 4627600, "xutm30": 545390, "yutm30": 4627600, "long": -2.2713, "lat": 41.4754, "longwgs84": -2.2718, "latwgs84": 41.475, "observ1": null, "xetrs89": 545282, "yetrs89": 4627392, "cod_saih": null, "cuenca": "DUERO", "rio": "duero", "regimen": "alterado", "sistema": "alto duero", "caudal": 1, "inicio": 1997.0, "fin": 2021.0, "url_link": "https://casadoj.github.io/CAMELS-ES/Duero/Alto Duero/plots/2002.html" }, "geometry": { "type": "Point", "coordinates": [ -2.454961287072769, 41.797096218271463 ] } },
{ "type": "Feature", "properties": { "indroea": 2004, "lugar": "GORMAZ", "comentario": null, "serv": 1, "suprest": 5055, "suprcnc": 97620, "hoja_id": 405, "alti": 880.0, "altimax": 2315.0, "naa": 29, "naam": 92, "naai": 58, "num_cuenca": 2045, "muni_id": 42097, "xutm": 499230, "yutm": 4592975, "xutm30": 499230, "yutm30": 4592975, "long": -3.0033, "lat": 41.2916, "longwgs84": -3.0038, "latwgs84": 41.2911, "observ1": null, "xetrs89": 499122, "yetrs89": 4592767, "cod_saih": null, "cuenca": "DUERO", "rio": "duero", "regimen": "alterado", "sistema": "alto duero", "caudal": 1, "inicio": 1992.0, "fin": 2021.0, "url_link": "https://casadoj.github.io/CAMELS-ES/Duero/Alto Duero/plots/2004.html" }, "geometry": { "type": "Point", "coordinates": [ -3.010517478661574, 41.486513342847957 ] } },
{ "type": "Feature", "properties": { "indroea": 2005, "lugar": "OSMA", "comentario": null, "serv": 1, "suprest": 900, "suprcnc": 1035, "hoja_id": 377, "alti": 890.0, "altimax": 1335.0, "naa": 23, "naam": 75, "naai": 43, "num_cuenca": 2060, "muni_id": 42043, "xutm": 493125, "yutm": 4602860, "xutm30": 493125, "yutm30": 4602860, "long": -3.0457, "lat": 41.3436, "longwgs84": -3.0502, "latwgs84": 41.3432, "observ1": null, "xetrs89": 493016, "yetrs89": 4602652, "cod_saih": null, "cuenca": "DUERO", "rio": "ucero", "regimen": "natural", "sistema": "alto duero", "caudal": 1, "inicio": 1998.0, "fin": 2021.0, "url_link": "https://casadoj.github.io/CAMELS-ES/Duero/Alto Duero/plots/2005.html" }, "geometry": { "type": "Point", "coordinates": [ -3.083775424468759, 41.575521507691342 ] } },
{ "type": "Feature", "properties": { "indroea": 2006, "lugar": "HOYOS DEL ESPINO", "comentario": null, "serv": 1, "suprest": 88, "suprcnc": 7257, "hoja_id": 555, "alti": 1377.0, "altimax": 2592.0, "naa": 25, "naam": 106, "naai": 44, "num_cuenca": 2324, "muni_id": 5105, "xutm": 314785, "yutm": 4468115, "xutm30": 314785, "yutm30": 4468115, "long": -5.105, "lat": 40.2032, "longwgs84": -5.1055, "latwgs84": 40.2028, "observ1": null, "xetrs89": 314676, "yetrs89": 4467908, "cod_saih": null, "cuenca": "DUERO", "rio": "tormes", "regimen": "natural", "sistema": "tormes", "caudal": 1, "inicio": 1996.0, "fin": 2021.0, "url_link": "https://casadoj.github.io/CAMELS-ES/Duero/Tormes/plots/2006.html" }, "geometry": { "type": "Point", "coordinates": [ -5.181905880070836, 40.341154387859135 ] } },
{ "type": "Feature", "properties": { "indroea": 2009, "lugar": "RIAZA", "comentario": null, "serv": 1, "suprest": 36, "suprcnc": 1082, "hoja_id": 432, "alti": 1139.0, "altimax": 2036.0, "naa": 28, "naam": 107, "naai": 60, "num_cuenca": 2088, "muni_id": 40170, "xutm": 460580, "yutm": 4570580, "xutm30": 460580, "yutm30": 4570580, "long": -3.2815, "lat": 41.1706, "longwgs84": -3.2819, "latwgs84": 41.1702, "observ1": null, "xetrs89": 460472, "yetrs89": 4570372, "cod_saih": null, "cuenca": "DUERO", "rio": "riaza", "regimen": "natural", "sistema": "riaza-duratón", "caudal": 1, "inicio": 1993.0, "fin": 2021.0, "url_link": "https://casadoj.github.io/CAMELS-ES/Duero/Riaza-Duratón/plots/2009.html" }, "geometry": { "type": "Point", "coordinates": [ -3.472033293686386, 41.283820132846216 ] } },
{ "type": "Feature", "properties": { "indroea": 2010, "lugar": "LINARES DEL ARROYO", "comentario": null, "serv": 1, "suprest": 756, "suprcnc": 1082, "hoja_id": 375, "alti": 900.0, "altimax": 2036.0, "naa": 30, "naam": 93, "naai": 60, "num_cuenca": 2098, "muni_id": 40115, "xutm": 453295, "yutm": 4598390, "xutm30": 453295, "yutm30": 4598390, "long": -3.3336, "lat": 41.3206, "longwgs84": -3.334, "latwgs84": 41.3202, "observ1": null, "xetrs89": 453187, "yetrs89": 4598183, "cod_saih": null, "cuenca": "DUERO", "rio": "riaza", "regimen": "alterado", "sistema": "riaza-duratón", "caudal": 1, "inicio": 1991.0, "fin": 2021.0, "url_link": "https://casadoj.github.io/CAMELS-ES/Duero/Riaza-Duratón/plots/2010.html" }, "geometry": { "type": "Point", "coordinates": [ -3.561176705483232, 41.533928876310014 ] } },
{ "type": "Feature", "properties": { "indroea": 2011, "lugar": "SALIDA EMBALSE DEL PORMA", "comentario": null, "serv": 1, "suprest": 220, "suprcnc": 1143, "hoja_id": 104, "alti": 1034.0, "altimax": 2157.0, "naa": 30, "naam": 81, "naai": 60, "num_cuenca": 2265, "muni_id": 24021, "xutm": 312700, "yutm": 4755275, "xutm30": 312700, "yutm30": 4755275, "long": -5.1742, "lat": 42.5535, "longwgs84": -5.1747, "latwgs84": 42.5531, "observ1": null, "xetrs89": 312591, "yetrs89": 4755070, "cod_saih": null, "cuenca": "DUERO", "rio": "porma", "regimen": "alterado", "sistema": "esla - valderaduey", "caudal": 1, "inicio": 1991.0, "fin": 2021.0, "url_link": "https://casadoj.github.io/CAMELS-ES/Duero/Esla - Valderaduey/plots/2011.html" }, "geometry": { "type": "Point", "coordinates": [ -5.296433074558795, 42.925227458477487 ] } },
{ "type": "Feature", "properties": { "indroea": 2012, "lugar": "SEPULVEDA", "comentario": null, "serv": 1, "suprest": 480, "suprcnc": 1450, "hoja_id": 431, "alti": 920.0, "altimax": 2262.0, "naa": 27, "naam": 78, "naai": 37, "num_cuenca": 2106, "muni_id": 40195, "xutm": 438350, "yutm": 4572605, "xutm30": 438350, "yutm30": 4572605, "long": -3.4411, "lat": 41.1807, "longwgs84": -3.4416, "latwgs84": 41.1802, "observ1": null, "xetrs89": 438241, "yetrs89": 4572398, "cod_saih": null, "cuenca": "DUERO", "rio": "duratón", "regimen": "natural", "sistema": "riaza-duratón", "caudal": 1, "inicio": 1994.0, "fin": 2021.0, "url_link": "https://casadoj.github.io/CAMELS-ES/Duero/Riaza-Duratón/plots/2012.html" }, "geometry": { "type": "Point", "coordinates": [ -3.73769849193888, 41.30067383902967 ] } },
{ "type": "Feature", "properties": { "indroea": 2013, "lugar": "ARANDA DE DUERO", "comentario": null, "serv": 1, "suprest": 7356, "suprcnc": 97620, "hoja_id": 375, "alti": 790.0, "altimax": 2315.0, "naa": 25, "naam": 49, "naai": 35, "num_cuenca": 2067, "muni_id": 9018, "xutm": 443439, "yutm": 4611795, "xutm30": 443439, "yutm30": 4611795, "long": -3.4045, "lat": 41.3919, "longwgs84": -3.405, "latwgs84": 41.3914, "observ1": null, "xetrs89": 443331, "yetrs89": 4611587, "cod_saih": null, "cuenca": "DUERO", "rio": "duero", "regimen": "alterado", "sistema": "alto duero", "caudal": 1, "inicio": 1996.0, "fin": 2021.0, "url_link": "https://casadoj.github.io/CAMELS-ES/Duero/Alto Duero/plots/2013.html" }, "geometry": { "type": "Point", "coordinates": [ -3.680586463678748, 41.654017083952326 ] } },
{ "type": "Feature", "properties": { "indroea": 2015, "lugar": "HERRERA DE DUERO", "comentario": null, "serv": 1, "suprest": 12740, "suprcnc": 97620, "hoja_id": 372, "alti": 690.0, "altimax": 2315.0, "naa": 30, "naam": 109, "naai": 61, "num_cuenca": 2111, "muni_id": 47175, "xutm": 361160, "yutm": 4603018, "xutm30": 361160, "yutm30": 4603018, "long": -4.3954, "lat": 41.3358, "longwgs84": -4.3959, "latwgs84": 41.3354, "observ1": null, "xetrs89": 361051, "yetrs89": 4602811, "cod_saih": null, "cuenca": "DUERO", "rio": "duero", "regimen": "alterado", "sistema": "riaza-duratón", "caudal": 1, "inicio": 1991.0, "fin": 2021.0, "url_link": "https://casadoj.github.io/CAMELS-ES/Duero/Riaza-Duratón/plots/2015.html" }, "geometry": { "type": "Point", "coordinates": [ -4.66643858473453, 41.564906773024731 ] } },
{ "type": "Feature", "properties": { "indroea": 2016, "lugar": "PAJARES DE PEDRAZA", "comentario": null, "serv": 1, "suprest": 280, "suprcnc": 2525, "hoja_id": 457, "alti": 938.0, "altimax": 2209.0, "naa": 22, "naam": 109, "naai": 53, "num_cuenca": 2112, "muni_id": 40019, "xutm": 428405, "yutm": 4557885, "xutm30": 428405, "yutm30": 4557885, "long": -3.5112, "lat": 41.1006, "longwgs84": -3.5117, "latwgs84": 41.1002, "observ1": null, "xetrs89": 428296, "yetrs89": 4557678, "cod_saih": null, "cuenca": "DUERO", "rio": "cega", "regimen": "natural", "sistema": "cega-eresma-adaja", "caudal": 1, "inicio": 1999.0, "fin": 2021.0, "url_link": "https://casadoj.github.io/CAMELS-ES/Duero/Cega-Eresma-Adaja/plots/2016.html" }, "geometry": { "type": "Point", "coordinates": [ -3.854748787883785, 41.167270262413815 ] } },
{ "type": "Feature", "properties": { "indroea": 2017, "lugar": "NAVAPALOS", "comentario": null, "serv": 1, "suprest": 6398, "suprcnc": 97620, "hoja_id": 377, "alti": 868.0, "altimax": 2315.0, "naa": 27, "naam": 32, "naai": 17, "num_cuenca": 2063, "muni_id": 42043, "xutm": 491500, "yutm": 4595350, "xutm30": 491500, "yutm30": 4595350, "long": -3.0607, "lat": 41.3032, "longwgs84": -3.0611, "latwgs84": 41.3028, "observ1": null, "xetrs89": 491392, "yetrs89": 4595142, "cod_saih": null, "cuenca": "DUERO", "rio": "duero", "regimen": "alterado", "sistema": "alto duero", "caudal": 1, "inicio": 1994.0, "fin": 2021.0, "url_link": "https://casadoj.github.io/CAMELS-ES/Duero/Alto Duero/plots/2017.html" }, "geometry": { "type": "Point", "coordinates": [ -3.103148271502304, 41.507860284438642 ] } },
{ "type": "Feature", "properties": { "indroea": 2018, "lugar": "PEDROSA DEL PRINCIPE", "comentario": null, "serv": 1, "suprest": 796, "suprcnc": 805, "hoja_id": 236, "alti": 766.0, "altimax": 1334.0, "naa": 20, "naam": 21, "naai": 8, "num_cuenca": 2155, "muni_id": 9258, "xutm": 400988, "yutm": 4678603, "xutm30": 400988, "yutm30": 4678603, "long": -4.1201, "lat": 42.1509, "longwgs84": -4.1206, "latwgs84": 42.1505, "observ1": null, "xetrs89": 400880, "yetrs89": 4678397, "cod_saih": null, "cuenca": "DUERO", "rio": "odra", "regimen": "natural", "sistema": "pisuerga", "caudal": 1, "inicio": 2001.0, "fin": 2021.0, "url_link": "https://casadoj.github.io/CAMELS-ES/Duero/Pisuerga/plots/2018.html" }, "geometry": { "type": "Point", "coordinates": [ -4.201580789983744, 42.2514775413566 ] } },
{ "type": "Feature", "properties": { "indroea": 2019, "lugar": "SALINAS DE PISUERGA", "comentario": null, "serv": 1, "suprest": 443, "suprcnc": 15828, "hoja_id": 107, "alti": 947.0, "altimax": 2139.0, "naa": 30, "naam": 61, "naai": 43, "num_cuenca": 2130, "muni_id": 34158, "xutm": 386580, "yutm": 4745195, "xutm30": 386580, "yutm30": 4745195, "long": -4.2317, "lat": 42.5101, "longwgs84": -4.2322, "latwgs84": 42.5057, "observ1": null, "xetrs89": 386472, "yetrs89": 4744989, "cod_saih": null, "cuenca": "DUERO", "rio": "pisuerga", "regimen": "alterado", "sistema": "pisuerga", "caudal": 1, "inicio": 1991.0, "fin": 2021.0, "url_link": "https://casadoj.github.io/CAMELS-ES/Duero/Pisuerga/plots/2019.html" }, "geometry": { "type": "Point", "coordinates": [ -4.389432058801025, 42.849054386337095 ] } },
{ "type": "Feature", "properties": { "indroea": 2020, "lugar": "SALIDA EMBALSE DE AGUILAR", "comentario": null, "serv": 1, "suprest": 546, "suprcnc": 15828, "hoja_id": 133, "alti": 902.0, "altimax": 2139.0, "naa": 30, "naam": 68, "naai": 50, "num_cuenca": 2130, "muni_id": 34004, "xutm": 395377, "yutm": 4738975, "xutm30": 395377, "yutm30": 4738975, "long": -4.1645, "lat": 42.4743, "longwgs84": -4.165, "latwgs84": 42.474, "observ1": null, "xetrs89": 395269, "yetrs89": 4738769, "cod_saih": null, "cuenca": "DUERO", "rio": "pisuerga", "regimen": "alterado", "sistema": "pisuerga", "caudal": 1, "inicio": 1991.0, "fin": 2021.0, "url_link": "https://casadoj.github.io/CAMELS-ES/Duero/Pisuerga/plots/2020.html" }, "geometry": { "type": "Point", "coordinates": [ -4.280639377071744, 42.794310783166566 ] } },
{ "type": "Feature", "properties": { "indroea": 2021, "lugar": "CERVERA DE PISUERGA", "comentario": "INT 2013                                                              ", "serv": 0, "suprest": 253, "suprcnc": 15828, "hoja_id": 107, "alti": 1000.0, "altimax": 2139.0, "naa": 21, "naam": 99, "naai": 50, "num_cuenca": 2128, "muni_id": 34056, "xutm": 377347, "yutm": 4747938, "xutm30": 377347, "yutm30": 4747938, "long": -4.3006, "lat": 42.5224, "longwgs84": -4.3011, "latwgs84": 42.522, "observ1": null, "xetrs89": 377239, "yetrs89": 4747732, "cod_saih": null, "cuenca": "DUERO", "rio": "pisuerga", "regimen": "alterado", "sistema": "pisuerga - carrión - arlanza - duero inferior", "caudal": 1, "inicio": 1991.0, "fin": 2012.0, "url_link": "https://casadoj.github.io/CAMELS-ES/Duero/Pisuerga - Carrión - Arlanza - Duero Inferior/plots/2021.html" }, "geometry": { "type": "Point", "coordinates": [ -4.502994161981589, 42.872320642569996 ] } },
{ "type": "Feature", "properties": { "indroea": 2022, "lugar": "RUESGA", "comentario": null, "serv": 1, "suprest": 56, "suprcnc": 90, "hoja_id": 107, "alti": 1013.0, "altimax": 1846.0, "naa": 30, "naam": 105, "naai": 56, "num_cuenca": 2129, "muni_id": 34056, "xutm": 376160, "yutm": 4746400, "xutm30": 376160, "yutm30": 4746400, "long": -4.3057, "lat": 42.5134, "longwgs84": -4.3102, "latwgs84": 42.513, "observ1": null, "xetrs89": 376052, "yetrs89": 4746194, "cod_saih": null, "cuenca": "DUERO", "rio": "rivera", "regimen": "alterado", "sistema": "pisuerga", "caudal": 1, "inicio": 1991.0, "fin": 2021.0, "url_link": "https://casadoj.github.io/CAMELS-ES/Duero/Pisuerga/plots/2022.html" }, "geometry": { "type": "Point", "coordinates": [ -4.517182790372705, 42.858283675017432 ] } },
{ "type": "Feature", "properties": { "indroea": 2023, "lugar": "CELADILLA DEL RIO", "comentario": null, "serv": 1, "suprest": 494, "suprcnc": 3407, "hoja_id": 164, "alti": 979.0, "altimax": 2497.0, "naa": 22, "naam": 24, "naai": 11, "num_cuenca": 2197, "muni_id": 34129, "xutm": 352601, "yutm": 4719086, "xutm30": 352601, "yutm30": 4719086, "long": -4.4749, "lat": 42.3634, "longwgs84": -4.4754, "latwgs84": 42.363, "observ1": null, "xetrs89": 352493, "yetrs89": 4718880, "cod_saih": null, "cuenca": "DUERO", "rio": "carrión", "regimen": "alterado", "sistema": "carrión", "caudal": 1, "inicio": 1999.0, "fin": 2021.0, "url_link": "https://casadoj.github.io/CAMELS-ES/Duero/Carrión/plots/2023.html" }, "geometry": { "type": "Point", "coordinates": [ -4.79830863319918, 42.608245451853108 ] } },
{ "type": "Feature", "properties": { "indroea": 2024, "lugar": "ALAR DEL REY", "comentario": null, "serv": 1, "suprest": 1106, "suprcnc": 15828, "hoja_id": 165, "alti": 850.0, "altimax": 2139.0, "naa": 30, "naam": 110, "naai": 50, "num_cuenca": 2138, "muni_id": 34005, "xutm": 392260, "yutm": 4723790, "xutm30": 392260, "yutm30": 4723790, "long": -4.1852, "lat": 42.393, "longwgs84": -4.1857, "latwgs84": 42.3926, "observ1": null, "xetrs89": 392152, "yetrs89": 4723583, "cod_saih": null, "cuenca": "DUERO", "rio": "pisuerga", "regimen": "alterado", "sistema": "pisuerga", "caudal": 1, "inicio": 1991.0, "fin": 2021.0, "url_link": "https://casadoj.github.io/CAMELS-ES/Duero/Pisuerga/plots/2024.html" }, "geometry": { "type": "Point", "coordinates": [ -4.315850784235536, 42.657156571284382 ] } },
{ "type": "Feature", "properties": { "indroea": 2025, "lugar": "VILLANUEVA DE LOS INFANTES", "comentario": null, "serv": 1, "suprest": 870, "suprcnc": 998, "hoja_id": 344, "alti": 733.0, "altimax": null, "naa": 23, "naam": 24, "naai": 11, "num_cuenca": 2209, "muni_id": 47221, "xutm": 376870, "yutm": 4617815, "xutm30": 376870, "yutm30": 4617815, "long": -4.2847, "lat": 41.4207, "longwgs84": -4.2852, "latwgs84": 41.4203, "observ1": null, "xetrs89": 376762, "yetrs89": 4617608, "cod_saih": null, "cuenca": "DUERO", "rio": "esgueva", "regimen": "natural", "sistema": "pisuerga", "caudal": 1, "inicio": 1998.0, "fin": 2021.0, "url_link": "https://casadoj.github.io/CAMELS-ES/Duero/Pisuerga/plots/2025.html" }, "geometry": { "type": "Point", "coordinates": [ -4.481125707123278, 41.700718622095586 ] } },
{ "type": "Feature", "properties": { "indroea": 2026, "lugar": "ABIA DE LAS TORRES", "comentario": null, "serv": 1, "suprest": 623, "suprcnc": 1063, "hoja_id": 198, "alti": 816.0, "altimax": null, "naa": 20, "naam": 22, "naai": 9, "num_cuenca": 2149, "muni_id": 34003, "xutm": 383402, "yutm": 4697955, "xutm30": 383402, "yutm30": 4697955, "long": -4.2502, "lat": 42.2528, "longwgs84": -4.2507, "latwgs84": 42.2524, "observ1": null, "xetrs89": 383294, "yetrs89": 4697748, "cod_saih": null, "cuenca": "DUERO", "rio": "valdavia", "regimen": "natural", "sistema": "pisuerga", "caudal": 1, "inicio": 2001.0, "fin": 2021.0, "url_link": "https://casadoj.github.io/CAMELS-ES/Duero/Pisuerga/plots/2026.html" }, "geometry": { "type": "Point", "coordinates": [ -4.41861972615395, 42.42327076552138 ] } },
{ "type": "Feature", "properties": { "indroea": 2028, "lugar": "SALAS DE LOS INFANTES", "comentario": null, "serv": 1, "suprest": 349, "suprcnc": 5380, "hoja_id": 277, "alti": 958.0, "altimax": 2131.0, "naa": 30, "naam": 64, "naai": 37, "num_cuenca": 2161, "muni_id": 9330, "xutm": 477119, "yutm": 4653831, "xutm30": 477119, "yutm30": 4653831, "long": -3.1635, "lat": 42.0208, "longwgs84": -3.164, "latwgs84": 42.0204, "observ1": null, "xetrs89": 477011, "yetrs89": 4653623, "cod_saih": null, "cuenca": "DUERO", "rio": "arlanza", "regimen": "natural", "sistema": "arlanza", "caudal": 1, "inicio": 1991.0, "fin": 2021.0, "url_link": "https://casadoj.github.io/CAMELS-ES/Duero/Arlanza/plots/2028.html" }, "geometry": { "type": "Point", "coordinates": [ -3.277734984574204, 42.034310505294599 ] } },
{ "type": "Feature", "properties": { "indroea": 2029, "lugar": "CORDOVILLA", "comentario": null, "serv": 1, "suprest": 4227, "suprcnc": 15828, "hoja_id": 274, "alti": 740.0, "altimax": 2139.0, "naa": 30, "naam": 109, "naai": 47, "num_cuenca": 2156, "muni_id": 34063, "xutm": 396833, "yutm": 4665232, "xutm30": 396833, "yutm30": 4665232, "long": -4.1454, "lat": 42.0754, "longwgs84": -4.1458, "latwgs84": 42.075, "observ1": null, "xetrs89": 396725, "yetrs89": 4665025, "cod_saih": null, "cuenca": "DUERO", "rio": "pisuerga", "regimen": "alterado", "sistema": "pisuerga", "caudal": 1, "inicio": 1991.0, "fin": 2021.0, "url_link": "https://casadoj.github.io/CAMELS-ES/Duero/Pisuerga/plots/2029.html" }, "geometry": { "type": "Point", "coordinates": [ -4.24956418938025, 42.130534463477026 ] } },
{ "type": "Feature", "properties": { "indroea": 2030, "lugar": "COVARRUBIAS", "comentario": null, "serv": 1, "suprest": 1200, "suprcnc": 5380, "hoja_id": 277, "alti": 881.0, "altimax": 2131.0, "naa": 30, "naam": 108, "naai": 48, "num_cuenca": 2165, "muni_id": 9113, "xutm": 458015, "yutm": 4656096, "xutm30": 458015, "yutm30": 4656096, "long": -3.3027, "lat": 42.0318, "longwgs84": -3.3031, "latwgs84": 42.0314, "observ1": null, "xetrs89": 457907, "yetrs89": 4655889, "cod_saih": null, "cuenca": "DUERO", "rio": "arlanza", "regimen": "natural", "sistema": "arlanza", "caudal": 1, "inicio": 1991.0, "fin": 2021.0, "url_link": "https://casadoj.github.io/CAMELS-ES/Duero/Arlanza/plots/2030.html" }, "geometry": { "type": "Point", "coordinates": [ -3.508690433073507, 42.053928166410039 ] } },
{ "type": "Feature", "properties": { "indroea": 2031, "lugar": "PERAL DE ARLANZA", "comentario": null, "serv": 1, "suprest": 2413, "suprcnc": 5380, "hoja_id": 275, "alti": 770.0, "altimax": 2131.0, "naa": 30, "naam": 110, "naai": 48, "num_cuenca": 2169, "muni_id": 9262, "xutm": 410823, "yutm": 4659303, "xutm30": 410823, "yutm30": 4659303, "long": -4.0441, "lat": 42.0448, "longwgs84": -4.0446, "latwgs84": 42.0444, "observ1": null, "xetrs89": 410715, "yetrs89": 4659096, "cod_saih": null, "cuenca": "DUERO", "rio": "arlanza", "regimen": "natural", "sistema": "arlanza", "caudal": 1, "inicio": 1991.0, "fin": 2021.0, "url_link": "https://casadoj.github.io/CAMELS-ES/Duero/Arlanza/plots/2031.html" }, "geometry": { "type": "Point", "coordinates": [ -4.079419025234799, 42.07886288006852 ] } },
{ "type": "Feature", "properties": { "indroea": 2032, "lugar": "SALIDA EMBALSE DE UZQUIZA", "comentario": null, "serv": 1, "suprest": 153, "suprcnc": 2659, "hoja_id": 239, "alti": 1026.0, "altimax": 2131.0, "naa": 29, "naam": 50, "naai": 34, "num_cuenca": 2170, "muni_id": 9463, "xutm": 469363, "yutm": 4683940, "xutm30": 469363, "yutm30": 4683940, "long": -3.2218, "lat": 42.1823, "longwgs84": -3.2223, "latwgs84": 42.1819, "observ1": null, "xetrs89": 469256, "yetrs89": 4683732, "cod_saih": null, "cuenca": "DUERO", "rio": "arlanzón", "regimen": "alterado", "sistema": "arlanza", "caudal": 1, "inicio": 1992.0, "fin": 2021.0, "url_link": "https://casadoj.github.io/CAMELS-ES/Duero/Arlanza/plots/2032.html" }, "geometry": { "type": "Point", "coordinates": [ -3.373012903106209, 42.305213551746483 ] } },
{ "type": "Feature", "properties": { "indroea": 2033, "lugar": "CASTROVERDE DE CERRATO", "comentario": "INT 1997                                                              ", "serv": 0, "suprest": 700, "suprcnc": 998, "hoja_id": 344, "alti": 777.0, "altimax": 1412.0, "naa": 5, "naam": 20, "naai": 0, "num_cuenca": 2209, "muni_id": 47047, "xutm": 398695, "yutm": 4623475, "xutm30": 398695, "yutm30": 4623475, "long": -4.1307, "lat": 41.4521, "longwgs84": -4.1312, "latwgs84": 41.4517, "observ1": null, "xetrs89": 398587, "yetrs89": 4623268, "cod_saih": null, "cuenca": "DUERO", "rio": "esgueva", "regimen": "desconocido", "sistema": "pisuerga - carrión - arlanza - duero inferior", "caudal": 1, "inicio": 1991.0, "fin": 1996.0, "url_link": "https://casadoj.github.io/CAMELS-ES/Duero/Pisuerga - Carrión - Arlanza - Duero Inferior/plots/2033.html" }, "geometry": { "type": "Point", "coordinates": [ -4.219851032173822, 41.754768307335226 ] } },
{ "type": "Feature", "properties": { "indroea": 2034, "lugar": "BESANDE", "comentario": null, "serv": 1, "suprest": 32, "suprcnc": 73, "hoja_id": 105, "alti": 1270.0, "altimax": 1820.0, "naa": 30, "naam": 61, "naai": 16, "num_cuenca": 2196, "muni_id": 24020, "xutm": 346172, "yutm": 4751298, "xutm30": 346172, "yutm30": 4751298, "long": -4.5303, "lat": 42.5353, "longwgs84": -4.5308, "latwgs84": 42.5349, "observ1": null, "xetrs89": 346064, "yetrs89": 4751092, "cod_saih": null, "cuenca": "DUERO", "rio": "besandino", "regimen": "natural", "sistema": "carrión", "caudal": 1, "inicio": 1991.0, "fin": 2021.0, "url_link": "https://casadoj.github.io/CAMELS-ES/Duero/Carrión/plots/2034.html" }, "geometry": { "type": "Point", "coordinates": [ -4.885417356062343, 42.896916647147087 ] } },
{ "type": "Feature", "properties": { "indroea": 2035, "lugar": "OTERO DE GUARDO", "comentario": null, "serv": 1, "suprest": 72, "suprcnc": 73, "hoja_id": 106, "alti": 1127.0, "altimax": 1820.0, "naa": 30, "naam": 61, "naai": 29, "num_cuenca": 2196, "muni_id": 34199, "xutm": 348948, "yutm": 4743768, "xutm30": 348948, "yutm30": 4743768, "long": -4.5053, "lat": 42.4951, "longwgs84": -4.5058, "latwgs84": 42.4947, "observ1": null, "xetrs89": 348840, "yetrs89": 4743562, "cod_saih": null, "cuenca": "DUERO", "rio": "besandino", "regimen": "alterado", "sistema": "carrión", "caudal": 1, "inicio": 1991.0, "fin": 2021.0, "url_link": "https://casadoj.github.io/CAMELS-ES/Duero/Carrión/plots/2035.html" }, "geometry": { "type": "Point", "coordinates": [ -4.849409453610756, 42.82969692441695 ] } },
{ "type": "Feature", "properties": { "indroea": 2036, "lugar": "QUINTANA DEL PUENTE", "comentario": null, "serv": 1, "suprest": 5256, "suprcnc": 5380, "hoja_id": 274, "alti": 740.0, "altimax": 2131.0, "naa": 30, "naam": 108, "naai": 45, "num_cuenca": 2193, "muni_id": 34084, "xutm": 397462, "yutm": 4656950, "xutm30": 397462, "yutm30": 4656950, "long": -4.1421, "lat": 42.0326, "longwgs84": -4.1426, "latwgs84": 42.0322, "observ1": null, "xetrs89": 397354, "yetrs89": 4656743, "cod_saih": null, "cuenca": "DUERO", "rio": "arlanza", "regimen": "desconocido", "sistema": "arlanza", "caudal": 1, "inicio": 1991.0, "fin": 2021.0, "url_link": "https://casadoj.github.io/CAMELS-ES/Duero/Arlanza/plots/2036.html" }, "geometry": { "type": "Point", "coordinates": [ -4.240501162111695, 42.056042617870773 ] } },
{ "type": "Feature", "properties": { "indroea": 2037, "lugar": "SALIDA EMBALSE DE COMPUERTO", "comentario": null, "serv": 1, "suprest": 307, "suprcnc": 3407, "hoja_id": 106, "alti": 1145.0, "altimax": 2497.0, "naa": 7, "naam": 42, "naai": 0, "num_cuenca": 2195, "muni_id": 34199, "xutm": 350317, "yutm": 4746310, "xutm30": 350317, "yutm30": 4746310, "long": -4.4955, "lat": 42.5114, "longwgs84": -4.496, "latwgs84": 42.511, "observ1": null, "xetrs89": 350209, "yetrs89": 4746104, "cod_saih": null, "cuenca": "DUERO", "rio": "carrión", "regimen": "alterado", "sistema": "carrión", "caudal": 1, "inicio": 2014.0, "fin": 2021.0, "url_link": "https://casadoj.github.io/CAMELS-ES/Duero/Carrión/plots/2037.html" }, "geometry": { "type": "Point", "coordinates": [ -4.833345018207177, 42.852846021685984 ] } },
{ "type": "Feature", "properties": { "indroea": 2040, "lugar": "VILLOLDO", "comentario": null, "serv": 1, "suprest": 973, "suprcnc": 3407, "hoja_id": 235, "alti": 787.0, "altimax": 2497.0, "naa": 30, "naam": 92, "naai": 45, "num_cuenca": 2197, "muni_id": 34243, "xutm": 368104, "yutm": 4678916, "xutm30": 368104, "yutm30": 4678916, "long": -4.3556, "lat": 42.1502, "longwgs84": -4.3601, "latwgs84": 42.1458, "observ1": null, "xetrs89": 367996, "yetrs89": 4678710, "cod_saih": null, "cuenca": "DUERO", "rio": "carrión", "regimen": "alterado", "sistema": "carrión", "caudal": 1, "inicio": 1991.0, "fin": 2021.0, "url_link": "https://casadoj.github.io/CAMELS-ES/Duero/Carrión/plots/2040.html" }, "geometry": { "type": "Point", "coordinates": [ -4.60015592037357, 42.249427405729378 ] } },
{ "type": "Feature", "properties": { "indroea": 2041, "lugar": "VILLALCAZAR DE SIRGA", "comentario": null, "serv": 1, "suprest": 312, "suprcnc": 655, "hoja_id": 235, "alti": 795.0, "altimax": 1120.0, "naa": 30, "naam": 76, "naai": 56, "num_cuenca": 2202, "muni_id": 34215, "xutm": 374538, "yutm": 4686895, "xutm30": 374538, "yutm30": 4686895, "long": -4.3121, "lat": 42.1924, "longwgs84": -4.3126, "latwgs84": 42.192, "observ1": null, "xetrs89": 374430, "yetrs89": 4686688, "cod_saih": null, "cuenca": "DUERO", "rio": "ucieza", "regimen": "natural", "sistema": "carrión", "caudal": 1, "inicio": 1991.0, "fin": 2021.0, "url_link": "https://casadoj.github.io/CAMELS-ES/Duero/Carrión/plots/2041.html" }, "geometry": { "type": "Point", "coordinates": [ -4.523920706410591, 42.322315034468062 ] } },
{ "type": "Feature", "properties": { "indroea": 2042, "lugar": "PALENCIA", "comentario": null, "serv": 1, "suprest": 2222, "suprcnc": 3407, "hoja_id": 273, "alti": 740.0, "altimax": 2497.0, "naa": 30, "naam": 109, "naai": 44, "num_cuenca": 2203, "muni_id": 34079, "xutm": 371126, "yutm": 4655182, "xutm30": 371126, "yutm30": 4655183, "long": -4.3325, "lat": 42.0215, "longwgs84": -4.333, "latwgs84": 42.021, "observ1": null, "xetrs89": 371018, "yetrs89": 4654976, "cod_saih": null, "cuenca": "DUERO", "rio": "carrión", "regimen": "alterado", "sistema": "carrión", "caudal": 1, "inicio": 1991.0, "fin": 2021.0, "url_link": "https://casadoj.github.io/CAMELS-ES/Duero/Carrión/plots/2042.html" }, "geometry": { "type": "Point", "coordinates": [ -4.558286781423337, 42.036253144392532 ] } },
{ "type": "Feature", "properties": { "indroea": 2043, "lugar": "CABEZON DE PISUERGA", "comentario": null, "serv": 1, "suprest": 14283, "suprcnc": 15828, "hoja_id": 343, "alti": 698.0, "altimax": 2139.0, "naa": 30, "naam": 91, "naai": 60, "num_cuenca": 2206, "muni_id": 47027, "xutm": 363795, "yutm": 4622535, "xutm30": 363795, "yutm30": 4622535, "long": -4.3817, "lat": 41.4432, "longwgs84": -4.3821, "latwgs84": 41.4428, "observ1": null, "xetrs89": 363687, "yetrs89": 4622328, "cod_saih": null, "cuenca": "DUERO", "rio": "pisuerga", "regimen": "alterado", "sistema": "pisuerga", "caudal": 1, "inicio": 1991.0, "fin": 2021.0, "url_link": "https://casadoj.github.io/CAMELS-ES/Duero/Pisuerga/plots/2043.html" }, "geometry": { "type": "Point", "coordinates": [ -4.639287547266593, 41.741082423468981 ] } },
{ "type": "Feature", "properties": { "indroea": 2044, "lugar": "VALLADOLID-ESGUEVA", "comentario": null, "serv": 1, "suprest": 997, "suprcnc": 998, "hoja_id": 343, "alti": 690.0, "altimax": 1412.0, "naa": 30, "naam": 93, "naai": 31, "num_cuenca": 2209, "muni_id": 47186, "xutm": 358184, "yutm": 4612632, "xutm30": 358184, "yutm30": 4612632, "long": -4.4211, "lat": 41.3908, "longwgs84": -4.4216, "latwgs84": 41.3903, "observ1": null, "xetrs89": 358076, "yetrs89": 4612425, "cod_saih": null, "cuenca": "DUERO", "rio": "esgueva", "regimen": "natural", "sistema": "pisuerga", "caudal": 1, "inicio": 1991.0, "fin": 2021.0, "url_link": "https://casadoj.github.io/CAMELS-ES/Duero/Pisuerga/plots/2044.html" }, "geometry": { "type": "Point", "coordinates": [ -4.704380510226208, 41.650941919484993 ] } },
{ "type": "Feature", "properties": { "indroea": 2046, "lugar": "AVILA", "comentario": null, "serv": 1, "suprest": 770, "suprcnc": 5275, "hoja_id": 531, "alti": 1066.0, "altimax": 2297.0, "naa": 30, "naam": 107, "naai": 38, "num_cuenca": 2214, "muni_id": 5019, "xutm": 355772, "yutm": 4501495, "xutm30": 355772, "yutm30": 4501495, "long": -4.4221, "lat": 40.3904, "longwgs84": -4.4226, "latwgs84": 40.3859, "observ1": null, "xetrs89": 355663, "yetrs89": 4501288, "cod_saih": null, "cuenca": "DUERO", "rio": "adaja", "regimen": "alterado", "sistema": "cega-eresma-adaja", "caudal": 1, "inicio": 1991.0, "fin": 2021.0, "url_link": "https://casadoj.github.io/CAMELS-ES/Duero/Cega-Eresma-Adaja/plots/2046.html" }, "geometry": { "type": "Point", "coordinates": [ -4.707181425474013, 40.649838322610009 ] } },
{ "type": "Feature", "properties": { "indroea": 2047, "lugar": "MEDIANA DE VOLTOYA", "comentario": null, "serv": 1, "suprest": 140, "suprcnc": 1074, "hoja_id": 506, "alti": 1089.0, "altimax": 1580.0, "naa": 30, "naam": 62, "naai": 42, "num_cuenca": 2228, "muni_id": 5123, "xutm": 370102, "yutm": 4508686, "xutm30": 370102, "yutm30": 4508686, "long": -4.3216, "lat": 40.4305, "longwgs84": -4.3221, "latwgs84": 40.4301, "observ1": null, "xetrs89": 369993, "yetrs89": 4508479, "cod_saih": null, "cuenca": "DUERO", "rio": "voltoya", "regimen": "alterado", "sistema": "cega-eresma-adaja", "caudal": 1, "inicio": 1991.0, "fin": 2021.0, "url_link": "https://casadoj.github.io/CAMELS-ES/Duero/Cega-Eresma-Adaja/plots/2047.html" }, "geometry": { "type": "Point", "coordinates": [ -4.539240525881323, 40.716977882716321 ] } },
{ "type": "Feature", "properties": { "indroea": 2048, "lugar": "OLMEDO", "comentario": "INT 2013                                                              ", "serv": 0, "suprest": 2746, "suprcnc": 2968, "hoja_id": 428, "alti": 730.0, "altimax": 2430.0, "naa": 16, "naam": 36, "naai": 28, "num_cuenca": 2229, "muni_id": 47002, "xutm": 364531, "yutm": 4576273, "xutm30": 364531, "yutm30": 4576273, "long": -4.3707, "lat": 41.1933, "longwgs84": -4.3712, "latwgs84": 41.1929, "observ1": null, "xetrs89": 364422, "yetrs89": 4576066, "cod_saih": null, "cuenca": "DUERO", "rio": "eresma", "regimen": "alterado", "sistema": "alto duero - riaza - adaja - cega", "caudal": 1, "inicio": 1993.0, "fin": 2009.0, "url_link": "https://casadoj.github.io/CAMELS-ES/Duero/Alto Duero - Riaza - Adaja - Cega/plots/2048.html" }, "geometry": { "type": "Point", "coordinates": [ -4.620023105056992, 41.324675699626582 ] } },
{ "type": "Feature", "properties": { "indroea": 2049, "lugar": "CABAÑES DE ESGUEVA", "comentario": null, "serv": 1, "suprest": 271, "suprcnc": 998, "hoja_id": 346, "alti": 871.0, "altimax": 1412.0, "naa": 30, "naam": 78, "naai": 56, "num_cuenca": 2207, "muni_id": 9061, "xutm": 434465, "yutm": 4631375, "xutm30": 434465, "yutm30": 4631375, "long": -3.4721, "lat": 41.4951, "longwgs84": -3.4726, "latwgs84": 41.4947, "observ1": null, "xetrs89": 434357, "yetrs89": 4631168, "cod_saih": null, "cuenca": "DUERO", "rio": "esgueva", "regimen": "natural", "sistema": "pisuerga", "caudal": 1, "inicio": 1991.0, "fin": 2021.0, "url_link": "https://casadoj.github.io/CAMELS-ES/Duero/Pisuerga/plots/2049.html" }, "geometry": { "type": "Point", "coordinates": [ -3.790513818392492, 41.829679192820933 ] } },
{ "type": "Feature", "properties": { "indroea": 2050, "lugar": "SEGOVIA", "comentario": null, "serv": 1, "suprest": 252, "suprcnc": 2968, "hoja_id": 483, "alti": 900.0, "altimax": 2430.0, "naa": 12, "naam": 98, "naai": 40, "num_cuenca": 2219, "muni_id": 40194, "xutm": 403507, "yutm": 4534119, "xutm30": 403507, "yutm30": 4534119, "long": -4.0852, "lat": 40.5702, "longwgs84": -4.0847, "latwgs84": 40.5707, "observ1": "DATOS MODIFICADOS 2014-15 (ANUARIO 15-16)                                                           ", "xetrs89": 403398, "yetrs89": 4533912, "cod_saih": null, "cuenca": "DUERO", "rio": "eresma", "regimen": "alterado", "sistema": "cega-eresma-adaja", "caudal": 1, "inicio": 2009.0, "fin": 2021.0, "url_link": "https://casadoj.github.io/CAMELS-ES/Duero/Cega-Eresma-Adaja/plots/2050.html" }, "geometry": { "type": "Point", "coordinates": [ -4.147768652002756, 40.950641220555937 ] } },
{ "type": "Feature", "properties": { "indroea": 2051, "lugar": "ESPINAR, EL", "comentario": null, "serv": 1, "suprest": 35, "suprcnc": 2193, "hoja_id": 508, "alti": 1260.0, "altimax": 2139.0, "naa": 25, "naam": 69, "naai": 48, "num_cuenca": 2222, "muni_id": 40076, "xutm": 402557, "yutm": 4511890, "xutm30": 402557, "yutm30": 4511890, "long": -4.0915, "lat": 40.4505, "longwgs84": -4.092, "latwgs84": 40.4501, "observ1": null, "xetrs89": 402448, "yetrs89": 4511683, "cod_saih": null, "cuenca": "DUERO", "rio": "moros", "regimen": "alterado", "sistema": "cega-eresma-adaja", "caudal": 1, "inicio": 1996.0, "fin": 2021.0, "url_link": "https://casadoj.github.io/CAMELS-ES/Duero/Cega-Eresma-Adaja/plots/2051.html" }, "geometry": { "type": "Point", "coordinates": [ -4.155569862506232, 40.750319896084406 ] } },
{ "type": "Feature", "properties": { "indroea": 2052, "lugar": "GUIJAS ALBAS", "comentario": null, "serv": 1, "suprest": 252, "suprcnc": 695, "hoja_id": 507, "alti": 940.0, "altimax": 2193.0, "naa": 30, "naam": 62, "naai": 42, "num_cuenca": 2222, "muni_id": 40211, "xutm": 391920, "yutm": 4519759, "xutm30": 391920, "yutm30": 4519759, "long": -4.1654, "lat": 40.4916, "longwgs84": -4.1658, "latwgs84": 40.4911, "observ1": null, "xetrs89": 391811, "yetrs89": 4519552, "cod_saih": null, "cuenca": "DUERO", "rio": "moros", "regimen": "alterado", "sistema": "cega-eresma-adaja", "caudal": 1, "inicio": 1991.0, "fin": 2021.0, "url_link": "https://casadoj.github.io/CAMELS-ES/Duero/Cega-Eresma-Adaja/plots/2052.html" }, "geometry": { "type": "Point", "coordinates": [ -4.282907058915516, 40.819860391769424 ] } },
{ "type": "Feature", "properties": { "indroea": 2053, "lugar": "BERNARDOS", "comentario": null, "serv": 1, "suprest": 1438, "suprcnc": 2968, "hoja_id": 456, "alti": 782.0, "altimax": 2430.0, "naa": 30, "naam": 58, "naai": 30, "num_cuenca": 2227, "muni_id": 40030, "xutm": 387275, "yutm": 4557134, "xutm30": 387275, "yutm30": 4557134, "long": -4.2036, "lat": 41.0925, "longwgs84": -4.2041, "latwgs84": 41.0921, "observ1": null, "xetrs89": 387166, "yetrs89": 4556927, "cod_saih": null, "cuenca": "DUERO", "rio": "eresma", "regimen": "alterado", "sistema": "cega-eresma-adaja", "caudal": 1, "inicio": 1991.0, "fin": 2021.0, "url_link": "https://casadoj.github.io/CAMELS-ES/Duero/Cega-Eresma-Adaja/plots/2053.html" }, "geometry": { "type": "Point", "coordinates": [ -4.344795697009934, 41.155826045959685 ] } },
{ "type": "Feature", "properties": { "indroea": 2054, "lugar": "SAN MIGUEL DEL PINO", "comentario": null, "serv": 1, "suprest": 36570, "suprcnc": 97620, "hoja_id": 371, "alti": 670.0, "altimax": 2815.0, "naa": 30, "naam": 102, "naai": 40, "num_cuenca": 2231, "muni_id": 47146, "xutm": 338985, "yutm": 4596727, "xutm30": 338985, "yutm30": 4596727, "long": -4.5545, "lat": 41.3019, "longwgs84": -4.555, "latwgs84": 41.3015, "observ1": null, "xetrs89": 338876, "yetrs89": 4596520, "cod_saih": null, "cuenca": "DUERO", "rio": "duero", "regimen": "alterado", "sistema": "bajo duero", "caudal": 1, "inicio": 1991.0, "fin": 2021.0, "url_link": "https://casadoj.github.io/CAMELS-ES/Duero/Bajo Duero/plots/2054.html" }, "geometry": { "type": "Point", "coordinates": [ -4.930566440594485, 41.504112582786824 ] } },
{ "type": "Feature", "properties": { "indroea": 2055, "lugar": "SAN RAFAEL", "comentario": null, "serv": 1, "suprest": 173, "suprcnc": 695, "hoja_id": 507, "alti": 1045.0, "altimax": 2193.0, "naa": 18, "naam": 20, "naai": 7, "num_cuenca": 2222, "muni_id": 40223, "xutm": 395260, "yutm": 4514523, "xutm30": 395260, "yutm30": 4514523, "long": -4.1428, "lat": 40.4628, "longwgs84": -4.1433, "latwgs84": 40.4623, "observ1": null, "xetrs89": 395151, "yetrs89": 4514316, "cod_saih": null, "cuenca": "DUERO", "rio": "moros", "regimen": "alterado", "sistema": "cega-eresma-adaja", "caudal": 1, "inicio": 2003.0, "fin": 2021.0, "url_link": "https://casadoj.github.io/CAMELS-ES/Duero/Cega-Eresma-Adaja/plots/2055.html" }, "geometry": { "type": "Point", "coordinates": [ -4.242430679360729, 40.773136268317927 ] } },
{ "type": "Feature", "properties": { "indroea": 2056, "lugar": "VALDESTILLAS", "comentario": null, "serv": 1, "suprest": 5202, "suprcnc": 5275, "hoja_id": 400, "alti": 693.0, "altimax": 2297.0, "naa": 30, "naam": 104, "naai": 55, "num_cuenca": 2230, "muni_id": 47182, "xutm": 352357, "yutm": 4594918, "xutm30": 352357, "yutm30": 4594918, "long": -4.4607, "lat": 41.293, "longwgs84": -4.4612, "latwgs84": 41.2925, "observ1": null, "xetrs89": 352248, "yetrs89": 4594711, "cod_saih": null, "cuenca": "DUERO", "rio": "adaja", "regimen": "desconocido", "sistema": "cega-eresma-adaja", "caudal": 1, "inicio": 1991.0, "fin": 2021.0, "url_link": "https://casadoj.github.io/CAMELS-ES/Duero/Cega-Eresma-Adaja/plots/2056.html" }, "geometry": { "type": "Point", "coordinates": [ -4.769978095550956, 41.490403389715226 ] } },
{ "type": "Feature", "properties": { "indroea": 2057, "lugar": "VILLOVELA DE PIRON", "comentario": null, "serv": 1, "suprest": 172, "suprcnc": 1020, "hoja_id": 457, "alti": 869.0, "altimax": 2200.0, "naa": 30, "naam": 50, "naai": 32, "num_cuenca": 2113, "muni_id": 40075, "xutm": 405705, "yutm": 4552136, "xutm30": 405705, "yutm30": 4552136, "long": -4.0723, "lat": 41.0652, "longwgs84": -4.0728, "latwgs84": 41.0647, "observ1": null, "xetrs89": 405596, "yetrs89": 4551929, "cod_saih": null, "cuenca": "DUERO", "rio": "pirón", "regimen": "natural", "sistema": "cega-eresma-adaja", "caudal": 1, "inicio": 1991.0, "fin": 2021.0, "url_link": "https://casadoj.github.io/CAMELS-ES/Duero/Cega-Eresma-Adaja/plots/2057.html" }, "geometry": { "type": "Point", "coordinates": [ -4.124415880979374, 41.113167508457273 ] } },
{ "type": "Feature", "properties": { "indroea": 2060, "lugar": "CEBRONES DEL RIO", "comentario": null, "serv": 1, "suprest": 3192, "suprcnc": 5039, "hoja_id": 231, "alti": 754.0, "altimax": 2417.0, "naa": 30, "naam": 50, "naai": 31, "num_cuenca": 2303, "muni_id": 24053, "xutm": 266703, "yutm": 4681447, "xutm30": 266703, "yutm30": 4681447, "long": -5.494, "lat": 42.1459, "longwgs84": -5.4945, "latwgs84": 42.1454, "observ1": null, "xetrs89": 266593, "yetrs89": 4681240, "cod_saih": null, "cuenca": "DUERO", "rio": "órbigo", "regimen": "alterado", "sistema": "órbigo", "caudal": 1, "inicio": 1991.0, "fin": 2021.0, "url_link": "https://casadoj.github.io/CAMELS-ES/Duero/Órbigo/plots/2060.html" }, "geometry": { "type": "Point", "coordinates": [ -5.829246537222397, 42.248466277565065 ] } },
{ "type": "Feature", "properties": { "indroea": 2061, "lugar": "SANTA MARINA DEL REY", "comentario": null, "serv": 1, "suprest": 1554, "suprcnc": 5039, "hoja_id": 160, "alti": 835.0, "altimax": 2417.0, "naa": 26, "naam": 28, "naai": 14, "num_cuenca": 2291, "muni_id": 24159, "xutm": 263627, "yutm": 4710140, "xutm30": 263627, "yutm30": 4710140, "long": -5.5237, "lat": 42.3024, "longwgs84": -5.5242, "latwgs84": 42.302, "observ1": null, "xetrs89": 263517, "yetrs89": 4709934, "cod_saih": null, "cuenca": "DUERO", "rio": "órbigo", "regimen": "alterado", "sistema": "órbigo", "caudal": 1, "inicio": 1995.0, "fin": 2021.0, "url_link": "https://casadoj.github.io/CAMELS-ES/Duero/Órbigo/plots/2061.html" }, "geometry": { "type": "Point", "coordinates": [ -5.87825922521961, 42.505635833231224 ] } },
{ "type": "Feature", "properties": { "indroea": 2062, "lugar": "TORO-DUERO", "comentario": null, "serv": 1, "suprest": 41808, "suprcnc": 97620, "hoja_id": 370, "alti": 637.0, "altimax": 2315.0, "naa": 30, "naam": 109, "naai": 36, "num_cuenca": 2247, "muni_id": 49219, "xutm": 298767, "yutm": 4598960, "xutm30": 298767, "yutm30": 4598960, "long": -5.2441, "lat": 41.3059, "longwgs84": -5.2446, "latwgs84": 41.3054, "observ1": null, "xetrs89": 298658, "yetrs89": 4598753, "cod_saih": null, "cuenca": "DUERO", "rio": "duero", "regimen": "desconocido", "sistema": "bajo duero", "caudal": 1, "inicio": 1991.0, "fin": 2021.0, "url_link": "https://casadoj.github.io/CAMELS-ES/Duero/Bajo Duero/plots/2062.html" }, "geometry": { "type": "Point", "coordinates": [ -5.412830229026607, 41.51511372158074 ] } },
{ "type": "Feature", "properties": { "indroea": 2063, "lugar": "TOLIBIA DE ABAJO", "comentario": null, "serv": 1, "suprest": 97, "suprcnc": 296, "hoja_id": 104, "alti": 1165.0, "altimax": 2067.0, "naa": 20, "naam": 22, "naai": 9, "num_cuenca": 2266, "muni_id": 24177, "xutm": 304358, "yutm": 4758536, "xutm30": 304358, "yutm30": 4758536, "long": -5.2354, "lat": 42.5713, "longwgs84": -5.2359, "latwgs84": 42.5709, "observ1": null, "xetrs89": 304249, "yetrs89": 4758331, "cod_saih": null, "cuenca": "DUERO", "rio": "curueño", "regimen": "alterado", "sistema": "esla - valderaduey", "caudal": 1, "inicio": 2001.0, "fin": 2021.0, "url_link": "https://casadoj.github.io/CAMELS-ES/Duero/Esla - Valderaduey/plots/2063.html" }, "geometry": { "type": "Point", "coordinates": [ -5.399706576775753, 42.952472065711738 ] } },
{ "type": "Feature", "properties": { "indroea": 2064, "lugar": "VILLAGODIO (PUENTE)", "comentario": "INT 2000                                                              ", "serv": 0, "suprest": 3556, "suprcnc": 3558, "hoja_id": 369, "alti": 630.0, "altimax": 1100.0, "naa": 4, "naam": 33, "naai": 31, "num_cuenca": 2258, "muni_id": 49275, "xutm": 273785, "yutm": 4600870, "xutm30": 273785, "yutm30": 4600870, "long": -5.424, "lat": 41.3136, "longwgs84": -5.4246, "latwgs84": 41.3132, "observ1": null, "xetrs89": 273675, "yetrs89": 4600663, "cod_saih": null, "cuenca": "DUERO", "rio": "valderaduey", "regimen": "desconocido", "sistema": "pisuerga - carrión - arlanza - duero inferior", "caudal": 1, "inicio": 1991.0, "fin": 1995.0, "url_link": "https://casadoj.github.io/CAMELS-ES/Duero/Pisuerga - Carrión - Arlanza - Duero Inferior/plots/2064.html" }, "geometry": { "type": "Point", "coordinates": [ -5.712633518380847, 41.525630710864498 ] } },
{ "type": "Feature", "properties": { "indroea": 2066, "lugar": "CARRASCAL", "comentario": "INT 2009                                                              ", "serv": 0, "suprest": 46700, "suprcnc": 97620, "hoja_id": 397, "alti": 619.0, "altimax": 2315.0, "naa": 11, "naam": 56, "naai": 0, "num_cuenca": 2259, "muni_id": 49275, "xutm": 265130, "yutm": 4596865, "xutm30": 265130, "yutm30": 4596865, "long": -5.4848, "lat": 41.2918, "longwgs84": -5.4853, "latwgs84": 41.2914, "observ1": null, "xetrs89": 265020, "yetrs89": 4596658, "cod_saih": null, "cuenca": "DUERO", "rio": "duero", "regimen": "alterado", "sistema": "pisuerga - carrión - arlanza - duero inferior", "caudal": 1, "inicio": 1997.0, "fin": 2008.0, "url_link": "https://casadoj.github.io/CAMELS-ES/Duero/Pisuerga - Carrión - Arlanza - Duero Inferior/plots/2066.html" }, "geometry": { "type": "Point", "coordinates": [ -5.814688297242661, 41.487106894284786 ] } },
{ "type": "Feature", "properties": { "indroea": 2068, "lugar": "CALDAS DE NOCEDO", "comentario": null, "serv": 1, "suprest": 154, "suprcnc": 296, "hoja_id": 104, "alti": 1094.0, "altimax": 2067.0, "naa": 10, "naam": 66, "naai": 31, "num_cuenca": 2266, "muni_id": 24177, "xutm": 304140, "yutm": 4752480, "xutm30": 304140, "yutm30": 4752480, "long": -5.2356, "lat": 42.5357, "longwgs84": -5.2401, "latwgs84": 42.5353, "observ1": null, "xetrs89": 304031, "yetrs89": 4752275, "cod_saih": null, "cuenca": "DUERO", "rio": "curueño", "regimen": "alterado", "sistema": "esla - valderaduey", "caudal": 1, "inicio": 2011.0, "fin": 2021.0, "url_link": "https://casadoj.github.io/CAMELS-ES/Duero/Esla - Valderaduey/plots/2068.html" }, "geometry": { "type": "Point", "coordinates": [ -5.400259194531596, 42.897928463712759 ] } },
{ "type": "Feature", "properties": { "indroea": 2070, "lugar": "ROBLA, LA", "comentario": "INT 2013                                                              ", "serv": 0, "suprest": 340, "suprcnc": 1174, "hoja_id": 129, "alti": 950.0, "altimax": 2181.0, "naa": 15, "naam": 99, "naai": 20, "num_cuenca": 2275, "muni_id": 24134, "xutm": 284938, "yutm": 4743110, "xutm30": 284938, "yutm30": 4743110, "long": -5.3749, "lat": 42.4834, "longwgs84": -5.3754, "latwgs84": 42.483, "observ1": null, "xetrs89": 284829, "yetrs89": 4742904, "cod_saih": null, "cuenca": "DUERO", "rio": "bernesga", "regimen": "natural", "sistema": "esla - valderaduey", "caudal": 1, "inicio": 1997.0, "fin": 2012.0, "url_link": "https://casadoj.github.io/CAMELS-ES/Duero/Esla - Valderaduey/plots/2070.html" }, "geometry": { "type": "Point", "coordinates": [ -5.631632344738183, 42.808458454774282 ] } },
{ "type": "Feature", "properties": { "indroea": 2073, "lugar": "SAHAGUN", "comentario": null, "serv": 1, "suprest": 725, "suprcnc": 1997, "hoja_id": 196, "alti": 800.0, "altimax": 1763.0, "naa": 30, "naam": 91, "naai": 35, "num_cuenca": 2283, "muni_id": 24139, "xutm": 332304, "yutm": 4693125, "xutm30": 332304, "yutm30": 4693125, "long": -5.0212, "lat": 42.2218, "longwgs84": -5.0217, "latwgs84": 42.2214, "observ1": null, "xetrs89": 332195, "yetrs89": 4692919, "cod_saih": null, "cuenca": "DUERO", "rio": "cea", "regimen": "alterado", "sistema": "esla - valderaduey", "caudal": 1, "inicio": 1991.0, "fin": 2021.0, "url_link": "https://casadoj.github.io/CAMELS-ES/Duero/Esla - Valderaduey/plots/2073.html" }, "geometry": { "type": "Point", "coordinates": [ -5.038022368364407, 42.370441776201581 ] } },
{ "type": "Feature", "properties": { "indroea": 2074, "lugar": "CASTROPEPE", "comentario": null, "serv": 1, "suprest": 6783, "suprcnc": 16081, "hoja_id": 308, "alti": 703.0, "altimax": 2408.0, "naa": 30, "naam": 104, "naai": 43, "num_cuenca": 2284, "muni_id": 49257, "xutm": 281660, "yutm": 4650491, "xutm30": 281660, "yutm30": 4650491, "long": -5.3807, "lat": 41.5832, "longwgs84": -5.3812, "latwgs84": 41.5827, "observ1": null, "xetrs89": 281551, "yetrs89": 4650284, "cod_saih": null, "cuenca": "DUERO", "rio": "esla", "regimen": "alterado", "sistema": "esla - valderaduey", "caudal": 1, "inicio": 1991.0, "fin": 2021.0, "url_link": "https://casadoj.github.io/CAMELS-ES/Duero/Esla - Valderaduey/plots/2074.html" }, "geometry": { "type": "Point", "coordinates": [ -5.636550634902595, 41.974286427233963 ] } },
{ "type": "Feature", "properties": { "indroea": 2075, "lugar": "MAGDALENA, LA", "comentario": null, "serv": 1, "suprest": 527, "suprcnc": 755, "hoja_id": 129, "alti": 995.0, "altimax": 2417.0, "naa": 30, "naam": 79, "naai": 40, "num_cuenca": 2285, "muni_id": 24012, "xutm": 268408, "yutm": 4744840, "xutm30": 268408, "yutm30": 4744840, "long": -5.4958, "lat": 42.4913, "longwgs84": -5.5003, "latwgs84": 42.4909, "observ1": null, "xetrs89": 268299, "yetrs89": 4744634, "cod_saih": null, "cuenca": "DUERO", "rio": "luna", "regimen": "alterado", "sistema": "órbigo", "caudal": 1, "inicio": 1991.0, "fin": 2021.0, "url_link": "https://casadoj.github.io/CAMELS-ES/Duero/Órbigo/plots/2075.html" }, "geometry": { "type": "Point", "coordinates": [ -5.834279571999211, 42.819196240284938 ] } },
{ "type": "Feature", "properties": { "indroea": 2076, "lugar": "LAS OMAÑAS", "comentario": null, "serv": 1, "suprest": 481, "suprcnc": 516, "hoja_id": 128, "alti": 969.0, "altimax": 2112.0, "naa": 7, "naam": 59, "naai": 20, "num_cuenca": 2290, "muni_id": 24104, "xutm": 262404, "yutm": 4732170, "xutm30": 262404, "yutm30": 4732170, "long": -5.5403, "lat": 42.4216, "longwgs84": -5.5408, "latwgs84": 42.4212, "observ1": null, "xetrs89": 262294, "yetrs89": 4731964, "cod_saih": null, "cuenca": "DUERO", "rio": "omaña", "regimen": "natural", "sistema": "órbigo", "caudal": 1, "inicio": 2014.0, "fin": 2021.0, "url_link": "https://casadoj.github.io/CAMELS-ES/Duero/Órbigo/plots/2076.html" }, "geometry": { "type": "Point", "coordinates": [ -5.902316604336659, 42.703402913697055 ] } },
{ "type": "Feature", "properties": { "indroea": 2077, "lugar": "SALIDA EMBALSE DE VILLAMECA", "comentario": null, "serv": 1, "suprest": 53, "suprcnc": 1383, "hoja_id": 160, "alti": 979.0, "altimax": 1623.0, "naa": 30, "naam": 87, "naai": 55, "num_cuenca": 2292, "muni_id": 24123, "xutm": 739991, "yutm": 4725722, "xutm30": 248210, "yutm30": 4726351, "long": -6.0421, "lat": 42.3845, "longwgs84": -6.0426, "latwgs84": 42.3841, "observ1": null, "xetrs89": 248100, "yetrs89": 4726145, "cod_saih": null, "cuenca": "DUERO", "rio": "tuerto", "regimen": "alterado", "sistema": "órbigo", "caudal": 1, "inicio": 1991.0, "fin": 2021.0, "url_link": "https://casadoj.github.io/CAMELS-ES/Duero/Órbigo/plots/2077.html" }, "geometry": { "type": "Point", "coordinates": [ -6.072803133962356, 42.646554792824041 ] } },
{ "type": "Feature", "properties": { "indroea": 2078, "lugar": "CAMPOSOLILLO", "comentario": null, "serv": 1, "suprest": 154, "suprcnc": 1143, "hoja_id": 104, "alti": 1106.0, "altimax": 2157.0, "naa": 30, "naam": 59, "naai": 35, "num_cuenca": 2265, "muni_id": 24121, "xutm": 315865, "yutm": 4762246, "xutm30": 315865, "yutm30": 4762246, "long": -5.1531, "lat": 42.5923, "longwgs84": -5.1536, "latwgs84": 42.5919, "observ1": null, "xetrs89": 315756, "yetrs89": 4762041, "cod_saih": null, "cuenca": "DUERO", "rio": "porma", "regimen": "alterado", "sistema": "esla - valderaduey", "caudal": 1, "inicio": 1991.0, "fin": 2021.0, "url_link": "https://casadoj.github.io/CAMELS-ES/Duero/Esla - Valderaduey/plots/2078.html" }, "geometry": { "type": "Point", "coordinates": [ -5.259975638468261, 42.988724771065584 ] } },
{ "type": "Feature", "properties": { "indroea": 2079, "lugar": "STA. CRISTINA DE LA POLVOROSA", "comentario": null, "serv": 1, "suprest": 4905, "suprcnc": 5039, "hoja_id": 270, "alti": 706.0, "altimax": 2417.0, "naa": 7, "naam": 64, "naai": 8, "num_cuenca": 2309, "muni_id": 49200, "xutm": 275788, "yutm": 4653609, "xutm30": 275788, "yutm30": 4653609, "long": -5.4226, "lat": 42.0007, "longwgs84": -5.4231, "latwgs84": 42.0002, "observ1": null, "xetrs89": 275678, "yetrs89": 4653402, "cod_saih": null, "cuenca": "DUERO", "rio": "órbigo", "regimen": "alterado", "sistema": "órbigo", "caudal": 1, "inicio": 2014.0, "fin": 2021.0, "url_link": "https://casadoj.github.io/CAMELS-ES/Duero/Órbigo/plots/2079.html" }, "geometry": { "type": "Point", "coordinates": [ -5.708548474520835, 42.000688695747819 ] } },
{ "type": "Feature", "properties": { "indroea": 2080, "lugar": "PUEBLA DE SANABRIA", "comentario": null, "serv": 1, "suprest": 298, "suprcnc": 2409, "hoja_id": 267, "alti": 895.0, "altimax": 2124.0, "naa": 7, "naam": 82, "naai": 7, "num_cuenca": 2311, "muni_id": 49166, "xutm": 696097, "yutm": 4658972, "xutm30": 199591, "yutm30": 4662635, "long": -6.3749, "lat": 42.0327, "longwgs84": -6.3754, "latwgs84": 42.0323, "observ1": null, "xetrs89": 199480, "yetrs89": 4662428, "cod_saih": null, "cuenca": "DUERO", "rio": "tera", "regimen": "natural", "sistema": "aliste-tera", "caudal": 1, "inicio": 2014.0, "fin": 2021.0, "url_link": "https://casadoj.github.io/CAMELS-ES/Duero/Aliste-Tera/plots/2080.html" }, "geometry": { "type": "Point", "coordinates": [ -6.631654927118189, 42.056448049696662 ] } },
{ "type": "Feature", "properties": { "indroea": 2081, "lugar": "PUENTE CONGOSTO", "comentario": null, "serv": 1, "suprest": 1620, "suprcnc": 7257, "hoja_id": 528, "alti": 913.0, "altimax": null, "naa": 23, "naam": 25, "naai": 12, "num_cuenca": 2330, "muni_id": 37261, "xutm": 285733, "yutm": 4486903, "xutm30": 285733, "yutm30": 4486903, "long": -5.3143, "lat": 40.3016, "longwgs84": -5.3148, "latwgs84": 40.3012, "observ1": "CURVA DE GASTO 2006-07 PROVISIONAL                                                                  ", "xetrs89": 285624, "yetrs89": 4486696, "cod_saih": null, "cuenca": "DUERO", "rio": "tormes", "regimen": "natural", "sistema": "tormes", "caudal": 1, "inicio": 1998.0, "fin": 2021.0, "url_link": "https://casadoj.github.io/CAMELS-ES/Duero/Tormes/plots/2081.html" }, "geometry": { "type": "Point", "coordinates": [ -5.529985997487489, 40.503298217532581 ] } },
{ "type": "Feature", "properties": { "indroea": 2082, "lugar": "MORALES DEL REY", "comentario": null, "serv": 1, "suprest": 650, "suprcnc": 657, "hoja_id": 270, "alti": 724.0, "altimax": 2188.0, "naa": 27, "naam": 88, "naai": 44, "num_cuenca": 2308, "muni_id": 49128, "xutm": 271646, "yutm": 4660092, "xutm30": 271646, "yutm30": 4660092, "long": -5.4535, "lat": 42.0332, "longwgs84": -5.454, "latwgs84": 42.0328, "observ1": null, "xetrs89": 271536, "yetrs89": 4659885, "cod_saih": null, "cuenca": "DUERO", "rio": "eria", "regimen": "natural", "sistema": "órbigo", "caudal": 1, "inicio": 1994.0, "fin": 2021.0, "url_link": "https://casadoj.github.io/CAMELS-ES/Duero/Órbigo/plots/2082.html" }, "geometry": { "type": "Point", "coordinates": [ -5.761029578695336, 42.05782028806891 ] } },
{ "type": "Feature", "properties": { "indroea": 2084, "lugar": "ENCINAS DE ARRIBA", "comentario": "INT 2007                                                              ", "serv": 0, "suprest": 2565, "suprcnc": 7257, "hoja_id": 503, "alti": 816.0, "altimax": 2592.0, "naa": 15, "naam": 39, "naai": 29, "num_cuenca": 2332, "muni_id": 37122, "xutm": 284538, "yutm": 4516623, "xutm30": 284538, "yutm30": 4516623, "long": -5.331, "lat": 40.4618, "longwgs84": -5.3315, "latwgs84": 40.4614, "observ1": "DATOS MODIFICADOS DE 02/1988 RESPECTO A PUBLICADOS, DESDE ANUARIO 2012-13                           ", "xetrs89": 284429, "yetrs89": 4516416, "cod_saih": null, "cuenca": "DUERO", "rio": "tormes", "regimen": "alterado", "sistema": "tormes - águeda", "caudal": 1, "inicio": 1991.0, "fin": 2006.0, "url_link": "https://casadoj.github.io/CAMELS-ES/Duero/Tormes - Águeda/plots/2084.html" }, "geometry": { "type": "Point", "coordinates": [ -5.554256175598589, 40.77046494232696 ] } },
{ "type": "Feature", "properties": { "indroea": 2085, "lugar": "BARCO DE AVILA", "comentario": null, "serv": 1, "suprest": 900, "suprcnc": 7257, "hoja_id": 553, "alti": 992.0, "altimax": 2592.0, "naa": 10, "naam": 86, "naai": 20, "num_cuenca": 2326, "muni_id": 5021, "xutm": 285492, "yutm": 4471009, "xutm30": 285492, "yutm30": 4471009, "long": -5.3134, "lat": 40.2141, "longwgs84": -5.3139, "latwgs84": 40.2137, "observ1": null, "xetrs89": 285383, "yetrs89": 4470802, "cod_saih": null, "cuenca": "DUERO", "rio": "tormes", "regimen": "natural", "sistema": "tormes", "caudal": 1, "inicio": 2011.0, "fin": 2021.0, "url_link": "https://casadoj.github.io/CAMELS-ES/Duero/Tormes/plots/2085.html" }, "geometry": { "type": "Point", "coordinates": [ -5.527462712294379, 40.360184747982203 ] } },
{ "type": "Feature", "properties": { "indroea": 2087, "lugar": "SALAMANCA", "comentario": null, "serv": 1, "suprest": 4010, "suprcnc": 7257, "hoja_id": 478, "alti": 780.0, "altimax": 2592.0, "naa": 30, "naam": 72, "naai": 29, "num_cuenca": 2340, "muni_id": 37274, "xutm": 277290, "yutm": 4537765, "xutm30": 277290, "yutm30": 4537765, "long": -5.3847, "lat": 40.5736, "longwgs84": -5.3851, "latwgs84": 40.5732, "observ1": null, "xetrs89": 277180, "yetrs89": 4537558, "cod_saih": null, "cuenca": "DUERO", "rio": "tormes", "regimen": "alterado", "sistema": "tormes", "caudal": 1, "inicio": 1991.0, "fin": 2021.0, "url_link": "https://casadoj.github.io/CAMELS-ES/Duero/Tormes/plots/2087.html" }, "geometry": { "type": "Point", "coordinates": [ -5.647633795942523, 40.958786114256448 ] } },
{ "type": "Feature", "properties": { "indroea": 2088, "lugar": "CONTIENSA", "comentario": "INT 2008                                                              ", "serv": 0, "suprest": 4592, "suprcnc": 7257, "hoja_id": 451, "alti": 752.0, "altimax": 2592.0, "naa": 10, "naam": 51, "naai": 0, "num_cuenca": 2340, "muni_id": 37365, "xutm": 253530, "yutm": 4551703, "xutm30": 253530, "yutm30": 4551703, "long": -5.5602, "lat": 41.0443, "longwgs84": -5.5607, "latwgs84": 41.0438, "observ1": "LOS DATOS DE 2007-08 SON PROVISIONALES PENDIENTES DE REVISION                                       ", "xetrs89": 253420, "yetrs89": 4551496, "cod_saih": null, "cuenca": "DUERO", "rio": "tormes", "regimen": "alterado", "sistema": "tormes - águeda", "caudal": 1, "inicio": 1997.0, "fin": 2007.0, "url_link": "https://casadoj.github.io/CAMELS-ES/Duero/Tormes - Águeda/plots/2088.html" }, "geometry": { "type": "Point", "coordinates": [ -5.935189172438517, 41.077352251726005 ] } },
{ "type": "Feature", "properties": { "indroea": 2089, "lugar": "MORLA DE LA VALDERIA", "comentario": null, "serv": 1, "suprest": 280, "suprcnc": 657, "hoja_id": 230, "alti": 965.0, "altimax": 2188.0, "naa": 30, "naam": 80, "naai": 33, "num_cuenca": 2308, "muni_id": 24047, "xutm": 726887, "yutm": 4678357, "xutm30": 231680, "yutm30": 4679817, "long": -6.1504, "lat": 42.1325, "longwgs84": -6.1509, "latwgs84": 42.1321, "observ1": null, "xetrs89": 231570, "yetrs89": 4679610, "cod_saih": null, "cuenca": "DUERO", "rio": "eria", "regimen": "natural", "sistema": "órbigo", "caudal": 1, "inicio": 1991.0, "fin": 2021.0, "url_link": "https://casadoj.github.io/CAMELS-ES/Duero/Órbigo/plots/2089.html" }, "geometry": { "type": "Point", "coordinates": [ -6.252405009173331, 42.222559311855953 ] } },
{ "type": "Feature", "properties": { "indroea": 2091, "lugar": "CASTILLEJO MARTIN VIEJO", "comentario": "INT 2008                                                              ", "serv": 0, "suprest": 1700, "suprcnc": 2409, "hoja_id": 500, "alti": 584.0, "altimax": 1730.0, "naa": 10, "naam": 48, "naai": 4, "num_cuenca": 2372, "muni_id": 37096, "xutm": 697830, "yutm": 4508047, "xutm30": 190868, "yutm30": 4511851, "long": -6.3931, "lat": 40.4156, "longwgs84": -6.3936, "latwgs84": 40.4152, "observ1": null, "xetrs89": 190759, "yetrs89": 4511643, "cod_saih": null, "cuenca": "DUERO", "rio": "águeda", "regimen": "desconocido", "sistema": "tormes - águeda", "caudal": 1, "inicio": 1997.0, "fin": 2007.0, "url_link": "https://casadoj.github.io/CAMELS-ES/Duero/Tormes - Águeda/plots/2091.html" }, "geometry": { "type": "Point", "coordinates": [ -6.659946028048167, 40.697682819918128 ] } },
{ "type": "Feature", "properties": { "indroea": 2092, "lugar": "SALIDA EMBALSE DEL AGUEDA", "comentario": null, "serv": 1, "suprest": 900, "suprcnc": 2409, "hoja_id": 526, "alti": 607.0, "altimax": 1730.0, "naa": 7, "naam": 87, "naai": 7, "num_cuenca": 2370, "muni_id": 37107, "xutm": 713141, "yutm": 4490431, "xutm30": 204951, "yutm30": 4493221, "long": -6.29, "lat": 40.3212, "longwgs84": -6.2905, "latwgs84": 40.3207, "observ1": null, "xetrs89": 204842, "yetrs89": 4493014, "cod_saih": null, "cuenca": "DUERO", "rio": "águeda", "regimen": "alterado", "sistema": "águeda", "caudal": 1, "inicio": 2014.0, "fin": 2021.0, "url_link": "https://casadoj.github.io/CAMELS-ES/Duero/Águeda/plots/2092.html" }, "geometry": { "type": "Point", "coordinates": [ -6.484845511391244, 40.535330328381342 ] } },
{ "type": "Feature", "properties": { "indroea": 2094, "lugar": "PUENTE RESBALA", "comentario": "INT 2006                                                              ", "serv": 0, "suprest": 2348, "suprcnc": 2393, "hoja_id": 475, "alti": 592.0, "altimax": 1240.0, "naa": 8, "naam": 46, "naai": 0, "num_cuenca": 2354, "muni_id": 37101, "xutm": 699780, "yutm": 4541105, "xutm30": 195080, "yutm30": 4544720, "long": -6.373, "lat": 40.5945, "longwgs84": -6.3735, "latwgs84": 40.5941, "observ1": null, "xetrs89": 194970, "yetrs89": 4544512, "cod_saih": null, "cuenca": "DUERO", "rio": "huebra", "regimen": "natural", "sistema": "tormes - águeda", "caudal": 1, "inicio": 1997.0, "fin": 2005.0, "url_link": "https://casadoj.github.io/CAMELS-ES/Duero/Tormes - Águeda/plots/2094.html" }, "geometry": { "type": "Point", "coordinates": [ -6.626297022634968, 40.994759366037378 ] } },
{ "type": "Feature", "properties": { "indroea": 2095, "lugar": "BRETO", "comentario": "INT 2011                                                              ", "serv": 0, "suprest": 14263, "suprcnc": 16081, "hoja_id": 308, "alti": 691.0, "altimax": 2408.0, "naa": 11, "naam": 72, "naai": 0, "num_cuenca": 2318, "muni_id": 49025, "xutm": 270614, "yutm": 4639496, "xutm30": 270614, "yutm30": 4639496, "long": -5.4551, "lat": 41.5224, "longwgs84": -5.4556, "latwgs84": 41.522, "observ1": null, "xetrs89": 270504, "yetrs89": 4639289, "cod_saih": null, "cuenca": "DUERO", "rio": "esla", "regimen": "alterado", "sistema": "esla - valderaduey", "caudal": 1, "inicio": 1997.0, "fin": 2008.0, "url_link": "https://casadoj.github.io/CAMELS-ES/Duero/Esla - Valderaduey/plots/2095.html" }, "geometry": { "type": "Point", "coordinates": [ -5.765456878108503, 41.872234324465992 ] } },
{ "type": "Feature", "properties": { "indroea": 2097, "lugar": "VALLADOLID-PISUERGA", "comentario": null, "serv": 1, "suprest": 15638, "suprcnc": 15828, "hoja_id": 372, "alti": 690.0, "altimax": 2139.0, "naa": 30, "naam": 52, "naai": 31, "num_cuenca": 2210, "muni_id": 47186, "xutm": 355877, "yutm": 4613814, "xutm30": 355877, "yutm30": 4613814, "long": -4.4352, "lat": 41.3944, "longwgs84": -4.4357, "latwgs84": 41.394, "observ1": null, "xetrs89": 355769, "yetrs89": 4613607, "cod_saih": null, "cuenca": "DUERO", "rio": "pisuerga", "regimen": "alterado", "sistema": "pisuerga", "caudal": 1, "inicio": 1991.0, "fin": 2021.0, "url_link": "https://casadoj.github.io/CAMELS-ES/Duero/Pisuerga/plots/2097.html" }, "geometry": { "type": "Point", "coordinates": [ -4.732358651934534, 41.661169485617528 ] } },
{ "type": "Feature", "properties": { "indroea": 2098, "lugar": "VILLAMANIN", "comentario": null, "serv": 1, "suprest": 132, "suprcnc": 1174, "hoja_id": 103, "alti": 1125.0, "altimax": null, "naa": 23, "naam": 25, "naai": 12, "num_cuenca": 2273, "muni_id": 24901, "xutm": 283253, "yutm": 4757225, "xutm30": 283253, "yutm30": 4757225, "long": -5.3923, "lat": 42.561, "longwgs84": -5.3928, "latwgs84": 42.5606, "observ1": null, "xetrs89": 283144, "yetrs89": 4757020, "cod_saih": null, "cuenca": "DUERO", "rio": "bernesga", "regimen": "natural", "sistema": "esla - valderaduey", "caudal": 1, "inicio": 1998.0, "fin": 2021.0, "url_link": "https://casadoj.github.io/CAMELS-ES/Duero/Esla - Valderaduey/plots/2098.html" }, "geometry": { "type": "Point", "coordinates": [ -5.657665687774341, 42.934965167486773 ] } },
{ "type": "Feature", "properties": { "indroea": 2099, "lugar": "MOZAR DE VALVERDE", "comentario": null, "serv": 1, "suprest": 2350, "suprcnc": 2409, "hoja_id": 308, "alti": 695.0, "altimax": 2124.0, "naa": 22, "naam": 23, "naai": 10, "num_cuenca": 2315, "muni_id": 49118, "xutm": 269416, "yutm": 4647296, "xutm30": 269416, "yutm30": 4647296, "long": -5.4653, "lat": 41.5636, "longwgs84": -5.4659, "latwgs84": 41.5631, "observ1": "LOS DATOS DE 2014-15 SON PROVISIONALES PENDIENTES DE REVISION                                       ", "xetrs89": 269306, "yetrs89": 4647089, "cod_saih": null, "cuenca": "DUERO", "rio": "tera", "regimen": "alterado", "sistema": "aliste-tera", "caudal": 1, "inicio": 1999.0, "fin": 2021.0, "url_link": "https://casadoj.github.io/CAMELS-ES/Duero/Aliste-Tera/plots/2099.html" }, "geometry": { "type": "Point", "coordinates": [ -5.782924744316365, 41.942056149511885 ] } },
{ "type": "Feature", "properties": { "indroea": 2101, "lugar": "MOLINOS DE DUERO", "comentario": null, "serv": 1, "suprest": 135, "suprcnc": 97620, "hoja_id": 317, "alti": 1100.0, "altimax": 2315.0, "naa": 30, "naam": 101, "naai": 41, "num_cuenca": 2003, "muni_id": 42117, "xutm": 517868, "yutm": 4637657, "xutm30": 517868, "yutm30": 4637657, "long": -2.4705, "lat": 41.5324, "longwgs84": -2.4709, "latwgs84": 41.532, "observ1": null, "xetrs89": 517760, "yetrs89": 4637449, "cod_saih": null, "cuenca": "DUERO", "rio": "duero", "regimen": "natural", "sistema": "alto duero", "caudal": 1, "inicio": 1991.0, "fin": 2021.0, "url_link": "https://casadoj.github.io/CAMELS-ES/Duero/Alto Duero/plots/2101.html" }, "geometry": { "type": "Point", "coordinates": [ -2.785925337403787, 41.888772178429328 ] } },
{ "type": "Feature", "properties": { "indroea": 2102, "lugar": "SALIDA EMBALSE DE RIAÑO", "comentario": null, "serv": 1, "suprest": 607, "suprcnc": 16081, "hoja_id": 105, "alti": 1004.0, "altimax": 2408.0, "naa": 30, "naam": 58, "naai": 26, "num_cuenca": 2262, "muni_id": 24060, "xutm": 328713, "yutm": 4755770, "xutm30": 328713, "yutm30": 4755770, "long": -5.0557, "lat": 42.5604, "longwgs84": -5.0602, "latwgs84": 42.56, "observ1": null, "xetrs89": 328605, "yetrs89": 4755564, "cod_saih": null, "cuenca": "DUERO", "rio": "esla", "regimen": "alterado", "sistema": "esla - valderaduey", "caudal": 1, "inicio": 1991.0, "fin": 2021.0, "url_link": "https://casadoj.github.io/CAMELS-ES/Duero/Esla - Valderaduey/plots/2102.html" }, "geometry": { "type": "Point", "coordinates": [ -5.100490060599441, 42.933440585115832 ] } },
{ "type": "Feature", "properties": { "indroea": 2103, "lugar": "CISTIERNA", "comentario": null, "serv": 1, "suprest": 716, "suprcnc": 16081, "hoja_id": 131, "alti": 948.0, "altimax": 2408.0, "naa": 30, "naam": 57, "naai": 27, "num_cuenca": 2262, "muni_id": 24137, "xutm": 325950, "yutm": 4744735, "xutm30": 325950, "yutm30": 4744735, "long": -5.0746, "lat": 42.5005, "longwgs84": -5.0751, "latwgs84": 42.5001, "observ1": null, "xetrs89": 325842, "yetrs89": 4744529, "cod_saih": null, "cuenca": "DUERO", "rio": "esla", "regimen": "alterado", "sistema": "esla - valderaduey", "caudal": 1, "inicio": 1991.0, "fin": 2021.0, "url_link": "https://casadoj.github.io/CAMELS-ES/Duero/Esla - Valderaduey/plots/2103.html" }, "geometry": { "type": "Point", "coordinates": [ -5.130906630758508, 42.833510159268378 ] } },
{ "type": "Feature", "properties": { "indroea": 2104, "lugar": "VILLAVERDE DE ARCAYOS", "comentario": null, "serv": 1, "suprest": 355, "suprcnc": 1997, "hoja_id": 163, "alti": 878.0, "altimax": 1763.0, "naa": 30, "naam": 58, "naai": 31, "num_cuenca": 2281, "muni_id": 24004, "xutm": 332900, "yutm": 4720100, "xutm30": 332900, "yutm30": 4720100, "long": -5.0214, "lat": 42.3652, "longwgs84": -5.0219, "latwgs84": 42.3648, "observ1": null, "xetrs89": 332791, "yetrs89": 4719894, "cod_saih": null, "cuenca": "DUERO", "rio": "cea", "regimen": "natural", "sistema": "esla - valderaduey", "caudal": 1, "inicio": 1991.0, "fin": 2021.0, "url_link": "https://casadoj.github.io/CAMELS-ES/Duero/Esla - Valderaduey/plots/2104.html" }, "geometry": { "type": "Point", "coordinates": [ -5.038660943799571, 42.61335066443683 ] } },
{ "type": "Feature", "properties": { "indroea": 2105, "lugar": "SANTERVAS DE CAMPOS", "comentario": null, "serv": 1, "suprest": 283, "suprcnc": 3558, "hoja_id": 234, "alti": 756.0, "altimax": 1100.0, "naa": 21, "naam": 22, "naai": 9, "num_cuenca": 2248, "muni_id": 47153, "xutm": 327060, "yutm": 4676062, "xutm30": 327060, "yutm30": 4676062, "long": -5.0543, "lat": 42.1301, "longwgs84": -5.0548, "latwgs84": 42.1257, "observ1": null, "xetrs89": 326951, "yetrs89": 4675856, "cod_saih": null, "cuenca": "DUERO", "rio": "valderaduey", "regimen": "natural", "sistema": "esla - valderaduey", "caudal": 1, "inicio": 2000.0, "fin": 2021.0, "url_link": "https://casadoj.github.io/CAMELS-ES/Duero/Esla - Valderaduey/plots/2105.html" }, "geometry": { "type": "Point", "coordinates": [ -5.096569089329262, 42.215722654429889 ] } },
{ "type": "Feature", "properties": { "indroea": 2106, "lugar": "SALIDA EMBALSE DE REQUEJADA", "comentario": null, "serv": 1, "suprest": 221, "suprcnc": 15828, "hoja_id": 106, "alti": 1022.0, "altimax": 2139.0, "naa": 7, "naam": 75, "naai": 16, "num_cuenca": 2126, "muni_id": 34056, "xutm": 375597, "yutm": 4750962, "xutm30": 375597, "yutm30": 4750962, "long": -4.3125, "lat": 42.5401, "longwgs84": -4.313, "latwgs84": 42.5357, "observ1": null, "xetrs89": 375489, "yetrs89": 4750756, "cod_saih": null, "cuenca": "DUERO", "rio": "pisuerga", "regimen": "alterado", "sistema": "pisuerga", "caudal": 1, "inicio": 2014.0, "fin": 2021.0, "url_link": "https://casadoj.github.io/CAMELS-ES/Duero/Pisuerga/plots/2106.html" }, "geometry": { "type": "Point", "coordinates": [ -4.525083086454817, 42.899259687590636 ] } },
{ "type": "Feature", "properties": { "indroea": 2107, "lugar": "SALIDA EMBALSE DE CERVERA", "comentario": null, "serv": 1, "suprest": 52, "suprcnc": 90, "hoja_id": 106, "alti": 1027.0, "altimax": 1846.0, "naa": 30, "naam": 90, "naai": 51, "num_cuenca": 2129, "muni_id": 34056, "xutm": 375474, "yutm": 4747265, "xutm30": 375474, "yutm30": 4747265, "long": -4.3128, "lat": 42.5201, "longwgs84": -4.3133, "latwgs84": 42.5157, "observ1": "LOS DATOS DE 2014-15 SON PROVISIONALES PENDIENTES DE REVISION                                       ", "xetrs89": 375366, "yetrs89": 4747059, "cod_saih": null, "cuenca": "DUERO", "rio": "rivera", "regimen": "alterado", "sistema": "pisuerga", "caudal": 1, "inicio": 1991.0, "fin": 2021.0, "url_link": "https://casadoj.github.io/CAMELS-ES/Duero/Pisuerga/plots/2107.html" }, "geometry": { "type": "Point", "coordinates": [ -4.525768635160452, 42.865958938248014 ] } },
{ "type": "Feature", "properties": { "indroea": 2108, "lugar": "SALIDA EMBALSE DE CAMPORREDONDO", "comentario": null, "serv": 1, "suprest": 227, "suprcnc": 3407, "hoja_id": 106, "alti": 1228.0, "altimax": 2497.0, "naa": 30, "naam": 92, "naai": 55, "num_cuenca": 2195, "muni_id": 34199, "xutm": 357670, "yutm": 4750860, "xutm30": 357670, "yutm30": 4750860, "long": -4.4435, "lat": 42.5347, "longwgs84": -4.444, "latwgs84": 42.5343, "observ1": null, "xetrs89": 357562, "yetrs89": 4750654, "cod_saih": null, "cuenca": "DUERO", "rio": "carrión", "regimen": "alterado", "sistema": "carrión", "caudal": 1, "inicio": 1991.0, "fin": 2021.0, "url_link": "https://casadoj.github.io/CAMELS-ES/Duero/Carrión/plots/2108.html" }, "geometry": { "type": "Point", "coordinates": [ -4.744544337626667, 42.895206526151853 ] } },
{ "type": "Feature", "properties": { "indroea": 2109, "lugar": "SALIDA EMBALSE DE ARLANZON", "comentario": null, "serv": 1, "suprest": 107, "suprcnc": 2659, "hoja_id": 239, "alti": 1107.0, "altimax": 2131.0, "naa": 29, "naam": 107, "naai": 43, "num_cuenca": 2170, "muni_id": 9463, "xutm": 472105, "yutm": 4679982, "xutm30": 472105, "yutm30": 4679982, "long": -3.2018, "lat": 42.1615, "longwgs84": -3.2022, "latwgs84": 42.1611, "observ1": null, "xetrs89": 471998, "yetrs89": 4679774, "cod_saih": null, "cuenca": "DUERO", "rio": "arlanzón", "regimen": "alterado", "sistema": "arlanza", "caudal": 1, "inicio": 1992.0, "fin": 2021.0, "url_link": "https://casadoj.github.io/CAMELS-ES/Duero/Arlanza/plots/2109.html" }, "geometry": { "type": "Point", "coordinates": [ -3.339553684932174, 42.269670967126913 ] } },
{ "type": "Feature", "properties": { "indroea": 2111, "lugar": "VILLOMAR", "comentario": null, "serv": 1, "suprest": 1354, "suprcnc": 16081, "hoja_id": 162, "alti": 804.0, "altimax": 2408.0, "naa": 30, "naam": 34, "naai": 20, "num_cuenca": 2262, "muni_id": 24094, "xutm": 305063, "yutm": 4710062, "xutm30": 305063, "yutm30": 4710062, "long": -5.2223, "lat": 42.3103, "longwgs84": -5.2228, "latwgs84": 42.3059, "observ1": null, "xetrs89": 304954, "yetrs89": 4709856, "cod_saih": null, "cuenca": "DUERO", "rio": "esla", "regimen": "alterado", "sistema": "esla - valderaduey", "caudal": 1, "inicio": 1991.0, "fin": 2021.0, "url_link": "https://casadoj.github.io/CAMELS-ES/Duero/Esla - Valderaduey/plots/2111.html" }, "geometry": { "type": "Point", "coordinates": [ -5.374364370304621, 42.516488947121289 ] } },
{ "type": "Feature", "properties": { "indroea": 2112, "lugar": "SECOS DE PORMA", "comentario": null, "serv": 1, "suprest": 947, "suprcnc": 1143, "hoja_id": 162, "alti": 820.0, "altimax": 2157.0, "naa": 30, "naam": 34, "naai": 20, "num_cuenca": 2267, "muni_id": 24201, "xutm": 302805, "yutm": 4719530, "xutm30": 302805, "yutm30": 4719530, "long": -5.2413, "lat": 42.3608, "longwgs84": -5.2418, "latwgs84": 42.3604, "observ1": null, "xetrs89": 302696, "yetrs89": 4719324, "cod_saih": null, "cuenca": "DUERO", "rio": "porma", "regimen": "alterado", "sistema": "esla - valderaduey", "caudal": 1, "inicio": 1991.0, "fin": 2021.0, "url_link": "https://casadoj.github.io/CAMELS-ES/Duero/Esla - Valderaduey/plots/2112.html" }, "geometry": { "type": "Point", "coordinates": [ -5.405099799745077, 42.60110795975109 ] } },
{ "type": "Feature", "properties": { "indroea": 2113, "lugar": "STA. EULALIA DE RIONEGRO", "comentario": null, "serv": 1, "suprest": 391, "suprcnc": 424, "hoja_id": 268, "alti": 820.0, "altimax": 2124.0, "naa": 19, "naam": 21, "naai": 8, "num_cuenca": 2314, "muni_id": 49177, "xutm": 726365, "yutm": 4657628, "xutm30": 229704, "yutm30": 4659170, "long": -6.1555, "lat": 42.0215, "longwgs84": -6.16, "latwgs84": 42.021, "observ1": null, "xetrs89": 229594, "yetrs89": 4658963, "cod_saih": null, "cuenca": "DUERO", "rio": "negro", "regimen": "natural", "sistema": "aliste-tera", "caudal": 1, "inicio": 2002.0, "fin": 2021.0, "url_link": "https://casadoj.github.io/CAMELS-ES/Duero/Aliste-Tera/plots/2113.html" }, "geometry": { "type": "Point", "coordinates": [ -6.266746041967847, 42.036225504839386 ] } },
{ "type": "Feature", "properties": { "indroea": 2114, "lugar": "COCA-VOLTOYA", "comentario": null, "serv": 1, "suprest": 1070, "suprcnc": 1074, "hoja_id": 428, "alti": 751.0, "altimax": 1580.0, "naa": 18, "naam": 20, "naai": 7, "num_cuenca": 2228, "muni_id": 40057, "xutm": 371696, "yutm": 4563454, "xutm30": 371696, "yutm30": 4563454, "long": -4.3149, "lat": 41.1242, "longwgs84": -4.3154, "latwgs84": 41.1238, "observ1": null, "xetrs89": 371587, "yetrs89": 4563247, "cod_saih": null, "cuenca": "DUERO", "rio": "voltoya", "regimen": "desconocido", "sistema": "cega-eresma-adaja", "caudal": 1, "inicio": 2003.0, "fin": 2021.0, "url_link": "https://casadoj.github.io/CAMELS-ES/Duero/Cega-Eresma-Adaja/plots/2114.html" }, "geometry": { "type": "Point", "coordinates": [ -4.531737960357948, 41.210418937026127 ] } },
{ "type": "Feature", "properties": { "indroea": 2115, "lugar": "LEON", "comentario": null, "serv": 1, "suprest": 620, "suprcnc": 1174, "hoja_id": 161, "alti": 823.0, "altimax": 2181.0, "naa": 17, "naam": 19, "naai": 6, "num_cuenca": 2275, "muni_id": 24089, "xutm": 288557, "yutm": 4719123, "xutm30": 288557, "yutm30": 4719123, "long": -5.3437, "lat": 42.3541, "longwgs84": -5.3442, "latwgs84": 42.3537, "observ1": null, "xetrs89": 288448, "yetrs89": 4718917, "cod_saih": null, "cuenca": "DUERO", "rio": "bernesga", "regimen": "natural", "sistema": "esla - valderaduey", "caudal": 1, "inicio": 2004.0, "fin": 2021.0, "url_link": "https://casadoj.github.io/CAMELS-ES/Duero/Esla - Valderaduey/plots/2115.html" }, "geometry": { "type": "Point", "coordinates": [ -5.578463816124548, 42.593670277435599 ] } },
{ "type": "Feature", "properties": { "indroea": 2116, "lugar": "CELADA DEL CAMINO", "comentario": null, "serv": 1, "suprest": 1702, "suprcnc": 2659, "hoja_id": 237, "alti": 805.0, "altimax": 2131.0, "naa": 9, "naam": 45, "naai": 32, "num_cuenca": 2188, "muni_id": 9125, "xutm": 423560, "yutm": 4678740, "xutm30": 423560, "yutm30": 4678740, "long": -3.5536, "lat": 42.1523, "longwgs84": -3.5541, "latwgs84": 42.1519, "observ1": null, "xetrs89": 423452, "yetrs89": 4678533, "cod_saih": null, "cuenca": "DUERO", "rio": "arlanzón", "regimen": "alterado", "sistema": "arlanza", "caudal": 1, "inicio": 2012.0, "fin": 2021.0, "url_link": "https://casadoj.github.io/CAMELS-ES/Duero/Arlanza/plots/2116.html" }, "geometry": { "type": "Point", "coordinates": [ -3.928009918614767, 42.25524238621238 ] } },
{ "type": "Feature", "properties": { "indroea": 2117, "lugar": "VALENCIA DE DON JUAN", "comentario": "INT 2009                                                              ", "serv": 0, "suprest": 4246, "suprcnc": 16081, "hoja_id": 232, "alti": 740.0, "altimax": 2408.0, "naa": 7, "naam": 32, "naai": 13, "num_cuenca": 2280, "muni_id": 24188, "xutm": 291990, "yutm": 4685160, "xutm30": 291990, "yutm30": 4685160, "long": -5.3123, "lat": 42.1725, "longwgs84": -5.3128, "latwgs84": 42.172, "observ1": null, "xetrs89": 291880, "yetrs89": 4684953, "cod_saih": null, "cuenca": "DUERO", "rio": "esla", "regimen": "alterado", "sistema": "esla - valderaduey", "caudal": 1, "inicio": 2001.0, "fin": 2008.0, "url_link": "https://casadoj.github.io/CAMELS-ES/Duero/Esla - Valderaduey/plots/2117.html" }, "geometry": { "type": "Point", "coordinates": [ -5.524368961654918, 42.289023777081297 ] } },
{ "type": "Feature", "properties": { "indroea": 2119, "lugar": "LEON ALIJA DE LA RIBERA", "comentario": null, "serv": 1, "suprest": 1136, "suprcnc": 1174, "hoja_id": 161, "alti": 794.0, "altimax": null, "naa": 5, "naam": 7, "naai": 0, "num_cuenca": 2279, "muni_id": 24227, "xutm": 291746, "yutm": 4711151, "xutm30": 291746, "yutm30": 4711151, "long": -5.3207, "lat": 42.3126, "longwgs84": -5.3212, "latwgs84": 42.3122, "observ1": null, "xetrs89": 291637, "yetrs89": 4710945, "cod_saih": null, "cuenca": "DUERO", "rio": "bernesga", "regimen": "natural", "sistema": "esla - valderaduey", "caudal": 1, "inicio": 2016.0, "fin": 2021.0, "url_link": "https://casadoj.github.io/CAMELS-ES/Duero/Esla - Valderaduey/plots/2119.html" }, "geometry": { "type": "Point", "coordinates": [ -5.536723948857746, 42.52281456928484 ] } },
{ "type": "Feature", "properties": { "indroea": 2121, "lugar": "ZAMORA", "comentario": null, "serv": 1, "suprest": 46137, "suprcnc": 97620, "hoja_id": 369, "alti": 628.0, "altimax": 2315.0, "naa": 17, "naam": 19, "naai": 6, "num_cuenca": 2259, "muni_id": 49275, "xutm": 272919, "yutm": 4599370, "xutm30": 272919, "yutm30": 4599370, "long": -5.4316, "lat": 41.3047, "longwgs84": -5.4321, "latwgs84": 41.3043, "observ1": null, "xetrs89": 272809, "yetrs89": 4599163, "cod_saih": null, "cuenca": "DUERO", "rio": "duero", "regimen": "alterado", "sistema": "bajo duero", "caudal": 1, "inicio": 2004.0, "fin": 2021.0, "url_link": "https://casadoj.github.io/CAMELS-ES/Duero/Bajo Duero/plots/2121.html" }, "geometry": { "type": "Point", "coordinates": [ -5.722435712662645, 41.511889648892883 ] } },
{ "type": "Feature", "properties": { "indroea": 2122, "lugar": "SALIDA EMBALSE DE BARRIOS DE LUNA", "comentario": null, "serv": 1, "suprest": 494, "suprcnc": 755, "hoja_id": 102, "alti": 1026.0, "altimax": 2417.0, "naa": 7, "naam": 65, "naai": 10, "num_cuenca": 2285, "muni_id": 24012, "xutm": 265496, "yutm": 4746837, "xutm30": 265496, "yutm30": 4746838, "long": -5.5209, "lat": 42.5015, "longwgs84": -5.5214, "latwgs84": 42.5011, "observ1": null, "xetrs89": 265387, "yetrs89": 4746632, "cod_saih": null, "cuenca": "DUERO", "rio": "luna", "regimen": "alterado", "sistema": "órbigo", "caudal": 1, "inicio": 2014.0, "fin": 2021.0, "url_link": "https://casadoj.github.io/CAMELS-ES/Duero/Órbigo/plots/2122.html" }, "geometry": { "type": "Point", "coordinates": [ -5.870689340102837, 42.836279474589645 ] } },
{ "type": "Feature", "properties": { "indroea": 2123, "lugar": "BARBADILLO DEL PEZ", "comentario": null, "serv": 1, "suprest": 240, "suprcnc": 301, "hoja_id": 277, "alti": 1038.0, "altimax": null, "naa": 15, "naam": 17, "naai": 4, "num_cuenca": 2164, "muni_id": 9039, "xutm": 481078, "yutm": 4661947, "xutm30": 481078, "yutm30": 4661947, "long": -3.1344, "lat": 42.0631, "longwgs84": -3.1349, "latwgs84": 42.0627, "observ1": null, "xetrs89": 480970, "yetrs89": 4661739, "cod_saih": null, "cuenca": "DUERO", "rio": "pedroso", "regimen": "natural", "sistema": "arlanza", "caudal": 1, "inicio": 2006.0, "fin": 2021.0, "url_link": "https://casadoj.github.io/CAMELS-ES/Duero/Arlanza/plots/2123.html" }, "geometry": { "type": "Point", "coordinates": [ -3.230169805018663, 42.107512890179358 ] } },
{ "type": "Feature", "properties": { "indroea": 2124, "lugar": "MEDINA DE RIOSECO", "comentario": null, "serv": 1, "suprest": 802, "suprcnc": 1486, "hoja_id": 310, "alti": 730.0, "altimax": 900.0, "naa": 30, "naam": 50, "naai": 32, "num_cuenca": 2255, "muni_id": 47086, "xutm": 330969, "yutm": 4639499, "xutm30": 330969, "yutm30": 4639499, "long": -5.0214, "lat": 41.5319, "longwgs84": -5.0219, "latwgs84": 41.5315, "observ1": null, "xetrs89": 330860, "yetrs89": 4639292, "cod_saih": null, "cuenca": "DUERO", "rio": "sequillo", "regimen": "natural", "sistema": "carrión", "caudal": 1, "inicio": 1991.0, "fin": 2021.0, "url_link": "https://casadoj.github.io/CAMELS-ES/Duero/Carrión/plots/2124.html" }, "geometry": { "type": "Point", "coordinates": [ -5.038683577146161, 41.887471460905715 ] } },
{ "type": "Feature", "properties": { "indroea": 2125, "lugar": "SOTOPALACIOS", "comentario": "INT 2013                                                              ", "serv": 0, "suprest": 281, "suprcnc": 350, "hoja_id": 200, "alti": 850.0, "altimax": 1062.0, "naa": 13, "naam": 40, "naai": 31, "num_cuenca": 2179, "muni_id": 9301, "xutm": 443955, "yutm": 4697207, "xutm30": 443955, "yutm30": 4697207, "long": -3.4052, "lat": 42.2528, "longwgs84": -3.4057, "latwgs84": 42.2524, "observ1": null, "xetrs89": 443848, "yetrs89": 4697000, "cod_saih": null, "cuenca": "DUERO", "rio": "ubierna", "regimen": "natural", "sistema": "pisuerga - carrión - arlanza - duero inferior", "caudal": 1, "inicio": 1999.0, "fin": 2012.0, "url_link": "https://casadoj.github.io/CAMELS-ES/Duero/Pisuerga - Carrión - Arlanza - Duero Inferior/plots/2125.html" }, "geometry": { "type": "Point", "coordinates": [ -3.68256063455018, 42.423280936089306 ] } },
{ "type": "Feature", "properties": { "indroea": 2126, "lugar": "VILLARDIGA", "comentario": null, "serv": 1, "suprest": 1462, "suprcnc": 3558, "hoja_id": 341, "alti": 672.0, "altimax": 1100.0, "naa": 24, "naam": 45, "naai": 28, "num_cuenca": 2250, "muni_id": 49035, "xutm": 292444, "yutm": 4627724, "xutm30": 292444, "yutm30": 4627724, "long": -5.295, "lat": 41.4625, "longwgs84": -5.2955, "latwgs84": 41.462, "observ1": null, "xetrs89": 292335, "yetrs89": 4627518, "cod_saih": null, "cuenca": "DUERO", "rio": "valderaduey", "regimen": "natural", "sistema": "esla - valderaduey", "caudal": 1, "inicio": 1997.0, "fin": 2021.0, "url_link": "https://casadoj.github.io/CAMELS-ES/Duero/Esla - Valderaduey/plots/2126.html" }, "geometry": { "type": "Point", "coordinates": [ -5.498521314301503, 41.772346691336743 ] } },
{ "type": "Feature", "properties": { "indroea": 2129, "lugar": "TORO-GUAREÑA", "comentario": null, "serv": 1, "suprest": 1063, "suprcnc": 1063, "hoja_id": 398, "alti": 649.0, "altimax": 918.0, "naa": 11, "naam": 46, "naai": 31, "num_cuenca": 2246, "muni_id": 49219, "xutm": 300800, "yutm": 4595970, "xutm30": 300800, "yutm30": 4595970, "long": -5.231, "lat": 41.2924, "longwgs84": -5.2315, "latwgs84": 41.2919, "observ1": "LOS DATOS DE 2014-15 SON PROVISIONALES PENDIENTES DE REVISION                                       ", "xetrs89": 300691, "yetrs89": 4595763, "cod_saih": null, "cuenca": "DUERO", "rio": "guareña", "regimen": "alterado", "sistema": "bajo duero", "caudal": 1, "inicio": 2010.0, "fin": 2021.0, "url_link": "https://casadoj.github.io/CAMELS-ES/Duero/Bajo Duero/plots/2129.html" }, "geometry": { "type": "Point", "coordinates": [ -5.387498582212372, 41.488713293807642 ] } },
{ "type": "Feature", "properties": { "indroea": 2131, "lugar": "VILLAESCUSA DE LAS TORRES", "comentario": null, "serv": 1, "suprest": 371, "suprcnc": 381, "hoja_id": 133, "alti": 883.0, "altimax": null, "naa": 12, "naam": 14, "naai": 1, "num_cuenca": 2133, "muni_id": 34135, "xutm": 397993, "yutm": 4735473, "xutm30": 397993, "yutm30": 4735473, "long": -4.1453, "lat": 42.4547, "longwgs84": -4.1448, "latwgs84": 42.4551, "observ1": null, "xetrs89": 397885, "yetrs89": 4735266, "cod_saih": null, "cuenca": "DUERO", "rio": "camesa", "regimen": "natural", "sistema": "pisuerga", "caudal": 1, "inicio": 2009.0, "fin": 2021.0, "url_link": "https://casadoj.github.io/CAMELS-ES/Duero/Pisuerga/plots/2131.html" }, "geometry": { "type": "Point", "coordinates": [ -4.248025077175098, 42.763125462074534 ] } },
{ "type": "Feature", "properties": { "indroea": 2132, "lugar": "QUINTANILLA DE ONESIMO", "comentario": null, "serv": 1, "suprest": 12093, "suprcnc": 97620, "hoja_id": 373, "alti": 721.0, "altimax": 2315.0, "naa": 30, "naam": 46, "naai": 32, "num_cuenca": 2111, "muni_id": 47129, "xutm": 386697, "yutm": 4609626, "xutm30": 386697, "yutm30": 4609626, "long": -4.2137, "lat": 41.3747, "longwgs84": -4.2141, "latwgs84": 41.3742, "observ1": null, "xetrs89": 386589, "yetrs89": 4609419, "cod_saih": null, "cuenca": "DUERO", "rio": "duero", "regimen": "alterado", "sistema": "riaza-duratón", "caudal": 1, "inicio": 1991.0, "fin": 2021.0, "url_link": "https://casadoj.github.io/CAMELS-ES/Duero/Riaza-Duratón/plots/2132.html" }, "geometry": { "type": "Point", "coordinates": [ -4.361499680639565, 41.628440942362069 ] } },
{ "type": "Feature", "properties": { "indroea": 2133, "lugar": "HERRERA DE PISUERGA", "comentario": null, "serv": 1, "suprest": 1464, "suprcnc": 15828, "hoja_id": 165, "alti": 826.0, "altimax": 2139.0, "naa": 30, "naam": 34, "naai": 20, "num_cuenca": 2138, "muni_id": 34083, "xutm": 392958, "yutm": 4639499, "xutm30": 392958, "yutm30": 4639499, "long": -4.1725, "lat": 41.5358, "longwgs84": -4.173, "latwgs84": 41.5354, "observ1": null, "xetrs89": 392850, "yetrs89": 4712906, "cod_saih": null, "cuenca": "DUERO", "rio": "pisuerga", "regimen": "alterado", "sistema": "pisuerga", "caudal": 1, "inicio": 1991.0, "fin": 2021.0, "url_link": "https://casadoj.github.io/CAMELS-ES/Duero/Pisuerga/plots/2133.html" }, "geometry": { "type": "Point", "coordinates": [ -4.305327614174126, 42.561125168454964 ] } },
{ "type": "Feature", "properties": { "indroea": 2134, "lugar": "GUARDO", "comentario": null, "serv": 1, "suprest": 413, "suprcnc": 3407, "hoja_id": 132, "alti": 1090.0, "altimax": 2497.0, "naa": 26, "naam": 80, "naai": 45, "num_cuenca": 2197, "muni_id": 34080, "xutm": 348853, "yutm": 4741301, "xutm30": 348853, "yutm30": 4741301, "long": -4.5055, "lat": 42.4831, "longwgs84": -4.506, "latwgs84": 42.4827, "observ1": null, "xetrs89": 348745, "yetrs89": 4741095, "cod_saih": null, "cuenca": "DUERO", "rio": "carrión", "regimen": "alterado", "sistema": "carrión", "caudal": 1, "inicio": 1995.0, "fin": 2021.0, "url_link": "https://casadoj.github.io/CAMELS-ES/Duero/Carrión/plots/2134.html" }, "geometry": { "type": "Point", "coordinates": [ -4.849908907496638, 42.807473489009645 ] } },
{ "type": "Feature", "properties": { "indroea": 2135, "lugar": "EMISARIO DE LA NAVA", "comentario": null, "serv": 1, "suprest": 886, "suprcnc": 946, "hoja_id": 273, "alti": 740.0, "altimax": null, "naa": 12, "naam": 14, "naai": 1, "num_cuenca": 2204, "muni_id": 34079, "xutm": 369357, "yutm": 4654805, "xutm30": 369357, "yutm30": 4654805, "long": -4.3446, "lat": 42.0157, "longwgs84": -4.3442, "latwgs84": 42.0201, "observ1": null, "xetrs89": 369249, "yetrs89": 4654599, "cod_saih": null, "cuenca": "DUERO", "rio": "valdeginate", "regimen": "desconocido", "sistema": "carrión", "caudal": 1, "inicio": 2009.0, "fin": 2021.0, "url_link": "https://casadoj.github.io/CAMELS-ES/Duero/Carrión/plots/2135.html" }, "geometry": { "type": "Point", "coordinates": [ -4.579566960679776, 42.032566837170656 ] } },
{ "type": "Feature", "properties": { "indroea": 2136, "lugar": "VILLALLANO", "comentario": null, "serv": 1, "suprest": 99, "suprcnc": 101, "hoja_id": 133, "alti": 892.0, "altimax": null, "naa": 12, "naam": 14, "naai": 1, "num_cuenca": 2132, "muni_id": 34135, "xutm": 399172, "yutm": 4735776, "xutm30": 399172, "yutm30": 4735776, "long": -4.1401, "lat": 42.4558, "longwgs84": -4.1356, "latwgs84": 42.4602, "observ1": "DATOS MODIFICADOS 2014-15 (ANUARIO 15-16)                                                           ", "xetrs89": 399064, "yetrs89": 4735569, "cod_saih": null, "cuenca": "DUERO", "rio": "lucio", "regimen": "desconocido", "sistema": "pisuerga", "caudal": 1, "inicio": 2009.0, "fin": 2021.0, "url_link": "https://casadoj.github.io/CAMELS-ES/Duero/Pisuerga/plots/2136.html" }, "geometry": { "type": "Point", "coordinates": [ -4.233673033980421, 42.766009590859028 ] } },
{ "type": "Feature", "properties": { "indroea": 2137, "lugar": "CIUDAD RODRIGO", "comentario": null, "serv": 1, "suprest": 1088, "suprcnc": 2409, "hoja_id": 525, "alti": 610.0, "altimax": null, "naa": 13, "naam": 15, "naai": 2, "num_cuenca": 2370, "muni_id": 37107, "xutm": 706269, "yutm": 4497841, "xutm30": 198596, "yutm30": 4501086, "long": -6.3344, "lat": 40.3618, "longwgs84": -6.3349, "latwgs84": 40.3614, "observ1": null, "xetrs89": 198487, "yetrs89": 4500879, "cod_saih": null, "cuenca": "DUERO", "rio": "águeda", "regimen": "desconocido", "sistema": "águeda", "caudal": 1, "inicio": 2008.0, "fin": 2021.0, "url_link": "https://casadoj.github.io/CAMELS-ES/Duero/Águeda/plots/2137.html" }, "geometry": { "type": "Point", "coordinates": [ -6.563494971887347, 40.603762322575342 ] } },
{ "type": "Feature", "properties": { "indroea": 2138, "lugar": "CASTRO DE LA LOMBA", "comentario": null, "serv": 1, "suprest": 276, "suprcnc": 516, "hoja_id": 128, "alti": 1015.0, "altimax": null, "naa": 10, "naam": 14, "naai": 1, "num_cuenca": 2290, "muni_id": 24132, "xutm": 258212, "yutm": 4739517, "xutm30": 258212, "yutm30": 4739517, "long": -5.5719, "lat": 42.4609, "longwgs84": -5.5724, "latwgs84": 42.4605, "observ1": null, "xetrs89": 258102, "yetrs89": 4739311, "cod_saih": null, "cuenca": "DUERO", "rio": "omaña", "regimen": "desconocido", "sistema": "órbigo", "caudal": 1, "inicio": 2011.0, "fin": 2021.0, "url_link": "https://casadoj.github.io/CAMELS-ES/Duero/Órbigo/plots/2138.html" }, "geometry": { "type": "Point", "coordinates": [ -5.956573828257144, 42.768170477174621 ] } },
{ "type": "Feature", "properties": { "indroea": 2139, "lugar": "BURGOS-ARLANZON", "comentario": null, "serv": 1, "suprest": 680, "suprcnc": 2659, "hoja_id": 200, "alti": 852.0, "altimax": null, "naa": 10, "naam": 12, "naai": 0, "num_cuenca": 2178, "muni_id": 9059, "xutm": 439390, "yutm": 4688904, "xutm30": 439390, "yutm30": 4688904, "long": -3.4409, "lat": 42.2057, "longwgs84": -3.4414, "latwgs84": 42.2053, "observ1": null, "xetrs89": 439282, "yetrs89": 4688697, "cod_saih": null, "cuenca": "DUERO", "rio": "arlanzón", "regimen": "natural", "sistema": "arlanza", "caudal": 1, "inicio": 2011.0, "fin": 2021.0, "url_link": "https://casadoj.github.io/CAMELS-ES/Duero/Arlanza/plots/2139.html" }, "geometry": { "type": "Point", "coordinates": [ -3.737183391844112, 42.348165929785864 ] } },
{ "type": "Feature", "properties": { "indroea": 2140, "lugar": "SALIDA EMBALSE DE SANTA TERESA", "comentario": null, "serv": 1, "suprest": 1867, "suprcnc": 7257, "hoja_id": 503, "alti": 827.0, "altimax": null, "naa": 10, "naam": 12, "naai": 0, "num_cuenca": 2330, "muni_id": 37242, "xutm": 281294, "yutm": 4510244, "xutm30": 281294, "yutm30": 4510244, "long": -5.3521, "lat": 40.4248, "longwgs84": -5.3525, "latwgs84": 40.4244, "observ1": null, "xetrs89": 281185, "yetrs89": 4510037, "cod_saih": null, "cuenca": "DUERO", "rio": "tormes", "regimen": "desconocido", "sistema": "tormes", "caudal": 1, "inicio": 2011.0, "fin": 2021.0, "url_link": "https://casadoj.github.io/CAMELS-ES/Duero/Tormes/plots/2140.html" }, "geometry": { "type": "Point", "coordinates": [ -5.59042690634901, 40.712200825009262 ] } },
{ "type": "Feature", "properties": { "indroea": 2141, "lugar": "PINILLA DE LOS MOROS", "comentario": null, "serv": 1, "suprest": 288, "suprcnc": 301, "hoja_id": 277, "alti": 965.0, "altimax": null, "naa": 10, "naam": 12, "naai": 0, "num_cuenca": 2164, "muni_id": 9269, "xutm": 472993, "yutm": 4657254, "xutm30": 472993, "yutm30": 4657254, "long": -3.1935, "lat": 42.0358, "longwgs84": -3.194, "latwgs84": 42.0354, "observ1": null, "xetrs89": 472885, "yetrs89": 4657046, "cod_saih": null, "cuenca": "DUERO", "rio": "pedroso", "regimen": "natural", "sistema": "arlanza", "caudal": 1, "inicio": 2011.0, "fin": 2021.0, "url_link": "https://casadoj.github.io/CAMELS-ES/Duero/Arlanza/plots/2141.html" }, "geometry": { "type": "Point", "coordinates": [ -3.327739771981193, 42.065008119515859 ] } },
{ "type": "Feature", "properties": { "indroea": 2143, "lugar": "CASTROBOL", "comentario": "INT 2013                                                              ", "serv": 0, "suprest": 1546, "suprcnc": 1997, "hoja_id": 271, "alti": 743.0, "altimax": 1763.0, "naa": 21, "naam": 38, "naai": 31, "num_cuenca": 2283, "muni_id": 47084, "xutm": 312563, "yutm": 4671389, "xutm30": 312563, "yutm30": 4671389, "long": -5.1609, "lat": 42.1017, "longwgs84": -5.1614, "latwgs84": 42.1013, "observ1": null, "xetrs89": 312454, "yetrs89": 4671182, "cod_saih": null, "cuenca": "DUERO", "rio": "cea", "regimen": "alterado", "sistema": "esla - valderaduey", "caudal": 1, "inicio": 1991.0, "fin": 2012.0, "url_link": "https://casadoj.github.io/CAMELS-ES/Duero/Esla - Valderaduey/plots/2143.html" }, "geometry": { "type": "Point", "coordinates": [ -5.270571624840265, 42.170316376574526 ] } },
{ "type": "Feature", "properties": { "indroea": 2144, "lugar": "CERNADILLA (EMBALSE)", "comentario": "INT 2009                                                              ", "serv": 0, "suprest": 410, "suprcnc": 2409, "hoja_id": 267, "alti": 895.0, "altimax": 2124.0, "naa": 11, "naam": 35, "naai": 12, "num_cuenca": 2313, "muni_id": 49166, "xutm": 696006, "yutm": 4658773, "xutm30": 199485, "yutm30": 4662442, "long": -6.3753, "lat": 42.0321, "longwgs84": -6.3758, "latwgs84": 42.0317, "observ1": null, "xetrs89": 199374, "yetrs89": 4662235, "cod_saih": null, "cuenca": "DUERO", "rio": "tera", "regimen": "alterado", "sistema": "esla - valderaduey", "caudal": 1, "inicio": 1997.0, "fin": 2008.0, "url_link": "https://casadoj.github.io/CAMELS-ES/Duero/Esla - Valderaduey/plots/2144.html" }, "geometry": { "type": "Point", "coordinates": [ -6.632834402829015, 42.054672764433292 ] } },
{ "type": "Feature", "properties": { "indroea": 2145, "lugar": "MANGANESES DE LA POLVOROSA", "comentario": null, "serv": 1, "suprest": 4959, "suprcnc": 5039, "hoja_id": 270, "alti": 719.0, "altimax": 2417.0, "naa": 10, "naam": 27, "naai": 13, "num_cuenca": 2309, "muni_id": 49238, "xutm": 273274, "yutm": 4657865, "xutm30": 273274, "yutm30": 4657865, "long": -5.4421, "lat": 42.0222, "longwgs84": -5.4426, "latwgs84": 42.0218, "observ1": null, "xetrs89": 273164, "yetrs89": 4657658, "cod_saih": null, "cuenca": "DUERO", "rio": "órbigo", "regimen": "desconocido", "sistema": "órbigo", "caudal": 1, "inicio": 2011.0, "fin": 2021.0, "url_link": "https://casadoj.github.io/CAMELS-ES/Duero/Órbigo/plots/2145.html" }, "geometry": { "type": "Point", "coordinates": [ -5.740514858250025, 42.038257064973017 ] } },
{ "type": "Feature", "properties": { "indroea": 2147, "lugar": "AMBASAGUAS", "comentario": null, "serv": 1, "suprest": 285, "suprcnc": 296, "hoja_id": 130, "alti": 880.0, "altimax": null, "naa": 10, "naam": 12, "naai": 0, "num_cuenca": 2266, "muni_id": 24151, "xutm": 305415, "yutm": 4731449, "xutm30": 305415, "yutm30": 4731449, "long": -5.2234, "lat": 42.4236, "longwgs84": -5.2239, "latwgs84": 42.4232, "observ1": null, "xetrs89": 305306, "yetrs89": 4731243, "cod_saih": null, "cuenca": "DUERO", "rio": "curueño", "regimen": "natural", "sistema": "esla - valderaduey", "caudal": 1, "inicio": 2011.0, "fin": 2021.0, "url_link": "https://casadoj.github.io/CAMELS-ES/Duero/Esla - Valderaduey/plots/2147.html" }, "geometry": { "type": "Point", "coordinates": [ -5.377394997835459, 42.709016970082644 ] } },
{ "type": "Feature", "properties": { "indroea": 2148, "lugar": "VILLAGODIO-2", "comentario": "INT 2012                                                              ", "serv": 0, "suprest": 3546, "suprcnc": 3558, "hoja_id": 369, "alti": 630.0, "altimax": 1100.0, "naa": 10, "naam": 23, "naai": 18, "num_cuenca": 2258, "muni_id": 49275, "xutm": 274981, "yutm": 4602005, "xutm30": 274981, "yutm30": 4602005, "long": -5.415, "lat": 41.3214, "longwgs84": -5.4155, "latwgs84": 41.321, "observ1": null, "xetrs89": 274871, "yetrs89": 4601798, "cod_saih": null, "cuenca": "DUERO", "rio": "valderaduey", "regimen": "natural", "sistema": "pisuerga - carrión - arlanza - duero inferior", "caudal": 1, "inicio": 2001.0, "fin": 2011.0, "url_link": "https://casadoj.github.io/CAMELS-ES/Duero/Pisuerga - Carrión - Arlanza - Duero Inferior/plots/2148.html" }, "geometry": { "type": "Point", "coordinates": [ -5.698738801210956, 41.536179869441298 ] } },
{ "type": "Feature", "properties": { "indroea": 2149, "lugar": "FRESNO-ALHANDIGA", "comentario": "INT 2013                                                              ", "serv": 0, "suprest": 255, "suprcnc": 294, "hoja_id": 503, "alti": 826.0, "altimax": 1012.0, "naa": 21, "naam": 26, "naai": 20, "num_cuenca": 2331, "muni_id": 37134, "xutm": 280010, "yutm": 4509840, "xutm30": 280010, "yutm30": 4509840, "long": -5.3615, "lat": 40.4234, "longwgs84": -5.362, "latwgs84": 40.423, "observ1": null, "xetrs89": 279901, "yetrs89": 4509633, "cod_saih": null, "cuenca": "DUERO", "rio": "alhándiga", "regimen": "natural", "sistema": "tormes - águeda", "caudal": 1, "inicio": 1991.0, "fin": 2012.0, "url_link": "https://casadoj.github.io/CAMELS-ES/Duero/Tormes - Águeda/plots/2149.html" }, "geometry": { "type": "Point", "coordinates": [ -5.60547072751779, 40.708223090383939 ] } },
{ "type": "Feature", "properties": { "indroea": 2150, "lugar": "PARDAVE", "comentario": null, "serv": 1, "suprest": 222, "suprcnc": 482, "hoja_id": 103, "alti": 986.0, "altimax": 2043.0, "naa": 20, "naam": 22, "naai": 9, "num_cuenca": 2276, "muni_id": 24098, "xutm": 295102, "yutm": 4744477, "xutm30": 295102, "yutm30": 4744477, "long": -5.3024, "lat": 42.4929, "longwgs84": -5.3028, "latwgs84": 42.4925, "observ1": null, "xetrs89": 294993, "yetrs89": 4744271, "cod_saih": null, "cuenca": "DUERO", "rio": "torío", "regimen": "natural", "sistema": "esla - valderaduey", "caudal": 1, "inicio": 2001.0, "fin": 2021.0, "url_link": "https://casadoj.github.io/CAMELS-ES/Duero/Esla - Valderaduey/plots/2150.html" }, "geometry": { "type": "Point", "coordinates": [ -5.507938630594677, 42.823545603845666 ] } },
{ "type": "Feature", "properties": { "indroea": 2151, "lugar": "CREMENES", "comentario": null, "serv": 1, "suprest": 48, "suprcnc": 48, "hoja_id": 105, "alti": 994.0, "altimax": null, "naa": 9, "naam": 11, "naai": 0, "num_cuenca": 2968, "muni_id": 24060, "xutm": 327544, "yutm": 4755363, "xutm30": 327544, "yutm30": 4755363, "long": -5.0648, "lat": 42.555, "longwgs84": -5.0653, "latwgs84": 42.5546, "observ1": null, "xetrs89": 327436, "yetrs89": 4755157, "cod_saih": null, "cuenca": "DUERO", "rio": "dueñas", "regimen": "desconocido", "sistema": "esla - valderaduey", "caudal": 1, "inicio": 2012.0, "fin": 2021.0, "url_link": "https://casadoj.github.io/CAMELS-ES/Duero/Esla - Valderaduey/plots/2151.html" }, "geometry": { "type": "Point", "coordinates": [ -5.114681589993846, 42.929514260210404 ] } },
{ "type": "Feature", "properties": { "indroea": 2152, "lugar": "ROBLA, LA (C. TERMICA)", "comentario": "INT 1996                                                              ", "serv": 0, "suprest": 343, "suprcnc": 1174, "hoja_id": 129, "alti": 940.0, "altimax": 2181.0, "naa": 4, "naam": 8, "naai": 7, "num_cuenca": 2275, "muni_id": 24134, "xutm": 284770, "yutm": 4742805, "xutm30": 284770, "yutm30": 4742805, "long": -5.3756, "lat": 42.4824, "longwgs84": -5.3801, "latwgs84": 42.482, "observ1": null, "xetrs89": 284661, "yetrs89": 4742599, "cod_saih": null, "cuenca": "DUERO", "rio": "bernesga", "regimen": "desconocido", "sistema": "esla - valderaduey", "caudal": 1, "inicio": 1991.0, "fin": 1995.0, "url_link": "https://casadoj.github.io/CAMELS-ES/Duero/Esla - Valderaduey/plots/2152.html" }, "geometry": { "type": "Point", "coordinates": [ -5.633568463572261, 42.805667493011534 ] } },
{ "type": "Feature", "properties": { "indroea": 2153, "lugar": "FUENTONA, LA", "comentario": null, "serv": 1, "suprest": 32, "suprcnc": 79, "hoja_id": 348, "alti": 1022.0, "altimax": null, "naa": 7, "naam": 9, "naai": 0, "num_cuenca": 2055, "muni_id": 42045, "xutm": 511951, "yutm": 4620065, "xutm30": 511951, "yutm30": 4620065, "long": -2.5123, "lat": 41.4354, "longwgs84": -2.5127, "latwgs84": 41.435, "observ1": null, "xetrs89": 511842, "yetrs89": 4619857, "cod_saih": null, "cuenca": "DUERO", "rio": "abión", "regimen": "desconocido", "sistema": "alto duero", "caudal": 1, "inicio": 2014.0, "fin": 2021.0, "url_link": "https://casadoj.github.io/CAMELS-ES/Duero/Alto Duero/plots/2153.html" }, "geometry": { "type": "Point", "coordinates": [ -2.857610498388433, 41.730432918825727 ] } },
{ "type": "Feature", "properties": { "indroea": 2154, "lugar": "UCERO", "comentario": null, "serv": 1, "suprest": 366, "suprcnc": 1035, "hoja_id": 348, "alti": 959.0, "altimax": null, "naa": 7, "naam": 9, "naai": 0, "num_cuenca": 2054, "muni_id": 42189, "xutm": 495918, "yutm": 4618563, "xutm30": 495918, "yutm30": 4618563, "long": -3.0257, "lat": 41.4305, "longwgs84": -3.0301, "latwgs84": 41.4301, "observ1": null, "xetrs89": 495809, "yetrs89": 4618354, "cod_saih": null, "cuenca": "DUERO", "rio": "ucero", "regimen": "desconocido", "sistema": "alto duero", "caudal": 1, "inicio": 2014.0, "fin": 2021.0, "url_link": "https://casadoj.github.io/CAMELS-ES/Duero/Alto Duero/plots/2154.html" }, "geometry": { "type": "Point", "coordinates": [ -3.050382530852844, 41.716972419107769 ] } },
{ "type": "Feature", "properties": { "indroea": 2155, "lugar": "VEGALATRAVE", "comentario": null, "serv": 1, "suprest": 494, "suprcnc": 656, "hoja_id": 339, "alti": 695.0, "altimax": null, "naa": 6, "naam": 8, "naai": 0, "num_cuenca": 2321, "muni_id": 49233, "xutm": 739801, "yutm": 4620731, "xutm30": 240530, "yutm30": 4621417, "long": -6.0705, "lat": 41.4205, "longwgs84": -6.071, "latwgs84": 41.4201, "observ1": "DATOS MODIFICADOS 2014-15 (ANUARIO 15-16)                                                           ", "xetrs89": 240420, "yetrs89": 4621210, "cod_saih": null, "cuenca": "DUERO", "rio": "aliste", "regimen": "natural", "sistema": "aliste-tera", "caudal": 1, "inicio": 2015.0, "fin": 2021.0, "url_link": "https://casadoj.github.io/CAMELS-ES/Duero/Aliste-Tera/plots/2155.html" }, "geometry": { "type": "Point", "coordinates": [ -6.119583483380878, 41.700343033276432 ] } },
{ "type": "Feature", "properties": { "indroea": 2156, "lugar": "SAN FELIX DE LA VEGA", "comentario": null, "serv": 1, "suprest": 781, "suprcnc": 1383, "hoja_id": 193, "alti": 804.0, "altimax": null, "naa": 10, "naam": 12, "naai": 0, "num_cuenca": 2300, "muni_id": 24131, "xutm": 257126, "yutm": 4698618, "xutm30": 257126, "yutm30": 4698618, "long": -5.5705, "lat": 42.2404, "longwgs84": -5.5709, "latwgs84": 42.24, "observ1": null, "xetrs89": 257016, "yetrs89": 4698412, "cod_saih": null, "cuenca": "DUERO", "rio": "tuerto", "regimen": "desconocido", "sistema": "órbigo", "caudal": 1, "inicio": 2011.0, "fin": 2021.0, "url_link": "https://casadoj.github.io/CAMELS-ES/Duero/Órbigo/plots/2156.html" }, "geometry": { "type": "Point", "coordinates": [ -5.952407106684423, 42.399993863339219 ] } },
{ "type": "Feature", "properties": { "indroea": 2158, "lugar": "AREVALO", "comentario": null, "serv": 1, "suprest": 1246, "suprcnc": 5275, "hoja_id": 455, "alti": 808.0, "altimax": null, "naa": 6, "naam": 8, "naai": 0, "num_cuenca": 2214, "muni_id": 5016, "xutm": 356824, "yutm": 4543947, "xutm30": 356824, "yutm30": 4543947, "long": -4.4211, "lat": 41.02, "longwgs84": -4.4216, "latwgs84": 41.0156, "observ1": null, "xetrs89": 356715, "yetrs89": 4543740, "cod_saih": null, "cuenca": "DUERO", "rio": "adaja", "regimen": "alterado", "sistema": "cega-eresma-adaja", "caudal": 1, "inicio": 2015.0, "fin": 2021.0, "url_link": "https://casadoj.github.io/CAMELS-ES/Duero/Cega-Eresma-Adaja/plots/2158.html" }, "geometry": { "type": "Point", "coordinates": [ -4.704511208711174, 41.032281298489529 ] } },
{ "type": "Feature", "properties": { "indroea": 2159, "lugar": "QUINTANADUEÑAS", "comentario": null, "serv": 1, "suprest": 328, "suprcnc": 350, "hoja_id": 200, "alti": 839.0, "altimax": null, "naa": 6, "naam": 8, "naai": 0, "num_cuenca": 2179, "muni_id": 9907, "xutm": 440144, "yutm": 4693331, "xutm30": 440144, "yutm30": 4693331, "long": -3.4338, "lat": 42.2321, "longwgs84": -3.4343, "latwgs84": 42.2317, "observ1": null, "xetrs89": 440036, "yetrs89": 4693124, "cod_saih": null, "cuenca": "DUERO", "rio": "ubierna", "regimen": "natural", "sistema": "arlanza", "caudal": 1, "inicio": 2015.0, "fin": 2021.0, "url_link": "https://casadoj.github.io/CAMELS-ES/Duero/Arlanza/plots/2159.html" }, "geometry": { "type": "Point", "coordinates": [ -3.728490243526275, 42.388091141274991 ] } },
{ "type": "Feature", "properties": { "indroea": 2160, "lugar": "CASTRELO DO VAL", "comentario": null, "serv": 1, "suprest": 196, "suprcnc": 272, "hoja_id": 303, "alti": 411.0, "altimax": null, "naa": 5, "naam": 7, "naai": 0, "num_cuenca": 2386, "muni_id": 32021, "xutm": 629142, "yutm": 4650603, "xutm30": 132146, "yutm30": 4658964, "long": -7.2627, "lat": 41.5946, "longwgs84": -7.2632, "latwgs84": 41.5942, "observ1": null, "xetrs89": 132035, "yetrs89": 4658757, "cod_saih": null, "cuenca": "DUERO", "rio": "támega", "regimen": "natural", "sistema": "támega - manzanas", "caudal": 1, "inicio": 2016.0, "fin": 2021.0, "url_link": "https://casadoj.github.io/CAMELS-ES/Duero/Támega - Manzanas/plots/2160.html" }, "geometry": { "type": "Point", "coordinates": [ -7.44224562146088, 41.994837167729507 ] } },
{ "type": "Feature", "properties": { "indroea": 2161, "lugar": "SALIDA EMBALSE DE LAS VENCIAS", "comentario": null, "serv": 1, "suprest": 1125, "suprcnc": 1450, "hoja_id": 402, "alti": 809.0, "altimax": 2262.0, "naa": 28, "naam": 35, "naai": 21, "num_cuenca": 2110, "muni_id": 40092, "xutm": 419272, "yutm": 4587598, "xutm30": 419272, "yutm30": 4587598, "long": -3.5758, "lat": 41.2607, "longwgs84": -3.5803, "latwgs84": 41.2602, "observ1": null, "xetrs89": 419163, "yetrs89": 4587391, "cod_saih": null, "cuenca": "DUERO", "rio": "duratón", "regimen": "alterado", "sistema": "riaza-duratón", "caudal": 1, "inicio": 1993.0, "fin": 2021.0, "url_link": "https://casadoj.github.io/CAMELS-ES/Duero/Riaza-Duratón/plots/2161.html" }, "geometry": { "type": "Point", "coordinates": [ -3.967552416413993, 41.434020693410496 ] } },
{ "type": "Feature", "properties": { "indroea": 2162, "lugar": "TARDAJOS DE DUERO", "comentario": null, "serv": 1, "suprest": 1717, "suprcnc": 97620, "hoja_id": 350, "alti": 977.0, "altimax": 2315.0, "naa": 24, "naam": 28, "naai": 14, "num_cuenca": 2023, "muni_id": 42149, "xutm": 550619, "yutm": 4612776, "xutm30": 550619, "yutm30": 4612776, "long": -2.2331, "lat": 41.3952, "longwgs84": -2.2336, "latwgs84": 41.3948, "observ1": null, "xetrs89": 550511, "yetrs89": 4612568, "cod_saih": null, "cuenca": "DUERO", "rio": "duero", "regimen": "alterado", "sistema": "alto duero", "caudal": 1, "inicio": 1997.0, "fin": 2021.0, "url_link": "https://casadoj.github.io/CAMELS-ES/Duero/Alto Duero/plots/2162.html" }, "geometry": { "type": "Point", "coordinates": [ -2.39328306364655, 41.663266753763928 ] } },
{ "type": "Feature", "properties": { "indroea": 2163, "lugar": "ALMAZAN", "comentario": null, "serv": 1, "suprest": 2959, "suprcnc": 97620, "hoja_id": 407, "alti": 935.0, "altimax": null, "naa": 23, "naam": 25, "naai": 12, "num_cuenca": 2029, "muni_id": 42020, "xutm": 540984, "yutm": 4594543, "xutm30": 540984, "yutm30": 4594543, "long": -2.3032, "lat": 41.3003, "longwgs84": -2.3037, "latwgs84": 41.2959, "observ1": null, "xetrs89": 540875, "yetrs89": 4594335, "cod_saih": null, "cuenca": "DUERO", "rio": "duero", "regimen": "alterado", "sistema": "alto duero", "caudal": 1, "inicio": 1998.0, "fin": 2021.0, "url_link": "https://casadoj.github.io/CAMELS-ES/Duero/Alto Duero/plots/2163.html" }, "geometry": { "type": "Point", "coordinates": [ -2.510264475282717, 41.499594885010175 ] } },
{ "type": "Feature", "properties": { "indroea": 2500, "lugar": "SALIDA EMB CASTRO DE LAS COGOTAS", "comentario": null, "serv": 1, "suprest": 856, "suprcnc": 5275, "hoja_id": 506, "alti": 1000.0, "altimax": null, "naa": 6, "naam": 8, "naai": 0, "num_cuenca": 2214, "muni_id": 5049, "xutm": 357008, "yutm": 4509978, "xutm30": 357008, "yutm30": 4509978, "long": -4.4135, "lat": 40.4339, "longwgs84": -4.414, "latwgs84": 40.4335, "observ1": null, "xetrs89": 356899, "yetrs89": 4509771, "cod_saih": null, "cuenca": "DUERO", "rio": "adaja", "regimen": "alterado", "sistema": "cega-eresma-adaja", "caudal": 1, "inicio": 2015.0, "fin": 2021.0, "url_link": "https://casadoj.github.io/CAMELS-ES/Duero/Cega-Eresma-Adaja/plots/2500.html" }, "geometry": { "type": "Point", "coordinates": [ -4.694502746725786, 40.726441076458556 ] } },
{ "type": "Feature", "properties": { "indroea": 2501, "lugar": "ZAMARRA", "comentario": null, "serv": 1, "suprest": 166, "suprcnc": 178, "hoja_id": 526, "alti": 670.0, "altimax": null, "naa": 7, "naam": 9, "naai": 0, "num_cuenca": 2369, "muni_id": 37378, "xutm": 716280, "yutm": 4485642, "xutm30": 207759, "yutm30": 4488227, "long": -6.2653, "lat": 40.2933, "longwgs84": -6.2658, "latwgs84": 40.2929, "observ1": null, "xetrs89": 207650, "yetrs89": 4488020, "cod_saih": null, "cuenca": "DUERO", "rio": "agadón", "regimen": "desconocido", "sistema": "águeda", "caudal": 1, "inicio": 2014.0, "fin": 2021.0, "url_link": "https://casadoj.github.io/CAMELS-ES/Duero/Águeda/plots/2501.html" }, "geometry": { "type": "Point", "coordinates": [ -6.449444736658255, 40.491415766156223 ] } },
{ "type": "Feature", "properties": { "indroea": 2502, "lugar": "ROBLEDA", "comentario": null, "serv": 1, "suprest": 263, "suprcnc": 2409, "hoja_id": 550, "alti": 780.0, "altimax": null, "naa": 6, "naam": 8, "naai": 0, "num_cuenca": 2362, "muni_id": 37269, "xutm": 697461, "yutm": 4470876, "xutm30": 187969, "yutm30": 4474765, "long": -6.4028, "lat": 40.2152, "longwgs84": -6.4033, "latwgs84": 40.2148, "observ1": "LOS DATOS DE 2014-15 SON PROVISIONALES PENDIENTES DE REVISION                                       ", "xetrs89": 187860, "yetrs89": 4474558, "cod_saih": null, "cuenca": "DUERO", "rio": "águeda", "regimen": "natural", "sistema": "águeda", "caudal": 1, "inicio": 2015.0, "fin": 2021.0, "url_link": "https://casadoj.github.io/CAMELS-ES/Duero/Águeda/plots/2502.html" }, "geometry": { "type": "Point", "coordinates": [ -6.675900824839355, 40.363185136927903 ] } },
{ "type": "Feature", "properties": { "indroea": 2503, "lugar": "SALIDA EMBALSE DE IRUEÑA", "comentario": null, "serv": 1, "suprest": 468, "suprcnc": 2409, "hoja_id": 550, "alti": 710.0, "altimax": null, "naa": 7, "naam": 9, "naai": 0, "num_cuenca": 2364, "muni_id": 37303, "xutm": 705833, "yutm": 4480172, "xutm30": 196959, "yutm30": 4483477, "long": -6.3423, "lat": 40.2646, "longwgs84": -6.3428, "latwgs84": 40.2641, "observ1": null, "xetrs89": 196850, "yetrs89": 4483270, "cod_saih": null, "cuenca": "DUERO", "rio": "águeda", "regimen": "desconocido", "sistema": "águeda", "caudal": 1, "inicio": 2014.0, "fin": 2021.0, "url_link": "https://casadoj.github.io/CAMELS-ES/Duero/Águeda/plots/2503.html" }, "geometry": { "type": "Point", "coordinates": [ -6.574374957941813, 40.444834959751148 ] } },
{ "type": "Feature", "properties": { "indroea": 2505, "lugar": "SAELICES EL CHICO", "comentario": null, "serv": 1, "suprest": 1609, "suprcnc": 2409, "hoja_id": 525, "alti": 590.0, "altimax": null, "naa": 7, "naam": 9, "naai": 0, "num_cuenca": 2372, "muni_id": 37272, "xutm": 697859, "yutm": 4502733, "xutm30": 190534, "yutm30": 4506544, "long": -6.3936, "lat": 40.3904, "longwgs84": -6.3941, "latwgs84": 40.386, "observ1": null, "xetrs89": 190425, "yetrs89": 4506336, "cod_saih": null, "cuenca": "DUERO", "rio": "águeda", "regimen": "desconocido", "sistema": "águeda", "caudal": 1, "inicio": 2014.0, "fin": 2021.0, "url_link": "https://casadoj.github.io/CAMELS-ES/Duero/Águeda/plots/2505.html" }, "geometry": { "type": "Point", "coordinates": [ -6.661276939834902, 40.649845935663265 ] } },
{ "type": "Feature", "properties": { "indroea": 2508, "lugar": "PINEDA DE LA SIERRA", "comentario": null, "serv": 1, "suprest": 59, "suprcnc": 2659, "hoja_id": 239, "alti": 1160.0, "altimax": null, "naa": 7, "naam": 9, "naai": 0, "num_cuenca": 2170, "muni_id": 9266, "xutm": 474963, "yutm": 4675062, "xutm30": 474963, "yutm30": 4675062, "long": -3.1812, "lat": 42.1336, "longwgs84": -3.1817, "latwgs84": 42.1332, "observ1": null, "xetrs89": 474856, "yetrs89": 4674854, "cod_saih": null, "cuenca": "DUERO", "rio": "arlanzón", "regimen": "desconocido", "sistema": "arlanza", "caudal": 1, "inicio": 2014.0, "fin": 2021.0, "url_link": "https://casadoj.github.io/CAMELS-ES/Duero/Arlanza/plots/2508.html" }, "geometry": { "type": "Point", "coordinates": [ -3.304684630188147, 42.225458076200539 ] } },
{ "type": "Feature", "properties": { "indroea": 2510, "lugar": "CASCANTES", "comentario": null, "serv": 1, "suprest": 406, "suprcnc": 1174, "hoja_id": 129, "alti": 920.0, "altimax": null, "naa": 7, "naam": 9, "naai": 0, "num_cuenca": 2275, "muni_id": 24061, "xutm": 284400, "yutm": 4737700, "xutm30": 284400, "yutm30": 4737700, "long": -5.3805, "lat": 42.4539, "longwgs84": -5.381, "latwgs84": 42.4535, "observ1": null, "xetrs89": 284291, "yetrs89": 4737494, "cod_saih": null, "cuenca": "DUERO", "rio": "bernesga", "regimen": "desconocido", "sistema": "esla - valderaduey", "caudal": 1, "inicio": 2014.0, "fin": 2021.0, "url_link": "https://casadoj.github.io/CAMELS-ES/Duero/Esla - Valderaduey/plots/2510.html" }, "geometry": { "type": "Point", "coordinates": [ -5.636138404537285, 42.759639411822377 ] } },
{ "type": "Feature", "properties": { "indroea": 2511, "lugar": "CARDAÑO DE ARRIBA", "comentario": null, "serv": 1, "suprest": 45, "suprcnc": 64, "hoja_id": 106, "alti": 1300.0, "altimax": null, "naa": 7, "naam": 9, "naai": 0, "num_cuenca": 2195, "muni_id": 34199, "xutm": 356476, "yutm": 4755243, "xutm30": 356476, "yutm30": 4755243, "long": -4.4532, "lat": 42.5608, "longwgs84": -4.4537, "latwgs84": 42.5604, "observ1": null, "xetrs89": 356368, "yetrs89": 4755037, "cod_saih": null, "cuenca": "DUERO", "rio": "cardaño", "regimen": "desconocido", "sistema": "carrión", "caudal": 1, "inicio": 2014.0, "fin": 2021.0, "url_link": "https://casadoj.github.io/CAMELS-ES/Duero/Carrión/plots/2511.html" }, "geometry": { "type": "Point", "coordinates": [ -4.760284266205675, 42.93443404181015 ] } },
{ "type": "Feature", "properties": { "indroea": 2512, "lugar": "TRIOLLO", "comentario": null, "serv": 1, "suprest": 118, "suprcnc": 3407, "hoja_id": 106, "alti": 1295.0, "altimax": null, "naa": 7, "naam": 9, "naai": 0, "num_cuenca": 2195, "muni_id": 34185, "xutm": 363416, "yutm": 4754527, "xutm30": 363416, "yutm30": 4754527, "long": -4.4025, "lat": 42.5549, "longwgs84": -4.403, "latwgs84": 42.5545, "observ1": null, "xetrs89": 363308, "yetrs89": 4754321, "cod_saih": null, "cuenca": "DUERO", "rio": "carrión", "regimen": "desconocido", "sistema": "carrión", "caudal": 1, "inicio": 2014.0, "fin": 2021.0, "url_link": "https://casadoj.github.io/CAMELS-ES/Duero/Carrión/plots/2512.html" }, "geometry": { "type": "Point", "coordinates": [ -4.67509269529081, 42.929265187476503 ] } },
{ "type": "Feature", "properties": { "indroea": 2514, "lugar": "SALIDA DEL EMBALSE DE CASARES", "comentario": null, "serv": 1, "suprest": 26, "suprcnc": 98, "hoja_id": 103, "alti": 1250.0, "altimax": null, "naa": 6, "naam": 8, "naai": 0, "num_cuenca": 2274, "muni_id": 24901, "xutm": 274750, "yutm": 4756250, "xutm30": 274750, "yutm30": 4756250, "long": -5.4536, "lat": 42.5529, "longwgs84": -5.4541, "latwgs84": 42.5525, "observ1": null, "xetrs89": 274641, "yetrs89": 4756045, "cod_saih": null, "cuenca": "DUERO", "rio": "casares", "regimen": "alterado", "sistema": "esla - valderaduey", "caudal": 1, "inicio": 2015.0, "fin": 2021.0, "url_link": "https://casadoj.github.io/CAMELS-ES/Duero/Esla - Valderaduey/plots/2514.html" }, "geometry": { "type": "Point", "coordinates": [ -5.761365555523539, 42.923729560007537 ] } },
{ "type": "Feature", "properties": { "indroea": 2516, "lugar": "VALDERAS", "comentario": null, "serv": 1, "suprest": 1819, "suprcnc": 2015, "hoja_id": 271, "alti": 718.0, "altimax": null, "naa": 7, "naam": 9, "naai": 0, "num_cuenca": 2283, "muni_id": 24181, "xutm": 296447, "yutm": 4661975, "xutm30": 296447, "yutm30": 4661975, "long": -5.2739, "lat": 42.0458, "longwgs84": -5.2744, "latwgs84": 42.0454, "observ1": null, "xetrs89": 296338, "yetrs89": 4661768, "cod_saih": null, "cuenca": "DUERO", "rio": "cea", "regimen": "desconocido", "sistema": "esla - valderaduey", "caudal": 1, "inicio": 2014.0, "fin": 2021.0, "url_link": "https://casadoj.github.io/CAMELS-ES/Duero/Esla - Valderaduey/plots/2516.html" }, "geometry": { "type": "Point", "coordinates": [ -5.462231846375138, 42.081581959289231 ] } },
{ "type": "Feature", "properties": { "indroea": 2517, "lugar": "AGUILAFUENTE", "comentario": null, "serv": 1, "suprest": 576, "suprcnc": 2525, "hoja_id": 430, "alti": 820.0, "altimax": null, "naa": 7, "naam": 9, "naai": 0, "num_cuenca": 2112, "muni_id": 40004, "xutm": 408536, "yutm": 4569931, "xutm30": 408536, "yutm30": 4569931, "long": -4.0531, "lat": 41.163, "longwgs84": -4.0536, "latwgs84": 41.1626, "observ1": null, "xetrs89": 408427, "yetrs89": 4569724, "cod_saih": null, "cuenca": "DUERO", "rio": "cega", "regimen": "desconocido", "sistema": "cega-eresma-adaja", "caudal": 1, "inicio": 2014.0, "fin": 2021.0, "url_link": "https://casadoj.github.io/CAMELS-ES/Duero/Cega-Eresma-Adaja/plots/2517.html" }, "geometry": { "type": "Point", "coordinates": [ -4.093366362356385, 41.273758670773525 ] } },
{ "type": "Feature", "properties": { "indroea": 2518, "lugar": "MEGECES", "comentario": null, "serv": 1, "suprest": 2250, "suprcnc": 2525, "hoja_id": 400, "alti": 720.0, "altimax": null, "naa": 7, "naam": 9, "naai": 0, "num_cuenca": 2116, "muni_id": 47087, "xutm": 368771, "yutm": 4586345, "xutm30": 368771, "yutm30": 4586345, "long": -4.3413, "lat": 41.2502, "longwgs84": -4.3418, "latwgs84": 41.2458, "observ1": null, "xetrs89": 368662, "yetrs89": 4586138, "cod_saih": null, "cuenca": "DUERO", "rio": "cega", "regimen": "desconocido", "sistema": "cega-eresma-adaja", "caudal": 1, "inicio": 2014.0, "fin": 2021.0, "url_link": "https://casadoj.github.io/CAMELS-ES/Duero/Cega-Eresma-Adaja/plots/2518.html" }, "geometry": { "type": "Point", "coordinates": [ -4.571559377492925, 41.416068520755083 ] } },
{ "type": "Feature", "properties": { "indroea": 2519, "lugar": "BOISAN", "comentario": null, "serv": 1, "suprest": 145, "suprcnc": 302, "hoja_id": 192, "alti": 1060.0, "altimax": null, "naa": 7, "naam": 9, "naai": 0, "num_cuenca": 2301, "muni_id": 24090, "xutm": 723370, "yutm": 4695094, "xutm30": 229350, "yutm30": 4696764, "long": -6.1714, "lat": 42.2231, "longwgs84": -6.1719, "latwgs84": 42.2227, "observ1": null, "xetrs89": 229240, "yetrs89": 4696558, "cod_saih": null, "cuenca": "DUERO", "rio": "duerna", "regimen": "desconocido", "sistema": "órbigo", "caudal": 1, "inicio": 2014.0, "fin": 2021.0, "url_link": "https://casadoj.github.io/CAMELS-ES/Duero/Órbigo/plots/2519.html" }, "geometry": { "type": "Point", "coordinates": [ -6.288519432548428, 42.374141587799976 ] } },
{ "type": "Feature", "properties": { "indroea": 2520, "lugar": "VELILLA DE LA VALDUERNA", "comentario": null, "serv": 1, "suprest": 248, "suprcnc": 302, "hoja_id": 231, "alti": 915.0, "altimax": null, "naa": 7, "naam": 9, "naai": 0, "num_cuenca": 2301, "muni_id": 24044, "xutm": 735228, "yutm": 4689970, "xutm30": 240820, "yutm30": 4690815, "long": -6.0843, "lat": 42.1933, "longwgs84": -6.0848, "latwgs84": 42.1928, "observ1": null, "xetrs89": 240710, "yetrs89": 4690609, "cod_saih": null, "cuenca": "DUERO", "rio": "duerna", "regimen": "desconocido", "sistema": "órbigo", "caudal": 1, "inicio": 2014.0, "fin": 2021.0, "url_link": "https://casadoj.github.io/CAMELS-ES/Duero/Órbigo/plots/2520.html" }, "geometry": { "type": "Point", "coordinates": [ -6.146746929260952, 42.324554739588606 ] } },
{ "type": "Feature", "properties": { "indroea": 2522, "lugar": "VADOCONDES", "comentario": null, "serv": 1, "suprest": 7323, "suprcnc": 97620, "hoja_id": 375, "alti": 795.0, "altimax": null, "naa": 7, "naam": 9, "naai": 0, "num_cuenca": 2067, "muni_id": 9400, "xutm": 452348, "yutm": 4610651, "xutm30": 452348, "yutm30": 4610651, "long": -3.342, "lat": 41.3844, "longwgs84": -3.3425, "latwgs84": 41.3839, "observ1": null, "xetrs89": 452240, "yetrs89": 4610443, "cod_saih": null, "cuenca": "DUERO", "rio": "duero", "regimen": "desconocido", "sistema": "alto duero", "caudal": 1, "inicio": 2014.0, "fin": 2021.0, "url_link": "https://casadoj.github.io/CAMELS-ES/Duero/Alto Duero/plots/2522.html" }, "geometry": { "type": "Point", "coordinates": [ -3.573504915208535, 41.644297059014797 ] } },
{ "type": "Feature", "properties": { "indroea": 2524, "lugar": "SAUCELLE-DUERO", "comentario": null, "serv": 1, "suprest": 75163, "suprcnc": 97620, "hoja_id": 449, "alti": 133.0, "altimax": null, "naa": 5, "naam": 7, "naai": 0, "num_cuenca": 2357, "muni_id": 37160, "xutm": 683337, "yutm": 4544704, "xutm30": 178900, "yutm30": 4549444, "long": -6.4909, "lat": 41.0156, "longwgs84": -6.4914, "latwgs84": 41.0152, "observ1": null, "xetrs89": 178790, "yetrs89": 4549236, "cod_saih": null, "cuenca": "DUERO", "rio": "duero", "regimen": "alterado", "sistema": "bajo duero", "caudal": 1, "inicio": 2016.0, "fin": 2021.0, "url_link": "https://casadoj.github.io/CAMELS-ES/Duero/Bajo Duero/plots/2524.html" }, "geometry": { "type": "Point", "coordinates": [ -6.820708194032067, 41.031012630670205 ] } },
{ "type": "Feature", "properties": { "indroea": 2525, "lugar": "VALSAIN", "comentario": null, "serv": 1, "suprest": 80, "suprcnc": 2968, "hoja_id": 483, "alti": 1120.0, "altimax": null, "naa": 7, "naam": 9, "naai": 0, "num_cuenca": 2217, "muni_id": 40181, "xutm": 414000, "yutm": 4527277, "xutm30": 414000, "yutm30": 4527277, "long": -4.0115, "lat": 40.5329, "longwgs84": -4.012, "latwgs84": 40.5325, "observ1": null, "xetrs89": 413891, "yetrs89": 4527070, "cod_saih": null, "cuenca": "DUERO", "rio": "eresma", "regimen": "desconocido", "sistema": "cega-eresma-adaja", "caudal": 1, "inicio": 2014.0, "fin": 2021.0, "url_link": "https://casadoj.github.io/CAMELS-ES/Duero/Cega-Eresma-Adaja/plots/2525.html" }, "geometry": { "type": "Point", "coordinates": [ -4.022167138454187, 40.890189437486903 ] } },
{ "type": "Feature", "properties": { "indroea": 2526, "lugar": "SALIDA EMBALSE PONTON ALTO", "comentario": null, "serv": 1, "suprest": 165, "suprcnc": 2968, "hoja_id": 483, "alti": 1056.0, "altimax": null, "naa": 7, "naam": 9, "naai": 0, "num_cuenca": 2217, "muni_id": 40155, "xutm": 411722, "yutm": 4530759, "xutm30": 411722, "yutm30": 4530759, "long": -4.0254, "lat": 40.5521, "longwgs84": -4.0259, "latwgs84": 40.5517, "observ1": null, "xetrs89": 411613, "yetrs89": 4530552, "cod_saih": null, "cuenca": "DUERO", "rio": "eresma", "regimen": "desconocido", "sistema": "cega-eresma-adaja", "caudal": 1, "inicio": 2014.0, "fin": 2021.0, "url_link": "https://casadoj.github.io/CAMELS-ES/Duero/Cega-Eresma-Adaja/plots/2526.html" }, "geometry": { "type": "Point", "coordinates": [ -4.049699979302024, 40.921308558351186 ] } },
{ "type": "Feature", "properties": { "indroea": 2527, "lugar": "COCA-ERESMA", "comentario": null, "serv": 1, "suprest": 2528, "suprcnc": 2968, "hoja_id": 428, "alti": 740.0, "altimax": null, "naa": 7, "naam": 9, "naai": 0, "num_cuenca": 2229, "muni_id": 40057, "xutm": 369381, "yutm": 4569386, "xutm30": 369381, "yutm30": 4569386, "long": -4.3333, "lat": 41.1553, "longwgs84": -4.3338, "latwgs84": 41.1548, "observ1": null, "xetrs89": 369272, "yetrs89": 4569179, "cod_saih": null, "cuenca": "DUERO", "rio": "eresma", "regimen": "desconocido", "sistema": "cega-eresma-adaja", "caudal": 1, "inicio": 2014.0, "fin": 2021.0, "url_link": "https://casadoj.github.io/CAMELS-ES/Duero/Cega-Eresma-Adaja/plots/2527.html" }, "geometry": { "type": "Point", "coordinates": [ -4.560612353073787, 41.263463209077074 ] } },
{ "type": "Feature", "properties": { "indroea": 2528, "lugar": "TORRE DE ESGUEVA", "comentario": null, "serv": 1, "suprest": 677, "suprcnc": 998, "hoja_id": 344, "alti": 782.0, "altimax": null, "naa": 7, "naam": 9, "naai": 0, "num_cuenca": 2209, "muni_id": 47169, "xutm": 400567, "yutm": 4624311, "xutm30": 400567, "yutm30": 4624311, "long": -4.1146, "lat": 41.4549, "longwgs84": -4.1151, "latwgs84": 41.4545, "observ1": null, "xetrs89": 400459, "yetrs89": 4624104, "cod_saih": null, "cuenca": "DUERO", "rio": "esgueva", "regimen": "desconocido", "sistema": "pisuerga", "caudal": 1, "inicio": 2014.0, "fin": 2021.0, "url_link": "https://casadoj.github.io/CAMELS-ES/Duero/Pisuerga/plots/2528.html" }, "geometry": { "type": "Point", "coordinates": [ -4.197478337052469, 41.762533390217534 ] } },
{ "type": "Feature", "properties": { "indroea": 2529, "lugar": "LIEGOS", "comentario": null, "serv": 1, "suprest": 120, "suprcnc": 16081, "hoja_id": 80, "alti": 1120.0, "altimax": null, "naa": 7, "naam": 9, "naai": 0, "num_cuenca": 2260, "muni_id": 24001, "xutm": 330922, "yutm": 4766270, "xutm30": 330922, "yutm30": 4766270, "long": -5.0431, "lat": 43.0146, "longwgs84": -5.0436, "latwgs84": 43.0142, "observ1": null, "xetrs89": 330814, "yetrs89": 4766065, "cod_saih": null, "cuenca": "DUERO", "rio": "esla", "regimen": "desconocido", "sistema": "esla - valderaduey", "caudal": 1, "inicio": 2014.0, "fin": 2021.0, "url_link": "https://casadoj.github.io/CAMELS-ES/Duero/Esla - Valderaduey/plots/2529.html" }, "geometry": { "type": "Point", "coordinates": [ -5.0766149403264, 43.028434661046361 ] } },
{ "type": "Feature", "properties": { "indroea": 2530, "lugar": "BRETO", "comentario": null, "serv": 1, "suprest": 14420, "suprcnc": 16081, "hoja_id": 308, "alti": 685.0, "altimax": null, "naa": 7, "naam": 9, "naai": 0, "num_cuenca": 2318, "muni_id": 49025, "xutm": 270600, "yutm": 4639498, "xutm30": 270600, "yutm30": 4639498, "long": -5.4551, "lat": 41.5224, "longwgs84": -5.4556, "latwgs84": 41.522, "observ1": null, "xetrs89": 270490, "yetrs89": 4639291, "cod_saih": null, "cuenca": "DUERO", "rio": "esla", "regimen": "desconocido", "sistema": "esla - valderaduey", "caudal": 1, "inicio": 2014.0, "fin": 2021.0, "url_link": "https://casadoj.github.io/CAMELS-ES/Duero/Esla - Valderaduey/plots/2530.html" }, "geometry": { "type": "Point", "coordinates": [ -5.765626166499032, 41.872248256256874 ] } },
{ "type": "Feature", "properties": { "indroea": 2532, "lugar": "SENA DE LUNA", "comentario": null, "serv": 1, "suprest": 317, "suprcnc": 755, "hoja_id": 102, "alti": 1120.0, "altimax": null, "naa": 7, "naam": 9, "naai": 0, "num_cuenca": 2285, "muni_id": 24164, "xutm": 258000, "yutm": 4757400, "xutm30": 258000, "yutm30": 4757400, "long": -5.5756, "lat": 42.5548, "longwgs84": -5.5801, "latwgs84": 42.5544, "observ1": "LOS DATOS DE 2014-15 SON PROVISIONALES PENDIENTES DE REVISION                                       ", "xetrs89": 257891, "yetrs89": 4757195, "cod_saih": null, "cuenca": "DUERO", "rio": "luna", "regimen": "desconocido", "sistema": "órbigo", "caudal": 1, "inicio": 2014.0, "fin": 2021.0, "url_link": "https://casadoj.github.io/CAMELS-ES/Duero/Órbigo/plots/2532.html" }, "geometry": { "type": "Point", "coordinates": [ -5.966843604562903, 42.928939492479273 ] } },
{ "type": "Feature", "properties": { "indroea": 2535, "lugar": "VEGACERNEJA", "comentario": null, "serv": 1, "suprest": 79, "suprcnc": 87, "hoja_id": 80, "alti": 1110.0, "altimax": null, "naa": 7, "naam": 9, "naai": 0, "num_cuenca": 2966, "muni_id": 24025, "xutm": 336512, "yutm": 4767660, "xutm30": 336512, "yutm30": 4767660, "long": -5.0025, "lat": 43.0236, "longwgs84": -5.003, "latwgs84": 43.0232, "observ1": null, "xetrs89": 336404, "yetrs89": 4767455, "cod_saih": null, "cuenca": "DUERO", "rio": "orza", "regimen": "desconocido", "sistema": "esla - valderaduey", "caudal": 1, "inicio": 2014.0, "fin": 2021.0, "url_link": "https://casadoj.github.io/CAMELS-ES/Duero/Esla - Valderaduey/plots/2535.html" }, "geometry": { "type": "Point", "coordinates": [ -5.008452432997332, 43.042168088992639 ] } },
{ "type": "Feature", "properties": { "indroea": 2536, "lugar": "SAN SALVADOR DE CANTAMUDA", "comentario": null, "serv": 1, "suprest": 144, "suprcnc": 15828, "hoja_id": 107, "alti": 1095.0, "altimax": null, "naa": 7, "naam": 9, "naai": 0, "num_cuenca": 2124, "muni_id": 34904, "xutm": 378729, "yutm": 4757714, "xutm30": 378729, "yutm30": 4757714, "long": -4.2913, "lat": 42.5742, "longwgs84": -4.2917, "latwgs84": 42.5738, "observ1": null, "xetrs89": 378621, "yetrs89": 4757508, "cod_saih": null, "cuenca": "DUERO", "rio": "pisuerga", "regimen": "desconocido", "sistema": "pisuerga", "caudal": 1, "inicio": 2014.0, "fin": 2021.0, "url_link": "https://casadoj.github.io/CAMELS-ES/Duero/Pisuerga/plots/2536.html" }, "geometry": { "type": "Point", "coordinates": [ -4.48819625944108, 42.960546831032502 ] } },
{ "type": "Feature", "properties": { "indroea": 2538, "lugar": "LANGUILLA", "comentario": null, "serv": 1, "suprest": 364, "suprcnc": 1082, "hoja_id": 404, "alti": 950.0, "altimax": null, "naa": 6, "naam": 8, "naai": 0, "num_cuenca": 2096, "muni_id": 40109, "xutm": 464550, "yutm": 4588800, "xutm30": 464550, "yutm30": 4588800, "long": -3.2528, "lat": 41.2657, "longwgs84": -3.2532, "latwgs84": 41.2653, "observ1": null, "xetrs89": 464443, "yetrs89": 4588593, "cod_saih": null, "cuenca": "DUERO", "rio": "riaza", "regimen": "natural", "sistema": "riaza-duratón", "caudal": 1, "inicio": 2015.0, "fin": 2021.0, "url_link": "https://casadoj.github.io/CAMELS-ES/Duero/Riaza-Duratón/plots/2538.html" }, "geometry": { "type": "Point", "coordinates": [ -3.425682295982432, 41.448128929788361 ] } },
{ "type": "Feature", "properties": { "indroea": 2539, "lugar": "VENTANILLA", "comentario": null, "serv": 1, "suprest": 34, "suprcnc": 90, "hoja_id": 106, "alti": 1050.0, "altimax": null, "naa": 7, "naam": 9, "naai": 0, "num_cuenca": 2129, "muni_id": 34056, "xutm": 370930, "yutm": 4750107, "xutm30": 370930, "yutm30": 4750107, "long": -4.345, "lat": 42.5331, "longwgs84": -4.3455, "latwgs84": 42.5327, "observ1": null, "xetrs89": 370822, "yetrs89": 4749901, "cod_saih": null, "cuenca": "DUERO", "rio": "rivera", "regimen": "desconocido", "sistema": "pisuerga", "caudal": 1, "inicio": 2014.0, "fin": 2021.0, "url_link": "https://casadoj.github.io/CAMELS-ES/Duero/Pisuerga/plots/2539.html" }, "geometry": { "type": "Point", "coordinates": [ -4.582029512876396, 42.890787471884202 ] } },
{ "type": "Feature", "properties": { "indroea": 2541, "lugar": "CAMARZANA DE TERA", "comentario": null, "serv": 1, "suprest": 1418, "suprcnc": 2409, "hoja_id": 307, "alti": 750.0, "altimax": null, "naa": 5, "naam": 7, "naai": 0, "num_cuenca": 2315, "muni_id": 49033, "xutm": 745208, "yutm": 4652802, "xutm30": 248160, "yutm30": 4653028, "long": -6.0224, "lat": 41.5918, "longwgs84": -6.0229, "latwgs84": 41.5914, "observ1": null, "xetrs89": 248050, "yetrs89": 4652821, "cod_saih": null, "cuenca": "DUERO", "rio": "tera", "regimen": "natural", "sistema": "aliste-tera", "caudal": 1, "inicio": 2016.0, "fin": 2021.0, "url_link": "https://casadoj.github.io/CAMELS-ES/Duero/Aliste-Tera/plots/2541.html" }, "geometry": { "type": "Point", "coordinates": [ -6.041460954434923, 41.987111974985275 ] } },
{ "type": "Feature", "properties": { "indroea": 2542, "lugar": "GETINO", "comentario": null, "serv": 1, "suprest": 117, "suprcnc": 482, "hoja_id": 103, "alti": 1100.0, "altimax": null, "naa": 7, "naam": 9, "naai": 0, "num_cuenca": 2276, "muni_id": 24037, "xutm": 291837, "yutm": 4757752, "xutm30": 291837, "yutm30": 4757752, "long": -5.3305, "lat": 42.5636, "longwgs84": -5.331, "latwgs84": 42.5632, "observ1": null, "xetrs89": 291728, "yetrs89": 4757547, "cod_saih": null, "cuenca": "DUERO", "rio": "torío", "regimen": "desconocido", "sistema": "esla - valderaduey", "caudal": 1, "inicio": 2014.0, "fin": 2021.0, "url_link": "https://casadoj.github.io/CAMELS-ES/Duero/Esla - Valderaduey/plots/2542.html" }, "geometry": { "type": "Point", "coordinates": [ -5.552765093186972, 42.942099511766301 ] } },
{ "type": "Feature", "properties": { "indroea": 2545, "lugar": "ENCINAS DE ABAJO", "comentario": null, "serv": 1, "suprest": 3807, "suprcnc": 7257, "hoja_id": 479, "alti": 788.0, "altimax": null, "naa": 5, "naam": 7, "naai": 0, "num_cuenca": 2340, "muni_id": 37121, "xutm": 291194, "yutm": 4534483, "xutm30": 291194, "yutm30": 4534483, "long": -5.2848, "lat": 40.5603, "longwgs84": -5.2853, "latwgs84": 40.5559, "observ1": null, "xetrs89": 291084, "yetrs89": 4534276, "cod_saih": null, "cuenca": "DUERO", "rio": "tormes", "regimen": "alterado", "sistema": "tormes", "caudal": 1, "inicio": 2016.0, "fin": 2021.0, "url_link": "https://casadoj.github.io/CAMELS-ES/Duero/Tormes/plots/2545.html" }, "geometry": { "type": "Point", "coordinates": [ -5.481467341412935, 40.932923289327746 ] } },
{ "type": "Feature", "properties": { "indroea": 2546, "lugar": "LEDESMA", "comentario": null, "serv": 1, "suprest": 5263, "suprcnc": 7257, "hoja_id": 451, "alti": 735.0, "altimax": null, "naa": 6, "naam": 8, "naai": 0, "num_cuenca": 2340, "muni_id": 37170, "xutm": 248422, "yutm": 4553710, "xutm30": 248422, "yutm30": 4553710, "long": -5.5943, "lat": 41.0542, "longwgs84": -5.5948, "latwgs84": 41.0538, "observ1": null, "xetrs89": 248312, "yetrs89": 4553503, "cod_saih": null, "cuenca": "DUERO", "rio": "tormes", "regimen": "alterado", "sistema": "tormes", "caudal": 1, "inicio": 2015.0, "fin": 2021.0, "url_link": "https://casadoj.github.io/CAMELS-ES/Duero/Tormes/plots/2546.html" }, "geometry": { "type": "Point", "coordinates": [ -5.99673492785511, 41.093842577127901 ] } },
{ "type": "Feature", "properties": { "indroea": 2547, "lugar": "QUINTANILLA DEL CASTILLO", "comentario": null, "serv": 1, "suprest": 39, "suprcnc": 1383, "hoja_id": 128, "alti": 1010.0, "altimax": null, "naa": 7, "naam": 9, "naai": 0, "num_cuenca": 2292, "muni_id": 24123, "xutm": 737837, "yutm": 4728804, "xutm30": 246170, "yutm30": 4729372, "long": -6.0551, "lat": 42.4027, "longwgs84": -6.0556, "latwgs84": 42.4023, "observ1": null, "xetrs89": 246060, "yetrs89": 4729166, "cod_saih": null, "cuenca": "DUERO", "rio": "tuerto", "regimen": "desconocido", "sistema": "órbigo", "caudal": 1, "inicio": 2014.0, "fin": 2021.0, "url_link": "https://casadoj.github.io/CAMELS-ES/Duero/Órbigo/plots/2547.html" }, "geometry": { "type": "Point", "coordinates": [ -6.099002879103326, 42.673051078253017 ] } },
{ "type": "Feature", "properties": { "indroea": 2548, "lugar": "BENEGILES", "comentario": null, "serv": 1, "suprest": 3187, "suprcnc": 3558, "hoja_id": 369, "alti": 645.0, "altimax": null, "naa": 7, "naam": 9, "naai": 0, "num_cuenca": 2256, "muni_id": 49022, "xutm": 280850, "yutm": 4611500, "xutm30": 280850, "yutm30": 4611500, "long": -5.375, "lat": 41.3728, "longwgs84": -5.3755, "latwgs84": 41.3724, "observ1": null, "xetrs89": 280740, "yetrs89": 4611293, "cod_saih": null, "cuenca": "DUERO", "rio": "valderaduey", "regimen": "desconocido", "sistema": "esla - valderaduey", "caudal": 1, "inicio": 2014.0, "fin": 2021.0, "url_link": "https://casadoj.github.io/CAMELS-ES/Duero/Esla - Valderaduey/plots/2548.html" }, "geometry": { "type": "Point", "coordinates": [ -5.631925170539899, 41.623243211452085 ] } },
{ "type": "Feature", "properties": { "indroea": 2549, "lugar": "BURGOS-VENA", "comentario": null, "serv": 1, "suprest": 151, "suprcnc": 177, "hoja_id": 200, "alti": 870.0, "altimax": null, "naa": 7, "naam": 9, "naai": 0, "num_cuenca": 2177, "muni_id": 9059, "xutm": 442717, "yutm": 4688455, "xutm30": 442717, "yutm30": 4688455, "long": -3.4144, "lat": 42.2044, "longwgs84": -3.4148, "latwgs84": 42.204, "observ1": null, "xetrs89": 442609, "yetrs89": 4688248, "cod_saih": null, "cuenca": "DUERO", "rio": "vena", "regimen": "desconocido", "sistema": "arlanza", "caudal": 1, "inicio": 2014.0, "fin": 2021.0, "url_link": "https://casadoj.github.io/CAMELS-ES/Duero/Arlanza/plots/2549.html" }, "geometry": { "type": "Point", "coordinates": [ -3.696748276803873, 42.344375057545221 ] } },
{ "type": "Feature", "properties": { "indroea": 2550, "lugar": "BOCA DE HUERGANO", "comentario": null, "serv": 1, "suprest": 197, "suprcnc": 289, "hoja_id": 105, "alti": 1010.0, "altimax": null, "naa": 7, "naam": 9, "naai": 0, "num_cuenca": 2261, "muni_id": 24020, "xutm": 343271, "yutm": 4759595, "xutm30": 343271, "yutm30": 4759595, "long": -4.5519, "lat": 42.582, "longwgs84": -4.5524, "latwgs84": 42.5816, "observ1": null, "xetrs89": 343163, "yetrs89": 4759389, "cod_saih": null, "cuenca": "DUERO", "rio": "yuso", "regimen": "desconocido", "sistema": "esla - valderaduey", "caudal": 1, "inicio": 2014.0, "fin": 2021.0, "url_link": "https://casadoj.github.io/CAMELS-ES/Duero/Esla - Valderaduey/plots/2550.html" }, "geometry": { "type": "Point", "coordinates": [ -4.923252743053287, 42.971000077026602 ] } },
{ "type": "Feature", "properties": { "indroea": 2552, "lugar": "SALIDA EMBALSE DE LINARES", "comentario": null, "serv": 1, "suprest": 759, "suprcnc": 1082, "hoja_id": 375, "alti": 912.0, "altimax": null, "naa": 7, "naam": 9, "naai": 0, "num_cuenca": 2098, "muni_id": 40115, "xutm": 453840, "yutm": 4597950, "xutm30": 453840, "yutm30": 4597950, "long": -3.3312, "lat": 41.3152, "longwgs84": -3.3317, "latwgs84": 41.3148, "observ1": null, "xetrs89": 453732, "yetrs89": 4597743, "cod_saih": null, "cuenca": "DUERO", "rio": "riaza", "regimen": "alterado", "sistema": "riaza-duratón", "caudal": 1, "inicio": 2014.0, "fin": 2021.0, "url_link": "https://casadoj.github.io/CAMELS-ES/Duero/Riaza-Duratón/plots/2552.html" }, "geometry": { "type": "Point", "coordinates": [ -3.55460989369189, 41.529997499279979 ] } },
{ "type": "Feature", "properties": { "indroea": 2710, "lugar": "VILLALOBAR", "comentario": null, "serv": 1, "suprest": 3980, "suprcnc": 16081, "hoja_id": 194, "alti": 757.0, "altimax": 2408.0, "naa": 22, "naam": 24, "naai": 11, "num_cuenca": 2280, "muni_id": 24028, "xutm": 289744, "yutm": 4697148, "xutm30": 289744, "yutm30": 4697148, "long": -5.3316, "lat": 42.2351, "longwgs84": -5.3321, "latwgs84": 42.2347, "observ1": null, "xetrs89": 289634, "yetrs89": 4696942, "cod_saih": null, "cuenca": "DUERO", "rio": "esla", "regimen": "alterado", "sistema": "esla - valderaduey", "caudal": 1, "inicio": 1999.0, "fin": 2021.0, "url_link": "https://casadoj.github.io/CAMELS-ES/Duero/Esla - Valderaduey/plots/2710.html" }, "geometry": { "type": "Point", "coordinates": [ -5.555953631996655, 42.396288093903266 ] } },
{ "type": "Feature", "properties": { "indroea": 2711, "lugar": "BENAMARIEL-2", "comentario": null, "serv": 1, "suprest": 3980, "suprcnc": 16081, "hoja_id": 194, "alti": 757.0, "altimax": 2408.0, "naa": 20, "naam": 22, "naai": 9, "num_cuenca": 2280, "muni_id": 24212, "xutm": 288912, "yutm": 4693889, "xutm30": 288912, "yutm30": 4693889, "long": -5.3348, "lat": 42.2204, "longwgs84": -5.3353, "latwgs84": 42.22, "observ1": null, "xetrs89": 288802, "yetrs89": 4693683, "cod_saih": null, "cuenca": "DUERO", "rio": "esla", "regimen": "alterado", "sistema": "esla - valderaduey", "caudal": 1, "inicio": 2001.0, "fin": 2021.0, "url_link": "https://casadoj.github.io/CAMELS-ES/Duero/Esla - Valderaduey/plots/2711.html" }, "geometry": { "type": "Point", "coordinates": [ -5.564858176983602, 42.366741050280531 ] } },
{ "type": "Feature", "properties": { "indroea": 2712, "lugar": "ALCONADA", "comentario": null, "serv": 1, "suprest": 439, "suprcnc": 1117, "hoja_id": 479, "alti": 830.0, "altimax": null, "naa": 13, "naam": 15, "naai": 2, "num_cuenca": 2333, "muni_id": 37012, "xutm": 301038, "yutm": 4532025, "xutm30": 301038, "yutm30": 4532025, "long": -5.215, "lat": 40.5448, "longwgs84": -5.2145, "latwgs84": 40.5452, "observ1": null, "xetrs89": 300928, "yetrs89": 4531818, "cod_saih": null, "cuenca": "DUERO", "rio": "almar", "regimen": "natural", "sistema": "tormes", "caudal": 1, "inicio": 2008.0, "fin": 2021.0, "url_link": "https://casadoj.github.io/CAMELS-ES/Duero/Tormes/plots/2712.html" }, "geometry": { "type": "Point", "coordinates": [ -5.363850540819942, 40.913256020795096 ] } },
{ "type": "Feature", "properties": { "indroea": 2713, "lugar": "SANTIAGO DE LA VALDUERNA", "comentario": null, "serv": 1, "suprest": 290, "suprcnc": 302, "hoja_id": 231, "alti": 786.0, "altimax": null, "naa": 13, "naam": 15, "naai": 2, "num_cuenca": 2301, "muni_id": 24010, "xutm": 258896, "yutm": 4688464, "xutm30": 258896, "yutm30": 4688464, "long": -5.5536, "lat": 42.1833, "longwgs84": -5.5531, "latwgs84": 42.1837, "observ1": null, "xetrs89": 258786, "yetrs89": 4688258, "cod_saih": null, "cuenca": "DUERO", "rio": "duerna", "regimen": "natural", "sistema": "órbigo", "caudal": 1, "inicio": 2008.0, "fin": 2021.0, "url_link": "https://casadoj.github.io/CAMELS-ES/Duero/Órbigo/plots/2713.html" }, "geometry": { "type": "Point", "coordinates": [ -5.926683662860855, 42.309217152851012 ] } },
{ "type": "Feature", "properties": { "indroea": 2714, "lugar": "LASTRAS DE CUELLAR", "comentario": "INT 2013                                                              ", "serv": 0, "suprest": 631, "suprcnc": 2525, "hoja_id": 430, "alti": 838.0, "altimax": 2209.0, "naa": 7, "naam": 10, "naai": 5, "num_cuenca": 2112, "muni_id": 40110, "xutm": 403618, "yutm": 4571889, "xutm30": 403618, "yutm30": 4571889, "long": -4.0904, "lat": 41.1731, "longwgs84": -4.0909, "latwgs84": 41.1727, "observ1": null, "xetrs89": 403509, "yetrs89": 4571682, "cod_saih": null, "cuenca": "DUERO", "rio": "cega", "regimen": "natural", "sistema": "alto duero - riaza - adaja - cega", "caudal": 1, "inicio": 2005.0, "fin": 2012.0, "url_link": "https://casadoj.github.io/CAMELS-ES/Duero/Alto Duero - Riaza - Adaja - Cega/plots/2714.html" }, "geometry": { "type": "Point", "coordinates": [ -4.152385581760388, 41.290819770576817 ] } },
{ "type": "Feature", "properties": { "indroea": 2716, "lugar": "CAMARZANA-REGATO", "comentario": null, "serv": 1, "suprest": 257, "suprcnc": 269, "hoja_id": 307, "alti": 730.0, "altimax": null, "naa": 12, "naam": 14, "naai": 1, "num_cuenca": 2969, "muni_id": 49033, "xutm": 747097, "yutm": 4654107, "xutm30": 250140, "yutm30": 4654204, "long": -6.01, "lat": 41.5958, "longwgs84": -6.0105, "latwgs84": 41.5954, "observ1": "LOS DATOS DE 2014-15 SON PROVISIONALES PENDIENTES DE REVISION                                       ", "xetrs89": 250030, "yetrs89": 4653997, "cod_saih": null, "cuenca": "DUERO", "rio": "regato", "regimen": "natural", "sistema": "aliste-tera", "caudal": 1, "inicio": 2009.0, "fin": 2021.0, "url_link": "https://casadoj.github.io/CAMELS-ES/Duero/Aliste-Tera/plots/2716.html" }, "geometry": { "type": "Point", "coordinates": [ -6.018091286602385, 41.998319611758404 ] } },
{ "type": "Feature", "properties": { "indroea": 2717, "lugar": "VILLAVEZA DE VALVERDE", "comentario": null, "serv": 1, "suprest": 186, "suprcnc": 204, "hoja_id": 308, "alti": 710.0, "altimax": null, "naa": 13, "naam": 15, "naai": 2, "num_cuenca": 2316, "muni_id": 49272, "xutm": 263925, "yutm": 4648150, "xutm30": 263925, "yutm30": 4648150, "long": -5.5058, "lat": 41.5653, "longwgs84": -5.5053, "latwgs84": 41.5657, "observ1": null, "xetrs89": 263815, "yetrs89": 4647943, "cod_saih": null, "cuenca": "DUERO", "rio": "castrón", "regimen": "natural", "sistema": "aliste-tera", "caudal": 1, "inicio": 2008.0, "fin": 2021.0, "url_link": "https://casadoj.github.io/CAMELS-ES/Duero/Aliste-Tera/plots/2717.html" }, "geometry": { "type": "Point", "coordinates": [ -5.849428319451947, 41.948114439279713 ] } },
{ "type": "Feature", "properties": { "indroea": 2718, "lugar": "GENESTACIO", "comentario": null, "serv": 1, "suprest": 285, "suprcnc": 307, "hoja_id": 232, "alti": 744.0, "altimax": null, "naa": 12, "naam": 14, "naai": 1, "num_cuenca": 2306, "muni_id": 24124, "xutm": 264789, "yutm": 4675597, "xutm30": 264789, "yutm30": 4675597, "long": -5.5055, "lat": 42.1147, "longwgs84": -5.51, "latwgs84": 42.1143, "observ1": null, "xetrs89": 264679, "yetrs89": 4675390, "cod_saih": null, "cuenca": "DUERO", "rio": "jamuz", "regimen": "natural", "sistema": "órbigo", "caudal": 1, "inicio": 2009.0, "fin": 2021.0, "url_link": "https://casadoj.github.io/CAMELS-ES/Duero/Órbigo/plots/2718.html" }, "geometry": { "type": "Point", "coordinates": [ -5.850049915599987, 42.195270255445692 ] } },
{ "type": "Feature", "properties": { "indroea": 2719, "lugar": "BRIME DE URZ", "comentario": null, "serv": 1, "suprest": 243, "suprcnc": 294, "hoja_id": 269, "alti": 720.0, "altimax": null, "naa": 10, "naam": 12, "naai": 0, "num_cuenca": 2995, "muni_id": 49028, "xutm": 262337, "yutm": 4658357, "xutm30": 262337, "yutm30": 4658357, "long": -5.5217, "lat": 42.0226, "longwgs84": -5.5222, "latwgs84": 42.0222, "observ1": null, "xetrs89": 262227, "yetrs89": 4658150, "cod_saih": null, "cuenca": "DUERO", "rio": "almucera", "regimen": "natural", "sistema": "aliste-tera", "caudal": 1, "inicio": 2011.0, "fin": 2021.0, "url_link": "https://casadoj.github.io/CAMELS-ES/Duero/Aliste-Tera/plots/2719.html" }, "geometry": { "type": "Point", "coordinates": [ -5.872692620048357, 42.0394531326099 ] } },
{ "type": "Feature", "properties": { "indroea": 2818, "lugar": "RABAL", "comentario": null, "serv": 1, "suprest": 719, "suprcnc": 3310, "hoja_id": 303, "alti": 366.0, "altimax": null, "naa": 25, "naam": 51, "naai": 14, "num_cuenca": 2388, "muni_id": 32053, "xutm": 630019, "yutm": 4634370, "xutm30": 131881, "yutm30": 4642697, "long": -7.2602, "lat": 41.5059, "longwgs84": -7.2607, "latwgs84": 41.5055, "observ1": null, "xetrs89": 131770, "yetrs89": 4642490, "cod_saih": null, "cuenca": "DUERO", "rio": "támega", "regimen": "natural", "sistema": "támega - manzanas", "caudal": 1, "inicio": 1996.0, "fin": 2021.0, "url_link": "https://casadoj.github.io/CAMELS-ES/Duero/Támega - Manzanas/plots/2818.html" }, "geometry": { "type": "Point", "coordinates": [ -7.435287829429712, 41.848640638550755 ] } },
{ "type": "Feature", "properties": { "indroea": 9001, "lugar": "MIRANDA DE EBRO", "comentario": null, "serv": 1, "suprest": 5481, "suprcnc": 85001, "hoja_id": 202, "alti": 459.0, "altimax": 2175.0, "naa": 11, "naam": 110, "naai": 51, "num_cuenca": 9053, "muni_id": 9219, "xutm": 503750, "yutm": 4726339, "xutm30": 503750, "yutm30": 4726339, "long": -2.5715, "lat": 42.412, "longwgs84": -2.572, "latwgs84": 42.4116, "observ1": "DATOS MODIFICADOS 1996-97 A 2018-19 (ANUARIO 19-20)                                                 ", "xetrs89": 503643, "yetrs89": 4726131, "cod_saih": "A001", "cuenca": "EBRO", "rio": "ebro", "regimen": "alterado", "sistema": "cabecera del ebro", "caudal": 1, "inicio": 2010.0, "fin": 2021.0, "url_link": "https://casadoj.github.io/CAMELS-ES/Ebro/Cabecera Del Ebro/plots/9001.html" }, "geometry": { "type": "Point", "coordinates": [ -2.95552978511389, 42.687652089019366 ] } },
{ "type": "Feature", "properties": { "indroea": 9002, "lugar": "CASTEJON", "comentario": null, "serv": 1, "suprest": 25194, "suprcnc": 85001, "hoja_id": 242, "alti": 265.0, "altimax": 2886.0, "naa": 30, "naam": 90, "naai": 58, "num_cuenca": 9241, "muni_id": 31070, "xutm": 607902, "yutm": 4670804, "xutm30": 607902, "yutm30": 4670804, "long": -1.4136, "lat": 42.1052, "longwgs84": -1.4141, "latwgs84": 42.1048, "observ1": "DATOS MODIFICADOS DE 1996-97 A 2006-07 (ANUARIO 15-16)                                              ", "xetrs89": 607794, "yetrs89": 4670595, "cod_saih": "A002", "cuenca": "EBRO", "rio": "ebro", "regimen": "alterado", "sistema": "eje del ebro", "caudal": 1, "inicio": 1991.0, "fin": 2021.0, "url_link": "https://casadoj.github.io/CAMELS-ES/Ebro/Eje Del Ebro/plots/9002.html" }, "geometry": { "type": "Point", "coordinates": [ -1.69474179928341, 42.180078796886136 ] } },
{ "type": "Feature", "properties": { "indroea": 9003, "lugar": "ANDOSILLA", "comentario": null, "serv": 1, "suprest": 1445, "suprcnc": 1461, "hoja_id": 205, "alti": 304.0, "altimax": 1438.0, "naa": 11, "naam": 108, "naai": 43, "num_cuenca": 9152, "muni_id": 31015, "xutm": 586644, "yutm": 4692055, "xutm30": 586644, "yutm30": 4692055, "long": -1.5652, "lat": 42.2231, "longwgs84": -1.5656, "latwgs84": 42.2227, "observ1": "LOS DATOS DE 2009-10 Y 2010-11 SON PROVISIONALES PENDIENTES DE REVISION                             ", "xetrs89": 586537, "yetrs89": 4691846, "cod_saih": "A003", "cuenca": "EBRO", "rio": "ega i", "regimen": "natural", "sistema": "irati-arga-ega", "caudal": 1, "inicio": 2010.0, "fin": 2021.0, "url_link": "https://casadoj.github.io/CAMELS-ES/Ebro/Irati-Arga-Ega/plots/9003.html" }, "geometry": { "type": "Point", "coordinates": [ -1.948916501365172, 42.374077708511166 ] } },
{ "type": "Feature", "properties": { "indroea": 9004, "lugar": "FUNES", "comentario": null, "serv": 1, "suprest": 2759, "suprcnc": 2759, "hoja_id": 244, "alti": 284.0, "altimax": 1494.0, "naa": 24, "naam": 106, "naai": 27, "num_cuenca": 9231, "muni_id": 31107, "xutm": 598895, "yutm": 4685633, "xutm30": 598895, "yutm30": 4685633, "long": -1.476, "lat": 42.1857, "longwgs84": -1.4804, "latwgs84": 42.1853, "observ1": "DATOS MODIFICADOS DE 1980-81 A 2018-19 (ANUARIO 19-20)                                              ", "xetrs89": 598788, "yetrs89": 4685424, "cod_saih": "A004", "cuenca": "EBRO", "rio": "arga", "regimen": "desconocido", "sistema": "eje del arga", "caudal": 1, "inicio": 1997.0, "fin": 2021.0, "url_link": "https://casadoj.github.io/CAMELS-ES/Ebro/Eje Del Arga/plots/9004.html" }, "geometry": { "type": "Point", "coordinates": [ -1.801244007049696, 42.314792485309027 ] } },
{ "type": "Feature", "properties": { "indroea": 9005, "lugar": "CAPARROSO", "comentario": null, "serv": 1, "suprest": 5469, "suprcnc": 8521, "hoja_id": 206, "alti": 302.0, "altimax": 2886.0, "naa": 30, "naam": 109, "naai": 41, "num_cuenca": 9210, "muni_id": 31065, "xutm": 611264, "yutm": 4688981, "xutm30": 611264, "yutm30": 4688981, "long": -1.3857, "lat": 42.204, "longwgs84": -1.3902, "latwgs84": 42.2036, "observ1": "DATOS MODIFICADOS DE 1965-66 A 1984-85 RESPECTO A PUBLICADOS                                        ", "xetrs89": 611157, "yetrs89": 4688772, "cod_saih": "A005", "cuenca": "EBRO", "rio": "aragón", "regimen": "desconocido", "sistema": "riegos de bardenas", "caudal": 1, "inicio": 1991.0, "fin": 2021.0, "url_link": "https://casadoj.github.io/CAMELS-ES/Ebro/Riegos De Bardenas/plots/9005.html" }, "geometry": { "type": "Point", "coordinates": [ -1.650544596542967, 42.343269639434261 ] } },
{ "type": "Feature", "properties": { "indroea": 9006, "lugar": "MARAÑON", "comentario": null, "serv": 1, "suprest": 87, "suprcnc": 1461, "hoja_id": 171, "alti": 630.0, "altimax": 2886.0, "naa": 5, "naam": 73, "naai": 56, "num_cuenca": 9146, "muni_id": 31162, "xutm": 545265, "yutm": 4719840, "xutm30": 545265, "yutm30": 4719840, "long": -2.2653, "lat": 42.3744, "longwgs84": -2.2657, "latwgs84": 42.374, "observ1": "DATOS MODIFICADOS 2014-15 (ANUARIO 15-16)                                                           ", "xetrs89": 545158, "yetrs89": 4719632, "cod_saih": "A006", "cuenca": "EBRO", "rio": "ega i", "regimen": "natural", "sistema": "irati-arga-ega", "caudal": 1, "inicio": 2012.0, "fin": 2017.0, "url_link": "https://casadoj.github.io/CAMELS-ES/Ebro/Irati-Arga-Ega/plots/9006.html" }, "geometry": { "type": "Point", "coordinates": [ -2.449283915110088, 42.62780948765154 ] } },
{ "type": "Feature", "properties": { "indroea": 9007, "lugar": "CETINA", "comentario": "INT 2005                                                              ", "serv": 0, "suprest": 1600, "suprcnc": 9718, "hoja_id": 436, "alti": 670.0, "altimax": 1370.0, "naa": 8, "naam": 88, "naai": 45, "num_cuenca": 9260, "muni_id": 50081, "xutm": 586579, "yutm": 4572511, "xutm30": 586579, "yutm30": 4572511, "long": -1.5757, "lat": 41.1755, "longwgs84": -1.5802, "latwgs84": 41.1751, "observ1": "LOS DATOS DE 2008-09 SON PROVISIONALES PENDIENTES DE REVISION                                       ", "xetrs89": 586470, "yetrs89": 4572302, "cod_saih": null, "cuenca": "EBRO", "rio": "jalón", "regimen": "desconocido", "sistema": "jalón", "caudal": 1, "inicio": 1996.0, "fin": 2004.0, "url_link": "https://casadoj.github.io/CAMELS-ES/Ebro/Jalón/plots/9007.html" }, "geometry": { "type": "Point", "coordinates": [ -1.967186759345656, 41.297539463565258 ] } },
{ "type": "Feature", "properties": { "indroea": 9008, "lugar": "NUEVALOS", "comentario": null, "serv": 1, "suprest": 732, "suprcnc": 1544, "hoja_id": 437, "alti": 699.0, "altimax": 1441.0, "naa": 30, "naam": 100, "naai": 34, "num_cuenca": 9265, "muni_id": 50192, "xutm": 601319, "yutm": 4561596, "xutm30": 601319, "yutm30": 4561596, "long": -1.473, "lat": 41.1155, "longwgs84": -1.4735, "latwgs84": 41.1151, "observ1": "DATOS MODIFICADOS DE 1982-82 A 2018-19 (ANUARIO 19-20)                                              ", "xetrs89": 601210, "yetrs89": 4561387, "cod_saih": "A008", "cuenca": "EBRO", "rio": "piedra", "regimen": "natural", "sistema": "jalón", "caudal": 1, "inicio": 1991.0, "fin": 2021.0, "url_link": "https://casadoj.github.io/CAMELS-ES/Ebro/Jalón/plots/9008.html" }, "geometry": { "type": "Point", "coordinates": [ -1.79297495011776, 41.197526620971011 ] } },
{ "type": "Feature", "properties": { "indroea": 9010, "lugar": "DAROCA", "comentario": null, "serv": 1, "suprest": 2202, "suprcnc": 2597, "hoja_id": 465, "alti": 750.0, "altimax": 1605.0, "naa": 27, "naam": 108, "naai": 30, "num_cuenca": 9277, "muni_id": 50094, "xutm": 632826, "yutm": 4551974, "xutm30": 632826, "yutm30": 4551974, "long": -1.2505, "lat": 41.0627, "longwgs84": -1.251, "latwgs84": 41.0623, "observ1": "LOS DATOS DE 2009-10 Y 2010-11 SON PROVISIONALES PENDIENTES DE REVISION                             ", "xetrs89": 632717, "yetrs89": 4551765, "cod_saih": "A010", "cuenca": "EBRO", "rio": "jiloca", "regimen": "natural", "sistema": "jalón", "caudal": 1, "inicio": 1994.0, "fin": 2021.0, "url_link": "https://casadoj.github.io/CAMELS-ES/Ebro/Jalón/plots/9010.html" }, "geometry": { "type": "Point", "coordinates": [ -1.419427733627866, 41.106334475277272 ] } },
{ "type": "Feature", "properties": { "indroea": 9011, "lugar": "ZARAGOZA", "comentario": null, "serv": 1, "suprest": 40434, "suprcnc": 85001, "hoja_id": 383, "alti": 201.0, "altimax": 2886.0, "naa": 30, "naam": 110, "naai": 63, "num_cuenca": 9289, "muni_id": 50297, "xutm": 676533, "yutm": 4614247, "xutm30": 676533, "yutm30": 4614247, "long": -0.5247, "lat": 41.3935, "longwgs84": -0.5252, "latwgs84": 41.3931, "observ1": "DATOS MODIFICADOS DE 1996-97 A 2006-07 (ANUARIO 15-16)                                              ", "xetrs89": 676425, "yetrs89": 4614038, "cod_saih": "A011", "cuenca": "EBRO", "rio": "ebro", "regimen": "desconocido", "sistema": "eje del ebro", "caudal": 1, "inicio": 1991.0, "fin": 2021.0, "url_link": "https://casadoj.github.io/CAMELS-ES/Ebro/Eje Del Ebro/plots/9011.html" }, "geometry": { "type": "Point", "coordinates": [ -0.881063277816055, 41.658572451277998 ] } },
{ "type": "Feature", "properties": { "indroea": 9012, "lugar": "ARDISA", "comentario": null, "serv": 1, "suprest": 2040, "suprcnc": 4009, "hoja_id": 247, "alti": 390.0, "altimax": 3151.0, "naa": 7, "naam": 110, "naai": 57, "num_cuenca": 9322, "muni_id": 22905, "xutm": 685725, "yutm": 4671825, "xutm30": 685725, "yutm30": 4671825, "long": -0.4505, "lat": 42.1033, "longwgs84": -0.451, "latwgs84": 42.1029, "observ1": null, "xetrs89": 685617, "yetrs89": 4671615, "cod_saih": "A012", "cuenca": "EBRO", "rio": "gállego", "regimen": "alterado", "sistema": "gallego-cinca", "caudal": 1, "inicio": 2014.0, "fin": 2021.0, "url_link": "https://casadoj.github.io/CAMELS-ES/Ebro/Gallego-Cinca/plots/9012.html" }, "geometry": { "type": "Point", "coordinates": [ -0.752626782856273, 42.174672855715755 ] } },
{ "type": "Feature", "properties": { "indroea": 9013, "lugar": "GRAUS", "comentario": null, "serv": 1, "suprest": 893, "suprcnc": 1532, "hoja_id": 250, "alti": 450.0, "altimax": 3404.0, "naa": 30, "naam": 83, "naai": 55, "num_cuenca": 9589, "muni_id": 22117, "xutm": 280944, "yutm": 4676145, "xutm30": 776290, "yutm30": 4678160, "long": 0.2048, "lat": 42.1222, "longwgs84": 0.2043, "latwgs84": 42.1218, "observ1": "DATOS 2009-11 PROVISIONALES PENDIENTES DE REVISION. DATOS MODIFICADOS 2019-20 (ANUARIO 2020-21)     ", "xetrs89": 776182, "yetrs89": 4677949, "cod_saih": "A013", "cuenca": "EBRO", "rio": "ésera", "regimen": "alterado", "sistema": "esera-noguera ribagorzana", "caudal": 1, "inicio": 1991.0, "fin": 2021.0, "url_link": "https://casadoj.github.io/CAMELS-ES/Ebro/Esera-Noguera Ribagorzana/plots/9013.html" }, "geometry": { "type": "Point", "coordinates": [ 0.345389219111739, 42.204925200669187 ] } },
{ "type": "Feature", "properties": { "indroea": 9014, "lugar": "HIJAR", "comentario": null, "serv": 1, "suprest": 1419, "suprcnc": 2111, "hoja_id": 441, "alti": 260.0, "altimax": 1597.0, "naa": 28, "naam": 87, "naai": 44, "num_cuenca": 9356, "muni_id": 44122, "xutm": 713736, "yutm": 4561466, "xutm30": 713736, "yutm30": 4561466, "long": -0.2707, "lat": 41.1032, "longwgs84": -0.2712, "latwgs84": 41.1028, "observ1": null, "xetrs89": 713627, "yetrs89": 4561256, "cod_saih": "A014", "cuenca": "EBRO", "rio": "martín", "regimen": "alterado", "sistema": "regadíos del martín", "caudal": 1, "inicio": 1993.0, "fin": 2021.0, "url_link": "https://casadoj.github.io/CAMELS-ES/Ebro/Regadíos Del Martín/plots/9014.html" }, "geometry": { "type": "Point", "coordinates": [ -0.453275839846741, 41.174506278025575 ] } },
{ "type": "Feature", "properties": { "indroea": 9015, "lugar": "ALCAÑIZ", "comentario": null, "serv": 1, "suprest": 3476, "suprcnc": 3892, "hoja_id": 469, "alti": 297.0, "altimax": 1997.0, "naa": 8, "naam": 97, "naai": 46, "num_cuenca": 9377, "muni_id": 44013, "xutm": 741168, "yutm": 4549056, "xutm30": 741168, "yutm30": 4549056, "long": -0.0749, "lat": 41.0323, "longwgs84": -0.0754, "latwgs84": 41.0319, "observ1": null, "xetrs89": 741059, "yetrs89": 4548846, "cod_saih": null, "cuenca": "EBRO", "rio": "guadalope", "regimen": "alterado", "sistema": "demandas santolea - calanda", "caudal": 1, "inicio": 2003.0, "fin": 2011.0, "url_link": "https://casadoj.github.io/CAMELS-ES/Ebro/Demandas Santolea - Calanda/plots/9015.html" }, "geometry": { "type": "Point", "coordinates": [ -0.131488052529303, 41.055165389926245 ] } },
{ "type": "Feature", "properties": { "indroea": 9017, "lugar": "FRAGA", "comentario": null, "serv": 1, "suprest": 9612, "suprcnc": 9699, "hoja_id": 387, "alti": 100.0, "altimax": 3404.0, "naa": 10, "naam": 86, "naai": 42, "num_cuenca": 9626, "muni_id": 22112, "xutm": 276862, "yutm": 4603690, "xutm30": 777281, "yutm30": 4605572, "long": 0.1928, "lat": 41.3311, "longwgs84": 0.1924, "latwgs84": 41.3307, "observ1": "LOS DATOS DE 2009-10 Y 2010-11 SON PROVISIONALES PENDIENTES DE REVISION                             ", "xetrs89": 777173, "yetrs89": 4605362, "cod_saih": "A017", "cuenca": "EBRO", "rio": "cinca", "regimen": "desconocido", "sistema": "riegos del alto aragón", "caudal": 1, "inicio": 2011.0, "fin": 2021.0, "url_link": "https://casadoj.github.io/CAMELS-ES/Ebro/Riegos Del Alto Aragón/plots/9017.html" }, "geometry": { "type": "Point", "coordinates": [ 0.323346190573536, 41.551906797108742 ] } },
{ "type": "Feature", "properties": { "indroea": 9018, "lugar": "JACA", "comentario": null, "serv": 1, "suprest": 238, "suprcnc": 8521, "hoja_id": 176, "alti": 793.0, "altimax": 2886.0, "naa": 30, "naam": 91, "naai": 54, "num_cuenca": 9166, "muni_id": 22130, "xutm": 700812, "yutm": 4717118, "xutm30": 700812, "yutm30": 4717118, "long": -0.3311, "lat": 42.3447, "longwgs84": -0.3316, "latwgs84": 42.3443, "observ1": "LOS DATOS DE 2009-10 Y 2010-11 SON PROVISIONALES PENDIENTES DE REVISION                             ", "xetrs89": 700705, "yetrs89": 4716908, "cod_saih": "A018", "cuenca": "EBRO", "rio": "aragón", "regimen": "natural", "sistema": "aragón-arba", "caudal": 1, "inicio": 1991.0, "fin": 2021.0, "url_link": "https://casadoj.github.io/CAMELS-ES/Ebro/Aragón-Arba/plots/9018.html" }, "geometry": { "type": "Point", "coordinates": [ -0.554329588242927, 42.578492463711108 ] } },
{ "type": "Feature", "properties": { "indroea": 9019, "lugar": "BOSSOST", "comentario": null, "serv": 1, "suprest": 440, "suprcnc": 547, "hoja_id": 148, "alti": 700.0, "altimax": 2749.0, "naa": 7, "naam": 43, "naai": 1, "num_cuenca": 9675, "muni_id": 25059, "xutm": 311242, "yutm": 4739434, "xutm30": 802050, "yutm30": 4743467, "long": 0.4133, "lat": 42.47, "longwgs84": 0.4128, "latwgs84": 42.4656, "observ1": "LOS DATOS DE 2009-10 SON PROVISIONALES PENDIENTES DE REVISION                                       ", "xetrs89": 801942, "yetrs89": 4743254, "cod_saih": "A019", "cuenca": "EBRO", "rio": "garona", "regimen": "desconocido", "sistema": "segre", "caudal": 1, "inicio": 2014.0, "fin": 2021.0, "url_link": "https://casadoj.github.io/CAMELS-ES/Ebro/Segre/plots/9019.html" }, "geometry": { "type": "Point", "coordinates": [ 0.691225364441934, 42.78232721350772 ] } },
{ "type": "Feature", "properties": { "indroea": 9020, "lugar": "PUIGCERDA", "comentario": null, "serv": 1, "suprest": 153, "suprcnc": 157, "hoja_id": 217, "alti": 1189.0, "altimax": 2921.0, "naa": 15, "naam": 85, "naai": 34, "num_cuenca": 9384, "muni_id": 17141, "xutm": 903828, "yutm": 4711283, "xutm30": 903828, "yutm30": 4711283, "long": 1.5436, "lat": 42.2652, "longwgs84": 1.5431, "latwgs84": 42.2649, "observ1": "DATOS MODIFICADOS DE 2008-09 A 2014-15 (ANUARIO 15-16)                                              ", "xetrs89": 903720, "yetrs89": 4711072, "cod_saih": "A020", "cuenca": "EBRO", "rio": "carol o arabo", "regimen": "natural", "sistema": "segre", "caudal": 1, "inicio": 2006.0, "fin": 2021.0, "url_link": "https://casadoj.github.io/CAMELS-ES/Ebro/Segre/plots/9020.html" }, "geometry": { "type": "Point", "coordinates": [ 1.908759517834907, 42.446792734921189 ] } },
{ "type": "Feature", "properties": { "indroea": 9021, "lugar": "PUIGCERDA", "comentario": null, "serv": 1, "suprest": 311, "suprcnc": 22579, "hoja_id": 217, "alti": 1120.0, "altimax": 2909.0, "naa": 4, "naam": 87, "naai": 42, "num_cuenca": 9383, "muni_id": 17141, "xutm": 905987, "yutm": 4708819, "xutm30": 905987, "yutm30": 4708819, "long": 1.5604, "lat": 42.2529, "longwgs84": 1.5559, "latwgs84": 42.2525, "observ1": "LOS DATOS DE 2009-10 Y 2010-11 SON PROVISIONALES PENDIENTES DE REVISION                             ", "xetrs89": 905879, "yetrs89": 4708608, "cod_saih": "A021", "cuenca": "EBRO", "rio": "segre", "regimen": "natural", "sistema": "segre", "caudal": 1, "inicio": 2017.0, "fin": 2021.0, "url_link": "https://casadoj.github.io/CAMELS-ES/Ebro/Segre/plots/9021.html" }, "geometry": { "type": "Point", "coordinates": [ 1.933177529466176, 42.423558501443544 ] } },
{ "type": "Feature", "properties": { "indroea": 9022, "lugar": "SEO DE URGEL", "comentario": null, "serv": 1, "suprest": 559, "suprcnc": 562, "hoja_id": 215, "alti": 697.0, "altimax": 2865.0, "naa": 30, "naam": 104, "naai": 49, "num_cuenca": 9424, "muni_id": 25203, "xutm": 372704, "yutm": 4691171, "xutm30": 866845, "yutm30": 4699632, "long": 1.2715, "lat": 42.2142, "longwgs84": 1.2711, "latwgs84": 42.2138, "observ1": "LOS DATOS DE 2009-10 Y 2010-11 SON PROVISIONALES PENDIENTES DE REVISION                             ", "xetrs89": 866737, "yetrs89": 4699421, "cod_saih": "A022", "cuenca": "EBRO", "rio": "valira", "regimen": "natural", "sistema": "segre", "caudal": 1, "inicio": 1991.0, "fin": 2021.0, "url_link": "https://casadoj.github.io/CAMELS-ES/Ebro/Segre/plots/9022.html" }, "geometry": { "type": "Point", "coordinates": [ 1.453058824161793, 42.360543682017493 ] } },
{ "type": "Feature", "properties": { "indroea": 9023, "lugar": "SEO DE URGEL", "comentario": null, "serv": 1, "suprest": 1233, "suprcnc": 22579, "hoja_id": 215, "alti": 670.0, "altimax": 2921.0, "naa": 30, "naam": 94, "naai": 46, "num_cuenca": 9401, "muni_id": 25203, "xutm": 867444, "yutm": 4698760, "xutm30": 867444, "yutm30": 4698760, "long": 1.2739, "lat": 42.2113, "longwgs84": 1.2735, "latwgs84": 42.2109, "observ1": "LOS DATOS DE 2007-08, 2009-10 Y 2010-11 SON PROVISIONALES PENDIENTES DE REVISION                    ", "xetrs89": 867336, "yetrs89": 4698549, "cod_saih": "A023", "cuenca": "EBRO", "rio": "segre", "regimen": "natural", "sistema": "segre", "caudal": 1, "inicio": 1991.0, "fin": 2021.0, "url_link": "https://casadoj.github.io/CAMELS-ES/Ebro/Segre/plots/9023.html" }, "geometry": { "type": "Point", "coordinates": [ 1.459755977888209, 42.352431735234696 ] } },
{ "type": "Feature", "properties": { "indroea": 9024, "lugar": "LERIDA", "comentario": null, "serv": 1, "suprest": 11369, "suprcnc": 22579, "hoja_id": 388, "alti": 150.0, "altimax": 3205.0, "naa": 9, "naam": 90, "naai": 0, "num_cuenca": 9537, "muni_id": 25120, "xutm": 301654, "yutm": 4609029, "xutm30": 801654, "yutm30": 4612625, "long": 0.3711, "lat": 41.3627, "longwgs84": 0.3707, "latwgs84": 41.3623, "observ1": "LOS DATOS DE 2010-11 SON PROVISIONALES PENDIENTES DE REVISION                                       ", "xetrs89": 801546, "yetrs89": 4612414, "cod_saih": "A024", "cuenca": "EBRO", "rio": "segre", "regimen": "desconocido", "sistema": "regadíos del canal auxiliar de urgell y", "caudal": 1, "inicio": 2012.0, "fin": 2021.0, "url_link": "https://casadoj.github.io/CAMELS-ES/Ebro/Regadíos Del Canal Auxiliar De Urgell Y/plots/9024.html" }, "geometry": { "type": "Point", "coordinates": [ 0.618586679249249, 41.606488818343927 ] } },
{ "type": "Feature", "properties": { "indroea": 9025, "lugar": "SEROS", "comentario": null, "serv": 1, "suprest": 12782, "suprcnc": 22579, "hoja_id": 415, "alti": 85.0, "altimax": 3205.0, "naa": 28, "naam": 93, "naai": 55, "num_cuenca": 9539, "muni_id": 25204, "xutm": 284279, "yutm": 4592313, "xutm30": 785473, "yutm30": 4594733, "long": 0.2503, "lat": 41.271, "longwgs84": 0.2459, "latwgs84": 41.2706, "observ1": "LOS DATOS DE 2009-10 Y 2010-11 SON PROVISIONALES PENDIENTES DE REVISION                             ", "xetrs89": 785365, "yetrs89": 4594523, "cod_saih": "A025", "cuenca": "EBRO", "rio": "segre", "regimen": "desconocido", "sistema": "regadíos del canal auxiliar de urgell y", "caudal": 1, "inicio": 1993.0, "fin": 2021.0, "url_link": "https://casadoj.github.io/CAMELS-ES/Ebro/Regadíos Del Canal Auxiliar De Urgell Y/plots/9025.html" }, "geometry": { "type": "Point", "coordinates": [ 0.416271824335583, 41.45157008331465 ] } },
{ "type": "Feature", "properties": { "indroea": 9026, "lugar": "ARROYO", "comentario": null, "serv": 1, "suprest": 469, "suprcnc": 85001, "hoja_id": 108, "alti": 812.0, "altimax": 2175.0, "naa": 30, "naam": 107, "naai": 55, "num_cuenca": 9007, "muni_id": 39065, "xutm": 413781, "yutm": 4757422, "xutm30": 413781, "yutm30": 4757422, "long": -4.0326, "lat": 42.575, "longwgs84": -4.033, "latwgs84": 42.5746, "observ1": null, "xetrs89": 413674, "yetrs89": 4757216, "cod_saih": "A026", "cuenca": "EBRO", "rio": "ebro", "regimen": "alterado", "sistema": "cabecera del ebro", "caudal": 1, "inicio": 1991.0, "fin": 2021.0, "url_link": "https://casadoj.github.io/CAMELS-ES/Ebro/Cabecera Del Ebro/plots/9026.html" }, "geometry": { "type": "Point", "coordinates": [ -4.058461744544438, 42.962698462137148 ] } },
{ "type": "Feature", "properties": { "indroea": 9027, "lugar": "TORTOSA", "comentario": null, "serv": 1, "suprest": 84230, "suprcnc": 85001, "hoja_id": 522, "alti": 25.0, "altimax": 3404.0, "naa": 30, "naam": 96, "naai": 52, "num_cuenca": 9662, "muni_id": 43155, "xutm": 290895, "yutm": 4521074, "xutm30": 796985, "yutm30": 4524084, "long": 0.3115, "lat": 40.4848, "longwgs84": 0.3111, "latwgs84": 40.4844, "observ1": "DATOS MODIFICADOS 2011-12 Y 2012-13 (ANUARIO 13-14). DATOS DE 2011-12 PENDIENTES DE REVISION        ", "xetrs89": 796876, "yetrs89": 4523874, "cod_saih": "A027", "cuenca": "EBRO", "rio": "ebro", "regimen": "alterado", "sistema": "bajo ebro", "caudal": 1, "inicio": 1991.0, "fin": 2021.0, "url_link": "https://casadoj.github.io/CAMELS-ES/Ebro/Bajo Ebro/plots/9027.html" }, "geometry": { "type": "Point", "coordinates": [ 0.519673249998201, 40.812203789642204 ] } },
{ "type": "Feature", "properties": { "indroea": 9030, "lugar": "SANTOLEA", "comentario": "INT 2010                                                              ", "serv": 0, "suprest": 1002, "suprcnc": 3892, "hoja_id": 519, "alti": 584.0, "altimax": 1997.0, "naa": 15, "naam": 63, "naai": 40, "num_cuenca": 9364, "muni_id": 44071, "xutm": 722311, "yutm": 4513402, "xutm30": 722311, "yutm30": 4513402, "long": -0.2202, "lat": 40.4427, "longwgs84": -0.2206, "latwgs84": 40.4423, "observ1": "LOS DATOS DE 2009-10 Y 2010-11 SON PROVISIONALES PENDIENTES DE REVISION                             ", "xetrs89": 722202, "yetrs89": 4513193, "cod_saih": "A030", "cuenca": "EBRO", "rio": "guadalope", "regimen": "natural", "sistema": "guadalope", "caudal": 1, "inicio": 1995.0, "fin": 2010.0, "url_link": "https://casadoj.github.io/CAMELS-ES/Ebro/Guadalope/plots/9030.html" }, "geometry": { "type": "Point", "coordinates": [ -0.368396969036696, 40.739695709912745 ] } },
{ "type": "Feature", "properties": { "indroea": 9031, "lugar": "ZORITA", "comentario": null, "serv": 1, "suprest": 1038, "suprcnc": 1213, "hoja_id": 520, "alti": 570.0, "altimax": 1762.0, "naa": 30, "naam": 57, "naai": 26, "num_cuenca": 9370, "muni_id": 12141, "xutm": 740130, "yutm": 4518312, "xutm30": 740130, "yutm30": 4518312, "long": -0.0916, "lat": 40.4648, "longwgs84": -0.0921, "latwgs84": 40.4644, "observ1": "LOS DATOS DE 2009-10 Y 2010-11 SON PROVISIONALES PENDIENTES DE REVISION                             ", "xetrs89": 740021, "yetrs89": 4518102, "cod_saih": "A031", "cuenca": "EBRO", "rio": "bergantes", "regimen": "natural", "sistema": "guadalope", "caudal": 1, "inicio": 1991.0, "fin": 2021.0, "url_link": "https://casadoj.github.io/CAMELS-ES/Ebro/Guadalope/plots/9031.html" }, "geometry": { "type": "Point", "coordinates": [ -0.155716025548237, 40.778862129528655 ] } },
{ "type": "Feature", "properties": { "indroea": 9032, "lugar": "PERALTA DE ALCOFEA", "comentario": null, "serv": 1, "suprest": 362, "suprcnc": 362, "hoja_id": 325, "alti": 310.0, "altimax": 2077.0, "naa": 24, "naam": 81, "naai": 28, "num_cuenca": 9618, "muni_id": 22124, "xutm": 738321, "yutm": 4643896, "xutm30": 738321, "yutm30": 4643896, "long": -0.0736, "lat": 41.5437, "longwgs84": -0.0741, "latwgs84": 41.5433, "observ1": "LOS DATOS DE 2009-10 Y 2010-11 SON PROVISIONALES PENDIENTES DE REVISION                             ", "xetrs89": 738213, "yetrs89": 4643686, "cod_saih": "A032", "cuenca": "EBRO", "rio": "guatizalema", "regimen": "alterado", "sistema": "riegos del alto aragón", "caudal": 1, "inicio": 1997.0, "fin": 2021.0, "url_link": "https://casadoj.github.io/CAMELS-ES/Ebro/Riegos Del Alto Aragón/plots/9032.html" }, "geometry": { "type": "Point", "coordinates": [ -0.127854322699967, 41.909211299982118 ] } },
{ "type": "Feature", "properties": { "indroea": 9033, "lugar": "PERALTA DE ALCOFEA", "comentario": null, "serv": 1, "suprest": 765, "suprcnc": 3385, "hoja_id": 325, "alti": 310.0, "altimax": 2077.0, "naa": 28, "naam": 82, "naai": 28, "num_cuenca": 9615, "muni_id": 22124, "xutm": 738512, "yutm": 4644293, "xutm30": 738512, "yutm30": 4644293, "long": -0.0727, "lat": 41.545, "longwgs84": -0.0732, "latwgs84": 41.5446, "observ1": "LOS DATOS DE 2009-10 Y 2010-11 SON PROVISIONALES PENDIENTES DE REVISION                             ", "xetrs89": 738404, "yetrs89": 4644083, "cod_saih": "A033", "cuenca": "EBRO", "rio": "alcanadre", "regimen": "natural", "sistema": "riegos del alto aragón", "caudal": 1, "inicio": 1993.0, "fin": 2021.0, "url_link": "https://casadoj.github.io/CAMELS-ES/Ebro/Riegos Del Alto Aragón/plots/9033.html" }, "geometry": { "type": "Point", "coordinates": [ -0.125393867062023, 41.912724893812928 ] } },
{ "type": "Feature", "properties": { "indroea": 9034, "lugar": "MANSILLA", "comentario": null, "serv": 1, "suprest": 242, "suprcnc": 1100, "hoja_id": 278, "alti": 860.0, "altimax": 2093.0, "naa": 30, "naam": 91, "naai": 41, "num_cuenca": 9106, "muni_id": 26093, "xutm": 507822, "yutm": 4667930, "xutm30": 507822, "yutm30": 4667930, "long": -2.5419, "lat": 42.0946, "longwgs84": -2.5424, "latwgs84": 42.0942, "observ1": "LOS DATOS DE 2009-10 Y 2010-11 SON PROVISIONALES PENDIENTES DE REVISION                             ", "xetrs89": 507714, "yetrs89": 4667722, "cod_saih": "A034", "cuenca": "EBRO", "rio": "najerilla", "regimen": "alterado", "sistema": "cuenca del najerilla", "caudal": 1, "inicio": 1991.0, "fin": 2021.0, "url_link": "https://casadoj.github.io/CAMELS-ES/Ebro/Cuenca Del Najerilla/plots/9034.html" }, "geometry": { "type": "Point", "coordinates": [ -2.906618949185416, 42.161591349532159 ] } },
{ "type": "Feature", "properties": { "indroea": 9035, "lugar": "VILLOSLADA DE CAMEROS", "comentario": null, "serv": 1, "suprest": 285, "suprcnc": 692, "hoja_id": 279, "alti": 990.0, "altimax": 2168.0, "naa": 29, "naam": 87, "naai": 44, "num_cuenca": 9132, "muni_id": 26177, "xutm": 528765, "yutm": 4664016, "xutm30": 528765, "yutm30": 4664016, "long": -2.3907, "lat": 42.0737, "longwgs84": -2.3912, "latwgs84": 42.0733, "observ1": "LOS DATOS DE 2009-10 Y 2010-11 SON PROVISIONALES PENDIENTES DE REVISION                             ", "xetrs89": 528657, "yetrs89": 4663808, "cod_saih": "A035", "cuenca": "EBRO", "rio": "iregua", "regimen": "alterado", "sistema": "cuenca del iregua", "caudal": 1, "inicio": 1992.0, "fin": 2021.0, "url_link": "https://casadoj.github.io/CAMELS-ES/Ebro/Cuenca Del Iregua/plots/9035.html" }, "geometry": { "type": "Point", "coordinates": [ -2.653290802266717, 42.125854337527869 ] } },
{ "type": "Feature", "properties": { "indroea": 9036, "lugar": "ISLALLANA", "comentario": null, "serv": 1, "suprest": 573, "suprcnc": 692, "hoja_id": 242, "alti": 565.0, "altimax": 2168.0, "naa": 24, "naam": 91, "naai": 57, "num_cuenca": 9134, "muni_id": 26103, "xutm": 539195, "yutm": 4685352, "xutm30": 539195, "yutm30": 4685352, "long": -2.3128, "lat": 42.1907, "longwgs84": -2.3132, "latwgs84": 42.1903, "observ1": "LOS DATOS DE 2009-10 Y 2010-11 SON PROVISIONALES PENDIENTES DE REVISION                             ", "xetrs89": 539088, "yetrs89": 4685144, "cod_saih": "A036", "cuenca": "EBRO", "rio": "iregua", "regimen": "alterado", "sistema": "regadíos iregua y abastecimiento de log", "caudal": 1, "inicio": 1997.0, "fin": 2021.0, "url_link": "https://casadoj.github.io/CAMELS-ES/Ebro/Regadíos Iregua Y Abastecimiento De Log/plots/9036.html" }, "geometry": { "type": "Point", "coordinates": [ -2.525657976667177, 42.317555864757615 ] } },
{ "type": "Feature", "properties": { "indroea": 9038, "lugar": "TORREMONTALVO", "comentario": null, "serv": 1, "suprest": 1090, "suprcnc": 1100, "hoja_id": 203, "alti": 420.0, "altimax": 2202.0, "naa": 28, "naam": 79, "naai": 48, "num_cuenca": 9124, "muni_id": 26046, "xutm": 526066, "yutm": 4705363, "xutm30": 526066, "yutm30": 4705363, "long": -2.4058, "lat": 42.2958, "longwgs84": -2.4103, "latwgs84": 42.2954, "observ1": "DATOS 2009-11 PROVISIONALES PENDIENTES DE REVISION. DATOS MODIFICADOS 2019-20 (ANUARIO 2020-21)     ", "xetrs89": 525959, "yetrs89": 4705155, "cod_saih": "A038", "cuenca": "EBRO", "rio": "najerilla", "regimen": "alterado", "sistema": "regadíos del najerilla", "caudal": 1, "inicio": 1991.0, "fin": 2019.0, "url_link": "https://casadoj.github.io/CAMELS-ES/Ebro/Regadíos Del Najerilla/plots/9038.html" }, "geometry": { "type": "Point", "coordinates": [ -2.684075505249686, 42.498321042640129 ] } },
{ "type": "Feature", "properties": { "indroea": 9039, "lugar": "ORTIGOSA", "comentario": null, "serv": 1, "suprest": 45, "suprcnc": 47, "hoja_id": 241, "alti": 935.0, "altimax": 1772.0, "naa": 24, "naam": 90, "naai": 50, "num_cuenca": 9133, "muni_id": 26169, "xutm": 527238, "yutm": 4669027, "xutm30": 527238, "yutm30": 4669027, "long": -2.4013, "lat": 42.102, "longwgs84": -2.4018, "latwgs84": 42.1016, "observ1": "LOS DATOS DE 2009-10 Y 2010-11 SON PROVISIONALES PENDIENTES DE REVISION                             ", "xetrs89": 527130, "yetrs89": 4668819, "cod_saih": "A039", "cuenca": "EBRO", "rio": "albercos", "regimen": "alterado", "sistema": "cuenca del iregua", "caudal": 1, "inicio": 1997.0, "fin": 2021.0, "url_link": "https://casadoj.github.io/CAMELS-ES/Ebro/Cuenca Del Iregua/plots/9039.html" }, "geometry": { "type": "Point", "coordinates": [ -2.671531811778387, 42.171039169532428 ] } },
{ "type": "Feature", "properties": { "indroea": 9040, "lugar": "BOLTAÑA", "comentario": null, "serv": 1, "suprest": 626, "suprcnc": 718, "hoja_id": 211, "alti": 680.0, "altimax": 3355.0, "naa": 24, "naam": 78, "naai": 24, "num_cuenca": 9561, "muni_id": 22066, "xutm": 317354, "yutm": 4700803, "xutm30": 753305, "yutm30": 4703010, "long": 0.4646, "lat": 42.2614, "longwgs84": 0.4642, "latwgs84": 42.261, "observ1": "LOS DATOS DE 2009-10 Y 2010-11 SON PROVISIONALES PENDIENTES DE REVISION                             ", "xetrs89": 753198, "yetrs89": 4702800, "cod_saih": "A040", "cuenca": "EBRO", "rio": "ara", "regimen": "natural", "sistema": "gallego-cinca", "caudal": 1, "inicio": 1997.0, "fin": 2021.0, "url_link": "https://casadoj.github.io/CAMELS-ES/Ebro/Gallego-Cinca/plots/9040.html" }, "geometry": { "type": "Point", "coordinates": [ 0.078274569572817, 42.436193423878706 ] } },
{ "type": "Feature", "properties": { "indroea": 9041, "lugar": "NAVARRETE DEL RIO", "comentario": null, "serv": 1, "suprest": 364, "suprcnc": 465, "hoja_id": 491, "alti": 904.0, "altimax": 1496.0, "naa": 30, "naam": 89, "naai": 17, "num_cuenca": 9276, "muni_id": 44050, "xutm": 646619, "yutm": 4532671, "xutm30": 646619, "yutm30": 4532671, "long": -1.1531, "lat": 40.5553, "longwgs84": -1.1536, "latwgs84": 40.5549, "observ1": "LOS DATOS DE 2009-10 Y 2010-11 SON PROVISIONALES PENDIENTES DE REVISION                             ", "xetrs89": 646510, "yetrs89": 4532462, "cod_saih": "A041", "cuenca": "EBRO", "rio": "pancrudo", "regimen": "natural", "sistema": "jalón", "caudal": 1, "inicio": 1991.0, "fin": 2021.0, "url_link": "https://casadoj.github.io/CAMELS-ES/Ebro/Jalón/plots/9041.html" }, "geometry": { "type": "Point", "coordinates": [ -1.259813021929891, 40.930159403939847 ] } },
{ "type": "Feature", "properties": { "indroea": 9042, "lugar": "CALAMOCHA", "comentario": null, "serv": 1, "suprest": 1498, "suprcnc": 2597, "hoja_id": 491, "alti": 883.0, "altimax": 1605.0, "naa": 30, "naam": 86, "naai": 34, "num_cuenca": 9275, "muni_id": 44050, "xutm": 643199, "yutm": 4531928, "xutm30": 643199, "yutm30": 4531928, "long": -1.1758, "lat": 40.5531, "longwgs84": -1.1802, "latwgs84": 40.5527, "observ1": "LOS DATOS DE 2009-10 Y 2010-11 SON PROVISIONALES PENDIENTES DE REVISION                             ", "xetrs89": 643090, "yetrs89": 4531719, "cod_saih": "A042", "cuenca": "EBRO", "rio": "jiloca", "regimen": "natural", "sistema": "jalón", "caudal": 1, "inicio": 1991.0, "fin": 2021.0, "url_link": "https://casadoj.github.io/CAMELS-ES/Ebro/Jalón/plots/9042.html" }, "geometry": { "type": "Point", "coordinates": [ -1.300588607538202, 40.924074934171458 ] } },
{ "type": "Feature", "properties": { "indroea": 9043, "lugar": "SAN PEDRO MANRIQUE", "comentario": null, "serv": 1, "suprest": 105, "suprcnc": 365, "hoja_id": 280, "alti": 1060.0, "altimax": 1709.0, "naa": 30, "naam": 73, "naai": 27, "num_cuenca": 9237, "muni_id": 42165, "xutm": 564440, "yutm": 4652433, "xutm30": 564440, "yutm30": 4652433, "long": -2.1318, "lat": 42.0114, "longwgs84": -2.1323, "latwgs84": 42.011, "observ1": null, "xetrs89": 564332, "yetrs89": 4652224, "cod_saih": "A043", "cuenca": "EBRO", "rio": "linares", "regimen": "natural", "sistema": "cuenca desde leza a huecha", "caudal": 1, "inicio": 1991.0, "fin": 2021.0, "url_link": "https://casadoj.github.io/CAMELS-ES/Ebro/Cuenca Desde Leza A Huecha/plots/9043.html" }, "geometry": { "type": "Point", "coordinates": [ -2.222975057663167, 42.01941622849175 ] } },
{ "type": "Feature", "properties": { "indroea": 9044, "lugar": "YANGUAS", "comentario": null, "serv": 1, "suprest": 223, "suprcnc": 692, "hoja_id": 280, "alti": 940.0, "altimax": 1792.0, "naa": 18, "naam": 86, "naai": 56, "num_cuenca": 9158, "muni_id": 42218, "xutm": 555320, "yutm": 4661829, "xutm30": 555320, "yutm30": 4661829, "long": -2.1951, "lat": 42.0621, "longwgs84": -2.1956, "latwgs84": 42.0617, "observ1": "DATOS MODIFICADO DESDE 02-11-2012 A 30-09-2021 (ANUARIO 2020-21)                                    ", "xetrs89": 555212, "yetrs89": 4661621, "cod_saih": "A044", "cuenca": "EBRO", "rio": "cidacos", "regimen": "natural", "sistema": "cuenca desde leza a huecha", "caudal": 1, "inicio": 1995.0, "fin": 2013.0, "url_link": "https://casadoj.github.io/CAMELS-ES/Ebro/Cuenca Desde Leza A Huecha/plots/9044.html" }, "geometry": { "type": "Point", "coordinates": [ -2.332235679669308, 42.104738010866129 ] } },
{ "type": "Feature", "properties": { "indroea": 9046, "lugar": "LECINA", "comentario": null, "serv": 1, "suprest": 110, "suprcnc": 372, "hoja_id": 249, "alti": 630.0, "altimax": 1441.0, "naa": 30, "naam": 81, "naai": 40, "num_cuenca": 9599, "muni_id": 22051, "xutm": 255951, "yutm": 4678475, "xutm30": 751189, "yutm30": 4678726, "long": 0.0236, "lat": 42.1311, "longwgs84": 0.0231, "latwgs84": 42.1307, "observ1": null, "xetrs89": 751082, "yetrs89": 4678516, "cod_saih": null, "cuenca": "EBRO", "rio": "vero", "regimen": "natural", "sistema": "gallego-cinca", "caudal": 1, "inicio": 1991.0, "fin": 2021.0, "url_link": "https://casadoj.github.io/CAMELS-ES/Ebro/Gallego-Cinca/plots/9046.html" }, "geometry": { "type": "Point", "coordinates": [ 0.042034008942033, 42.218485565381819 ] } },
{ "type": "Feature", "properties": { "indroea": 9047, "lugar": "CAPELLA", "comentario": null, "serv": 1, "suprest": 426, "suprcnc": 446, "hoja_id": 250, "alti": 485.0, "altimax": 2728.0, "naa": 28, "naam": 82, "naai": 46, "num_cuenca": 9594, "muni_id": 22080, "xutm": 780464, "yutm": 4677088, "xutm30": 780464, "yutm30": 4677088, "long": 0.2348, "lat": 42.1142, "longwgs84": 0.2343, "latwgs84": 42.1138, "observ1": "LOS DATOS DE 2009-10 Y 2010-11 SON PROVISIONALES PENDIENTES DE REVISION                             ", "xetrs89": 780356, "yetrs89": 4676877, "cod_saih": "A047", "cuenca": "EBRO", "rio": "isábena", "regimen": "natural", "sistema": "esera-noguera ribagorzana", "caudal": 1, "inicio": 1993.0, "fin": 2021.0, "url_link": "https://casadoj.github.io/CAMELS-ES/Ebro/Esera-Noguera Ribagorzana/plots/9047.html" }, "geometry": { "type": "Point", "coordinates": [ 0.39534684681112, 42.193802587381782 ] } },
{ "type": "Feature", "properties": { "indroea": 9048, "lugar": "ANGUIANO", "comentario": null, "serv": 1, "suprest": 541, "suprcnc": 1100, "hoja_id": 241, "alti": 630.0, "altimax": 2262.0, "naa": 11, "naam": 87, "naai": 51, "num_cuenca": 9116, "muni_id": 26014, "xutm": 518412, "yutm": 4678452, "xutm30": 518412, "yutm30": 4678452, "long": -2.4636, "lat": 42.1526, "longwgs84": -2.4641, "latwgs84": 42.1522, "observ1": "DATOS MODIFICADOS 2019-20 (ANUARIO 2020-21)                                                         ", "xetrs89": 518304, "yetrs89": 4678244, "cod_saih": "A048", "cuenca": "EBRO", "rio": "najerilla", "regimen": "alterado", "sistema": "cuenca del najerilla", "caudal": 1, "inicio": 2005.0, "fin": 2016.0, "url_link": "https://casadoj.github.io/CAMELS-ES/Ebro/Cuenca Del Najerilla/plots/9048.html" }, "geometry": { "type": "Point", "coordinates": [ -2.778092002728779, 42.256179375943503 ] } },
{ "type": "Feature", "properties": { "indroea": 9050, "lugar": "CUZCURRITA", "comentario": null, "serv": 1, "suprest": 698, "suprcnc": 1243, "hoja_id": 169, "alti": 526.0, "altimax": 2085.0, "naa": 5, "naam": 86, "naai": 52, "num_cuenca": 9090, "muni_id": 26056, "xutm": 499936, "yutm": 4708206, "xutm30": 499936, "yutm30": 4708206, "long": -3.0003, "lat": 42.3132, "longwgs84": -3.0008, "latwgs84": 42.3128, "observ1": "LOS DATOS DE 2009-10 Y 2010-11 SON PROVISIONALES PENDIENTES DE REVISION                             ", "xetrs89": 499829, "yetrs89": 4707998, "cod_saih": "A050", "cuenca": "EBRO", "rio": "tirón", "regimen": "natural", "sistema": "cuenca del najerilla", "caudal": 1, "inicio": 2016.0, "fin": 2021.0, "url_link": "https://casadoj.github.io/CAMELS-ES/Ebro/Cuenca Del Najerilla/plots/9050.html" }, "geometry": { "type": "Point", "coordinates": [ -3.002081957780836, 42.524360116436192 ] } },
{ "type": "Feature", "properties": { "indroea": 9051, "lugar": "ESCALONA", "comentario": null, "serv": 1, "suprest": 835, "suprcnc": 9699, "hoja_id": 211, "alti": 530.0, "altimax": 3355.0, "naa": 11, "naam": 57, "naai": 0, "num_cuenca": 9556, "muni_id": 22189, "xutm": 265851, "yutm": 4706992, "xutm30": 759055, "yutm30": 4707873, "long": 0.0905, "lat": 42.2845, "longwgs84": 0.0901, "latwgs84": 42.2841, "observ1": "DATOS DE 2005-09 PENDIENTES DE REVISION. DATOS MODIFICADOS 2009-13 (ANUARIO 13-14)                  ", "xetrs89": 758948, "yetrs89": 4707662, "cod_saih": "A051", "cuenca": "EBRO", "rio": "cinca", "regimen": "alterado", "sistema": "gallego-cinca", "caudal": 1, "inicio": 2010.0, "fin": 2021.0, "url_link": "https://casadoj.github.io/CAMELS-ES/Ebro/Gallego-Cinca/plots/9051.html" }, "geometry": { "type": "Point", "coordinates": [ 0.150272060290167, 42.478016448249726 ] } },
{ "type": "Feature", "properties": { "indroea": 9052, "lugar": "BECEITE", "comentario": null, "serv": 1, "suprest": 48, "suprcnc": 1727, "hoja_id": 521, "alti": 580.0, "altimax": 1339.0, "naa": 30, "naam": 87, "naai": 49, "num_cuenca": 9629, "muni_id": 44037, "xutm": 768746, "yutm": 4524361, "xutm30": 768746, "yutm30": 4524361, "long": 0.1112, "lat": 40.4932, "longwgs84": 0.1108, "latwgs84": 40.4928, "observ1": "LOS DATOS DE 2009-10 A 2010-11 SON PROVISIONALES PENDIENTES DE REVISION                             ", "xetrs89": 768637, "yetrs89": 4524151, "cod_saih": "A052", "cuenca": "EBRO", "rio": "matarraña", "regimen": "natural", "sistema": "matarraña", "caudal": 1, "inicio": 1991.0, "fin": 2021.0, "url_link": "https://casadoj.github.io/CAMELS-ES/Ebro/Matarraña/plots/9052.html" }, "geometry": { "type": "Point", "coordinates": [ 0.185518339206714, 40.82441943056179 ] } },
{ "type": "Feature", "properties": { "indroea": 9055, "lugar": "MORATA DE JILOCA", "comentario": null, "serv": 1, "suprest": 2502, "suprcnc": 2597, "hoja_id": 437, "alti": 636.0, "altimax": 1605.0, "naa": 30, "naam": 80, "naai": 27, "num_cuenca": 9277, "muni_id": 50176, "xutm": 618695, "yutm": 4567865, "xutm30": 618695, "yutm30": 4567865, "long": -1.346, "lat": 41.151, "longwgs84": -1.3505, "latwgs84": 41.1506, "observ1": "LOS DATOS DE 2005-06, 2009-10 Y 2010-11 SON PROVISIONALES PENDIENTES DE REVISION                    ", "xetrs89": 618586, "yetrs89": 4567656, "cod_saih": "A055", "cuenca": "EBRO", "rio": "jiloca", "regimen": "natural", "sistema": "jalón", "caudal": 1, "inicio": 1991.0, "fin": 2021.0, "url_link": "https://casadoj.github.io/CAMELS-ES/Ebro/Jalón/plots/9055.html" }, "geometry": { "type": "Point", "coordinates": [ -1.584588736495585, 41.251621856875005 ] } },
{ "type": "Feature", "properties": { "indroea": 9056, "lugar": "JARABA", "comentario": null, "serv": 1, "suprest": 537, "suprcnc": 622, "hoja_id": 436, "alti": 756.0, "altimax": 1518.0, "naa": 11, "naam": 66, "naai": 35, "num_cuenca": 9270, "muni_id": 50129, "xutm": 594330, "yutm": 4560767, "xutm30": 594330, "yutm30": 4560767, "long": -1.5231, "lat": 41.1131, "longwgs84": -1.5235, "latwgs84": 41.1127, "observ1": "LOS DATOS DE 2009-10 Y 2010-11 SON PROVISIONALES PENDIENTES DE REVISION                             ", "xetrs89": 594221, "yetrs89": 4560558, "cod_saih": "A056", "cuenca": "EBRO", "rio": "mesa", "regimen": "natural", "sistema": "jalón", "caudal": 1, "inicio": 2010.0, "fin": 2021.0, "url_link": "https://casadoj.github.io/CAMELS-ES/Ebro/Jalón/plots/9056.html" }, "geometry": { "type": "Point", "coordinates": [ -1.876437160486876, 41.190903836845557 ] } },
{ "type": "Feature", "properties": { "indroea": 9057, "lugar": "EMBID DE ARIZA", "comentario": null, "serv": 1, "suprest": 207, "suprcnc": 253, "hoja_id": 408, "alti": 778.0, "altimax": 1309.0, "naa": 5, "naam": 85, "naai": 25, "num_cuenca": 9261, "muni_id": 50096, "xutm": 585042, "yutm": 4582369, "xutm30": 585042, "yutm30": 4582369, "long": -1.5858, "lat": 41.2315, "longwgs84": -1.5903, "latwgs84": 41.2311, "observ1": "LOS DATOS DE 2009-10 Y 2010-11 SON PROVISIONALES PENDIENTES DE REVISION                             ", "xetrs89": 584934, "yetrs89": 4582160, "cod_saih": "A057", "cuenca": "EBRO", "rio": "deza", "regimen": "natural", "sistema": "jalón", "caudal": 1, "inicio": 2016.0, "fin": 2021.0, "url_link": "https://casadoj.github.io/CAMELS-ES/Ebro/Jalón/plots/9057.html" }, "geometry": { "type": "Point", "coordinates": [ -1.984151312365825, 41.386486556430242 ] } },
{ "type": "Feature", "properties": { "indroea": 9058, "lugar": "JUBERA", "comentario": null, "serv": 1, "suprest": 196, "suprcnc": 9718, "hoja_id": 435, "alti": 892.0, "altimax": 1309.0, "naa": 30, "naam": 86, "naai": 54, "num_cuenca": 9256, "muni_id": 42025, "xutm": 555582, "yutm": 4561001, "xutm30": 555582, "yutm30": 4561001, "long": -2.2014, "lat": 41.1152, "longwgs84": -2.2018, "latwgs84": 41.1148, "observ1": "LOS DATOS DE 2009-10 SON PROVISIONALES PENDIENTES DE REVISION                                       ", "xetrs89": 555473, "yetrs89": 4560792, "cod_saih": "A058", "cuenca": "EBRO", "rio": "jalón", "regimen": "natural", "sistema": "jalón", "caudal": 1, "inicio": 1991.0, "fin": 2021.0, "url_link": "https://casadoj.github.io/CAMELS-ES/Ebro/Jalón/plots/9058.html" }, "geometry": { "type": "Point", "coordinates": [ -2.338436772144704, 41.196592417113742 ] } },
{ "type": "Feature", "properties": { "indroea": 9059, "lugar": "STA. EULALIA DE GALLEGO", "comentario": null, "serv": 1, "suprest": 1901, "suprcnc": 4009, "hoja_id": 247, "alti": 427.0, "altimax": 3151.0, "naa": 16, "naam": 81, "naai": 54, "num_cuenca": 9322, "muni_id": 50185, "xutm": 685574, "yutm": 4682553, "xutm30": 685574, "yutm30": 4682553, "long": -0.4459, "lat": 42.1621, "longwgs84": -0.4504, "latwgs84": 42.1617, "observ1": "LOS DATOS DE 2009-10 Y 2010-11 SON PROVISIONALES PENDIENTES DE REVISION                             ", "xetrs89": 685467, "yetrs89": 4682343, "cod_saih": "A059", "cuenca": "EBRO", "rio": "gállego", "regimen": "desconocido", "sistema": "gallego-cinca", "caudal": 1, "inicio": 2005.0, "fin": 2021.0, "url_link": "https://casadoj.github.io/CAMELS-ES/Ebro/Gallego-Cinca/plots/9059.html" }, "geometry": { "type": "Point", "coordinates": [ -0.751016091211358, 42.271253712647905 ] } },
{ "type": "Feature", "properties": { "indroea": 9060, "lugar": "GALLUR", "comentario": "INT 2017                                                              ", "serv": 0, "suprest": 2249, "suprcnc": 2249, "hoja_id": 321, "alti": 230.0, "altimax": 1517.0, "naa": 4, "naam": 45, "naai": 33, "num_cuenca": 9254, "muni_id": 50118, "xutm": 640687, "yutm": 4638693, "xutm30": 640687, "yutm30": 4638693, "long": -1.1816, "lat": 41.5313, "longwgs84": -1.182, "latwgs84": 41.5309, "observ1": "DATOS 2009-10 Y 2010-11 SON PROVISIONALES. EN AVENIDAS DE FEB Y MAR 2015 DATOS PROCEDEN DE EST. 9260", "xetrs89": 640579, "yetrs89": 4638484, "cod_saih": "A060", "cuenca": "EBRO", "rio": "arba de luesia", "regimen": "natural", "sistema": "eje del ebro", "caudal": 1, "inicio": 2011.0, "fin": 2015.0, "url_link": "https://casadoj.github.io/CAMELS-ES/Ebro/Eje Del Ebro/plots/9060.html" }, "geometry": { "type": "Point", "coordinates": [ -1.30560097347375, 41.885792036559153 ] } },
{ "type": "Feature", "properties": { "indroea": 9061, "lugar": "JAVIERREGAY", "comentario": null, "serv": 1, "suprest": 348, "suprcnc": 359, "hoja_id": 176, "alti": 630.0, "altimax": 2668.0, "naa": 30, "naam": 60, "naai": 33, "num_cuenca": 9175, "muni_id": 22902, "xutm": 684393, "yutm": 4716479, "xutm30": 684393, "yutm30": 4716479, "long": -0.4512, "lat": 42.3441, "longwgs84": -0.4516, "latwgs84": 42.3437, "observ1": "LOS DATOS DE 2008-09 A 2010-11 SON PROVISIONALES PENDIENTES DE REVISION                             ", "xetrs89": 684286, "yetrs89": 4716269, "cod_saih": "A061", "cuenca": "EBRO", "rio": "subordán", "regimen": "natural", "sistema": "aragón-arba", "caudal": 1, "inicio": 1991.0, "fin": 2021.0, "url_link": "https://casadoj.github.io/CAMELS-ES/Ebro/Aragón-Arba/plots/9061.html" }, "geometry": { "type": "Point", "coordinates": [ -0.754451875499574, 42.57683715306176 ] } },
{ "type": "Feature", "properties": { "indroea": 9062, "lugar": "BINIES", "comentario": null, "serv": 1, "suprest": 161, "suprcnc": 271, "hoja_id": 176, "alti": 650.0, "altimax": 2366.0, "naa": 10, "naam": 89, "naai": 45, "num_cuenca": 9177, "muni_id": 22076, "xutm": 681570, "yutm": 4725183, "xutm30": 681570, "yutm30": 4725183, "long": -0.4705, "lat": 42.3925, "longwgs84": -0.471, "latwgs84": 42.3921, "observ1": "LOS DATOS DE 2008-09 A 2010-11 SON PROVISIONALES PENDIENTES DE REVISION                             ", "xetrs89": 681463, "yetrs89": 4724973, "cod_saih": "A062", "cuenca": "EBRO", "rio": "veral", "regimen": "natural", "sistema": "aragón-arba", "caudal": 1, "inicio": 2011.0, "fin": 2021.0, "url_link": "https://casadoj.github.io/CAMELS-ES/Ebro/Aragón-Arba/plots/9062.html" }, "geometry": { "type": "Point", "coordinates": [ -0.786051105097637, 42.655832990326424 ] } },
{ "type": "Feature", "properties": { "indroea": 9063, "lugar": "SIGÜES", "comentario": null, "serv": 1, "suprest": 506, "suprcnc": 526, "hoja_id": 175, "alti": 595.0, "altimax": 2100.0, "naa": 30, "naam": 86, "naai": 52, "num_cuenca": 9185, "muni_id": 50245, "xutm": 663062, "yutm": 4723515, "xutm30": 663062, "yutm30": 4723515, "long": -1.0039, "lat": 42.3846, "longwgs84": -1.0044, "latwgs84": 42.3842, "observ1": "LOS DATOS DE 2008-09 A 2010-11 SON PROVISIONALES PENDIENTES DE REVISION                             ", "xetrs89": 662955, "yetrs89": 4723305, "cod_saih": "A063", "cuenca": "EBRO", "rio": "esca", "regimen": "natural", "sistema": "aragón-arba", "caudal": 1, "inicio": 1991.0, "fin": 2021.0, "url_link": "https://casadoj.github.io/CAMELS-ES/Ebro/Aragón-Arba/plots/9063.html" }, "geometry": { "type": "Point", "coordinates": [ -1.012197302650514, 42.644961502902056 ] } },
{ "type": "Feature", "properties": { "indroea": 9064, "lugar": "ASPURZ", "comentario": null, "serv": 1, "suprest": 396, "suprcnc": 533, "hoja_id": 143, "alti": 547.0, "altimax": 1656.0, "naa": 17, "naam": 85, "naai": 48, "num_cuenca": 9202, "muni_id": 31181, "xutm": 650754, "yutm": 4730933, "xutm30": 650754, "yutm30": 4730933, "long": -1.0933, "lat": 42.4255, "longwgs84": -1.0937, "latwgs84": 42.4251, "observ1": "LOS DATOS DE 2009-10 Y 2010-11 SON PROVISIONALES PENDIENTES DE REVISION                             ", "xetrs89": 650647, "yetrs89": 4730723, "cod_saih": "A064", "cuenca": "EBRO", "rio": "salazar", "regimen": "natural", "sistema": "irati-arga-ega", "caudal": 1, "inicio": 2004.0, "fin": 2021.0, "url_link": "https://casadoj.github.io/CAMELS-ES/Ebro/Irati-Arga-Ega/plots/9064.html" }, "geometry": { "type": "Point", "coordinates": [ -1.160288411584358, 42.714236952885628 ] } },
{ "type": "Feature", "properties": { "indroea": 9065, "lugar": "LIEDENA", "comentario": null, "serv": 1, "suprest": 1546, "suprcnc": 1561, "hoja_id": 174, "alti": 412.0, "altimax": 2021.0, "naa": 16, "naam": 91, "naai": 57, "num_cuenca": 9203, "muni_id": 31155, "xutm": 639935, "yutm": 4720646, "xutm30": 639935, "yutm30": 4720646, "long": -1.1737, "lat": 42.3729, "longwgs84": -1.1742, "latwgs84": 42.3725, "observ1": "LOS DATOS DE 2009-10 Y 2010-11 SON PROVISIONALES PENDIENTES DE REVISION                             ", "xetrs89": 639828, "yetrs89": 4720436, "cod_saih": "A065", "cuenca": "EBRO", "rio": "irati", "regimen": "desconocido", "sistema": "irati-arga-ega", "caudal": 1, "inicio": 2005.0, "fin": 2021.0, "url_link": "https://casadoj.github.io/CAMELS-ES/Ebro/Irati-Arga-Ega/plots/9065.html" }, "geometry": { "type": "Point", "coordinates": [ -1.294885052902616, 42.623683070193678 ] } },
{ "type": "Feature", "properties": { "indroea": 9066, "lugar": "ARIVE", "comentario": null, "serv": 1, "suprest": 236, "suprcnc": 1561, "hoja_id": 116, "alti": 700.0, "altimax": 2021.0, "naa": 5, "naam": 89, "naai": 55, "num_cuenca": 9193, "muni_id": 31034, "xutm": 642407, "yutm": 4756508, "xutm30": 642407, "yutm30": 4756508, "long": -1.1516, "lat": 42.565, "longwgs84": -1.1521, "latwgs84": 42.5646, "observ1": "DATOS MODIFICADOS DE 1980-81 A 2018-19 (ANUARIO 19-20)                                              ", "xetrs89": 642301, "yetrs89": 4756298, "cod_saih": "A066", "cuenca": "EBRO", "rio": "irati", "regimen": "alterado", "sistema": "irati-arga-ega", "caudal": 1, "inicio": 2016.0, "fin": 2021.0, "url_link": "https://casadoj.github.io/CAMELS-ES/Ebro/Irati-Arga-Ega/plots/9066.html" }, "geometry": { "type": "Point", "coordinates": [ -1.255699939361653, 42.946033939947519 ] } },
{ "type": "Feature", "properties": { "indroea": 9067, "lugar": "OLAVE", "comentario": null, "serv": 1, "suprest": 240, "suprcnc": 270, "hoja_id": 115, "alti": 465.0, "altimax": 1296.0, "naa": 17, "naam": 87, "naai": 3, "num_cuenca": 9214, "muni_id": 31188, "xutm": 613878, "yutm": 4749813, "xutm30": 613878, "yutm30": 4749813, "long": -1.3619, "lat": 42.533, "longwgs84": -1.3624, "latwgs84": 42.5326, "observ1": null, "xetrs89": 613772, "yetrs89": 4749604, "cod_saih": "A067", "cuenca": "EBRO", "rio": "ulzama", "regimen": "natural", "sistema": "irati-arga-ega", "caudal": 1, "inicio": 2004.0, "fin": 2021.0, "url_link": "https://casadoj.github.io/CAMELS-ES/Ebro/Irati-Arga-Ega/plots/9067.html" }, "geometry": { "type": "Point", "coordinates": [ -1.606648177177132, 42.890565251744569 ] } },
{ "type": "Feature", "properties": { "indroea": 9068, "lugar": "ASIAIN", "comentario": "CORRECCIÓN POR POZO SUCIO (DATOS 2013-14)                             ", "serv": 1, "suprest": 782, "suprcnc": 823, "hoja_id": 141, "alti": 390.0, "altimax": 1494.0, "naa": 11, "naam": 67, "naai": 0, "num_cuenca": 9226, "muni_id": 31193, "xutm": 599223, "yutm": 4742854, "xutm30": 599223, "yutm30": 4742854, "long": -1.471, "lat": 42.4952, "longwgs84": -1.4714, "latwgs84": 42.4948, "observ1": "DATOS MODIFICADOS 2008-09 A 2012-13 (ANUARIO 13-14)                                                 ", "xetrs89": 599117, "yetrs89": 4742645, "cod_saih": "A068", "cuenca": "EBRO", "rio": "araquil", "regimen": "desconocido", "sistema": "irati-arga-ega", "caudal": 1, "inicio": 2010.0, "fin": 2021.0, "url_link": "https://casadoj.github.io/CAMELS-ES/Ebro/Irati-Arga-Ega/plots/9068.html" }, "geometry": { "type": "Point", "coordinates": [ -1.787310901927353, 42.829954898647145 ] } },
{ "type": "Feature", "properties": { "indroea": 9069, "lugar": "ECHAURI", "comentario": null, "serv": 1, "suprest": 1756, "suprcnc": 2759, "hoja_id": 141, "alti": 376.0, "altimax": 1491.0, "naa": 27, "naam": 79, "naai": 40, "num_cuenca": 9227, "muni_id": 31085, "xutm": 599073, "yutm": 4738504, "xutm30": 599073, "yutm30": 4738504, "long": -1.4719, "lat": 42.4731, "longwgs84": -1.4724, "latwgs84": 42.4727, "observ1": "DATOS MODIFICADOS DE 1980-81 A 2018-19 (ANUARIO 19-20)                                              ", "xetrs89": 598966, "yetrs89": 4738295, "cod_saih": "A069", "cuenca": "EBRO", "rio": "arga", "regimen": "desconocido", "sistema": "irati-arga-ega", "caudal": 1, "inicio": 1994.0, "fin": 2021.0, "url_link": "https://casadoj.github.io/CAMELS-ES/Ebro/Irati-Arga-Ega/plots/9069.html" }, "geometry": { "type": "Point", "coordinates": [ -1.789921788991545, 42.790809760546693 ] } },
{ "type": "Feature", "properties": { "indroea": 9070, "lugar": "ERAUL", "comentario": null, "serv": 1, "suprest": 309, "suprcnc": 315, "hoja_id": 140, "alti": 946.0, "altimax": 1121.0, "naa": 9, "naam": 58, "naai": 0, "num_cuenca": 9149, "muni_id": 31097, "xutm": 578043, "yutm": 4727237, "xutm30": 578043, "yutm30": 4727237, "long": -2.025, "lat": 42.4134, "longwgs84": -2.0255, "latwgs84": 42.413, "observ1": null, "xetrs89": 577936, "yetrs89": 4727028, "cod_saih": "A070", "cuenca": "EBRO", "rio": "urederra", "regimen": "desconocido", "sistema": "ega", "caudal": 1, "inicio": 2012.0, "fin": 2021.0, "url_link": "https://casadoj.github.io/CAMELS-ES/Ebro/Ega/plots/9070.html" }, "geometry": { "type": "Point", "coordinates": [ -2.048573297787656, 42.691787263840219 ] } },
{ "type": "Feature", "properties": { "indroea": 9071, "lugar": "ESTELLA", "comentario": null, "serv": 1, "suprest": 943, "suprcnc": 1461, "hoja_id": 140, "alti": 425.0, "altimax": 1438.0, "naa": 16, "naam": 89, "naai": 58, "num_cuenca": 9150, "muni_id": 31097, "xutm": 579105, "yutm": 4724962, "xutm30": 579105, "yutm30": 4724962, "long": -2.0205, "lat": 42.402, "longwgs84": -2.0209, "latwgs84": 42.4016, "observ1": "LOS DATOS DE 2009-10 Y 2010-11 SON PROVISIONALES PENDIENTES DE REVISION                             ", "xetrs89": 578998, "yetrs89": 4724753, "cod_saih": "A071", "cuenca": "EBRO", "rio": "ega i", "regimen": "natural", "sistema": "irati-arga-ega", "caudal": 1, "inicio": 2005.0, "fin": 2021.0, "url_link": "https://casadoj.github.io/CAMELS-ES/Ebro/Irati-Arga-Ega/plots/9071.html" }, "geometry": { "type": "Point", "coordinates": [ -2.035927183065449, 42.671194032397381 ] } },
{ "type": "Feature", "properties": { "indroea": 9073, "lugar": "SANGÜESA", "comentario": null, "serv": 1, "suprest": 275, "suprcnc": 279, "hoja_id": 174, "alti": 393.0, "altimax": 1517.0, "naa": 24, "naam": 79, "naai": 49, "num_cuenca": 9205, "muni_id": 31216, "xutm": 643344, "yutm": 4712744, "xutm30": 643344, "yutm30": 4712744, "long": -1.1515, "lat": 42.3311, "longwgs84": -1.1519, "latwgs84": 42.3307, "observ1": "LOS DATOS DE 2009-10 Y 2010-11 SON PROVISIONALES PENDIENTES DE REVISION                             ", "xetrs89": 643237, "yetrs89": 4712534, "cod_saih": "A073", "cuenca": "EBRO", "rio": "onsella", "regimen": "natural", "sistema": "riegos de bardenas", "caudal": 1, "inicio": 1997.0, "fin": 2021.0, "url_link": "https://casadoj.github.io/CAMELS-ES/Ebro/Riegos De Bardenas/plots/9073.html" }, "geometry": { "type": "Point", "coordinates": [ -1.255318335374471, 42.551926652248085 ] } },
{ "type": "Feature", "properties": { "indroea": 9074, "lugar": "ARCE", "comentario": null, "serv": 1, "suprest": 1357, "suprcnc": 1358, "hoja_id": 172, "alti": 455.0, "altimax": 1442.0, "naa": 17, "naam": 85, "naai": 45, "num_cuenca": 9076, "muni_id": 9219, "xutm": 508565, "yutm": 4725201, "xutm30": 508565, "yutm30": 4725201, "long": -2.5344, "lat": 42.4043, "longwgs84": -2.5349, "latwgs84": 42.4038, "observ1": "DATOS MODIFICADOS 1996-97 A 2012-13 (ANUARIO 13-14)                                                 ", "xetrs89": 508458, "yetrs89": 4724993, "cod_saih": "A074", "cuenca": "EBRO", "rio": "zadorra", "regimen": "alterado", "sistema": "eje del zadorra y abastecimiento de vito", "caudal": 1, "inicio": 2004.0, "fin": 2021.0, "url_link": "https://casadoj.github.io/CAMELS-ES/Ebro/Eje Del Zadorra Y Abastecimiento De Vito/plots/9074.html" }, "geometry": { "type": "Point", "coordinates": [ -2.896769963825541, 42.677365844060915 ] } },
{ "type": "Feature", "properties": { "indroea": 9075, "lugar": "BERANTEVILLA", "comentario": "CORRECCIÓN POR POZO SUCIO (DATOS 2013-14)                             ", "serv": 1, "suprest": 307, "suprcnc": 310, "hoja_id": 137, "alti": 453.0, "altimax": 1180.0, "naa": 24, "naam": 86, "naai": 51, "num_cuenca": 9075, "muni_id": 1014, "xutm": 509604, "yutm": 4725577, "xutm30": 509604, "yutm30": 4725577, "long": -2.5258, "lat": 42.4055, "longwgs84": -2.5303, "latwgs84": 42.4051, "observ1": "DATOS MODIFICADOS DE 2004-05 A 2018-19 (ANUARIO 19-20)                                              ", "xetrs89": 509497, "yetrs89": 4725369, "cod_saih": "A075", "cuenca": "EBRO", "rio": "ayuda", "regimen": "natural", "sistema": "eje del zadorra y abastecimiento de vito", "caudal": 1, "inicio": 1994.0, "fin": 2018.0, "url_link": "https://casadoj.github.io/CAMELS-ES/Ebro/Eje Del Zadorra Y Abastecimiento De Vito/plots/9075.html" }, "geometry": { "type": "Point", "coordinates": [ -2.884082680991973, 42.680739812153718 ] } },
{ "type": "Feature", "properties": { "indroea": 9078, "lugar": "GARINOAIN", "comentario": null, "serv": 1, "suprest": 47, "suprcnc": 55, "hoja_id": 173, "alti": 495.0, "altimax": 1030.0, "naa": 16, "naam": 82, "naai": 32, "num_cuenca": 9208, "muni_id": 31114, "xutm": 611419, "yutm": 4717013, "xutm30": 611419, "yutm30": 4717013, "long": -1.3831, "lat": 42.3548, "longwgs84": -1.3836, "latwgs84": 42.3544, "observ1": "LOS DATOS DE 2009-10 A 2010-11 SON PROVISIONALES PENDIENTES DE REVISION                             ", "xetrs89": 611312, "yetrs89": 4716804, "cod_saih": "A078", "cuenca": "EBRO", "rio": "cemborain", "regimen": "natural", "sistema": "irati-arga-ega", "caudal": 1, "inicio": 2005.0, "fin": 2021.0, "url_link": "https://casadoj.github.io/CAMELS-ES/Ebro/Irati-Arga-Ega/plots/9078.html" }, "geometry": { "type": "Point", "coordinates": [ -1.64322268679956, 42.595631017633664 ] } },
{ "type": "Feature", "properties": { "indroea": 9079, "lugar": "URROZ", "comentario": null, "serv": 1, "suprest": 180, "suprcnc": 214, "hoja_id": 142, "alti": 483.0, "altimax": 1279.0, "naa": 30, "naam": 89, "naai": 55, "num_cuenca": 9196, "muni_id": 31243, "xutm": 630461, "yutm": 4736765, "xutm30": 630461, "yutm30": 4736765, "long": -1.2419, "lat": 42.4618, "longwgs84": -1.2424, "latwgs84": 42.4614, "observ1": "LOS DATOS DE 2009-10 Y 2010-11 SON PROVISIONALES PENDIENTES DE REVISION                             ", "xetrs89": 630354, "yetrs89": 4736555, "cod_saih": "A079", "cuenca": "EBRO", "rio": "erro", "regimen": "natural", "sistema": "irati-arga-ega", "caudal": 1, "inicio": 1991.0, "fin": 2021.0, "url_link": "https://casadoj.github.io/CAMELS-ES/Ebro/Irati-Arga-Ega/plots/9079.html" }, "geometry": { "type": "Point", "coordinates": [ -1.40666323395718, 42.770448714100269 ] } },
{ "type": "Feature", "properties": { "indroea": 9080, "lugar": "ZURIZA", "comentario": null, "serv": 1, "suprest": 47, "suprcnc": 271, "hoja_id": 118, "alti": 1187.0, "altimax": 2366.0, "naa": 28, "naam": 84, "naai": 34, "num_cuenca": 9177, "muni_id": 22028, "xutm": 678169, "yutm": 4748074, "xutm30": 678169, "yutm30": 4748074, "long": -0.4909, "lat": 42.5149, "longwgs84": -0.4913, "latwgs84": 42.5145, "observ1": "LOS DATOS DE 2009-10 Y 2010-11 SON PROVISIONALES PENDIENTES DE REVISION                             ", "xetrs89": 678062, "yetrs89": 4747864, "cod_saih": "A080", "cuenca": "EBRO", "rio": "veral", "regimen": "natural", "sistema": "aragón-arba", "caudal": 1, "inicio": 1993.0, "fin": 2021.0, "url_link": "https://casadoj.github.io/CAMELS-ES/Ebro/Aragón-Arba/plots/9080.html" }, "geometry": { "type": "Point", "coordinates": [ -0.820303965977124, 42.862622486496235 ] } },
{ "type": "Feature", "properties": { "indroea": 9083, "lugar": "OLIANA", "comentario": null, "serv": 1, "suprest": 2700, "suprcnc": 22579, "hoja_id": 291, "alti": 440.0, "altimax": 2921.0, "naa": 30, "naam": 70, "naai": 45, "num_cuenca": 9447, "muni_id": 25165, "xutm": 855163, "yutm": 4668850, "xutm30": 855163, "yutm30": 4668850, "long": 1.1738, "lat": 42.0526, "longwgs84": 1.1734, "latwgs84": 42.0522, "observ1": "LOS DATOS DE 2009-10 Y 2010-11 SON PROVISIONALES PENDIENTES DE REVISION                             ", "xetrs89": 855055, "yetrs89": 4668639, "cod_saih": "A083", "cuenca": "EBRO", "rio": "segre", "regimen": "alterado", "sistema": "segre", "caudal": 1, "inicio": 1991.0, "fin": 2021.0, "url_link": "https://casadoj.github.io/CAMELS-ES/Ebro/Segre/plots/9083.html" }, "geometry": { "type": "Point", "coordinates": [ 1.292801074382957, 42.089511304102075 ] } },
{ "type": "Feature", "properties": { "indroea": 9084, "lugar": "ALLOZ", "comentario": null, "serv": 1, "suprest": 132, "suprcnc": 185, "hoja_id": 140, "alti": 400.0, "altimax": 1009.0, "naa": 30, "naam": 58, "naai": 30, "num_cuenca": 9230, "muni_id": 31260, "xutm": 586321, "yutm": 4727575, "xutm30": 586321, "yutm30": 4727575, "long": -1.5646, "lat": 42.4142, "longwgs84": -1.5651, "latwgs84": 42.4138, "observ1": "LOS DATOS DE 2009-10 Y 2010-11 SON PROVISIONALES PENDIENTES DE REVISION                             ", "xetrs89": 586214, "yetrs89": 4727366, "cod_saih": "A084", "cuenca": "EBRO", "rio": "salado", "regimen": "alterado", "sistema": "irati-arga-ega", "caudal": 1, "inicio": 1991.0, "fin": 2021.0, "url_link": "https://casadoj.github.io/CAMELS-ES/Ebro/Irati-Arga-Ega/plots/9084.html" }, "geometry": { "type": "Point", "coordinates": [ -1.947481595439272, 42.693946744440183 ] } },
{ "type": "Feature", "properties": { "indroea": 9086, "lugar": "GARINOAIN", "comentario": null, "serv": 1, "suprest": 76, "suprcnc": 456, "hoja_id": 173, "alti": 494.0, "altimax": 990.0, "naa": 27, "naam": 82, "naai": 13, "num_cuenca": 9207, "muni_id": 31114, "xutm": 610830, "yutm": 4717489, "xutm30": 610830, "yutm30": 4717489, "long": -1.3857, "lat": 42.3604, "longwgs84": -1.3901, "latwgs84": 42.356, "observ1": "DATOS MODIFICADOS DE 2010-11 A 2014-15 (ANUARIO 15-16)                                              ", "xetrs89": 610723, "yetrs89": 4717280, "cod_saih": "A086", "cuenca": "EBRO", "rio": "zidacos", "regimen": "natural", "sistema": "irati-arga-ega", "caudal": 1, "inicio": 1994.0, "fin": 2021.0, "url_link": "https://casadoj.github.io/CAMELS-ES/Ebro/Irati-Arga-Ega/plots/9086.html" }, "geometry": { "type": "Point", "coordinates": [ -1.650307539485962, 42.600001333244926 ] } },
{ "type": "Feature", "properties": { "indroea": 9087, "lugar": "GRISEN", "comentario": null, "serv": 1, "suprest": 9694, "suprcnc": 9718, "hoja_id": 354, "alti": 250.0, "altimax": 1814.0, "naa": 11, "naam": 55, "naai": 31, "num_cuenca": 9288, "muni_id": 50043, "xutm": 651824, "yutm": 4621939, "xutm30": 651824, "yutm30": 4621939, "long": -1.1028, "lat": 41.4403, "longwgs84": -1.1033, "latwgs84": 41.4358, "observ1": "DATOS 2009-11 PROVISIONALES PENDIENTES DE REVISION. DATOS MODIFICADOS 2019-20 (ANUARIO 2020-21)     ", "xetrs89": 651716, "yetrs89": 4621730, "cod_saih": "A087", "cuenca": "EBRO", "rio": "jalón", "regimen": "natural", "sistema": "eje del jalón", "caudal": 1, "inicio": 2005.0, "fin": 2016.0, "url_link": "https://casadoj.github.io/CAMELS-ES/Ebro/Eje Del Jalón/plots/9087.html" }, "geometry": { "type": "Point", "coordinates": [ -1.175715687162167, 41.732907510913819 ] } },
{ "type": "Feature", "properties": { "indroea": 9088, "lugar": "PITARQUE", "comentario": null, "serv": 1, "suprest": 279, "suprcnc": 402, "hoja_id": 543, "alti": 990.0, "altimax": 1997.0, "naa": 6, "naam": 65, "naai": 41, "num_cuenca": 9363, "muni_id": 44183, "xutm": 703113, "yutm": 4500242, "xutm30": 703113, "yutm30": 4500242, "long": -0.3555, "lat": 40.3738, "longwgs84": -0.36, "latwgs84": 40.3734, "observ1": "DATOS MODIFICADOS DE 2013-14 A  2019-20 (ANUARIO 2020-21)                                           ", "xetrs89": 703004, "yetrs89": 4500033, "cod_saih": null, "cuenca": "EBRO", "rio": "fortanete", "regimen": "natural", "sistema": "guadalope", "caudal": 1, "inicio": 2015.0, "fin": 2021.0, "url_link": "https://casadoj.github.io/CAMELS-ES/Ebro/Guadalope/plots/9088.html" }, "geometry": { "type": "Point", "coordinates": [ -0.59982047856277, 40.626204265633611 ] } },
{ "type": "Feature", "properties": { "indroea": 9089, "lugar": "ZARAGOZA", "comentario": null, "serv": 1, "suprest": 4008, "suprcnc": 4009, "hoja_id": 355, "alti": 194.0, "altimax": 3151.0, "naa": 6, "naam": 25, "naai": 14, "num_cuenca": 9326, "muni_id": 50297, "xutm": 679766, "yutm": 4615520, "xutm30": 679766, "yutm30": 4615520, "long": -0.5026, "lat": 41.4014, "longwgs84": -0.5031, "latwgs84": 41.401, "observ1": "DATOS 2006-07  PROVISIONALES. DATOS MODIFICADOS DE 2013-14 A 2018-19 (ANUARIO 19-20)                ", "xetrs89": 679658, "yetrs89": 4615311, "cod_saih": "A089", "cuenca": "EBRO", "rio": "gállego", "regimen": "alterado", "sistema": "eje del ebro", "caudal": 1, "inicio": 2015.0, "fin": 2021.0, "url_link": "https://casadoj.github.io/CAMELS-ES/Ebro/Eje Del Ebro/plots/9089.html" }, "geometry": { "type": "Point", "coordinates": [ -0.841877143690222, 41.669308251064912 ] } },
{ "type": "Feature", "properties": { "indroea": 9090, "lugar": "FAYOS, LOS", "comentario": "INT 1997                                                              ", "serv": 0, "suprest": 145, "suprcnc": 145, "hoja_id": 320, "alti": 570.0, "altimax": 1563.0, "naa": 5, "naam": 56, "naai": 28, "num_cuenca": 9243, "muni_id": 50106, "xutm": 601030, "yutm": 4637100, "xutm30": 601030, "yutm30": 4637100, "long": -1.4657, "lat": 41.5243, "longwgs84": -1.4702, "latwgs84": 41.5239, "observ1": "                                                                                                    ", "xetrs89": 600922, "yetrs89": 4636891, "cod_saih": null, "cuenca": "EBRO", "rio": "barranco del val", "regimen": "desconocido", "sistema": "cuenca desde leza a huecha", "caudal": 1, "inicio": 1991.0, "fin": 1996.0, "url_link": "https://casadoj.github.io/CAMELS-ES/Ebro/Cuenca Desde Leza A Huecha/plots/9090.html" }, "geometry": { "type": "Point", "coordinates": [ -1.783734591964161, 41.877504980490073 ] } },
{ "type": "Feature", "properties": { "indroea": 9091, "lugar": "LASCELLAS", "comentario": null, "serv": 1, "suprest": 501, "suprcnc": 3385, "hoja_id": 287, "alti": 390.0, "altimax": 2077.0, "naa": 5, "naam": 75, "naai": 50, "num_cuenca": 9615, "muni_id": 22027, "xutm": 739160, "yutm": 4663736, "xutm30": 739160, "yutm30": 4663736, "long": -0.063, "lat": 42.0519, "longwgs84": -0.0635, "latwgs84": 42.0515, "observ1": null, "xetrs89": 739052, "yetrs89": 4663526, "cod_saih": "A091", "cuenca": "EBRO", "rio": "alcanadre", "regimen": "natural", "sistema": "gallego-cinca", "caudal": 1, "inicio": 2016.0, "fin": 2021.0, "url_link": "https://casadoj.github.io/CAMELS-ES/Ebro/Gallego-Cinca/plots/9091.html" }, "geometry": { "type": "Point", "coordinates": [ -0.10967962202189, 42.087423134401803 ] } },
{ "type": "Feature", "properties": { "indroea": 9092, "lugar": "TRESPADERNE", "comentario": null, "serv": 1, "suprest": 1093, "suprcnc": 1101, "hoja_id": 136, "alti": 540.0, "altimax": 1707.0, "naa": 14, "naam": 63, "naai": 2, "num_cuenca": 9036, "muni_id": 9394, "xutm": 467261, "yutm": 4739162, "xutm30": 467261, "yutm30": 4739162, "long": -3.2401, "lat": 42.4813, "longwgs84": -3.2406, "latwgs84": 42.4809, "observ1": null, "xetrs89": 467154, "yetrs89": 4738955, "cod_saih": "A092", "cuenca": "EBRO", "rio": "nela", "regimen": "natural", "sistema": "cabecera del ebro", "caudal": 1, "inicio": 2007.0, "fin": 2021.0, "url_link": "https://casadoj.github.io/CAMELS-ES/Ebro/Cabecera Del Ebro/plots/9092.html" }, "geometry": { "type": "Point", "coordinates": [ -3.401692319186043, 42.802442623967657 ] } },
{ "type": "Feature", "properties": { "indroea": 9093, "lugar": "OÑA", "comentario": null, "serv": 1, "suprest": 1051, "suprcnc": 1093, "hoja_id": 136, "alti": 570.0, "altimax": 1176.0, "naa": 25, "naam": 63, "naai": 17, "num_cuenca": 9026, "muni_id": 9238, "xutm": 466222, "yutm": 4731713, "xutm30": 466222, "yutm30": 4731713, "long": -3.2445, "lat": 42.4411, "longwgs84": -3.245, "latwgs84": 42.4407, "observ1": "LOS DATOS DE 2005-06, 2009-10 Y 2010-11 SON PROVISIONALES PENDIENTES DE REVISION                    ", "xetrs89": 466115, "yetrs89": 4731506, "cod_saih": "A093", "cuenca": "EBRO", "rio": "oca", "regimen": "natural", "sistema": "cabecera del ebro", "caudal": 1, "inicio": 1996.0, "fin": 2021.0, "url_link": "https://casadoj.github.io/CAMELS-ES/Ebro/Cabecera Del Ebro/plots/9093.html" }, "geometry": { "type": "Point", "coordinates": [ -3.413951599562602, 42.735317464898309 ] } },
{ "type": "Feature", "properties": { "indroea": 9094, "lugar": "ALBALATILLO", "comentario": null, "serv": 1, "suprest": 1499, "suprcnc": 2873, "hoja_id": 357, "alti": 245.0, "altimax": null, "naa": 28, "naam": 30, "naai": 14, "num_cuenca": 9622, "muni_id": 22213, "xutm": 734430, "yutm": 4627005, "xutm30": 734430, "yutm30": 4627005, "long": -0.1049, "lat": 41.4534, "longwgs84": -0.1053, "latwgs84": 41.453, "observ1": null, "xetrs89": 734322, "yetrs89": 4626795, "cod_saih": "A094", "cuenca": "EBRO", "rio": "flumen", "regimen": "alterado", "sistema": "riegos del alto aragón", "caudal": 1, "inicio": 1993.0, "fin": 2021.0, "url_link": "https://casadoj.github.io/CAMELS-ES/Ebro/Riegos Del Alto Aragón/plots/9094.html" }, "geometry": { "type": "Point", "coordinates": [ -0.181392748034725, 41.75842354828238 ] } },
{ "type": "Feature", "properties": { "indroea": 9095, "lugar": "BARBASTRO", "comentario": null, "serv": 1, "suprest": 345, "suprcnc": 372, "hoja_id": 287, "alti": 320.0, "altimax": 1441.0, "naa": 10, "naam": 73, "naai": 9, "num_cuenca": 9599, "muni_id": 22048, "xutm": 759376, "yutm": 4657956, "xutm30": 759376, "yutm30": 4657956, "long": 0.0759, "lat": 42.0149, "longwgs84": 0.0754, "latwgs84": 42.0145, "observ1": "LOS DATOS DE 2007-08, 2009-10 Y 2010-11 SON PROVISIONALES PENDIENTES DE REVISION                    ", "xetrs89": 759268, "yetrs89": 4657746, "cod_saih": "A095", "cuenca": "EBRO", "rio": "vero", "regimen": "natural", "sistema": "riegos del alto aragón", "caudal": 1, "inicio": 2011.0, "fin": 2021.0, "url_link": "https://casadoj.github.io/CAMELS-ES/Ebro/Riegos Del Alto Aragón/plots/9095.html" }, "geometry": { "type": "Point", "coordinates": [ 0.131849749141352, 42.029030112475631 ] } },
{ "type": "Feature", "properties": { "indroea": 9096, "lugar": "BALAGUER", "comentario": null, "serv": 1, "suprest": 7796, "suprcnc": 22579, "hoja_id": 359, "alti": 210.0, "altimax": 2921.0, "naa": 11, "naam": 77, "naai": 50, "num_cuenca": 9499, "muni_id": 25040, "xutm": 816451, "yutm": 4634016, "xutm30": 816451, "yutm30": 4634016, "long": 0.483, "lat": 41.4739, "longwgs84": 0.4825, "latwgs84": 41.4735, "observ1": "LOS DATOS DE 2008-09 A 2010-11 SON PROVISIONALES PENDIENTES DE REVISION                             ", "xetrs89": 816343, "yetrs89": 4633805, "cod_saih": "A096", "cuenca": "EBRO", "rio": "segre", "regimen": "natural", "sistema": "canal de urgell y otros regadíos", "caudal": 1, "inicio": 2010.0, "fin": 2021.0, "url_link": "https://casadoj.github.io/CAMELS-ES/Ebro/Canal De Urgell Y Otros Regadíos/plots/9096.html" }, "geometry": { "type": "Point", "coordinates": [ 0.807123749739016, 41.793013954084572 ] } },
{ "type": "Feature", "properties": { "indroea": 9097, "lugar": "PIÑANA", "comentario": null, "serv": 1, "suprest": 1757, "suprcnc": 2046, "hoja_id": 327, "alti": 300.0, "altimax": 3205.0, "naa": 30, "naam": 76, "naai": 47, "num_cuenca": 9536, "muni_id": 22089, "xutm": 299153, "yutm": 4639159, "xutm30": 797056, "yutm30": 4642525, "long": 0.3447, "lat": 41.5241, "longwgs84": 0.3442, "latwgs84": 41.5237, "observ1": "LOS DATOS DE 2007-08, 2009-10 Y 2010-11 SON PROVISIONALES PENDIENTES DE REVISION                    ", "xetrs89": 796948, "yetrs89": 4642314, "cod_saih": "A097", "cuenca": "EBRO", "rio": "noguera ribagorzana", "regimen": "alterado", "sistema": "esera-noguera ribagorzana", "caudal": 1, "inicio": 1991.0, "fin": 2021.0, "url_link": "https://casadoj.github.io/CAMELS-ES/Ebro/Esera-Noguera Ribagorzana/plots/9097.html" }, "geometry": { "type": "Point", "coordinates": [ 0.578425236349477, 41.876998827074893 ] } },
{ "type": "Feature", "properties": { "indroea": 9099, "lugar": "CASPE", "comentario": null, "serv": 1, "suprest": 3845, "suprcnc": 3892, "hoja_id": 442, "alti": 128.0, "altimax": 1987.0, "naa": 24, "naam": 48, "naai": 30, "num_cuenca": 9377, "muni_id": 50074, "xutm": 752699, "yutm": 4566716, "xutm30": 752699, "yutm30": 4566716, "long": 0.0051, "lat": 41.1242, "longwgs84": 0.0046, "latwgs84": 41.1238, "observ1": "LOS DATOS DE 2009-10 Y 2010-11 SON PROVISIONALES PENDIENTES DE REVISION                             ", "xetrs89": 752591, "yetrs89": 4566506, "cod_saih": "A099", "cuenca": "EBRO", "rio": "guadalope", "regimen": "alterado", "sistema": "demandas santolea - calanda", "caudal": 1, "inicio": 1997.0, "fin": 2021.0, "url_link": "https://casadoj.github.io/CAMELS-ES/Ebro/Demandas Santolea - Calanda/plots/9099.html" }, "geometry": { "type": "Point", "coordinates": [ 0.012827566554579, 41.210531630886663 ] } },
{ "type": "Feature", "properties": { "indroea": 9100, "lugar": "BERGE", "comentario": null, "serv": 1, "suprest": 141, "suprcnc": 386, "hoja_id": 494, "alti": 700.0, "altimax": 1532.0, "naa": 6, "naam": 63, "naai": 45, "num_cuenca": 9372, "muni_id": 44040, "xutm": 717324, "yutm": 4526833, "xutm30": 717324, "yutm30": 4526833, "long": -0.2517, "lat": 40.5147, "longwgs84": -0.2522, "latwgs84": 40.5143, "observ1": "DATOS MODIFICADOS DE 2018-19 (ANUARIO 19-20)                                                        ", "xetrs89": 717215, "yetrs89": 4526624, "cod_saih": "A100", "cuenca": "EBRO", "rio": "guadalopillo", "regimen": "natural", "sistema": "guadalope", "caudal": 1, "inicio": 2015.0, "fin": 2021.0, "url_link": "https://casadoj.github.io/CAMELS-ES/Ebro/Guadalope/plots/9100.html" }, "geometry": { "type": "Point", "coordinates": [ -0.422727900663118, 40.861898243910673 ] } },
{ "type": "Feature", "properties": { "indroea": 9101, "lugar": "YESA, P.P.", "comentario": null, "serv": 1, "suprest": 2191, "suprcnc": 8521, "hoja_id": 174, "alti": 423.0, "altimax": 2886.0, "naa": 16, "naam": 109, "naai": 57, "num_cuenca": 9188, "muni_id": 31261, "xutm": 646828, "yutm": 4719928, "xutm30": 646828, "yutm30": 4719928, "long": -1.1235, "lat": 42.3701, "longwgs84": -1.124, "latwgs84": 42.3657, "observ1": "LOS DATOS DE 2009-10 Y 2010-11 SON PROVISIONALES PENDIENTES DE REVISION                             ", "xetrs89": 646721, "yetrs89": 4719718, "cod_saih": "A101", "cuenca": "EBRO", "rio": "aragón", "regimen": "alterado", "sistema": "riegos de bardenas", "caudal": 1, "inicio": 2005.0, "fin": 2021.0, "url_link": "https://casadoj.github.io/CAMELS-ES/Ebro/Riegos De Bardenas/plots/9101.html" }, "geometry": { "type": "Point", "coordinates": [ -1.211053273484237, 42.615938524963909 ] } },
{ "type": "Feature", "properties": { "indroea": 9105, "lugar": "MEZALOCHA", "comentario": null, "serv": 1, "suprest": 620, "suprcnc": 1020, "hoja_id": 411, "alti": 450.0, "altimax": 1514.0, "naa": 7, "naam": 76, "naai": 53, "num_cuenca": 9290, "muni_id": 50167, "xutm": 660814, "yutm": 4588056, "xutm30": 660814, "yutm30": 4588056, "long": -1.0432, "lat": 41.2538, "longwgs84": -1.0437, "latwgs84": 41.2534, "observ1": "LOS DATOS DE 2009-10 Y 2010-11 SON PROVISIONALES PENDIENTES DE REVISION                             ", "xetrs89": 660706, "yetrs89": 4587847, "cod_saih": "A105", "cuenca": "EBRO", "rio": "huerva", "regimen": "alterado", "sistema": "eje del huerva", "caudal": 1, "inicio": 2014.0, "fin": 2021.0, "url_link": "https://casadoj.github.io/CAMELS-ES/Ebro/Eje Del Huerva/plots/9105.html" }, "geometry": { "type": "Point", "coordinates": [ -1.076748678346845, 41.426118556452714 ] } },
{ "type": "Feature", "properties": { "indroea": 9106, "lugar": "SANTOLEA - P.P.", "comentario": null, "serv": 1, "suprest": 1236, "suprcnc": 3892, "hoja_id": 519, "alti": 540.0, "altimax": 1997.0, "naa": 12, "naam": 75, "naai": 53, "num_cuenca": 9366, "muni_id": 44071, "xutm": 726779, "yutm": 4517766, "xutm30": 726779, "yutm30": 4517766, "long": -0.1846, "lat": 40.4644, "longwgs84": -0.1851, "latwgs84": 40.464, "observ1": "DATOS 2009-11 PEND. REVISION. DATOS MOD. 2012-13 (ANUARIO 13-14) Y 2018-2020 (ANUARIO 2020-21)      ", "xetrs89": 726670, "yetrs89": 4517556, "cod_saih": "A106", "cuenca": "EBRO", "rio": "guadalope", "regimen": "alterado", "sistema": "guadalope", "caudal": 1, "inicio": 2009.0, "fin": 2021.0, "url_link": "https://casadoj.github.io/CAMELS-ES/Ebro/Guadalope/plots/9106.html" }, "geometry": { "type": "Point", "coordinates": [ -0.31395490082257, 40.777738872541001 ] } },
{ "type": "Feature", "properties": { "indroea": 9109, "lugar": "VALDERROBLES", "comentario": null, "serv": 1, "suprest": 79, "suprcnc": 79, "hoja_id": 520, "alti": 590.0, "altimax": 1356.0, "naa": 17, "naam": 53, "naai": 37, "num_cuenca": 9636, "muni_id": 44246, "xutm": 764231, "yutm": 4524156, "xutm30": 764231, "yutm30": 4524156, "long": 0.0759, "lat": 40.4931, "longwgs84": 0.0755, "latwgs84": 40.4927, "observ1": "DATOS MODIFICADOS DE 2002-03 A 2018-19 (ANUARIO 19-20)                                              ", "xetrs89": 764122, "yetrs89": 4523946, "cod_saih": "A109", "cuenca": "EBRO", "rio": "pena", "regimen": "alterado", "sistema": "matarraña", "caudal": 1, "inicio": 2004.0, "fin": 2021.0, "url_link": "https://casadoj.github.io/CAMELS-ES/Ebro/Matarraña/plots/9109.html" }, "geometry": { "type": "Point", "coordinates": [ 0.131969169515604, 40.824040672694309 ] } },
{ "type": "Feature", "properties": { "indroea": 9110, "lugar": "BECEITE", "comentario": null, "serv": 1, "suprest": 49, "suprcnc": 79, "hoja_id": 520, "alti": 627.0, "altimax": 1356.0, "naa": 18, "naam": 75, "naai": 54, "num_cuenca": 9634, "muni_id": 44037, "xutm": 257971, "yutm": 4520811, "xutm30": 764145, "yutm30": 4521568, "long": 0.0752, "lat": 40.4807, "longwgs84": 0.0747, "latwgs84": 40.4803, "observ1": "LOS DATOS DE 2009-10 A 2010-11 SON PROVISIONALES PENDIENTES DE REVISION                             ", "xetrs89": 764036, "yetrs89": 4521358, "cod_saih": "A110", "cuenca": "EBRO", "rio": "pena", "regimen": "natural", "sistema": "matarraña", "caudal": 1, "inicio": 2003.0, "fin": 2021.0, "url_link": "https://casadoj.github.io/CAMELS-ES/Ebro/Matarraña/plots/9110.html" }, "geometry": { "type": "Point", "coordinates": [ 0.129855617376481, 40.80078912158848 ] } },
{ "type": "Feature", "properties": { "indroea": 9111, "lugar": "ORGAÑA", "comentario": null, "serv": 1, "suprest": 2384, "suprcnc": 22579, "hoja_id": 253, "alti": 542.0, "altimax": 2921.0, "naa": 30, "naam": 72, "naai": 46, "num_cuenca": 9441, "muni_id": 25908, "xutm": 858548, "yutm": 4684601, "xutm30": 858548, "yutm30": 4684601, "long": 1.204, "lat": 42.135, "longwgs84": 1.2035, "latwgs84": 42.1346, "observ1": "DATOS 2005-06 Y 2008-11 PROV. PEND. REVISION. DATOS MOD. 2015-16 A 2019-20 (ANUARIO 2020-21)        ", "xetrs89": 858440, "yetrs89": 4684390, "cod_saih": "A111", "cuenca": "EBRO", "rio": "segre", "regimen": "natural", "sistema": "segre", "caudal": 1, "inicio": 1991.0, "fin": 2021.0, "url_link": "https://casadoj.github.io/CAMELS-ES/Ebro/Segre/plots/9111.html" }, "geometry": { "type": "Point", "coordinates": [ 1.343295570393159, 42.229427186811193 ] } },
{ "type": "Feature", "properties": { "indroea": 9112, "lugar": "SASTAGO", "comentario": "INT 1998                                                              ", "serv": 0, "suprest": 48974, "suprcnc": 85001, "hoja_id": 441, "alti": 130.0, "altimax": 3151.0, "naa": 6, "naam": 54, "naai": 0, "num_cuenca": 9337, "muni_id": 50240, "xutm": 719782, "yutm": 4578748, "xutm30": 719782, "yutm30": 4578748, "long": -0.2226, "lat": 41.1946, "longwgs84": -0.223, "latwgs84": 41.1942, "observ1": "                                                                                                    ", "xetrs89": 719674, "yetrs89": 4578538, "cod_saih": null, "cuenca": "EBRO", "rio": "ebro", "regimen": "alterado", "sistema": "eje del ebro", "caudal": 1, "inicio": 1991.0, "fin": 1997.0, "url_link": "https://casadoj.github.io/CAMELS-ES/Ebro/Eje Del Ebro/plots/9112.html" }, "geometry": { "type": "Point", "coordinates": [ -0.375036928316852, 41.328400601734643 ] } },
{ "type": "Feature", "properties": { "indroea": 9113, "lugar": "VALDERROBRES", "comentario": null, "serv": 1, "suprest": 55, "suprcnc": 58, "hoja_id": 520, "alti": 680.0, "altimax": 1053.0, "naa": 10, "naam": 75, "naai": 52, "num_cuenca": 9635, "muni_id": 44114, "xutm": 256970, "yutm": 4521029, "xutm30": 763131, "yutm30": 4521717, "long": 0.0709, "lat": 40.4813, "longwgs84": 0.0705, "latwgs84": 40.4809, "observ1": "LOS DATOS DE 2009-10 Y 2010-11 SON PROVISIONALES PENDIENTES DE REVISION                             ", "xetrs89": 763022, "yetrs89": 4521507, "cod_saih": "A113", "cuenca": "EBRO", "rio": "figuerales", "regimen": "natural", "sistema": "matarraña", "caudal": 1, "inicio": 2011.0, "fin": 2021.0, "url_link": "https://casadoj.github.io/CAMELS-ES/Ebro/Matarraña/plots/9113.html" }, "geometry": { "type": "Point", "coordinates": [ 0.117915533377871, 40.802454677530321 ] } },
{ "type": "Feature", "properties": { "indroea": 9115, "lugar": "PUENTE DE MONTAÑANA", "comentario": null, "serv": 1, "suprest": 1068, "suprcnc": 2046, "hoja_id": 289, "alti": 530.0, "altimax": 3205.0, "naa": 10, "naam": 68, "naai": 0, "num_cuenca": 9532, "muni_id": 22188, "xutm": 805381, "yutm": 4673284, "xutm30": 805381, "yutm30": 4673284, "long": 0.4145, "lat": 42.0905, "longwgs84": 0.414, "latwgs84": 42.0901, "observ1": "LOS DATOS DE 2007-08 A 2011-12 SON PROVISIONALES PENDIENTES DE REVISION                             ", "xetrs89": 805273, "yetrs89": 4673073, "cod_saih": "A115", "cuenca": "EBRO", "rio": "noguera ribagorzana", "regimen": "natural", "sistema": "esera-noguera ribagorzana", "caudal": 1, "inicio": 2011.0, "fin": 2021.0, "url_link": "https://casadoj.github.io/CAMELS-ES/Ebro/Esera-Noguera Ribagorzana/plots/9115.html" }, "geometry": { "type": "Point", "coordinates": [ 0.69453647092209, 42.150292293099817 ] } },
{ "type": "Feature", "properties": { "indroea": 9118, "lugar": "OLIETE", "comentario": null, "serv": 1, "suprest": 670, "suprcnc": 2111, "hoja_id": 493, "alti": 570.0, "altimax": 1577.0, "naa": 26, "naam": 75, "naai": 58, "num_cuenca": 9352, "muni_id": 44172, "xutm": 694204, "yutm": 4540493, "xutm30": 694204, "yutm30": 4540493, "long": -0.4129, "lat": 40.593, "longwgs84": -0.4133, "latwgs84": 40.5926, "observ1": "LOS DATOS DE 2009-10 Y 2010-11 SON PROVISIONALES PENDIENTES DE REVISION                             ", "xetrs89": 694095, "yetrs89": 4540284, "cod_saih": "A118", "cuenca": "EBRO", "rio": "martín", "regimen": "alterado", "sistema": "martín", "caudal": 1, "inicio": 1995.0, "fin": 2021.0, "url_link": "https://casadoj.github.io/CAMELS-ES/Ebro/Martín/plots/9118.html" }, "geometry": { "type": "Point", "coordinates": [ -0.692548903757375, 40.990654481185032 ] } },
{ "type": "Feature", "properties": { "indroea": 9120, "lugar": "MENDAVIA", "comentario": null, "serv": 1, "suprest": 12010, "suprcnc": 85001, "hoja_id": 204, "alti": 325.0, "altimax": 2262.0, "naa": 17, "naam": 74, "naai": 52, "num_cuenca": 9143, "muni_id": 31165, "xutm": 565478, "yutm": 4696449, "xutm30": 565478, "yutm30": 4696449, "long": -2.1215, "lat": 42.2501, "longwgs84": -2.122, "latwgs84": 42.2457, "observ1": "LOS DATOS DE 2008-09 A 2010-11 SON PROVISIONALES PENDIENTES DE REVISION                             ", "xetrs89": 565371, "yetrs89": 4696240, "cod_saih": "A120", "cuenca": "EBRO", "rio": "ebro", "regimen": "desconocido", "sistema": "eje del ebro", "caudal": 1, "inicio": 2004.0, "fin": 2021.0, "url_link": "https://casadoj.github.io/CAMELS-ES/Ebro/Eje Del Ebro/plots/9120.html" }, "geometry": { "type": "Point", "coordinates": [ -2.205473132186528, 42.415715045498096 ] } },
{ "type": "Feature", "properties": { "indroea": 9122, "lugar": "BLESA", "comentario": null, "serv": 1, "suprest": 138, "suprcnc": 1330, "hoja_id": 466, "alti": 760.0, "altimax": 1402.0, "naa": 30, "naam": 70, "naai": 53, "num_cuenca": 9330, "muni_id": 44043, "xutm": 676498, "yutm": 4545072, "xutm30": 676498, "yutm30": 4545072, "long": -0.5401, "lat": 41.0213, "longwgs84": -0.5406, "latwgs84": 41.0209, "observ1": null, "xetrs89": 676389, "yetrs89": 4544863, "cod_saih": null, "cuenca": "EBRO", "rio": "aguas vivas", "regimen": "desconocido", "sistema": "aguasvivas", "caudal": 1, "inicio": 1991.0, "fin": 2021.0, "url_link": "https://casadoj.github.io/CAMELS-ES/Ebro/Aguasvivas/plots/9122.html" }, "geometry": { "type": "Point", "coordinates": [ -0.901592758671939, 41.035895921838019 ] } },
{ "type": "Feature", "properties": { "indroea": 9123, "lugar": "ANZANIGO", "comentario": null, "serv": 1, "suprest": 1391, "suprcnc": 4009, "hoja_id": 209, "alti": 580.0, "altimax": 3151.0, "naa": 25, "naam": 73, "naai": 56, "num_cuenca": 9316, "muni_id": 22072, "xutm": 693373, "yutm": 4697534, "xutm30": 693373, "yutm30": 4697534, "long": -0.3901, "lat": 42.2419, "longwgs84": -0.3906, "latwgs84": 42.2415, "observ1": "LOS DATOS DE 2008-09 A 2010-11 SON PROVISIONALES PENDIENTES DE REVISION                             ", "xetrs89": 693266, "yetrs89": 4697324, "cod_saih": "A123", "cuenca": "EBRO", "rio": "gállego", "regimen": "desconocido", "sistema": "gallego-cinca", "caudal": 1, "inicio": 1996.0, "fin": 2021.0, "url_link": "https://casadoj.github.io/CAMELS-ES/Ebro/Gallego-Cinca/plots/9123.html" }, "geometry": { "type": "Point", "coordinates": [ -0.651506695905457, 42.404168408420809 ] } },
{ "type": "Feature", "properties": { "indroea": 9124, "lugar": "TORCAS, LAS", "comentario": null, "serv": 1, "suprest": 456, "suprcnc": 1020, "hoja_id": 439, "alti": 612.0, "altimax": 1514.0, "naa": 17, "naam": 73, "naai": 53, "num_cuenca": 9290, "muni_id": 50264, "xutm": 660496, "yutm": 4573702, "xutm30": 660496, "yutm30": 4573702, "long": -1.0459, "lat": 41.1753, "longwgs84": -1.0504, "latwgs84": 41.1749, "observ1": "LOS DATOS DE 2009-10 Y 2010-11 SON PROVISIONALES PENDIENTES DE REVISION                             ", "xetrs89": 660387, "yetrs89": 4573493, "cod_saih": "A124", "cuenca": "EBRO", "rio": "huerva", "regimen": "alterado", "sistema": "huerva", "caudal": 1, "inicio": 2004.0, "fin": 2021.0, "url_link": "https://casadoj.github.io/CAMELS-ES/Ebro/Huerva/plots/9124.html" }, "geometry": { "type": "Point", "coordinates": [ -1.08435892974697, 41.296958736918953 ] } },
{ "type": "Feature", "properties": { "indroea": 9125, "lugar": "CARENAS", "comentario": null, "serv": 1, "suprest": 1478, "suprcnc": 1544, "hoja_id": 437, "alti": 640.0, "altimax": 1518.0, "naa": 30, "naam": 69, "naai": 44, "num_cuenca": 9271, "muni_id": 50072, "xutm": 600731, "yutm": 4569241, "xutm30": 600731, "yutm30": 4569241, "long": -1.4751, "lat": 41.1603, "longwgs84": -1.4756, "latwgs84": 41.1559, "observ1": "LOS DATOS DE 2009-10 Y 2010-11 SON PROVISIONALES PENDIENTES DE REVISION                             ", "xetrs89": 600622, "yetrs89": 4569032, "cod_saih": "A125", "cuenca": "EBRO", "rio": "piedra", "regimen": "natural", "sistema": "jalón", "caudal": 1, "inicio": 1991.0, "fin": 2021.0, "url_link": "https://casadoj.github.io/CAMELS-ES/Ebro/Jalón/plots/9125.html" }, "geometry": { "type": "Point", "coordinates": [ -1.798726074378225, 41.266449950202812 ] } },
{ "type": "Feature", "properties": { "indroea": 9126, "lugar": "ATECA", "comentario": null, "serv": 1, "suprest": 3619, "suprcnc": 9718, "hoja_id": 437, "alti": 590.0, "altimax": 1518.0, "naa": 24, "naam": 69, "naai": 49, "num_cuenca": 9272, "muni_id": 50038, "xutm": 600483, "yutm": 4575511, "xutm30": 600483, "yutm30": 4575511, "long": -1.4758, "lat": 41.1927, "longwgs84": -1.4803, "latwgs84": 41.1923, "observ1": "LOS DATOS DE 2009-10 Y 2010-11 SON PROVISIONALES PENDIENTES DE REVISION                             ", "xetrs89": 600374, "yetrs89": 4575302, "cod_saih": "A126", "cuenca": "EBRO", "rio": "jalón", "regimen": "natural", "sistema": "jalón", "caudal": 1, "inicio": 1997.0, "fin": 2021.0, "url_link": "https://casadoj.github.io/CAMELS-ES/Ebro/Jalón/plots/9126.html" }, "geometry": { "type": "Point", "coordinates": [ -1.800652218352143, 41.322947172898459 ] } },
{ "type": "Feature", "properties": { "indroea": 9127, "lugar": "ALCAINE", "comentario": null, "serv": 1, "suprest": 594, "suprcnc": 2111, "hoja_id": 493, "alti": 585.0, "altimax": 1577.0, "naa": 15, "naam": 60, "naai": 38, "num_cuenca": 9350, "muni_id": 44011, "xutm": 693538, "yutm": 4536484, "xutm30": 693538, "yutm30": 4536484, "long": -0.4202, "lat": 40.5721, "longwgs84": -0.4206, "latwgs84": 40.5717, "observ1": "LOS DATOS DE 2009-10 Y 2010-11 SON PROVISIONALES PENDIENTES DE REVISION                             ", "xetrs89": 693429, "yetrs89": 4536275, "cod_saih": "A127", "cuenca": "EBRO", "rio": "martín", "regimen": "natural", "sistema": "martín", "caudal": 1, "inicio": 2006.0, "fin": 2021.0, "url_link": "https://casadoj.github.io/CAMELS-ES/Ebro/Martín/plots/9127.html" }, "geometry": { "type": "Point", "coordinates": [ -0.70171364789906, 40.9547275797037 ] } },
{ "type": "Feature", "properties": { "indroea": 9129, "lugar": "TRANQUERA - C.E.", "comentario": null, "serv": 1, "suprest": 87, "suprcnc": 88, "hoja_id": 437, "alti": 695.0, "altimax": 1311.0, "naa": 30, "naam": 50, "naai": 32, "num_cuenca": 9266, "muni_id": 50192, "xutm": 602517, "yutm": 4562678, "xutm30": 602517, "yutm30": 4562678, "long": -1.4638, "lat": 41.123, "longwgs84": -1.4643, "latwgs84": 41.1226, "observ1": "LOS DATOS DE 2009-10 Y 2010-11 SON PROVISIONALES PENDIENTES DE REVISION                             ", "xetrs89": 602408, "yetrs89": 4562469, "cod_saih": "A129", "cuenca": "EBRO", "rio": "ortiz", "regimen": "natural", "sistema": "jalón", "caudal": 1, "inicio": 1991.0, "fin": 2021.0, "url_link": "https://casadoj.github.io/CAMELS-ES/Ebro/Jalón/plots/9129.html" }, "geometry": { "type": "Point", "coordinates": [ -1.778509555197951, 41.207120359632739 ] } },
{ "type": "Feature", "properties": { "indroea": 9130, "lugar": "GINASTE", "comentario": "INT 1997                                                              ", "serv": 0, "suprest": 149, "suprcnc": 2046, "hoja_id": 213, "alti": 990.0, "altimax": 3205.0, "naa": 5, "naam": 36, "naai": 0, "num_cuenca": 9512, "muni_id": 22157, "xutm": 805382, "yutm": 4711766, "xutm30": 805382, "yutm30": 4711766, "long": 0.4258, "lat": 42.295, "longwgs84": 0.4253, "latwgs84": 42.2946, "observ1": null, "xetrs89": 805274, "yetrs89": 4711555, "cod_saih": null, "cuenca": "EBRO", "rio": "noguera ribagorzana", "regimen": "desconocido", "sistema": "esera-noguera ribagorzana", "caudal": 1, "inicio": 1991.0, "fin": 1996.0, "url_link": "https://casadoj.github.io/CAMELS-ES/Ebro/Esera-Noguera Ribagorzana/plots/9130.html" }, "geometry": { "type": "Point", "coordinates": [ 0.714867136239126, 42.496141214134788 ] } },
{ "type": "Feature", "properties": { "indroea": 9131, "lugar": "LLESP", "comentario": "INT 1997                                                              ", "serv": 0, "suprest": 225, "suprcnc": 240, "hoja_id": 213, "alti": 924.0, "altimax": 3030.0, "naa": 5, "naam": 36, "naai": 0, "num_cuenca": 9521, "muni_id": 25173, "xutm": 315500, "yutm": 4702578, "xutm30": 808914, "yutm30": 4706980, "long": 0.4523, "lat": 42.271, "longwgs84": 0.4519, "latwgs84": 42.2706, "observ1": "                                                                                                    ", "xetrs89": 808806, "yetrs89": 4706768, "cod_saih": null, "cuenca": "EBRO", "rio": "noguera de tor", "regimen": "desconocido", "sistema": "esera-noguera ribagorzana", "caudal": 1, "inicio": 1991.0, "fin": 1996.0, "url_link": "https://casadoj.github.io/CAMELS-ES/Ebro/Esera-Noguera Ribagorzana/plots/9131.html" }, "geometry": { "type": "Point", "coordinates": [ 0.75518226008343, 42.451722417492007 ] } },
{ "type": "Feature", "properties": { "indroea": 9135, "lugar": "ALINS", "comentario": null, "serv": 1, "suprest": 60, "suprcnc": 60, "hoja_id": 182, "alti": 1100.0, "altimax": 2908.0, "naa": 30, "naam": 55, "naai": 14, "num_cuenca": 9475, "muni_id": 25017, "xutm": 855407, "yutm": 4720486, "xutm30": 855407, "yutm30": 4720486, "long": 1.1943, "lat": 42.3315, "longwgs84": 1.1938, "latwgs84": 42.3311, "observ1": "LOS DATOS DE 2007-08, 2009-10 Y 2010-11 SON PROVISIONALES PENDIENTES DE REVISION                    ", "xetrs89": 855299, "yetrs89": 4720275, "cod_saih": "A135", "cuenca": "EBRO", "rio": "tor", "regimen": "natural", "sistema": "segre", "caudal": 1, "inicio": 1991.0, "fin": 2021.0, "url_link": "https://casadoj.github.io/CAMELS-ES/Ebro/Segre/plots/9135.html" }, "geometry": { "type": "Point", "coordinates": [ 1.327463497791594, 42.55312444494146 ] } },
{ "type": "Feature", "properties": { "indroea": 9136, "lugar": "NOALES", "comentario": "INT 1997                                                              ", "serv": 0, "suprest": 76, "suprcnc": 104, "hoja_id": 213, "alti": 995.0, "altimax": 2540.0, "naa": 5, "naam": 33, "naai": 0, "num_cuenca": 9513, "muni_id": 22157, "xutm": 307857, "yutm": 4703470, "xutm30": 801222, "yutm30": 4707330, "long": 0.3948, "lat": 42.2732, "longwgs84": 0.3943, "latwgs84": 42.2728, "observ1": "                                                                                                    ", "xetrs89": 801114, "yetrs89": 4707118, "cod_saih": null, "cuenca": "EBRO", "rio": "baliera", "regimen": "desconocido", "sistema": "esera-noguera ribagorzana", "caudal": 1, "inicio": 1991.0, "fin": 1996.0, "url_link": "https://casadoj.github.io/CAMELS-ES/Ebro/Esera-Noguera Ribagorzana/plots/9136.html" }, "geometry": { "type": "Point", "coordinates": [ 0.662016520165594, 42.457892458803066 ] } },
{ "type": "Feature", "properties": { "indroea": 9137, "lugar": "PONT DE SUERT", "comentario": null, "serv": 1, "suprest": 558, "suprcnc": 2046, "hoja_id": 213, "alti": 824.0, "altimax": 3205.0, "naa": 12, "naam": 62, "naai": 1, "num_cuenca": 9522, "muni_id": 25173, "xutm": 808017, "yutm": 4701188, "xutm30": 808017, "yutm30": 4701188, "long": 0.4433, "lat": 42.2404, "longwgs84": 0.4428, "latwgs84": 42.24, "observ1": "LOS DATOS DE 2007-08 A 2010-11 SON PROVISIONALES PENDIENTES DE REVISION                             ", "xetrs89": 807909, "yetrs89": 4700977, "cod_saih": "A137", "cuenca": "EBRO", "rio": "noguera ribagorzana", "regimen": "alterado", "sistema": "esera-noguera ribagorzana", "caudal": 1, "inicio": 2009.0, "fin": 2021.0, "url_link": "https://casadoj.github.io/CAMELS-ES/Ebro/Esera-Noguera Ribagorzana/plots/9137.html" }, "geometry": { "type": "Point", "coordinates": [ 0.741196968914529, 42.400036745454614 ] } },
{ "type": "Feature", "properties": { "indroea": 9142, "lugar": "LUMBRERAS", "comentario": null, "serv": 1, "suprest": 113, "suprcnc": 127, "hoja_id": 279, "alti": 1160.0, "altimax": 2168.0, "naa": 28, "naam": 72, "naai": 53, "num_cuenca": 9131, "muni_id": 26091, "xutm": 531356, "yutm": 4661174, "xutm30": 531356, "yutm30": 4661174, "long": -2.3715, "lat": 42.0605, "longwgs84": -2.372, "latwgs84": 42.0601, "observ1": "LOS DATOS DE 2009-10 Y 2010-11 SON PROVISIONALES PENDIENTES DE REVISION                             ", "xetrs89": 531248, "yetrs89": 4660966, "cod_saih": "A142", "cuenca": "EBRO", "rio": "lumbreras", "regimen": "alterado", "sistema": "cuenca del iregua", "caudal": 1, "inicio": 1993.0, "fin": 2021.0, "url_link": "https://casadoj.github.io/CAMELS-ES/Ebro/Cuenca Del Iregua/plots/9142.html" }, "geometry": { "type": "Point", "coordinates": [ -2.622096078022665, 42.100159452357296 ] } },
{ "type": "Feature", "properties": { "indroea": 9143, "lugar": "ARTIES", "comentario": null, "serv": 1, "suprest": 137, "suprcnc": 547, "hoja_id": 149, "alti": 1180.0, "altimax": 2749.0, "naa": 7, "naam": 51, "naai": 0, "num_cuenca": 9667, "muni_id": 25025, "xutm": 326387, "yutm": 4730106, "xutm30": 817831, "yutm30": 4735232, "long": 0.5249, "lat": 42.4211, "longwgs84": 0.5245, "latwgs84": 42.4207, "observ1": "DATOS DE 2010-11 SON PROVISIONALES. DATOS MODIFICADOS DE 2014-15 A 2018-19 (ANUARIO 19-20)          ", "xetrs89": 817723, "yetrs89": 4735020, "cod_saih": "A143", "cuenca": "EBRO", "rio": "garona", "regimen": "desconocido", "sistema": "segre", "caudal": 1, "inicio": 2014.0, "fin": 2021.0, "url_link": "https://casadoj.github.io/CAMELS-ES/Ebro/Segre/plots/9143.html" }, "geometry": { "type": "Point", "coordinates": [ 0.879104354969994, 42.701970533274192 ] } },
{ "type": "Feature", "properties": { "indroea": 9145, "lugar": "ERISTE", "comentario": null, "serv": 1, "suprest": 323, "suprcnc": 1532, "hoja_id": 179, "alti": 830.0, "altimax": 3404.0, "naa": 30, "naam": 68, "naai": 17, "num_cuenca": 9583, "muni_id": 22200, "xutm": 292583, "yutm": 4717350, "xutm30": 784995, "yutm30": 4720101, "long": 0.2821, "lat": 42.3448, "longwgs84": 0.2817, "latwgs84": 42.3444, "observ1": "LOS DATOS DE 2008-09 A 2010-11 SON PROVISIONALES PENDIENTES DE REVISION                             ", "xetrs89": 784888, "yetrs89": 4719890, "cod_saih": "A145", "cuenca": "EBRO", "rio": "ésera", "regimen": "alterado", "sistema": "esera-noguera ribagorzana", "caudal": 1, "inicio": 1991.0, "fin": 2021.0, "url_link": "https://casadoj.github.io/CAMELS-ES/Ebro/Esera-Noguera Ribagorzana/plots/9145.html" }, "geometry": { "type": "Point", "coordinates": [ 0.471401289628934, 42.578835737953455 ] } },
{ "type": "Feature", "properties": { "indroea": 9147, "lugar": "MONREAL DE ARIZA", "comentario": null, "serv": 1, "suprest": 465, "suprcnc": 466, "hoja_id": 436, "alti": 723.0, "altimax": 1178.0, "naa": 10, "naam": 68, "naai": 30, "num_cuenca": 9259, "muni_id": 50172, "xutm": 574096, "yutm": 4573540, "xutm30": 574096, "yutm30": 4573540, "long": -2.0654, "lat": 41.1833, "longwgs84": -2.0658, "latwgs84": 41.1829, "observ1": null, "xetrs89": 573987, "yetrs89": 4573331, "cod_saih": "A147", "cuenca": "EBRO", "rio": "nájima", "regimen": "alterado", "sistema": "jalón", "caudal": 1, "inicio": 2011.0, "fin": 2021.0, "url_link": "https://casadoj.github.io/CAMELS-ES/Ebro/Jalón/plots/9147.html" }, "geometry": { "type": "Point", "coordinates": [ -2.116142383819586, 41.30804846207208 ] } },
{ "type": "Feature", "properties": { "indroea": 9148, "lugar": "COLL DE NARGO", "comentario": null, "serv": 1, "suprest": 69, "suprcnc": 70, "hoja_id": 291, "alti": 530.0, "altimax": 1745.0, "naa": 30, "naam": 66, "naai": 36, "num_cuenca": 9446, "muni_id": 25077, "xutm": 359738, "yutm": 4669703, "xutm30": 855407, "yutm30": 4677273, "long": 1.1807, "lat": 42.0958, "longwgs84": 1.1803, "latwgs84": 42.0954, "observ1": "DATOS MODIFICADOS DE 1994-95 A 2019-20 (ANUARIO 2020-21)                                            ", "xetrs89": 855299, "yetrs89": 4677062, "cod_saih": "A148", "cuenca": "EBRO", "rio": "sellent", "regimen": "natural", "sistema": "segre", "caudal": 1, "inicio": 1991.0, "fin": 2021.0, "url_link": "https://casadoj.github.io/CAMELS-ES/Ebro/Segre/plots/9148.html" }, "geometry": { "type": "Point", "coordinates": [ 1.300866567583175, 42.165048673339939 ] } },
{ "type": "Feature", "properties": { "indroea": 9150, "lugar": "ESTENOZ", "comentario": null, "serv": 1, "suprest": 28, "suprcnc": 185, "hoja_id": 140, "alti": 480.0, "altimax": 1009.0, "naa": 10, "naam": 65, "naai": 43, "num_cuenca": 9228, "muni_id": 31120, "xutm": 588006, "yutm": 4733522, "xutm30": 588006, "yutm30": 4733522, "long": -1.5529, "lat": 42.4454, "longwgs84": -1.5534, "latwgs84": 42.445, "observ1": "LOS DATOS DE 2009-10 Y 2010-11 SON PROVISIONALES PENDIENTES DE REVISION                             ", "xetrs89": 587899, "yetrs89": 4733313, "cod_saih": "A150", "cuenca": "EBRO", "rio": "salado", "regimen": "natural", "sistema": "irati-arga-ega", "caudal": 1, "inicio": 2011.0, "fin": 2021.0, "url_link": "https://casadoj.github.io/CAMELS-ES/Ebro/Irati-Arga-Ega/plots/9150.html" }, "geometry": { "type": "Point", "coordinates": [ -1.925991015472265, 42.747302370778186 ] } },
{ "type": "Feature", "properties": { "indroea": 9151, "lugar": "MUEZ", "comentario": "INT 1999                                                              ", "serv": 0, "suprest": 55, "suprcnc": 75, "hoja_id": 140, "alti": 470.0, "altimax": 1233.0, "naa": 7, "naam": 39, "naai": 30, "num_cuenca": 9229, "muni_id": 31120, "xutm": 587166, "yutm": 4733748, "xutm30": 587166, "yutm30": 4733748, "long": -1.5606, "lat": 42.4502, "longwgs84": -1.5611, "latwgs84": 42.4458, "observ1": null, "xetrs89": 587059, "yetrs89": 4733539, "cod_saih": null, "cuenca": "EBRO", "rio": "inaroz", "regimen": "desconocido", "sistema": "irati-arga-ega", "caudal": 1, "inicio": 1991.0, "fin": 1998.0, "url_link": "https://casadoj.github.io/CAMELS-ES/Ebro/Irati-Arga-Ega/plots/9151.html" }, "geometry": { "type": "Point", "coordinates": [ -1.936218166892899, 42.749433042407624 ] } },
{ "type": "Feature", "properties": { "indroea": 9152, "lugar": "EUGUI", "comentario": null, "serv": 1, "suprest": 69, "suprcnc": 2759, "hoja_id": 116, "alti": 582.0, "altimax": 1459.0, "naa": 30, "naam": 58, "naai": 44, "num_cuenca": 9211, "muni_id": 31098, "xutm": 621220, "yutm": 4758782, "xutm30": 621220, "yutm30": 4758783, "long": -1.3049, "lat": 42.5817, "longwgs84": -1.3053, "latwgs84": 42.5813, "observ1": "LOS DATOS DE 2009-10 Y 2010-11 SON PROVISIONALES PENDIENTES DE REVISION                             ", "xetrs89": 621114, "yetrs89": 4758573, "cod_saih": "A152", "cuenca": "EBRO", "rio": "arga", "regimen": "alterado", "sistema": "irati-arga-ega", "caudal": 1, "inicio": 1991.0, "fin": 2021.0, "url_link": "https://casadoj.github.io/CAMELS-ES/Ebro/Irati-Arga-Ega/plots/9152.html" }, "geometry": { "type": "Point", "coordinates": [ -1.514821104615109, 42.970176273758923 ] } },
{ "type": "Feature", "properties": { "indroea": 9153, "lugar": "HORTA DE SAN JUAN", "comentario": null, "serv": 1, "suprest": 115, "suprcnc": 407, "hoja_id": 496, "alti": 418.0, "altimax": 1226.0, "naa": 22, "naam": 58, "naai": 32, "num_cuenca": 9646, "muni_id": 43071, "xutm": 270606, "yutm": 4535756, "xutm30": 775729, "yutm30": 4537347, "long": 0.1631, "lat": 40.5624, "longwgs84": 0.1626, "latwgs84": 40.562, "observ1": "LOS DATOS DE 2009-10 Y 2010-11 SON PROVISIONALES PENDIENTES DE REVISION                             ", "xetrs89": 775620, "yetrs89": 4537137, "cod_saih": "A153", "cuenca": "EBRO", "rio": "algas", "regimen": "natural", "sistema": "matarraña", "caudal": 1, "inicio": 1999.0, "fin": 2021.0, "url_link": "https://casadoj.github.io/CAMELS-ES/Ebro/Matarraña/plots/9153.html" }, "geometry": { "type": "Point", "coordinates": [ 0.273952543950368, 40.938896999477166 ] } },
{ "type": "Feature", "properties": { "indroea": 9154, "lugar": "PEÑARROYA DE TASTAVINS", "comentario": null, "serv": 1, "suprest": 88, "suprcnc": 357, "hoja_id": 520, "alti": 669.0, "altimax": 1342.0, "naa": 11, "naam": 51, "naai": 33, "num_cuenca": 9638, "muni_id": 44154, "xutm": 755369, "yutm": 4514294, "xutm30": 755369, "yutm30": 4514294, "long": 0.0127, "lat": 40.4421, "longwgs84": 0.0122, "latwgs84": 40.4417, "observ1": null, "xetrs89": 755260, "yetrs89": 4514084, "cod_saih": null, "cuenca": "EBRO", "rio": "tastavins", "regimen": "natural", "sistema": "matarraña", "caudal": 1, "inicio": 2003.0, "fin": 2014.0, "url_link": "https://casadoj.github.io/CAMELS-ES/Ebro/Matarraña/plots/9154.html" }, "geometry": { "type": "Point", "coordinates": [ 0.022996555489648, 40.73812594740842 ] } },
{ "type": "Feature", "properties": { "indroea": 9155, "lugar": "BIOTA", "comentario": "CORRECCIÓN POR POZO SUCIO (DATOS 2013-14)                             ", "serv": 1, "suprest": 144, "suprcnc": 2249, "hoja_id": 245, "alti": 476.0, "altimax": 1517.0, "naa": 30, "naam": 54, "naai": 39, "num_cuenca": 9248, "muni_id": 50051, "xutm": 649247, "yutm": 4680503, "xutm30": 649247, "yutm30": 4680503, "long": -1.1126, "lat": 42.1542, "longwgs84": -1.1131, "latwgs84": 42.1538, "observ1": "LOS DATOS DE 2009-10 Y 2010-11 SON PROVISIONALES PENDIENTES DE REVISION                             ", "xetrs89": 649139, "yetrs89": 4680293, "cod_saih": "A155", "cuenca": "EBRO", "rio": "arba de luesia", "regimen": "natural", "sistema": "aragón-arba", "caudal": 1, "inicio": 1991.0, "fin": 2021.0, "url_link": "https://casadoj.github.io/CAMELS-ES/Ebro/Aragón-Arba/plots/9155.html" }, "geometry": { "type": "Point", "coordinates": [ -1.19182050903068, 42.2605919504715 ] } },
{ "type": "Feature", "properties": { "indroea": 9157, "lugar": "AZARRULLA", "comentario": null, "serv": 1, "suprest": 74, "suprcnc": 373, "hoja_id": 240, "alti": 924.0, "altimax": 2262.0, "naa": 28, "naam": 54, "naai": 24, "num_cuenca": 9091, "muni_id": 26061, "xutm": 497343, "yutm": 4679139, "xutm30": 497343, "yutm30": 4679139, "long": -3.0156, "lat": 42.1549, "longwgs84": -3.0201, "latwgs84": 42.1545, "observ1": "LOS DATOS DE 2008-09 A 2010-11 SON PROVISIONALES PENDIENTES DE REVISION                             ", "xetrs89": 497236, "yetrs89": 4678931, "cod_saih": "A157", "cuenca": "EBRO", "rio": "glera u oja", "regimen": "natural", "sistema": "cuenca del najerilla", "caudal": 1, "inicio": 1993.0, "fin": 2021.0, "url_link": "https://casadoj.github.io/CAMELS-ES/Ebro/Cuenca Del Najerilla/plots/9157.html" }, "geometry": { "type": "Point", "coordinates": [ -3.033512666588498, 42.262576449082211 ] } },
{ "type": "Feature", "properties": { "indroea": 9158, "lugar": "SAN MIGUEL DE PEDROSO", "comentario": null, "serv": 1, "suprest": 192, "suprcnc": 1243, "hoja_id": 201, "alti": 810.0, "altimax": 2085.0, "naa": 25, "naam": 53, "naai": 26, "num_cuenca": 9082, "muni_id": 9048, "xutm": 482556, "yutm": 4692903, "xutm30": 482556, "yutm30": 4692903, "long": -3.1243, "lat": 42.2315, "longwgs84": -3.1248, "latwgs84": 42.2311, "observ1": "LOS DATOS DE 2009-10 Y 2010-11 SON PROVISIONALES PENDIENTES DE REVISION                             ", "xetrs89": 482449, "yetrs89": 4692695, "cod_saih": "A158", "cuenca": "EBRO", "rio": "tirón", "regimen": "natural", "sistema": "cuenca del najerilla", "caudal": 1, "inicio": 1996.0, "fin": 2021.0, "url_link": "https://casadoj.github.io/CAMELS-ES/Ebro/Cuenca Del Najerilla/plots/9158.html" }, "geometry": { "type": "Point", "coordinates": [ -3.213218047232917, 42.386343814957662 ] } },
{ "type": "Feature", "properties": { "indroea": 9159, "lugar": "HUARTE", "comentario": null, "serv": 1, "suprest": 178, "suprcnc": 2759, "hoja_id": 115, "alti": 455.0, "altimax": 1459.0, "naa": 12, "naam": 55, "naai": 33, "num_cuenca": 9211, "muni_id": 31122, "xutm": 384199, "yutm": 4746969, "xutm30": 615824, "yutm30": 4745566, "long": 1.3457, "lat": 42.5157, "longwgs84": 1.3453, "latwgs84": 42.5153, "observ1": "DATOS DE 2007-11 PENDIENTES DE REVISION. DATOS MODIFICADOS 2011-12 A 2012-13 (ANUARIO 13-14)        ", "xetrs89": 615718, "yetrs89": 4745357, "cod_saih": "A159", "cuenca": "EBRO", "rio": "arga", "regimen": "alterado", "sistema": "irati-arga-ega", "caudal": 1, "inicio": 2009.0, "fin": 2021.0, "url_link": "https://casadoj.github.io/CAMELS-ES/Ebro/Irati-Arga-Ega/plots/9159.html" }, "geometry": { "type": "Point", "coordinates": [ -1.583697458407077, 42.852038984112966 ] } },
{ "type": "Feature", "properties": { "indroea": 9161, "lugar": "PALAZUELOS", "comentario": null, "serv": 1, "suprest": 4530, "suprcnc": 85001, "hoja_id": 136, "alti": 521.0, "altimax": 3151.0, "naa": 4, "naam": 48, "naai": 0, "num_cuenca": 9043, "muni_id": 9102, "xutm": 472037, "yutm": 4737951, "xutm30": 472037, "yutm30": 4737951, "long": -3.2031, "lat": 42.4734, "longwgs84": -3.2036, "latwgs84": 42.473, "observ1": "LOS DATOS DE 2006-07 A 2010-11 SON PROVISIONALES PENDIENTES DE REVISION                             ", "xetrs89": 471930, "yetrs89": 4737744, "cod_saih": "A161", "cuenca": "EBRO", "rio": "ebro", "regimen": "alterado", "sistema": "cabecera del ebro", "caudal": 1, "inicio": 2017.0, "fin": 2021.0, "url_link": "https://casadoj.github.io/CAMELS-ES/Ebro/Cabecera Del Ebro/plots/9161.html" }, "geometry": { "type": "Point", "coordinates": [ -3.343224747506991, 42.791727256098277 ] } },
{ "type": "Feature", "properties": { "indroea": 9163, "lugar": "ASCO COCA", "comentario": null, "serv": 1, "suprest": 82245, "suprcnc": 85001, "hoja_id": 444, "alti": 40.0, "altimax": null, "naa": 29, "naam": 38, "naai": 18, "num_cuenca": 9650, "muni_id": 43019, "xutm": 296270, "yutm": 4562447, "xutm30": 799507, "yutm30": 4565753, "long": 0.3415, "lat": 41.1113, "longwgs84": 0.3411, "latwgs84": 41.1109, "observ1": "LOS DATOS DE 2008-09, 2009-10 Y 2010-11 SON PROVISIONALES PENDIENTES DE REVISION                    ", "xetrs89": 799399, "yetrs89": 4565543, "cod_saih": "A163", "cuenca": "EBRO", "rio": "ebro", "regimen": "alterado", "sistema": "bajo ebro", "caudal": 1, "inicio": 1992.0, "fin": 2021.0, "url_link": "https://casadoj.github.io/CAMELS-ES/Ebro/Bajo Ebro/plots/9163.html" }, "geometry": { "type": "Point", "coordinates": [ 0.569711408583937, 41.185926622551861 ] } },
{ "type": "Feature", "properties": { "indroea": 9165, "lugar": "MIRANDA DE EBRO", "comentario": null, "serv": 1, "suprest": 318, "suprcnc": 319, "hoja_id": 137, "alti": 460.0, "altimax": null, "naa": 30, "naam": 46, "naai": 16, "num_cuenca": 9056, "muni_id": 9219, "xutm": 506002, "yutm": 4726492, "xutm30": 506002, "yutm30": 4726492, "long": -2.5536, "lat": 42.4124, "longwgs84": -2.5541, "latwgs84": 42.412, "observ1": "LOS DATOS DE 2009-10 Y 2010-11 SON PROVISIONALES PENDIENTES DE REVISION                             ", "xetrs89": 505895, "yetrs89": 4726284, "cod_saih": "A165", "cuenca": "EBRO", "rio": "bayas", "regimen": "natural", "sistema": "bayas-zadorra-inglares", "caudal": 1, "inicio": 1991.0, "fin": 2021.0, "url_link": "https://casadoj.github.io/CAMELS-ES/Ebro/Bayas-Zadorra-Inglares/plots/9165.html" }, "geometry": { "type": "Point", "coordinates": [ -2.928037977361654, 42.689015971150383 ] } },
{ "type": "Feature", "properties": { "indroea": 9166, "lugar": "VIRUES", "comentario": null, "serv": 1, "suprest": 290, "suprcnc": 306, "hoja_id": 136, "alti": 532.0, "altimax": 1152.0, "naa": 17, "naam": 44, "naai": 3, "num_cuenca": 9040, "muni_id": 9394, "xutm": 470891, "yutm": 4739770, "xutm30": 470891, "yutm30": 4739770, "long": -3.2122, "lat": 42.4833, "longwgs84": -3.2126, "latwgs84": 42.4829, "observ1": null, "xetrs89": 470784, "yetrs89": 4739563, "cod_saih": "A166", "cuenca": "EBRO", "rio": "jerea", "regimen": "natural", "sistema": "cabecera del ebro", "caudal": 1, "inicio": 2004.0, "fin": 2021.0, "url_link": "https://casadoj.github.io/CAMELS-ES/Ebro/Cabecera Del Ebro/plots/9166.html" }, "geometry": { "type": "Point", "coordinates": [ -3.357331400461202, 42.808064916619216 ] } },
{ "type": "Feature", "properties": { "indroea": 9167, "lugar": "BARRIO BLANCO", "comentario": null, "serv": 1, "suprest": 73, "suprcnc": 73, "hoja_id": 435, "alti": 886.0, "altimax": 1358.0, "naa": 26, "naam": 41, "naai": 13, "num_cuenca": 9257, "muni_id": 42025, "xutm": 556070, "yutm": 4560613, "xutm30": 556070, "yutm30": 4560613, "long": -2.1953, "lat": 41.1139, "longwgs84": -2.1958, "latwgs84": 41.1135, "observ1": "LOS DATOS DE 2008-09 A 2010-11 SON PROVISIONALES PENDIENTES DE REVISION                             ", "xetrs89": 555961, "yetrs89": 4560404, "cod_saih": "A167", "cuenca": "EBRO", "rio": "blanco", "regimen": "natural", "sistema": "jalón", "caudal": 1, "inicio": 1995.0, "fin": 2021.0, "url_link": "https://casadoj.github.io/CAMELS-ES/Ebro/Jalón/plots/9167.html" }, "geometry": { "type": "Point", "coordinates": [ -2.332652824666859, 41.193063999566412 ] } },
{ "type": "Feature", "properties": { "indroea": 9168, "lugar": "MONEVA - P.P.", "comentario": null, "serv": 1, "suprest": 470, "suprcnc": 1330, "hoja_id": 440, "alti": 580.0, "altimax": 1402.0, "naa": 10, "naam": 50, "naai": 32, "num_cuenca": 9332, "muni_id": 50039, "xutm": 681917, "yutm": 4561490, "xutm30": 681917, "yutm30": 4561490, "long": -0.4952, "lat": 41.1101, "longwgs84": -0.4956, "latwgs84": 41.1057, "observ1": "LOS DATOS DE 2009-10 Y 2010-11 SON PROVISIONALES PENDIENTES DE REVISION                             ", "xetrs89": 681808, "yetrs89": 4561281, "cod_saih": "A168", "cuenca": "EBRO", "rio": "aguas vivas", "regimen": "alterado", "sistema": "aguasvivas", "caudal": 1, "inicio": 2011.0, "fin": 2021.0, "url_link": "https://casadoj.github.io/CAMELS-ES/Ebro/Aguasvivas/plots/9168.html" }, "geometry": { "type": "Point", "coordinates": [ -0.832311598628022, 41.182493080399048 ] } },
{ "type": "Feature", "properties": { "indroea": 9170, "lugar": "YESA C.E.", "comentario": "INT 2011                                                              ", "serv": 0, "suprest": 1471, "suprcnc": 8521, "hoja_id": 175, "alti": 497.0, "altimax": null, "naa": 17, "naam": 36, "naai": 26, "num_cuenca": 9180, "muni_id": 50245, "xutm": 664262, "yutm": 4719626, "xutm30": 664262, "yutm30": 4719626, "long": -0.5951, "lat": 42.3639, "longwgs84": -0.5956, "latwgs84": 42.3635, "observ1": "LOS DATOS DE 2008-09 A 2010-11 SON PROVISIONALES PENDIENTES DE REVISION                             ", "xetrs89": 664155, "yetrs89": 4719416, "cod_saih": "A170", "cuenca": "EBRO", "rio": "aragón", "regimen": "natural", "sistema": "aragón-arba", "caudal": 1, "inicio": 1993.0, "fin": 2010.0, "url_link": "https://casadoj.github.io/CAMELS-ES/Ebro/Aragón-Arba/plots/9170.html" }, "geometry": { "type": "Point", "coordinates": [ -0.998689788994983, 42.609704955474484 ] } },
{ "type": "Feature", "properties": { "indroea": 9172, "lugar": "LAFORTUNADA", "comentario": null, "serv": 1, "suprest": 453, "suprcnc": 9699, "hoja_id": 179, "alti": 700.0, "altimax": 3404.0, "naa": 6, "naam": 45, "naai": 0, "num_cuenca": 9546, "muni_id": 22227, "xutm": 269836, "yutm": 4714049, "xutm30": 762531, "yutm30": 4715196, "long": 0.1149, "lat": 42.3238, "longwgs84": 0.1145, "latwgs84": 42.3234, "observ1": "DATOS MODIFICADOS 2014-15 (ANUARIO 15-16)                                                           ", "xetrs89": 762424, "yetrs89": 4714985, "cod_saih": "A172", "cuenca": "EBRO", "rio": "cinca", "regimen": "natural", "sistema": "gallego-cinca", "caudal": 1, "inicio": 2015.0, "fin": 2021.0, "url_link": "https://casadoj.github.io/CAMELS-ES/Ebro/Gallego-Cinca/plots/9172.html" }, "geometry": { "type": "Point", "coordinates": [ 0.195852638524891, 42.542694205410434 ] } },
{ "type": "Feature", "properties": { "indroea": 9174, "lugar": "FAYOS, LOS", "comentario": null, "serv": 1, "suprest": 194, "suprcnc": 529, "hoja_id": 320, "alti": 550.0, "altimax": null, "naa": 18, "naam": 32, "naai": 13, "num_cuenca": 9244, "muni_id": 50106, "xutm": 601202, "yutm": 4637434, "xutm30": 601202, "yutm30": 4637434, "long": -1.4649, "lat": 41.5254, "longwgs84": -1.4654, "latwgs84": 41.525, "observ1": "LOS DATOS DE 2009-10 Y 2010-11 SON PROVISIONALES PENDIENTES DE REVISION                             ", "xetrs89": 601094, "yetrs89": 4637225, "cod_saih": "A174", "cuenca": "EBRO", "rio": "queiles", "regimen": "natural", "sistema": "cuenca desde leza a huecha", "caudal": 1, "inicio": 2003.0, "fin": 2021.0, "url_link": "https://casadoj.github.io/CAMELS-ES/Ebro/Cuenca Desde Leza A Huecha/plots/9174.html" }, "geometry": { "type": "Point", "coordinates": [ -1.781605042442531, 41.880490620005531 ] } },
{ "type": "Feature", "properties": { "indroea": 9175, "lugar": "TUDELA", "comentario": null, "serv": 1, "suprest": 528, "suprcnc": 529, "hoja_id": 282, "alti": 258.0, "altimax": 2313.0, "naa": 5, "naam": 35, "naai": 0, "num_cuenca": 9244, "muni_id": 31232, "xutm": 614533, "yutm": 4657513, "xutm30": 614533, "yutm30": 4657513, "long": -1.3657, "lat": 42.0338, "longwgs84": -1.3701, "latwgs84": 42.0334, "observ1": "LOS DATOS DE 2006-07 A 2010-11 SON PROVISIONALES PENDIENTES DE REVISION                             ", "xetrs89": 614425, "yetrs89": 4657304, "cod_saih": "A175", "cuenca": "EBRO", "rio": "queiles", "regimen": "natural", "sistema": "eje del ebro", "caudal": 1, "inicio": 2016.0, "fin": 2021.0, "url_link": "https://casadoj.github.io/CAMELS-ES/Ebro/Eje Del Ebro/plots/9175.html" }, "geometry": { "type": "Point", "coordinates": [ -1.61707526752634, 42.05946714545162 ] } },
{ "type": "Feature", "properties": { "indroea": 9176, "lugar": "NONASPE", "comentario": null, "serv": 1, "suprest": 1035, "suprcnc": 1727, "hoja_id": 443, "alti": 212.0, "altimax": 1364.0, "naa": 18, "naam": 48, "naai": 27, "num_cuenca": 9643, "muni_id": 50102, "xutm": 262906, "yutm": 4564505, "xutm30": 766068, "yutm30": 4565505, "long": 0.1022, "lat": 41.1147, "longwgs84": 0.1018, "latwgs84": 41.1143, "observ1": null, "xetrs89": 765960, "yetrs89": 4565295, "cod_saih": "A176", "cuenca": "EBRO", "rio": "matarraña", "regimen": "alterado", "sistema": "eje del matarraña", "caudal": 1, "inicio": 2003.0, "fin": 2021.0, "url_link": "https://casadoj.github.io/CAMELS-ES/Ebro/Eje Del Matarraña/plots/9176.html" }, "geometry": { "type": "Point", "coordinates": [ 0.171534383833918, 41.195359755316176 ] } },
{ "type": "Feature", "properties": { "indroea": 9177, "lugar": "BATEA", "comentario": null, "serv": 1, "suprest": 335, "suprcnc": 407, "hoja_id": 470, "alti": 219.0, "altimax": 1326.0, "naa": 11, "naam": 48, "naai": 32, "num_cuenca": 9646, "muni_id": 43022, "xutm": 265779, "yutm": 4554523, "xutm30": 769622, "yutm30": 4555743, "long": 0.1239, "lat": 41.0627, "longwgs84": 0.1234, "latwgs84": 41.0623, "observ1": "DATOS MODIFICADOS 2002-03 A 2012-13 (ANUARIO 13-14)                                                 ", "xetrs89": 769513, "yetrs89": 4555533, "cod_saih": "A177", "cuenca": "EBRO", "rio": "algas", "regimen": "natural", "sistema": "matarraña", "caudal": 1, "inicio": 2010.0, "fin": 2021.0, "url_link": "https://casadoj.github.io/CAMELS-ES/Ebro/Matarraña/plots/9177.html" }, "geometry": { "type": "Point", "coordinates": [ 0.20955097311302, 41.106388046777127 ] } },
{ "type": "Feature", "properties": { "indroea": 9178, "lugar": "REINOSA", "comentario": null, "serv": 1, "suprest": 23, "suprcnc": 85001, "hoja_id": 83, "alti": 839.0, "altimax": 1959.0, "naa": 17, "naam": 41, "naai": 4, "num_cuenca": 9001, "muni_id": 39032, "xutm": 405301, "yutm": 4761851, "xutm30": 405301, "yutm30": 4761851, "long": -4.0943, "lat": 43.001, "longwgs84": -4.0947, "latwgs84": 43.0006, "observ1": null, "xetrs89": 405194, "yetrs89": 4761645, "cod_saih": "A178", "cuenca": "EBRO", "rio": "ebro", "regimen": "natural", "sistema": "cabecera del ebro", "caudal": 1, "inicio": 2004.0, "fin": 2021.0, "url_link": "https://casadoj.github.io/CAMELS-ES/Ebro/Cabecera Del Ebro/plots/9178.html" }, "geometry": { "type": "Point", "coordinates": [ -4.163168424646968, 43.001565333767111 ] } },
{ "type": "Feature", "properties": { "indroea": 9184, "lugar": "ATECA", "comentario": null, "serv": 1, "suprest": 446, "suprcnc": 446, "hoja_id": 437, "alti": 582.0, "altimax": null, "naa": 4, "naam": 47, "naai": 26, "num_cuenca": 9273, "muni_id": 50038, "xutm": 601338, "yutm": 4576782, "xutm30": 601338, "yutm30": 4576782, "long": -1.472, "lat": 41.2008, "longwgs84": -1.4725, "latwgs84": 41.2003, "observ1": "LOS DATOS DE 2009-10 Y 2010-11 SON PROVISIONALES PENDIENTES DE REVISION                             ", "xetrs89": 601229, "yetrs89": 4576573, "cod_saih": "A184", "cuenca": "EBRO", "rio": "manubles", "regimen": "natural", "sistema": "jalón", "caudal": 1, "inicio": 2017.0, "fin": 2021.0, "url_link": "https://casadoj.github.io/CAMELS-ES/Ebro/Jalón/plots/9184.html" }, "geometry": { "type": "Point", "coordinates": [ -1.79022643164339, 41.334286536887333 ] } },
{ "type": "Feature", "properties": { "indroea": 9185, "lugar": "CINTRUENIGO", "comentario": null, "serv": 1, "suprest": 1120, "suprcnc": 1153, "hoja_id": 282, "alti": 379.0, "altimax": null, "naa": 30, "naam": 46, "naai": 26, "num_cuenca": 9240, "muni_id": 31072, "xutm": 598378, "yutm": 4659542, "xutm30": 598378, "yutm30": 4659542, "long": -1.4838, "lat": 42.0452, "longwgs84": -1.4843, "latwgs84": 42.0448, "observ1": "LOS DATOS DE 2005-06, 2009-10 Y 2010-11 SON PROVISIONALES PENDIENTES DE REVISION                    ", "xetrs89": 598270, "yetrs89": 4659333, "cod_saih": "A185", "cuenca": "EBRO", "rio": "alhama", "regimen": "natural", "sistema": "cuenca desde leza a huecha", "caudal": 1, "inicio": 1991.0, "fin": 2021.0, "url_link": "https://casadoj.github.io/CAMELS-ES/Ebro/Cuenca Desde Leza A Huecha/plots/9185.html" }, "geometry": { "type": "Point", "coordinates": [ -1.811937755934418, 42.079923967804945 ] } },
{ "type": "Feature", "properties": { "indroea": 9186, "lugar": "SADABA", "comentario": null, "serv": 1, "suprest": 197, "suprcnc": 582, "hoja_id": 245, "alti": 427.0, "altimax": null, "naa": 7, "naam": 46, "naai": 31, "num_cuenca": 9253, "muni_id": 50230, "xutm": 642664, "yutm": 4682548, "xutm30": 642664, "yutm30": 4682548, "long": -1.1611, "lat": 42.1653, "longwgs84": -1.1616, "latwgs84": 42.1649, "observ1": "LOS DATOS DE 2009-10 Y 2010-11 SON PROVISIONALES PENDIENTES DE REVISION                             ", "xetrs89": 642556, "yetrs89": 4682339, "cod_saih": "A186", "cuenca": "EBRO", "rio": "arba de riguel", "regimen": "natural", "sistema": "riegos de bardenas", "caudal": 1, "inicio": 2014.0, "fin": 2021.0, "url_link": "https://casadoj.github.io/CAMELS-ES/Ebro/Riegos De Bardenas/plots/9186.html" }, "geometry": { "type": "Point", "coordinates": [ -1.271094159557094, 42.28024067145796 ] } },
{ "type": "Feature", "properties": { "indroea": 9187, "lugar": "ERLA", "comentario": null, "serv": 1, "suprest": 263, "suprcnc": 586, "hoja_id": 284, "alti": 424.0, "altimax": null, "naa": 30, "naam": 44, "naai": 28, "num_cuenca": 9251, "muni_id": 50100, "xutm": 669904, "yutm": 4664930, "xutm30": 669904, "yutm30": 4664930, "long": -0.5641, "lat": 42.0702, "longwgs84": -0.5646, "latwgs84": 42.0658, "observ1": "LOS DATOS DE 2009-10 Y 2010-11 SON PROVISIONALES PENDIENTES DE REVISION                             ", "xetrs89": 669796, "yetrs89": 4664720, "cod_saih": "A187", "cuenca": "EBRO", "rio": "arba de biel", "regimen": "natural", "sistema": "riegos de bardenas", "caudal": 1, "inicio": 1991.0, "fin": 2021.0, "url_link": "https://casadoj.github.io/CAMELS-ES/Ebro/Riegos De Bardenas/plots/9187.html" }, "geometry": { "type": "Point", "coordinates": [ -0.946063771730307, 42.116205414152958 ] } },
{ "type": "Feature", "properties": { "indroea": 9188, "lugar": "BERGUENDA", "comentario": null, "serv": 1, "suprest": 350, "suprcnc": 351, "hoja_id": 137, "alti": 483.0, "altimax": null, "naa": 5, "naam": 42, "naai": 22, "num_cuenca": 9048, "muni_id": 1902, "xutm": 496451, "yutm": 4736999, "xutm30": 496451, "yutm30": 4736999, "long": -3.0236, "lat": 42.4705, "longwgs84": -3.0241, "latwgs84": 42.4701, "observ1": "LOS DATOS DE 2005-06, 2009-10 Y 2010-11 SON PROVISIONALES PENDIENTES DE REVISION                    ", "xetrs89": 496344, "yetrs89": 4736791, "cod_saih": "A188", "cuenca": "EBRO", "rio": "omecillo", "regimen": "natural", "sistema": "cabecera del ebro", "caudal": 1, "inicio": 2016.0, "fin": 2021.0, "url_link": "https://casadoj.github.io/CAMELS-ES/Ebro/Cabecera Del Ebro/plots/9188.html" }, "geometry": { "type": "Point", "coordinates": [ -3.04469779610107, 42.783650713302272 ] } },
{ "type": "Feature", "properties": { "indroea": 9189, "lugar": "ORON", "comentario": null, "serv": 1, "suprest": 217, "suprcnc": 237, "hoja_id": 137, "alti": 480.0, "altimax": null, "naa": 30, "naam": 46, "naai": 18, "num_cuenca": 9052, "muni_id": 9219, "xutm": 501793, "yutm": 4724450, "xutm30": 501793, "yutm30": 4724450, "long": -2.5841, "lat": 42.4018, "longwgs84": -2.5846, "latwgs84": 42.4014, "observ1": "LOS DATOS DE 2009-10 Y 2010-11 SON PROVISIONALES PENDIENTES DE REVISION                             ", "xetrs89": 501686, "yetrs89": 4724242, "cod_saih": "A189", "cuenca": "EBRO", "rio": "oroncillo", "regimen": "natural", "sistema": "cabecera del ebro", "caudal": 1, "inicio": 1991.0, "fin": 2021.0, "url_link": "https://casadoj.github.io/CAMELS-ES/Ebro/Cabecera Del Ebro/plots/9189.html" }, "geometry": { "type": "Point", "coordinates": [ -2.979424556362073, 42.670647300316659 ] } },
{ "type": "Feature", "properties": { "indroea": 9190, "lugar": "QUICENA", "comentario": null, "serv": 1, "suprest": 160, "suprcnc": 2873, "hoja_id": 286, "alti": 466.0, "altimax": null, "naa": 13, "naam": 43, "naai": 25, "num_cuenca": 9620, "muni_id": 22195, "xutm": 719367, "yutm": 4669354, "xutm30": 719367, "yutm30": 4669354, "long": -0.2043, "lat": 42.0841, "longwgs84": -0.2048, "latwgs84": 42.0838, "observ1": "LOS DATOS DE 2009-10 Y 2010-11 SON PROVISIONALES PENDIENTES DE REVISION                             ", "xetrs89": 719259, "yetrs89": 4669144, "cod_saih": "A190", "cuenca": "EBRO", "rio": "flumen", "regimen": "alterado", "sistema": "gallego-cinca", "caudal": 1, "inicio": 2008.0, "fin": 2021.0, "url_link": "https://casadoj.github.io/CAMELS-ES/Ebro/Gallego-Cinca/plots/9190.html" }, "geometry": { "type": "Point", "coordinates": [ -0.346623752549676, 42.143743570832527 ] } },
{ "type": "Feature", "properties": { "indroea": 9191, "lugar": "BARBUES", "comentario": null, "serv": 1, "suprest": 534, "suprcnc": 2873, "hoja_id": 324, "alti": 336.0, "altimax": null, "naa": 11, "naam": 43, "naai": 22, "num_cuenca": 9622, "muni_id": 22049, "xutm": 713557, "yutm": 4651230, "xutm30": 713557, "yutm30": 4651230, "long": -0.252, "lat": 41.59, "longwgs84": -0.2525, "latwgs84": 41.5856, "observ1": "LOS DATOS DE 2008-09 A 2010-11 SON PROVISIONALES PENDIENTES DE REVISION                             ", "xetrs89": 713449, "yetrs89": 4651020, "cod_saih": "A191", "cuenca": "EBRO", "rio": "flumen", "regimen": "alterado", "sistema": "riegos del alto aragón", "caudal": 1, "inicio": 2010.0, "fin": 2021.0, "url_link": "https://casadoj.github.io/CAMELS-ES/Ebro/Riegos Del Alto Aragón/plots/9191.html" }, "geometry": { "type": "Point", "coordinates": [ -0.42346967486791, 41.982278286080245 ] } },
{ "type": "Feature", "properties": { "indroea": 9192, "lugar": "SIETAMO", "comentario": null, "serv": 1, "suprest": 135, "suprcnc": 362, "hoja_id": 286, "alti": 669.0, "altimax": null, "naa": 13, "naam": 47, "naai": 26, "num_cuenca": 9616, "muni_id": 22222, "xutm": 726023, "yutm": 4667422, "xutm30": 726023, "yutm30": 4667422, "long": -0.1556, "lat": 42.0732, "longwgs84": -0.1601, "latwgs84": 42.0728, "observ1": "LOS DATOS DE 2008-09 A 2010-11 SON PROVISIONALES PENDIENTES DE REVISION                             ", "xetrs89": 725915, "yetrs89": 4667212, "cod_saih": "A192", "cuenca": "EBRO", "rio": "guatizalema", "regimen": "alterado", "sistema": "gallego-cinca", "caudal": 1, "inicio": 2008.0, "fin": 2021.0, "url_link": "https://casadoj.github.io/CAMELS-ES/Ebro/Gallego-Cinca/plots/9192.html" }, "geometry": { "type": "Point", "coordinates": [ -0.266911129171624, 42.124472639341413 ] } },
{ "type": "Feature", "properties": { "indroea": 9193, "lugar": "BALLOBAR", "comentario": null, "serv": 1, "suprest": 3390, "suprcnc": 3385, "hoja_id": 387, "alti": 150.0, "altimax": null, "naa": 25, "naam": 33, "naai": 16, "num_cuenca": 9623, "muni_id": 22046, "xutm": 266422, "yutm": 4611634, "xutm30": 766312, "yutm30": 4612773, "long": 0.1147, "lat": 41.3717, "longwgs84": 0.1143, "latwgs84": 41.3713, "observ1": "DATOS 2009-11 PROVISIONALES PENDIENTES DE REVISION. DATOS MODIFICADOS 2019-20 (ANUARIO 2020-21)     ", "xetrs89": 766204, "yetrs89": 4612563, "cod_saih": "A193", "cuenca": "EBRO", "rio": "alcanadre", "regimen": "natural", "sistema": "riegos del alto aragón", "caudal": 1, "inicio": 1996.0, "fin": 2021.0, "url_link": "https://casadoj.github.io/CAMELS-ES/Ebro/Riegos Del Alto Aragón/plots/9193.html" }, "geometry": { "type": "Point", "coordinates": [ 0.195221274652971, 41.620391830107295 ] } },
{ "type": "Feature", "properties": { "indroea": 9197, "lugar": "LEZA DE RIO LEZA", "comentario": null, "serv": 1, "suprest": 283, "suprcnc": 534, "hoja_id": 242, "alti": 517.0, "altimax": null, "naa": 30, "naam": 46, "naai": 18, "num_cuenca": 9140, "muni_id": 26088, "xutm": 548900, "yutm": 4686832, "xutm30": 548900, "yutm30": 4686832, "long": -2.2423, "lat": 42.1953, "longwgs84": -2.2428, "latwgs84": 42.1949, "observ1": "DATOS MODIFICADOS DE 1976 A 1980 DESDE 2011-12.DATOS DE 08-09 A 10-11 PENDIENTES DE REVISION        ", "xetrs89": 548792, "yetrs89": 4686624, "cod_saih": "A197", "cuenca": "EBRO", "rio": "leza", "regimen": "natural", "sistema": "cuenca desde leza a huecha", "caudal": 1, "inicio": 1991.0, "fin": 2021.0, "url_link": "https://casadoj.github.io/CAMELS-ES/Ebro/Cuenca Desde Leza A Huecha/plots/9197.html" }, "geometry": { "type": "Point", "coordinates": [ -2.4077781688941, 42.330336700701274 ] } },
{ "type": "Feature", "properties": { "indroea": 9198, "lugar": "ALINS", "comentario": null, "serv": 1, "suprest": 83, "suprcnc": 412, "hoja_id": 182, "alti": 1080.0, "altimax": 3115.0, "naa": 30, "naam": 55, "naai": 16, "num_cuenca": 9474, "muni_id": 25017, "xutm": 855348, "yutm": 4720604, "xutm30": 855348, "yutm30": 4720604, "long": 1.1941, "lat": 42.3319, "longwgs84": 1.1936, "latwgs84": 42.3315, "observ1": "DATOS DE 2008-09 PENDIENTES DE REVISION. DATOS MODIFICADOS 2009-10 A 2012-13 (ANUARIO 13-14)        ", "xetrs89": 855240, "yetrs89": 4720393, "cod_saih": "A198", "cuenca": "EBRO", "rio": "vallfarrera", "regimen": "natural", "sistema": "segre", "caudal": 1, "inicio": 1991.0, "fin": 2021.0, "url_link": "https://casadoj.github.io/CAMELS-ES/Ebro/Segre/plots/9198.html" }, "geometry": { "type": "Point", "coordinates": [ 1.326820220627641, 42.554211206050361 ] } },
{ "type": "Feature", "properties": { "indroea": 9201, "lugar": "GALLIPUEN - P.P.", "comentario": "INT 1999                                                              ", "serv": 0, "suprest": 142, "suprcnc": 386, "hoja_id": 494, "alti": 685.0, "altimax": null, "naa": 7, "naam": 22, "naai": 0, "num_cuenca": 9372, "muni_id": 44014, "xutm": 717972, "yutm": 4528406, "xutm30": 717972, "yutm30": 4528406, "long": -0.2448, "lat": 40.5237, "longwgs84": -0.2452, "latwgs84": 40.5233, "observ1": "LOS DATOS DE 2007-08 SON PROVISIONALES PENDIENTES DE REVISION                                       ", "xetrs89": 717863, "yetrs89": 4528197, "cod_saih": null, "cuenca": "EBRO", "rio": "guadalopillo", "regimen": "alterado", "sistema": "guadalope", "caudal": 1, "inicio": 1991.0, "fin": 1998.0, "url_link": "https://casadoj.github.io/CAMELS-ES/Ebro/Guadalope/plots/9201.html" }, "geometry": { "type": "Point", "coordinates": [ -0.414495857860065, 40.875882085460645 ] } },
{ "type": "Feature", "properties": { "indroea": 9202, "lugar": "MATAMOROSA", "comentario": null, "serv": 1, "suprest": 59, "suprcnc": 60, "hoja_id": 108, "alti": 855.0, "altimax": null, "naa": 16, "naam": 34, "naai": 4, "num_cuenca": 9984, "muni_id": 39027, "xutm": 407478, "yutm": 4760111, "xutm30": 407478, "yutm30": 4760111, "long": -4.0805, "lat": 42.5914, "longwgs84": -4.081, "latwgs84": 42.591, "observ1": "LOS DATOS DE 2008-09 A 2010-11 SON PROVISIONALES PENDIENTES DE REVISION                             ", "xetrs89": 407371, "yetrs89": 4759905, "cod_saih": "A202", "cuenca": "EBRO", "rio": "izarilla", "regimen": "natural", "sistema": "cabecera del ebro", "caudal": 1, "inicio": 2005.0, "fin": 2021.0, "url_link": "https://casadoj.github.io/CAMELS-ES/Ebro/Cabecera Del Ebro/plots/9202.html" }, "geometry": { "type": "Point", "coordinates": [ -4.136175495853448, 42.9861678467243 ] } },
{ "type": "Feature", "properties": { "indroea": 9203, "lugar": "REINOSA", "comentario": null, "serv": 1, "suprest": 142, "suprcnc": 166, "hoja_id": 108, "alti": 840.0, "altimax": null, "naa": 10, "naam": 37, "naai": 4, "num_cuenca": 9002, "muni_id": 39027, "xutm": 406536, "yutm": 4760359, "xutm30": 406536, "yutm30": 4760359, "long": -4.0847, "lat": 42.5922, "longwgs84": -4.0852, "latwgs84": 42.5918, "observ1": null, "xetrs89": 406429, "yetrs89": 4760153, "cod_saih": "A203", "cuenca": "EBRO", "rio": "híjar", "regimen": "natural", "sistema": "cabecera del ebro", "caudal": 1, "inicio": 2011.0, "fin": 2021.0, "url_link": "https://casadoj.github.io/CAMELS-ES/Ebro/Cabecera Del Ebro/plots/9203.html" }, "geometry": { "type": "Point", "coordinates": [ -4.147769238592431, 42.988285397783422 ] } },
{ "type": "Feature", "properties": { "indroea": 9209, "lugar": "ZUERA", "comentario": null, "serv": 1, "suprest": 3276, "suprcnc": 4009, "hoja_id": 323, "alti": 249.0, "altimax": null, "naa": 15, "naam": 17, "naai": 1, "num_cuenca": 9326, "muni_id": 50298, "xutm": 684052, "yutm": 4632679, "xutm30": 684052, "yutm30": 4632679, "long": -0.4702, "lat": 41.4926, "longwgs84": -0.4706, "latwgs84": 41.4922, "observ1": "DATOS MODIFICADOS DE 2008-09 A 2014-15 (ANUARIO 15-16)                                              ", "xetrs89": 683944, "yetrs89": 4632470, "cod_saih": "A209", "cuenca": "EBRO", "rio": "gállego", "regimen": "alterado", "sistema": "riegos del alto aragón", "caudal": 1, "inicio": 2006.0, "fin": 2021.0, "url_link": "https://casadoj.github.io/CAMELS-ES/Ebro/Riegos Del Alto Aragón/plots/9209.html" }, "geometry": { "type": "Point", "coordinates": [ -0.78512442257757, 41.822767096965144 ] } },
{ "type": "Feature", "properties": { "indroea": 9215, "lugar": "CERVERUELA", "comentario": null, "serv": 1, "suprest": 315, "suprcnc": 1020, "hoja_id": 438, "alti": 814.0, "altimax": 1514.0, "naa": 26, "naam": 38, "naai": 14, "num_cuenca": 9290, "muni_id": 50080, "xutm": 649928, "yutm": 4564462, "xutm30": 649928, "yutm30": 4564462, "long": -1.1242, "lat": 41.1301, "longwgs84": -1.1246, "latwgs84": 41.1257, "observ1": "LOS DATOS DE 2008-09 A 2010-11 SON PROVISIONALES PENDIENTES DE REVISION                             ", "xetrs89": 649819, "yetrs89": 4564253, "cod_saih": "A215", "cuenca": "EBRO", "rio": "huerva", "regimen": "alterado", "sistema": "huerva", "caudal": 1, "inicio": 1995.0, "fin": 2021.0, "url_link": "https://casadoj.github.io/CAMELS-ES/Ebro/Huerva/plots/9215.html" }, "geometry": { "type": "Point", "coordinates": [ -1.212790506018812, 41.215797977414994 ] } },
{ "type": "Feature", "properties": { "indroea": 9216, "lugar": "ZARAGOZA", "comentario": null, "serv": 1, "suprest": 1017, "suprcnc": 1020, "hoja_id": 383, "alti": 203.0, "altimax": null, "naa": 30, "naam": 46, "naai": 26, "num_cuenca": 9290, "muni_id": 50297, "xutm": 675191, "yutm": 4611824, "xutm30": 675191, "yutm30": 4611824, "long": -0.5348, "lat": 41.3817, "longwgs84": -0.5352, "latwgs84": 41.3813, "observ1": "DATOS MODIFICADOS 2019-20 (ANUARIO 2020-21)                                                         ", "xetrs89": 675083, "yetrs89": 4611615, "cod_saih": "A216", "cuenca": "EBRO", "rio": "huerva", "regimen": "alterado", "sistema": "eje del ebro", "caudal": 1, "inicio": 1991.0, "fin": 2021.0, "url_link": "https://casadoj.github.io/CAMELS-ES/Ebro/Eje Del Ebro/plots/9216.html" }, "geometry": { "type": "Point", "coordinates": [ -0.897880161129348, 41.637058618359369 ] } },
{ "type": "Feature", "properties": { "indroea": 9221, "lugar": "LARRINOA", "comentario": null, "serv": 1, "suprest": 22, "suprcnc": 90, "hoja_id": 112, "alti": 585.0, "altimax": null, "naa": 11, "naam": 44, "naai": 27, "num_cuenca": 9069, "muni_id": 1018, "xutm": 521968, "yutm": 4757764, "xutm30": 521968, "yutm30": 4757764, "long": -2.435, "lat": 42.5817, "longwgs84": -2.4355, "latwgs84": 42.5813, "observ1": "LOS DATOS DE 2008-09 A 2010-11 SON PROVISIONALES PENDIENTES DE REVISION                             ", "xetrs89": 521862, "yetrs89": 4757556, "cod_saih": "A221", "cuenca": "EBRO", "rio": "zaya", "regimen": "natural", "sistema": "bayas-zadorra-inglares", "caudal": 1, "inicio": 2010.0, "fin": 2021.0, "url_link": "https://casadoj.github.io/CAMELS-ES/Ebro/Bayas-Zadorra-Inglares/plots/9221.html" }, "geometry": { "type": "Point", "coordinates": [ -2.731911069531847, 42.970340228768819 ] } },
{ "type": "Feature", "properties": { "indroea": 9225, "lugar": "ZAIDIN", "comentario": null, "serv": 1, "suprest": 785, "suprcnc": 785, "hoja_id": 387, "alti": 110.0, "altimax": null, "naa": 12, "naam": 14, "naai": 0, "num_cuenca": 9625, "muni_id": 22254, "xutm": 274159, "yutm": 4606583, "xutm30": 774383, "yutm30": 4608271, "long": 0.1728, "lat": 41.3442, "longwgs84": 0.1724, "latwgs84": 41.3438, "observ1": "LOS DATOS DE 2008-09 A 2010-11 SON PROVISIONALES PENDIENTES DE REVISION                             ", "xetrs89": 774275, "yetrs89": 4608061, "cod_saih": "A225", "cuenca": "EBRO", "rio": "clamor amarga", "regimen": "desconocido", "sistema": "riegos del alto aragón", "caudal": 1, "inicio": 2009.0, "fin": 2021.0, "url_link": "https://casadoj.github.io/CAMELS-ES/Ebro/Riegos Del Alto Aragón/plots/9225.html" }, "geometry": { "type": "Point", "coordinates": [ 0.289886317852543, 41.577176010902555 ] } },
{ "type": "Feature", "properties": { "indroea": 9229, "lugar": "ZUERA", "comentario": null, "serv": 1, "suprest": 3251, "suprcnc": 4009, "hoja_id": 323, "alti": 289.0, "altimax": null, "naa": 12, "naam": 38, "naai": 20, "num_cuenca": 9982, "muni_id": 50298, "xutm": 684786, "yutm": 4641345, "xutm30": 684786, "yutm30": 4641345, "long": -0.462, "lat": 41.5406, "longwgs84": -0.4625, "latwgs84": 41.5402, "observ1": "LOS DATOS DE 2009-10 A 2010-11 SON PROVISIONALES PENDIENTES DE REVISION                             ", "xetrs89": 684678, "yetrs89": 4641135, "cod_saih": "A229", "cuenca": "EBRO", "rio": "barranco la violada", "regimen": "desconocido", "sistema": "riegos del alto aragón", "caudal": 1, "inicio": 2009.0, "fin": 2021.0, "url_link": "https://casadoj.github.io/CAMELS-ES/Ebro/Riegos Del Alto Aragón/plots/9229.html" }, "geometry": { "type": "Point", "coordinates": [ -0.773587754587974, 41.900582080951828 ] } },
{ "type": "Feature", "properties": { "indroea": 9230, "lugar": "PARDINA, LA", "comentario": null, "serv": 1, "suprest": 202, "suprcnc": 4009, "hoja_id": 323, "alti": 331.0, "altimax": null, "naa": 30, "naam": 40, "naai": 18, "num_cuenca": 9982, "muni_id": 22119, "xutm": 693927, "yutm": 4652008, "xutm30": 693927, "yutm30": 4652008, "long": -0.3931, "lat": 41.5944, "longwgs84": -0.3936, "latwgs84": 41.594, "observ1": null, "xetrs89": 693819, "yetrs89": 4651798, "cod_saih": "A230", "cuenca": "EBRO", "rio": "barranco la violada", "regimen": "natural", "sistema": "riegos del alto aragón", "caudal": 1, "inicio": 1991.0, "fin": 2021.0, "url_link": "https://casadoj.github.io/CAMELS-ES/Ebro/Riegos Del Alto Aragón/plots/9230.html" }, "geometry": { "type": "Point", "coordinates": [ -0.659965111832259, 41.994352144808062 ] } },
{ "type": "Feature", "properties": { "indroea": 9231, "lugar": "CANDASNOS", "comentario": null, "serv": 1, "suprest": 536, "suprcnc": 622, "hoja_id": 414, "alti": 200.0, "altimax": null, "naa": 24, "naam": 37, "naai": 13, "num_cuenca": 9981, "muni_id": 22112, "xutm": 252154, "yutm": 4594643, "xutm30": 753256, "yutm30": 4594831, "long": 0.0157, "lat": 41.2752, "longwgs84": 0.0152, "latwgs84": 41.2748, "observ1": null, "xetrs89": 753148, "yetrs89": 4594621, "cod_saih": null, "cuenca": "EBRO", "rio": "barranco de valcuerna", "regimen": "desconocido", "sistema": "riegos del alto aragón", "caudal": 1, "inicio": 1997.0, "fin": 2021.0, "url_link": "https://casadoj.github.io/CAMELS-ES/Ebro/Riegos Del Alto Aragón/plots/9231.html" }, "geometry": { "type": "Point", "coordinates": [ 0.031175498731736, 41.463255774855213 ] } },
{ "type": "Feature", "properties": { "indroea": 9234, "lugar": "OZA", "comentario": null, "serv": 1, "suprest": 75, "suprcnc": 359, "hoja_id": 144, "alti": 1097.0, "altimax": null, "naa": 13, "naam": 30, "naai": 11, "num_cuenca": 9173, "muni_id": 22901, "xutm": 687186, "yutm": 4743717, "xutm30": 687186, "yutm30": 4743717, "long": -0.4237, "lat": 42.4921, "longwgs84": -0.4242, "latwgs84": 42.4917, "observ1": null, "xetrs89": 687079, "yetrs89": 4743507, "cod_saih": null, "cuenca": "EBRO", "rio": "subordán", "regimen": "natural", "sistema": "aragón-arba", "caudal": 1, "inicio": 2007.0, "fin": 2020.0, "url_link": "https://casadoj.github.io/CAMELS-ES/Ebro/Aragón-Arba/plots/9234.html" }, "geometry": { "type": "Point", "coordinates": [ -0.711457045606828, 42.821263660141142 ] } },
{ "type": "Feature", "properties": { "indroea": 9236, "lugar": "MAIDEVERA C.E.", "comentario": null, "serv": 1, "suprest": 39, "suprcnc": 589, "hoja_id": 381, "alti": 781.0, "altimax": null, "naa": 15, "naam": 38, "naai": 19, "num_cuenca": 9283, "muni_id": 50031, "xutm": 601898, "yutm": 4603929, "xutm30": 601898, "yutm30": 4603929, "long": -1.464, "lat": 41.3447, "longwgs84": -1.4644, "latwgs84": 41.3443, "observ1": "LOS DATOS DE 2008-09 A 2010-11 SON PROVISIONALES PENDIENTES DE REVISION                             ", "xetrs89": 601790, "yetrs89": 4603720, "cod_saih": "A236", "cuenca": "EBRO", "rio": "aranda", "regimen": "natural", "sistema": "jalón", "caudal": 1, "inicio": 2006.0, "fin": 2021.0, "url_link": "https://casadoj.github.io/CAMELS-ES/Ebro/Jalón/plots/9236.html" }, "geometry": { "type": "Point", "coordinates": [ -1.778946295516804, 41.578687659594287 ] } },
{ "type": "Feature", "properties": { "indroea": 9238, "lugar": "MAIDEVERA P.P.", "comentario": null, "serv": 1, "suprest": 77, "suprcnc": 589, "hoja_id": 381, "alti": 762.0, "altimax": null, "naa": 10, "naam": 32, "naai": 3, "num_cuenca": 9283, "muni_id": 50031, "xutm": 603710, "yutm": 4603000, "xutm30": 603710, "yutm30": 4603000, "long": -1.4522, "lat": 41.3416, "longwgs84": -1.4527, "latwgs84": 41.3412, "observ1": "LOS DATOS DE 2008-09 A 2010-11 SON PROVISIONALES PENDIENTES DE REVISION                             ", "xetrs89": 603602, "yetrs89": 4602791, "cod_saih": "A238", "cuenca": "EBRO", "rio": "aranda", "regimen": "alterado", "sistema": "jalón", "caudal": 1, "inicio": 2011.0, "fin": 2021.0, "url_link": "https://casadoj.github.io/CAMELS-ES/Ebro/Jalón/plots/9238.html" }, "geometry": { "type": "Point", "coordinates": [ -1.757375131639554, 41.570088943168408 ] } },
{ "type": "Feature", "properties": { "indroea": 9250, "lugar": "BUBAL", "comentario": null, "serv": 1, "suprest": 298, "suprcnc": 4009, "hoja_id": 145, "alti": 1010.0, "altimax": null, "naa": 30, "naam": 34, "naai": 18, "num_cuenca": 9302, "muni_id": 22059, "xutm": 719975, "yutm": 4728870, "xutm30": 719975, "yutm30": 4728870, "long": -0.1855, "lat": 42.4048, "longwgs84": -0.1859, "latwgs84": 42.4044, "observ1": "DATOS 2008-11 PROV. PENDIENTES REVISION . DATOS MOD. 27-01-2016 A 30-09-2021 (ANUARIO 2020-21)      ", "xetrs89": 719868, "yetrs89": 4728660, "cod_saih": "A250", "cuenca": "EBRO", "rio": "gállego", "regimen": "alterado", "sistema": "gallego-cinca", "caudal": 1, "inicio": 1991.0, "fin": 2021.0, "url_link": "https://casadoj.github.io/CAMELS-ES/Ebro/Gallego-Cinca/plots/9250.html" }, "geometry": { "type": "Point", "coordinates": [ -0.316518221864239, 42.678991272172439 ] } },
{ "type": "Feature", "properties": { "indroea": 9251, "lugar": "CERVERA DEL RIO ALHAMA", "comentario": null, "serv": 1, "suprest": 299, "suprcnc": 1153, "hoja_id": 242, "alti": 540.0, "altimax": 2886.0, "naa": 16, "naam": 33, "naai": 11, "num_cuenca": 9234, "muni_id": 26047, "xutm": 586943, "yutm": 4651307, "xutm30": 586943, "yutm30": 4651307, "long": -1.57, "lat": 42.003, "longwgs84": -1.5705, "latwgs84": 42.0026, "observ1": "LOS DATOS DE 2008-09 A 2010-11 SON PROVISIONALES PENDIENTES DE REVISION                             ", "xetrs89": 586835, "yetrs89": 4651098, "cod_saih": "A251", "cuenca": "EBRO", "rio": "alhama", "regimen": "natural", "sistema": "cuenca desde leza a huecha", "caudal": 1, "inicio": 2005.0, "fin": 2021.0, "url_link": "https://casadoj.github.io/CAMELS-ES/Ebro/Cuenca Desde Leza A Huecha/plots/9251.html" }, "geometry": { "type": "Point", "coordinates": [ -1.951380657318013, 42.007114950382416 ] } },
{ "type": "Feature", "properties": { "indroea": 9252, "lugar": "ESCALO", "comentario": null, "serv": 1, "suprest": 444, "suprcnc": 2820, "hoja_id": 242, "alti": 860.0, "altimax": 2886.0, "naa": 30, "naam": 33, "naai": 18, "num_cuenca": 9466, "muni_id": 25903, "xutm": 348645, "yutm": 4712828, "xutm30": 841282, "yutm30": 4719560, "long": 1.0923, "lat": 42.3308, "longwgs84": 1.0919, "latwgs84": 42.3304, "observ1": "DATOS DE 2008-09 A 2010-11 PENDIENTES DE REVISION. DATOS MODIFICADOS 2012-13 (ANUARIO 13-14)        ", "xetrs89": 841174, "yetrs89": 4719349, "cod_saih": "A252", "cuenca": "EBRO", "rio": "noguera pallaresa", "regimen": "alterado", "sistema": "segre", "caudal": 1, "inicio": 1991.0, "fin": 2021.0, "url_link": "https://casadoj.github.io/CAMELS-ES/Ebro/Segre/plots/9252.html" }, "geometry": { "type": "Point", "coordinates": [ 1.155320644761892, 42.551170299062946 ] } },
{ "type": "Feature", "properties": { "indroea": 9254, "lugar": "MEDINA DE POMAR", "comentario": null, "serv": 1, "suprest": 465, "suprcnc": 478, "hoja_id": 110, "alti": 585.0, "altimax": null, "naa": 30, "naam": 32, "naai": 17, "num_cuenca": 9035, "muni_id": 9209, "xutm": 460912, "yutm": 4753384, "xutm30": 460912, "yutm30": 4753384, "long": -3.2844, "lat": 42.5553, "longwgs84": -3.2849, "latwgs84": 42.5549, "observ1": "LOS DATOS DE 2008-09 A 2010-11 SON PROVISIONALES PENDIENTES DE REVISION                             ", "xetrs89": 460805, "yetrs89": 4753177, "cod_saih": "A254", "cuenca": "EBRO", "rio": "trueba", "regimen": "natural", "sistema": "cabecera del ebro", "caudal": 1, "inicio": 1991.0, "fin": 2021.0, "url_link": "https://casadoj.github.io/CAMELS-ES/Ebro/Cabecera Del Ebro/plots/9254.html" }, "geometry": { "type": "Point", "coordinates": [ -3.480327306403386, 42.930212844517563 ] } },
{ "type": "Feature", "properties": { "indroea": 9255, "lugar": "ORTILLA", "comentario": null, "serv": 1, "suprest": 200, "suprcnc": 383, "hoja_id": 285, "alti": 426.0, "altimax": null, "naa": 28, "naam": 30, "naai": 14, "num_cuenca": 9325, "muni_id": 22905, "xutm": 696463, "yutm": 4669733, "xutm30": 696463, "yutm30": 4669733, "long": -0.372, "lat": 42.0916, "longwgs84": -0.3725, "latwgs84": 42.0912, "observ1": "LOS DATOS DE 2008-09 A 2010-11 SON PROVISIONALES PENDIENTES DE REVISION                             ", "xetrs89": 696355, "yetrs89": 4669523, "cod_saih": "A255", "cuenca": "EBRO", "rio": "sotón", "regimen": "natural", "sistema": "gallego-cinca", "caudal": 1, "inicio": 1993.0, "fin": 2021.0, "url_link": "https://casadoj.github.io/CAMELS-ES/Ebro/Gallego-Cinca/plots/9255.html" }, "geometry": { "type": "Point", "coordinates": [ -0.623425985882836, 42.153227997706381 ] } },
{ "type": "Feature", "properties": { "indroea": 9256, "lugar": "ISOBOL", "comentario": null, "serv": 1, "suprest": 697, "suprcnc": 22579, "hoja_id": 217, "alti": 1030.0, "altimax": null, "naa": 30, "naam": 31, "naai": 15, "num_cuenca": 9387, "muni_id": 17084, "xutm": 896514, "yutm": 4702594, "xutm30": 896514, "yutm30": 4702594, "long": 1.4855, "lat": 42.2225, "longwgs84": 1.4851, "latwgs84": 42.2221, "observ1": "LOS DATOS DE 2008-09 A 2010-11 SON PROVISIONALES PENDIENTES DE REVISION                             ", "xetrs89": 896406, "yetrs89": 4702383, "cod_saih": "A256", "cuenca": "EBRO", "rio": "segre", "regimen": "natural", "sistema": "segre", "caudal": 1, "inicio": 1991.0, "fin": 2021.0, "url_link": "https://casadoj.github.io/CAMELS-ES/Ebro/Segre/plots/9256.html" }, "geometry": { "type": "Point", "coordinates": [ 1.814157418118518, 42.372586346938242 ] } },
{ "type": "Feature", "properties": { "indroea": 9257, "lugar": "ESCANILLA", "comentario": null, "serv": 1, "suprest": 83, "suprcnc": 100, "hoja_id": 250, "alti": 457.0, "altimax": null, "naa": 25, "naam": 30, "naai": 15, "num_cuenca": 9571, "muni_id": 22002, "xutm": 763178, "yutm": 4686880, "xutm30": 763178, "yutm30": 4686880, "long": 0.1131, "lat": 42.172, "longwgs84": 0.1126, "latwgs84": 42.1716, "observ1": "LOS DATOS DE 2008-09 A 2010-11 SON PROVISIONALES PENDIENTES DE REVISION                             ", "xetrs89": 763071, "yetrs89": 4686669, "cod_saih": "A257", "cuenca": "EBRO", "rio": "susía", "regimen": "natural", "sistema": "gallego-cinca", "caudal": 1, "inicio": 1993.0, "fin": 2018.0, "url_link": "https://casadoj.github.io/CAMELS-ES/Ebro/Gallego-Cinca/plots/9257.html" }, "geometry": { "type": "Point", "coordinates": [ 0.190773134984813, 42.287857754899939 ] } },
{ "type": "Feature", "properties": { "indroea": 9258, "lugar": "CAMPO", "comentario": null, "serv": 1, "suprest": 540, "suprcnc": 1532, "hoja_id": 212, "alti": 675.0, "altimax": null, "naa": 21, "naam": 30, "naai": 12, "num_cuenca": 9587, "muni_id": 22074, "xutm": 778816, "yutm": 4702708, "xutm30": 778816, "yutm30": 4702708, "long": 0.232, "lat": 42.2533, "longwgs84": 0.2316, "latwgs84": 42.2529, "observ1": "DATOS DE 2008-09 A 2010-11 PENDIENTES DE REVISION. DATOS MODIFICADOS 2012-13 (ANUARIO 13-14)        ", "xetrs89": 778709, "yetrs89": 4702497, "cod_saih": "A258", "cuenca": "EBRO", "rio": "ésera", "regimen": "desconocido", "sistema": "esera-noguera ribagorzana", "caudal": 1, "inicio": 2000.0, "fin": 2021.0, "url_link": "https://casadoj.github.io/CAMELS-ES/Ebro/Esera-Noguera Ribagorzana/plots/9258.html" }, "geometry": { "type": "Point", "coordinates": [ 0.38777706527612, 42.424726680431007 ] } },
{ "type": "Feature", "properties": { "indroea": 9259, "lugar": "IZALZU", "comentario": null, "serv": 1, "suprest": 49, "suprcnc": 60, "hoja_id": 117, "alti": 790.0, "altimax": null, "naa": 18, "naam": 30, "naai": 12, "num_cuenca": 9200, "muni_id": 31133, "xutm": 658845, "yutm": 4753276, "xutm30": 658845, "yutm30": 4753276, "long": -1.0314, "lat": 42.5453, "longwgs84": -1.0319, "latwgs84": 42.5449, "observ1": "LOS DATOS DE 2008-09 A 2010-11 SON PROVISIONALES PENDIENTES DE REVISION                             ", "xetrs89": 658739, "yetrs89": 4753066, "cod_saih": "A259", "cuenca": "EBRO", "rio": "anduña", "regimen": "natural", "sistema": "irati-arga-ega", "caudal": 1, "inicio": 2003.0, "fin": 2021.0, "url_link": "https://casadoj.github.io/CAMELS-ES/Ebro/Irati-Arga-Ega/plots/9259.html" }, "geometry": { "type": "Point", "coordinates": [ -1.055229215610255, 42.913699015032982 ] } },
{ "type": "Feature", "properties": { "indroea": 9260, "lugar": "TAUSTE", "comentario": null, "serv": 1, "suprest": 2193, "suprcnc": 2249, "hoja_id": 321, "alti": 243.0, "altimax": null, "naa": 12, "naam": 52, "naai": 13, "num_cuenca": 9254, "muni_id": 50252, "xutm": 642743, "yutm": 4641752, "xutm30": 642743, "yutm30": 4641752, "long": -1.1644, "lat": 41.5451, "longwgs84": -1.1649, "latwgs84": 41.5447, "observ1": "LOS DATOS DE 2005-06, 2006-07 Y DE 2008-09 A 2010-11 SON PROVISIONALES PENDIENTES DE REVISION       ", "xetrs89": 642635, "yetrs89": 4641543, "cod_saih": "A260", "cuenca": "EBRO", "rio": "arba de luesia", "regimen": "natural", "sistema": "riegos de bardenas", "caudal": 1, "inicio": 2009.0, "fin": 2021.0, "url_link": "https://casadoj.github.io/CAMELS-ES/Ebro/Riegos De Bardenas/plots/9260.html" }, "geometry": { "type": "Point", "coordinates": [ -1.280091667177121, 41.912963243330623 ] } },
{ "type": "Feature", "properties": { "indroea": 9261, "lugar": "TRASOBARES", "comentario": null, "serv": 1, "suprest": 123, "suprcnc": 314, "hoja_id": 381, "alti": 637.0, "altimax": null, "naa": 30, "naam": 32, "naai": 15, "num_cuenca": 9284, "muni_id": 50266, "xutm": 613347, "yutm": 4611051, "xutm30": 613347, "yutm30": 4611051, "long": -1.3821, "lat": 41.3833, "longwgs84": -1.3825, "latwgs84": 41.3829, "observ1": "LOS DATOS DE 2008-09 A 2010-11 SON PROVISIONALES PENDIENTES DE REVISION                             ", "xetrs89": 613239, "yetrs89": 4610842, "cod_saih": "A261", "cuenca": "EBRO", "rio": "isuela", "regimen": "natural", "sistema": "jalón", "caudal": 1, "inicio": 1991.0, "fin": 2021.0, "url_link": "https://casadoj.github.io/CAMELS-ES/Ebro/Jalón/plots/9261.html" }, "geometry": { "type": "Point", "coordinates": [ -1.64029529905451, 41.641279066979529 ] } },
{ "type": "Feature", "properties": { "indroea": 9263, "lugar": "GELSA", "comentario": null, "serv": 1, "suprest": 47133, "suprcnc": 85001, "hoja_id": 413, "alti": 150.0, "altimax": null, "naa": 12, "naam": 18, "naai": 0, "num_cuenca": 9329, "muni_id": 50222, "xutm": 711094, "yutm": 4586238, "xutm30": 711094, "yutm30": 4586238, "long": -0.283, "lat": 41.2357, "longwgs84": -0.2834, "latwgs84": 41.2353, "observ1": "DATOS MODIFICADOS DE 2004-05 A 2018-19 (ANUARIO 19-20)                                              ", "xetrs89": 710985, "yetrs89": 4586028, "cod_saih": "A263", "cuenca": "EBRO", "rio": "ebro", "regimen": "alterado", "sistema": "aguasvivas", "caudal": 1, "inicio": 2007.0, "fin": 2019.0, "url_link": "https://casadoj.github.io/CAMELS-ES/Ebro/Aguasvivas/plots/9263.html" }, "geometry": { "type": "Point", "coordinates": [ -0.476161808028645, 41.398122970104431 ] } },
{ "type": "Feature", "properties": { "indroea": 9264, "lugar": "AOS", "comentario": null, "serv": 1, "suprest": 739, "suprcnc": 1561, "hoja_id": 242, "alti": 456.0, "altimax": 2886.0, "naa": 23, "naam": 32, "naai": 15, "num_cuenca": 9197, "muni_id": 31158, "xutm": 632836, "yutm": 4734599, "xutm30": 632836, "yutm30": 4734599, "long": -1.2237, "lat": 42.4506, "longwgs84": -1.2241, "latwgs84": 42.4502, "observ1": "DATOS MODIFICADOS DE 1997-98 A 2018-19 (ANUARIO 19-20)                                              ", "xetrs89": 632729, "yetrs89": 4734389, "cod_saih": "A264", "cuenca": "EBRO", "rio": "irati", "regimen": "alterado", "sistema": "irati-arga-ega", "caudal": 1, "inicio": 1998.0, "fin": 2021.0, "url_link": "https://casadoj.github.io/CAMELS-ES/Ebro/Irati-Arga-Ega/plots/9264.html" }, "geometry": { "type": "Point", "coordinates": [ -1.378153241430842, 42.750543185782142 ] } },
{ "type": "Feature", "properties": { "indroea": 9265, "lugar": "TIRVIA", "comentario": null, "serv": 1, "suprest": 410, "suprcnc": 85001, "hoja_id": 242, "alti": 830.0, "altimax": 2886.0, "naa": 11, "naam": 32, "naai": 15, "num_cuenca": 9477, "muni_id": 25221, "xutm": 354962, "yutm": 4708975, "xutm30": 847864, "yutm30": 4716160, "long": 1.1404, "lat": 42.3108, "longwgs84": 1.136, "latwgs84": 42.3104, "observ1": "LOS DATOS DE 2008-09 A 2010-11 SON PROVISIONALES PENDIENTES DE REVISION                             ", "xetrs89": 847756, "yetrs89": 4715949, "cod_saih": "A265", "cuenca": "EBRO", "rio": "noguera de cardós", "regimen": "natural", "sistema": "segre", "caudal": 1, "inicio": 2010.0, "fin": 2021.0, "url_link": "https://casadoj.github.io/CAMELS-ES/Ebro/Segre/plots/9265.html" }, "geometry": { "type": "Point", "coordinates": [ 1.233208450646993, 42.517701788659465 ] } },
{ "type": "Feature", "properties": { "indroea": 9266, "lugar": "CALATAYUD", "comentario": null, "serv": 1, "suprest": 6841, "suprcnc": 9718, "hoja_id": 409, "alti": 520.0, "altimax": null, "naa": 26, "naam": 28, "naai": 13, "num_cuenca": 9278, "muni_id": 50067, "xutm": 614448, "yutm": 4579261, "xutm30": 614448, "yutm30": 4579261, "long": -1.3755, "lat": 41.2122, "longwgs84": -1.3759, "latwgs84": 41.2118, "observ1": "LOS DATOS DE 2008-09 A 2010-11 SON PROVISIONALES PENDIENTES DE REVISION                             ", "xetrs89": 614339, "yetrs89": 4579052, "cod_saih": "A266", "cuenca": "EBRO", "rio": "jalón", "regimen": "natural", "sistema": "eje del jalón", "caudal": 1, "inicio": 1995.0, "fin": 2021.0, "url_link": "https://casadoj.github.io/CAMELS-ES/Ebro/Eje Del Jalón/plots/9266.html" }, "geometry": { "type": "Point", "coordinates": [ -1.633124108706894, 41.354857031118129 ] } },
{ "type": "Feature", "properties": { "indroea": 9267, "lugar": "CAPDELLA", "comentario": null, "serv": 1, "suprest": 74, "suprcnc": 349, "hoja_id": 214, "alti": 1268.0, "altimax": null, "naa": 9, "naam": 30, "naai": 14, "num_cuenca": 9483, "muni_id": 25227, "xutm": 334931, "yutm": 4703907, "xutm30": 828219, "yutm30": 4709681, "long": 0.5932, "lat": 42.2809, "longwgs84": 0.5927, "latwgs84": 42.2805, "observ1": "LOS DATOS DE 2010-11 SON PROVISIONALES PENDIENTES DE REVISION                                       ", "xetrs89": 828111, "yetrs89": 4709470, "cod_saih": "A267", "cuenca": "EBRO", "rio": "flamisell", "regimen": "alterado", "sistema": "segre", "caudal": 1, "inicio": 2012.0, "fin": 2021.0, "url_link": "https://casadoj.github.io/CAMELS-ES/Ebro/Segre/plots/9267.html" }, "geometry": { "type": "Point", "coordinates": [ 0.990944311407184, 42.468072958396178 ] } },
{ "type": "Feature", "properties": { "indroea": 9268, "lugar": "ISABA", "comentario": null, "serv": 1, "suprest": 188, "suprcnc": 526, "hoja_id": 117, "alti": 760.0, "altimax": null, "naa": 28, "naam": 30, "naai": 15, "num_cuenca": 9183, "muni_id": 31128, "xutm": 669423, "yutm": 4747472, "xutm30": 669423, "yutm30": 4747472, "long": -0.5534, "lat": 42.5137, "longwgs84": -0.5539, "latwgs84": 42.5133, "observ1": "DATOS DE 2008-11 PENDIENTES DE REVISION. DATOS MODIFICADOS 2010-11 A 2012-13 (ANUARIO 13-14)        ", "xetrs89": 669316, "yetrs89": 4747262, "cod_saih": "A268", "cuenca": "EBRO", "rio": "esca", "regimen": "natural", "sistema": "aragón-arba", "caudal": 1, "inicio": 1993.0, "fin": 2021.0, "url_link": "https://casadoj.github.io/CAMELS-ES/Ebro/Aragón-Arba/plots/9268.html" }, "geometry": { "type": "Point", "coordinates": [ -0.927476797853457, 42.859192597989463 ] } },
{ "type": "Feature", "properties": { "indroea": 9269, "lugar": "ARAGÜES DEL PUERTO", "comentario": null, "serv": 1, "suprest": 75, "suprcnc": 77, "hoja_id": 144, "alti": 785.0, "altimax": null, "naa": 24, "naam": 30, "naai": 13, "num_cuenca": 9174, "muni_id": 22032, "xutm": 687277, "yutm": 4727589, "xutm30": 687277, "yutm30": 4727589, "long": -0.4252, "lat": 42.4038, "longwgs84": -0.4257, "latwgs84": 42.4034, "observ1": null, "xetrs89": 687170, "yetrs89": 4727379, "cod_saih": null, "cuenca": "EBRO", "rio": "osia", "regimen": "natural", "sistema": "aragón-arba", "caudal": 1, "inicio": 1993.0, "fin": 2017.0, "url_link": "https://casadoj.github.io/CAMELS-ES/Ebro/Aragón-Arba/plots/9269.html" }, "geometry": { "type": "Point", "coordinates": [ -0.715682652935004, 42.676116823257871 ] } },
{ "type": "Feature", "properties": { "indroea": 9270, "lugar": "PAMPLONA", "comentario": null, "serv": 1, "suprest": 224, "suprcnc": 283, "hoja_id": 141, "alti": 410.0, "altimax": null, "naa": 7, "naam": 18, "naai": 1, "num_cuenca": 9216, "muni_id": 31201, "xutm": 609132, "yutm": 4739410, "xutm30": 609132, "yutm30": 4739410, "long": -1.3956, "lat": 42.4755, "longwgs84": -1.4001, "latwgs84": 42.4751, "observ1": "LOS DATOS DE 2008-09 A 2010-11 SON PROVISIONALES PENDIENTES DE REVISION                             ", "xetrs89": 609025, "yetrs89": 4739201, "cod_saih": "A270", "cuenca": "EBRO", "rio": "elorz", "regimen": "natural", "sistema": "irati-arga-ega", "caudal": 1, "inicio": 2009.0, "fin": 2016.0, "url_link": "https://casadoj.github.io/CAMELS-ES/Ebro/Irati-Arga-Ega/plots/9270.html" }, "geometry": { "type": "Point", "coordinates": [ -1.666784147174997, 42.797600901672922 ] } },
{ "type": "Feature", "properties": { "indroea": 9271, "lugar": "CANFRANC ANTIGUO", "comentario": null, "serv": 1, "suprest": 101, "suprcnc": 8521, "hoja_id": 145, "alti": 1040.0, "altimax": null, "naa": 29, "naam": 31, "naai": 16, "num_cuenca": 9166, "muni_id": 22078, "xutm": 702745, "yutm": 4732877, "xutm30": 702745, "yutm30": 4732877, "long": -0.3126, "lat": 42.4315, "longwgs84": -0.3131, "latwgs84": 42.4311, "observ1": "LOS DATOS DE 2008-09 A 2010-11 SON PROVISIONALES PENDIENTES DE REVISION                             ", "xetrs89": 702638, "yetrs89": 4732667, "cod_saih": "A271", "cuenca": "EBRO", "rio": "aragón", "regimen": "natural", "sistema": "aragón-arba", "caudal": 1, "inicio": 1992.0, "fin": 2021.0, "url_link": "https://casadoj.github.io/CAMELS-ES/Ebro/Aragón-Arba/plots/9271.html" }, "geometry": { "type": "Point", "coordinates": [ -0.525178486344696, 42.719775071891569 ] } },
{ "type": "Feature", "properties": { "indroea": 9273, "lugar": "SABINAR, EL", "comentario": null, "serv": 1, "suprest": 574, "suprcnc": 582, "hoja_id": 283, "alti": 319.0, "altimax": null, "naa": 9, "naam": 16, "naai": 0, "num_cuenca": 9253, "muni_id": 50095, "xutm": 647797, "yutm": 4658396, "xutm30": 647797, "yutm30": 4658396, "long": -1.1249, "lat": 42.0347, "longwgs84": -1.1254, "latwgs84": 42.0343, "observ1": "LOS DATOS DE 2007-08 A 2010-11 SON PROVISIONALES PENDIENTES DE REVISION                             ", "xetrs89": 647689, "yetrs89": 4658187, "cod_saih": "A273", "cuenca": "EBRO", "rio": "arba de riguel", "regimen": "alterado", "sistema": "riegos de bardenas", "caudal": 1, "inicio": 2012.0, "fin": 2021.0, "url_link": "https://casadoj.github.io/CAMELS-ES/Ebro/Riegos De Bardenas/plots/9273.html" }, "geometry": { "type": "Point", "coordinates": [ -1.214995907130461, 42.06186905007155 ] } },
{ "type": "Feature", "properties": { "indroea": 9277, "lugar": "AOIZ PIE DE PRESA", "comentario": null, "serv": 1, "suprest": 488, "suprcnc": 1561, "hoja_id": 142, "alti": 476.0, "altimax": null, "naa": 22, "naam": 23, "naai": 8, "num_cuenca": 9195, "muni_id": 31019, "xutm": 633639, "yutm": 4738261, "xutm30": 633639, "yutm30": 4738261, "long": -1.2158, "lat": 42.4704, "longwgs84": -1.2203, "latwgs84": 42.47, "observ1": "LOS DATOS DE 2008-09 A 2010-11 SON PROVISIONALES PENDIENTES DE REVISION                             ", "xetrs89": 633532, "yetrs89": 4738051, "cod_saih": "A277", "cuenca": "EBRO", "rio": "irati", "regimen": "natural", "sistema": "irati-arga-ega", "caudal": 1, "inicio": 1999.0, "fin": 2021.0, "url_link": "https://casadoj.github.io/CAMELS-ES/Ebro/Irati-Arga-Ega/plots/9277.html" }, "geometry": { "type": "Point", "coordinates": [ -1.367479450199735, 42.783368420156798 ] } },
{ "type": "Feature", "properties": { "indroea": 9278, "lugar": "CHODES", "comentario": null, "serv": 1, "suprest": 7561, "suprcnc": 9718, "hoja_id": 410, "alti": 390.0, "altimax": null, "naa": 20, "naam": 22, "naai": 7, "num_cuenca": 9282, "muni_id": 50032, "xutm": 628550, "yutm": 4595000, "xutm30": 628550, "yutm30": 4595000, "long": -1.2736, "lat": 41.2944, "longwgs84": -1.274, "latwgs84": 41.294, "observ1": "LOS DATOS DE 2008-09 A 2010-11 SON PROVISIONALES PENDIENTES DE REVISION                             ", "xetrs89": 628442, "yetrs89": 4594791, "cod_saih": "A278", "cuenca": "EBRO", "rio": "jalón", "regimen": "natural", "sistema": "eje del jalón", "caudal": 1, "inicio": 2001.0, "fin": 2021.0, "url_link": "https://casadoj.github.io/CAMELS-ES/Ebro/Eje Del Jalón/plots/9278.html" }, "geometry": { "type": "Point", "coordinates": [ -1.461240614912248, 41.494450548477083 ] } },
{ "type": "Feature", "properties": { "indroea": 9279, "lugar": "VALDELATEJA", "comentario": null, "serv": 1, "suprest": 497, "suprcnc": 9718, "hoja_id": 410, "alti": 800.0, "altimax": null, "naa": 11, "naam": 18, "naai": 2, "num_cuenca": 9018, "muni_id": 9905, "xutm": 437311, "yutm": 4736260, "xutm30": 437311, "yutm30": 4736260, "long": -3.4559, "lat": 42.4632, "longwgs84": -3.4603, "latwgs84": 42.4628, "observ1": "LOS DATOS DE 2008-09 A 2010-11 SON PROVISIONALES PENDIENTES DE REVISION                             ", "xetrs89": 437204, "yetrs89": 4736053, "cod_saih": "A279", "cuenca": "EBRO", "rio": "rudrón", "regimen": "natural", "sistema": "cabecera del ebro", "caudal": 1, "inicio": 2010.0, "fin": 2021.0, "url_link": "https://casadoj.github.io/CAMELS-ES/Ebro/Cabecera Del Ebro/plots/9279.html" }, "geometry": { "type": "Point", "coordinates": [ -3.767620403430185, 42.774440734617471 ] } },
{ "type": "Feature", "properties": { "indroea": 9280, "lugar": "LOGROÑO", "comentario": "USADO NIVEL Y CAUDAL AUXILIAR DE CENTRAL AGUAS ABAJO (DATOS 2013-14)  ", "serv": 1, "suprest": 1037, "suprcnc": 85001, "hoja_id": 204, "alti": 359.0, "altimax": null, "naa": 6, "naam": 16, "naai": 1, "num_cuenca": 9125, "muni_id": 26089, "xutm": 545670, "yutm": 4702427, "xutm30": 545670, "yutm30": 4702427, "long": -2.264, "lat": 42.282, "longwgs84": -2.2645, "latwgs84": 42.2815, "observ1": "LOS DATOS DE 2006-07 A 2011-12 SON PROVISIONALES PENDIENTES DE REVISION                             ", "xetrs89": 545563, "yetrs89": 4702219, "cod_saih": "A280", "cuenca": "EBRO", "rio": "ebro", "regimen": "alterado", "sistema": "eje del ebro", "caudal": 1, "inicio": 2015.0, "fin": 2021.0, "url_link": "https://casadoj.github.io/CAMELS-ES/Ebro/Eje Del Ebro/plots/9280.html" }, "geometry": { "type": "Point", "coordinates": [ -2.445734180798327, 42.47097498190309 ] } },
{ "type": "Feature", "properties": { "indroea": 9281, "lugar": "HARO", "comentario": null, "serv": 1, "suprest": 1239, "suprcnc": 1243, "hoja_id": 170, "alti": 458.0, "altimax": null, "naa": 15, "naam": 18, "naai": 3, "num_cuenca": 9096, "muni_id": 26071, "xutm": 510180, "yutm": 4714280, "xutm30": 510180, "yutm30": 4714280, "long": -2.5233, "lat": 42.3448, "longwgs84": -2.5238, "latwgs84": 42.3444, "observ1": "LOS DATOS DE 2008-09 A 2010-11 SON PROVISIONALES PENDIENTES DE REVISION                             ", "xetrs89": 510073, "yetrs89": 4714072, "cod_saih": "A281", "cuenca": "EBRO", "rio": "tirón", "regimen": "natural", "sistema": "cuenca del najerilla", "caudal": 1, "inicio": 2006.0, "fin": 2021.0, "url_link": "https://casadoj.github.io/CAMELS-ES/Ebro/Cuenca Del Najerilla/plots/9281.html" }, "geometry": { "type": "Point", "coordinates": [ -2.877252290803709, 42.578995606744151 ] } },
{ "type": "Feature", "properties": { "indroea": 9282, "lugar": "MARTES", "comentario": null, "serv": 1, "suprest": 1083, "suprcnc": 8521, "hoja_id": 175, "alti": 554.0, "altimax": null, "naa": 16, "naam": 18, "naai": 1, "num_cuenca": 9176, "muni_id": 22076, "xutm": 673812, "yutm": 4717834, "xutm30": 673812, "yutm30": 4717834, "long": -0.5254, "lat": 42.3533, "longwgs84": -0.5258, "latwgs84": 42.3529, "observ1": "DATOS 2008-11 PROV. PENDIENTES REVISION . DATOS MOD. 2012-13 A 2019-20 (ANUARIO 2020-21)            ", "xetrs89": 673705, "yetrs89": 4717624, "cod_saih": "A282", "cuenca": "EBRO", "rio": "aragón", "regimen": "natural", "sistema": "aragón-arba", "caudal": 1, "inicio": 2005.0, "fin": 2021.0, "url_link": "https://casadoj.github.io/CAMELS-ES/Ebro/Aragón-Arba/plots/9282.html" }, "geometry": { "type": "Point", "coordinates": [ -0.882881696228591, 42.591485337592076 ] } },
{ "type": "Feature", "properties": { "indroea": 9283, "lugar": "VILLARCAYO", "comentario": null, "serv": 1, "suprest": 262, "suprcnc": 1101, "hoja_id": 109, "alti": 597.0, "altimax": null, "naa": 16, "naam": 18, "naai": 4, "num_cuenca": 9028, "muni_id": 9903, "xutm": 453334, "yutm": 4755250, "xutm30": 453334, "yutm30": 4755250, "long": -3.3419, "lat": 42.5652, "longwgs84": -3.3424, "latwgs84": 42.5648, "observ1": "DATOS MODIFICADOS DE 2014-15 A 2019-20 (ANUARIO 2020-21)                                            ", "xetrs89": 453227, "yetrs89": 4755043, "cod_saih": "A283", "cuenca": "EBRO", "rio": "nela", "regimen": "natural", "sistema": "cabecera del ebro", "caudal": 1, "inicio": 2005.0, "fin": 2021.0, "url_link": "https://casadoj.github.io/CAMELS-ES/Ebro/Cabecera Del Ebro/plots/9283.html" }, "geometry": { "type": "Point", "coordinates": [ -3.573345965981031, 42.94658837143556 ] } },
{ "type": "Feature", "properties": { "indroea": 9284, "lugar": "TUDELA", "comentario": null, "serv": 1, "suprest": 2534, "suprcnc": 85001, "hoja_id": 282, "alti": 252.0, "altimax": null, "naa": 7, "naam": 18, "naai": 0, "num_cuenca": 9241, "muni_id": 31232, "xutm": 615899, "yutm": 4658382, "xutm30": 615899, "yutm30": 4658382, "long": -1.3557, "lat": 42.0405, "longwgs84": -1.3602, "latwgs84": 42.0401, "observ1": "DATOS MODIFICADOS 2004-05 A 2012-13 (ANUARIO 13-14) Y 2019-20 (ANUARIO 2020-21)                     ", "xetrs89": 615791, "yetrs89": 4658173, "cod_saih": "A284", "cuenca": "EBRO", "rio": "ebro", "regimen": "alterado", "sistema": "eje del ebro", "caudal": 1, "inicio": 2014.0, "fin": 2021.0, "url_link": "https://casadoj.github.io/CAMELS-ES/Ebro/Eje Del Ebro/plots/9284.html" }, "geometry": { "type": "Point", "coordinates": [ -1.600398852570147, 42.067091418011664 ] } },
{ "type": "Feature", "properties": { "indroea": 9287, "lugar": "BIJUESCA", "comentario": null, "serv": 1, "suprest": 151, "suprcnc": 446, "hoja_id": 380, "alti": 914.0, "altimax": null, "naa": 11, "naam": 17, "naai": 1, "num_cuenca": 9273, "muni_id": 50050, "xutm": 590003, "yutm": 4599602, "xutm30": 590003, "yutm30": 4599602, "long": -1.5516, "lat": 41.3232, "longwgs84": -1.552, "latwgs84": 41.3228, "observ1": "DATOS 2008-11 PROV. PENDIENTES REVISION . DATOS MOD. 27-01-2016 A 30-09-2021 (ANUARIO 2020-21)      ", "xetrs89": 589895, "yetrs89": 4599393, "cod_saih": "A287", "cuenca": "EBRO", "rio": "manubles", "regimen": "natural", "sistema": "jalón", "caudal": 1, "inicio": 2010.0, "fin": 2021.0, "url_link": "https://casadoj.github.io/CAMELS-ES/Ebro/Jalón/plots/9287.html" }, "geometry": { "type": "Point", "coordinates": [ -1.922258275343226, 41.541146473646563 ] } },
{ "type": "Feature", "properties": { "indroea": 9288, "lugar": "CARABANTES", "comentario": null, "serv": 1, "suprest": 35, "suprcnc": 139, "hoja_id": 380, "alti": 967.0, "altimax": null, "naa": 11, "naam": 17, "naai": 1, "num_cuenca": 9975, "muni_id": 42051, "xutm": 583972, "yutm": 4600705, "xutm30": 583972, "yutm30": 4600705, "long": -1.5935, "lat": 41.331, "longwgs84": -1.594, "latwgs84": 41.3306, "observ1": "LOS DATOS DE 2008-09 A 2009-10 SON PROVISIONALES PENDIENTES DE REVISION                             ", "xetrs89": 583864, "yetrs89": 4600496, "cod_saih": "A288", "cuenca": "EBRO", "rio": "carabán", "regimen": "natural", "sistema": "jalón", "caudal": 1, "inicio": 2010.0, "fin": 2021.0, "url_link": "https://casadoj.github.io/CAMELS-ES/Ebro/Jalón/plots/9288.html" }, "geometry": { "type": "Point", "coordinates": [ -1.994398290511697, 41.551734959356807 ] } },
{ "type": "Feature", "properties": { "indroea": 9290, "lugar": "EJEA DE LOS CABALLEROS", "comentario": null, "serv": 1, "suprest": 1046, "suprcnc": 2249, "hoja_id": 284, "alti": 318.0, "altimax": null, "naa": 8, "naam": 17, "naai": 0, "num_cuenca": 9252, "muni_id": 50095, "xutm": 652962, "yutm": 4664678, "xutm30": 652962, "yutm30": 4664678, "long": -1.0859, "lat": 42.0707, "longwgs84": -1.0903, "latwgs84": 42.0703, "observ1": null, "xetrs89": 652854, "yetrs89": 4664469, "cod_saih": "A290", "cuenca": "EBRO", "rio": "arba", "regimen": "natural", "sistema": "riegos de bardenas", "caudal": 1, "inicio": 2009.0, "fin": 2017.0, "url_link": "https://casadoj.github.io/CAMELS-ES/Ebro/Riegos De Bardenas/plots/9290.html" }, "geometry": { "type": "Point", "coordinates": [ -1.150959257389105, 42.117430858601395 ] } },
{ "type": "Feature", "properties": { "indroea": 9291, "lugar": "LUNA", "comentario": null, "serv": 1, "suprest": 109, "suprcnc": 179, "hoja_id": 284, "alti": 402.0, "altimax": null, "naa": 15, "naam": 17, "naai": 1, "num_cuenca": 9977, "muni_id": 50151, "xutm": 671481, "yutm": 4661286, "xutm30": 671481, "yutm30": 4661286, "long": -0.5537, "lat": 42.0503, "longwgs84": -0.5541, "latwgs84": 42.0459, "observ1": "LOS DATOS DE 2008-09 A 2010-11 SON PROVISIONALES PENDIENTES DE REVISION                             ", "xetrs89": 671373, "yetrs89": 4661076, "cod_saih": "A291", "cuenca": "EBRO", "rio": "barranco de la barluenga", "regimen": "natural", "sistema": "riegos de bardenas", "caudal": 1, "inicio": 2006.0, "fin": 2021.0, "url_link": "https://casadoj.github.io/CAMELS-ES/Ebro/Riegos De Bardenas/plots/9291.html" }, "geometry": { "type": "Point", "coordinates": [ -0.928068070932991, 42.083064230534056 ] } },
{ "type": "Feature", "properties": { "indroea": 9292, "lugar": "CORTES DE NAVARRA", "comentario": null, "serv": 1, "suprest": 465, "suprcnc": 483, "hoja_id": 321, "alti": 262.0, "altimax": null, "naa": 12, "naam": 17, "naai": 0, "num_cuenca": 9246, "muni_id": 31078, "xutm": 631645, "yutm": 4642831, "xutm30": 631645, "yutm30": 4642831, "long": -1.2445, "lat": 41.5533, "longwgs84": -1.2449, "latwgs84": 41.5529, "observ1": "DATOS MODIFICADOS DE 2007-08 A 2019-20 (ANUARIO 2020-21)                                            ", "xetrs89": 631537, "yetrs89": 4642622, "cod_saih": "A292", "cuenca": "EBRO", "rio": "huecha", "regimen": "natural", "sistema": "eje del ebro", "caudal": 1, "inicio": 2009.0, "fin": 2021.0, "url_link": "https://casadoj.github.io/CAMELS-ES/Ebro/Eje Del Ebro/plots/9292.html" }, "geometry": { "type": "Point", "coordinates": [ -1.413620310270743, 41.92460402439491 ] } },
{ "type": "Feature", "properties": { "indroea": 9293, "lugar": "PUENTE DE LAS PILAS", "comentario": null, "serv": 1, "suprest": 3743, "suprcnc": 9699, "hoja_id": 288, "alti": 336.0, "altimax": null, "naa": 7, "naam": 15, "naai": 0, "num_cuenca": 9598, "muni_id": 22115, "xutm": 269542, "yutm": 4661141, "xutm30": 765967, "yutm30": 4662388, "long": 0.1252, "lat": 42.0404, "longwgs84": 0.1248, "latwgs84": 42.04, "observ1": "LOS DATOS DE 2006-07 A 2010-11 SON PROVISIONALES PENDIENTES DE REVISION                             ", "xetrs89": 765859, "yetrs89": 4662178, "cod_saih": "A293", "cuenca": "EBRO", "rio": "cinca", "regimen": "natural", "sistema": "riegos del alto aragón", "caudal": 1, "inicio": 2014.0, "fin": 2021.0, "url_link": "https://casadoj.github.io/CAMELS-ES/Ebro/Riegos Del Alto Aragón/plots/9293.html" }, "geometry": { "type": "Point", "coordinates": [ 0.213356782779932, 42.066685643483012 ] } },
{ "type": "Feature", "properties": { "indroea": 9294, "lugar": "MAIDEVERA C. E.", "comentario": null, "serv": 1, "suprest": 28, "suprcnc": 34, "hoja_id": 381, "alti": 810.0, "altimax": null, "naa": 11, "naam": 17, "naai": 0, "num_cuenca": 9976, "muni_id": 50031, "xutm": 602358, "yutm": 4605862, "xutm30": 602358, "yutm30": 4605862, "long": -1.4619, "lat": 41.355, "longwgs84": -1.4623, "latwgs84": 41.3546, "observ1": "LOS DATOS DE 2008-09 A 2010-11 SON PROVISIONALES PENDIENTES DE REVISION                             ", "xetrs89": 602250, "yetrs89": 4605653, "cod_saih": "A294", "cuenca": "EBRO", "rio": "pedreñas ( barranco )", "regimen": "natural", "sistema": "jalón", "caudal": 1, "inicio": 2010.0, "fin": 2021.0, "url_link": "https://casadoj.github.io/CAMELS-ES/Ebro/Jalón/plots/9294.html" }, "geometry": { "type": "Point", "coordinates": [ -1.773099878402301, 41.596036075605483 ] } },
{ "type": "Feature", "properties": { "indroea": 9297, "lugar": "BECEITE", "comentario": null, "serv": 1, "suprest": 45, "suprcnc": 46, "hoja_id": 496, "alti": 585.0, "altimax": null, "naa": 7, "naam": 13, "naai": 0, "num_cuenca": 9630, "muni_id": 44037, "xutm": 263825, "yutm": 4524990, "xutm30": 769701, "yutm30": 4526139, "long": 0.1156, "lat": 40.5028, "longwgs84": 0.1151, "latwgs84": 40.5024, "observ1": "LOS DATOS DE 2008-09 A 2010-11 SON PROVISIONALES PENDIENTES DE REVISION                             ", "xetrs89": 769592, "yetrs89": 4525929, "cod_saih": "A297", "cuenca": "EBRO", "rio": "ulldemó", "regimen": "desconocido", "sistema": "matarraña", "caudal": 1, "inicio": 2010.0, "fin": 2017.0, "url_link": "https://casadoj.github.io/CAMELS-ES/Ebro/Matarraña/plots/9297.html" }, "geometry": { "type": "Point", "coordinates": [ 0.197595037574172, 40.84009847329807 ] } },
{ "type": "Feature", "properties": { "indroea": 9298, "lugar": "PEÑA C.E., LA", "comentario": null, "serv": 1, "suprest": 95, "suprcnc": 158, "hoja_id": 209, "alti": 570.0, "altimax": null, "naa": 13, "naam": 14, "naai": 0, "num_cuenca": 9321, "muni_id": 22173, "xutm": 682122, "yutm": 4697800, "xutm30": 682122, "yutm30": 4697800, "long": -0.4712, "lat": 42.2437, "longwgs84": -0.4717, "latwgs84": 42.2433, "observ1": "LOS DATOS DE 2008-09 A 2010-11 SON PROVISIONALES PENDIENTES DE REVISION                             ", "xetrs89": 682015, "yetrs89": 4697590, "cod_saih": "A298", "cuenca": "EBRO", "rio": "asabón", "regimen": "natural", "sistema": "gallego-cinca", "caudal": 1, "inicio": 2008.0, "fin": 2021.0, "url_link": "https://casadoj.github.io/CAMELS-ES/Ebro/Gallego-Cinca/plots/9298.html" }, "geometry": { "type": "Point", "coordinates": [ -0.788038339096924, 42.409280906973223 ] } },
{ "type": "Feature", "properties": { "indroea": 9299, "lugar": "PERALTA DE LA SAL", "comentario": null, "serv": 1, "suprest": 61, "suprcnc": 181, "hoja_id": 326, "alti": 500.0, "altimax": null, "naa": 11, "naam": 14, "naai": 0, "num_cuenca": 9601, "muni_id": 22175, "xutm": 282712, "yutm": 4651150, "xutm30": 779807, "yutm30": 4653357, "long": 0.2238, "lat": 41.5854, "longwgs84": 0.2234, "latwgs84": 41.585, "observ1": "LOS DATOS DE 2007-08 A 2010-11 SON PROVISIONALES PENDIENTES DE REVISION                             ", "xetrs89": 779699, "yetrs89": 4653146, "cod_saih": "A299", "cuenca": "EBRO", "rio": "sosa", "regimen": "desconocido", "sistema": "esera-noguera ribagorzana", "caudal": 1, "inicio": 2010.0, "fin": 2021.0, "url_link": "https://casadoj.github.io/CAMELS-ES/Ebro/Esera-Noguera Ribagorzana/plots/9299.html" }, "geometry": { "type": "Point", "coordinates": [ 0.376058636382123, 41.980676656896435 ] } },
{ "type": "Feature", "properties": { "indroea": 9307, "lugar": "CETINA AA. AB. DEZA", "comentario": "CORRECCIÓN POR POZO SUCIO (DATOS 2013-14)                             ", "serv": 1, "suprest": 1905, "suprcnc": 9718, "hoja_id": 436, "alti": 673.0, "altimax": null, "naa": 10, "naam": 17, "naai": 0, "num_cuenca": 9262, "muni_id": 50081, "xutm": 587439, "yutm": 4572627, "xutm30": 587439, "yutm30": 4572627, "long": -1.572, "lat": 41.1759, "longwgs84": -1.5725, "latwgs84": 41.1755, "observ1": "LOS DATOS DE 2008-09 A 2010-11 SON PROVISIONALES PENDIENTES DE REVISION                             ", "xetrs89": 587330, "yetrs89": 4572418, "cod_saih": "A307", "cuenca": "EBRO", "rio": "jalón", "regimen": "desconocido", "sistema": "jalón", "caudal": 1, "inicio": 2011.0, "fin": 2021.0, "url_link": "https://casadoj.github.io/CAMELS-ES/Ebro/Jalón/plots/9307.html" }, "geometry": { "type": "Point", "coordinates": [ -1.956899741542222, 41.298491579219686 ] } },
{ "type": "Feature", "properties": { "indroea": 9308, "lugar": "OTXANDIO", "comentario": null, "serv": 1, "suprest": 36, "suprcnc": 73, "hoja_id": 87, "alti": 551.0, "altimax": null, "naa": 4, "naam": 6, "naai": 0, "num_cuenca": 9060, "muni_id": 48072, "xutm": 527998, "yutm": 4765565, "xutm30": 527998, "yutm30": 4765565, "long": -2.3923, "lat": 43.0229, "longwgs84": -2.3927, "latwgs84": 43.0225, "observ1": null, "xetrs89": 527892, "yetrs89": 4765357, "cod_saih": "A308", "cuenca": "EBRO", "rio": "urquiola", "regimen": "desconocido", "sistema": "bayas-zadorra-inglares", "caudal": 1, "inicio": 2017.0, "fin": 2021.0, "url_link": "https://casadoj.github.io/CAMELS-ES/Ebro/Bayas-Zadorra-Inglares/plots/9308.html" }, "geometry": { "type": "Point", "coordinates": [ -2.657577702798949, 43.040390555031351 ] } },
{ "type": "Feature", "properties": { "indroea": 9309, "lugar": "SALLENT DE GALLEGO", "comentario": null, "serv": 1, "suprest": 44, "suprcnc": 4009, "hoja_id": 145, "alti": 1350.0, "altimax": null, "naa": 10, "naam": 12, "naai": 0, "num_cuenca": 9292, "muni_id": 22204, "xutm": 718217, "yutm": 4738864, "xutm30": 718217, "yutm30": 4738864, "long": -0.1958, "lat": 42.4614, "longwgs84": -0.2003, "latwgs84": 42.461, "observ1": "LOS DATOS DE 2010-11 SON PROVISIONALES PENDIENTES DE REVISION                                       ", "xetrs89": 718110, "yetrs89": 4738654, "cod_saih": "A309", "cuenca": "EBRO", "rio": "gállego", "regimen": "desconocido", "sistema": "gállego - cinca - ésera - noguera ribagorzana", "caudal": 1, "inicio": 2011.0, "fin": 2021.0, "url_link": "https://casadoj.github.io/CAMELS-ES/Ebro/Gállego - Cinca - Ésera - Noguera Ribagorzana/plots/9309.html" }, "geometry": { "type": "Point", "coordinates": [ -0.334102525752743, 42.769395506278187 ] } },
{ "type": "Feature", "properties": { "indroea": 9310, "lugar": "SALLENT DE GALLEGO (AGUAS LIMPIAS)", "comentario": null, "serv": 1, "suprest": 60, "suprcnc": 61, "hoja_id": 145, "alti": 1300.0, "altimax": null, "naa": 10, "naam": 12, "naai": 0, "num_cuenca": 9293, "muni_id": 22204, "xutm": 718710, "yutm": 4739512, "xutm30": 718710, "yutm30": 4739512, "long": -0.1936, "lat": 42.4634, "longwgs84": -0.194, "latwgs84": 42.463, "observ1": null, "xetrs89": 718603, "yetrs89": 4739302, "cod_saih": "A310", "cuenca": "EBRO", "rio": "aguas limpias", "regimen": "desconocido", "sistema": "gállego - cinca - ésera - noguera ribagorzana", "caudal": 1, "inicio": 2011.0, "fin": 2021.0, "url_link": "https://casadoj.github.io/CAMELS-ES/Ebro/Gállego - Cinca - Ésera - Noguera Ribagorzana/plots/9310.html" }, "geometry": { "type": "Point", "coordinates": [ -0.327832345376913, 42.775084300081517 ] } },
{ "type": "Feature", "properties": { "indroea": 9311, "lugar": "ZARAGOZA (RONDA NORTE)", "comentario": null, "serv": 1, "suprest": 40311, "suprcnc": 85001, "hoja_id": 354, "alti": 202.0, "altimax": null, "naa": 7, "naam": 12, "naai": 0, "num_cuenca": 9289, "muni_id": 50297, "xutm": 674928, "yutm": 4616800, "xutm30": 674928, "yutm30": 4616800, "long": -0.5354, "lat": 41.4059, "longwgs84": -0.5358, "latwgs84": 41.4055, "observ1": null, "xetrs89": 674820, "yetrs89": 4616591, "cod_saih": "A311", "cuenca": "EBRO", "rio": "ebro", "regimen": "desconocido", "sistema": "ebro alto - medio y aragón", "caudal": 1, "inicio": 2014.0, "fin": 2021.0, "url_link": "https://casadoj.github.io/CAMELS-ES/Ebro/Ebro Alto - Medio Y Aragón/plots/9311.html" }, "geometry": { "type": "Point", "coordinates": [ -0.899580282645786, 41.681905996815054 ] } },
{ "type": "Feature", "properties": { "indroea": 9313, "lugar": "BURLADA", "comentario": null, "serv": 1, "suprest": 530, "suprcnc": 2759, "hoja_id": 141, "alti": 421.0, "altimax": null, "naa": 11, "naam": 12, "naai": 0, "num_cuenca": 9215, "muni_id": 31060, "xutm": 613616, "yutm": 4742212, "xutm30": 613616, "yutm30": 4742212, "long": -1.3636, "lat": 42.4924, "longwgs84": -1.3641, "latwgs84": 42.492, "observ1": null, "xetrs89": 613510, "yetrs89": 4742003, "cod_saih": "A313", "cuenca": "EBRO", "rio": "arga", "regimen": "desconocido", "sistema": "ebro alto - medio y aragón", "caudal": 1, "inicio": 2010.0, "fin": 2021.0, "url_link": "https://casadoj.github.io/CAMELS-ES/Ebro/Ebro Alto - Medio Y Aragón/plots/9313.html" }, "geometry": { "type": "Point", "coordinates": [ -1.611390298192916, 42.8221749990701 ] } },
{ "type": "Feature", "properties": { "indroea": 9315, "lugar": "MENDIVIL", "comentario": null, "serv": 1, "suprest": 277, "suprcnc": 1358, "hoja_id": 112, "alti": 513.0, "altimax": null, "naa": 9, "naam": 11, "naai": 0, "num_cuenca": 9058, "muni_id": 1008, "xutm": 530478, "yutm": 4750775, "xutm30": 530478, "yutm30": 4750775, "long": -2.3736, "lat": 42.543, "longwgs84": -2.3741, "latwgs84": 42.5426, "observ1": null, "xetrs89": 530372, "yetrs89": 4750567, "cod_saih": "A315", "cuenca": "EBRO", "rio": "zadorra", "regimen": "desconocido", "sistema": "bayas-zadorra-inglares", "caudal": 1, "inicio": 2012.0, "fin": 2021.0, "url_link": "https://casadoj.github.io/CAMELS-ES/Ebro/Bayas-Zadorra-Inglares/plots/9315.html" }, "geometry": { "type": "Point", "coordinates": [ -2.627935773077405, 42.907112327278256 ] } },
{ "type": "Feature", "properties": { "indroea": 9317, "lugar": "VITORIA-ABETXUKO", "comentario": null, "serv": 1, "suprest": 805, "suprcnc": 842, "hoja_id": 112, "alti": 504.0, "altimax": null, "naa": 10, "naam": 12, "naai": 0, "num_cuenca": 9068, "muni_id": 1059, "xutm": 526525, "yutm": 4746991, "xutm30": 526525, "yutm30": 4746991, "long": -2.4031, "lat": 42.5227, "longwgs84": -2.4036, "latwgs84": 42.5223, "observ1": null, "xetrs89": 526419, "yetrs89": 4746783, "cod_saih": "A317", "cuenca": "EBRO", "rio": "zadorra", "regimen": "desconocido", "sistema": "bayas-zadorra-inglares", "caudal": 1, "inicio": 2011.0, "fin": 2021.0, "url_link": "https://casadoj.github.io/CAMELS-ES/Ebro/Bayas-Zadorra-Inglares/plots/9317.html" }, "geometry": { "type": "Point", "coordinates": [ -2.67653826078924, 42.873184088678229 ] } },
{ "type": "Feature", "properties": { "indroea": 9319, "lugar": "SABIÑANIGO (GALLEGO)", "comentario": null, "serv": 1, "suprest": 765, "suprcnc": 766, "hoja_id": 210, "alti": 727.0, "altimax": null, "naa": 9, "naam": 11, "naai": 0, "num_cuenca": 9310, "muni_id": 22199, "xutm": 715954, "yutm": 4707736, "xutm30": 715954, "yutm30": 4707736, "long": -0.222, "lat": 42.2928, "longwgs84": -0.2225, "latwgs84": 42.2924, "observ1": null, "xetrs89": 715847, "yetrs89": 4707526, "cod_saih": "A319", "cuenca": "EBRO", "rio": "gállego", "regimen": "desconocido", "sistema": "gállego - cinca - ésera - noguera ribagorzana", "caudal": 1, "inicio": 2012.0, "fin": 2021.0, "url_link": "https://casadoj.github.io/CAMELS-ES/Ebro/Gállego - Cinca - Ésera - Noguera Ribagorzana/plots/9319.html" }, "geometry": { "type": "Point", "coordinates": [ -0.373542125153537, 42.490003583076032 ] } },
{ "type": "Feature", "properties": { "indroea": 9320, "lugar": "MONTEARAGON C.E.", "comentario": null, "serv": 1, "suprest": 92, "suprcnc": 2873, "hoja_id": 248, "alti": 590.0, "altimax": null, "naa": 9, "naam": 11, "naai": 0, "num_cuenca": 9620, "muni_id": 22150, "xutm": 716993, "yutm": 4679261, "xutm30": 716993, "yutm30": 4679261, "long": -0.2213, "lat": 42.1405, "longwgs84": -0.2218, "latwgs84": 42.1401, "observ1": null, "xetrs89": 716886, "yetrs89": 4679051, "cod_saih": "A320", "cuenca": "EBRO", "rio": "flumen", "regimen": "desconocido", "sistema": "gállego - cinca - ésera - noguera ribagorzana", "caudal": 1, "inicio": 2012.0, "fin": 2021.0, "url_link": "https://casadoj.github.io/CAMELS-ES/Ebro/Gállego - Cinca - Ésera - Noguera Ribagorzana/plots/9320.html" }, "geometry": { "type": "Point", "coordinates": [ -0.371618978052964, 42.233536052699492 ] } },
{ "type": "Feature", "properties": { "indroea": 9321, "lugar": "ETXARREN", "comentario": null, "serv": 1, "suprest": 389, "suprcnc": 823, "hoja_id": 115, "alti": 435.0, "altimax": null, "naa": 30, "naam": 32, "naai": 0, "num_cuenca": 9222, "muni_id": 31025, "xutm": 594234, "yutm": 4752016, "xutm30": 594234, "yutm30": 4752016, "long": -1.5044, "lat": 42.5451, "longwgs84": -1.5049, "latwgs84": 42.5447, "observ1": null, "xetrs89": 594128, "yetrs89": 4751807, "cod_saih": "A321", "cuenca": "EBRO", "rio": "araquil|2938", "regimen": "desconocido", "sistema": "irati-arga-ega", "caudal": 1, "inicio": 1991.0, "fin": 2021.0, "url_link": "https://casadoj.github.io/CAMELS-ES/Ebro/Irati-Arga-Ega/plots/9321.html" }, "geometry": { "type": "Point", "coordinates": [ -1.846803658054703, 42.913074820418316 ] } },
{ "type": "Feature", "properties": { "indroea": 9322, "lugar": "IRURTZUN", "comentario": null, "serv": 1, "suprest": 184, "suprcnc": 188, "hoja_id": 115, "alti": 417.0, "altimax": null, "naa": 30, "naam": 32, "naai": 0, "num_cuenca": 9225, "muni_id": 31904, "xutm": 595019, "yutm": 4752749, "xutm30": 595019, "yutm30": 4752749, "long": -1.5009, "lat": 42.5514, "longwgs84": -1.5013, "latwgs84": 42.551, "observ1": null, "xetrs89": 594913, "yetrs89": 4752540, "cod_saih": "A322", "cuenca": "EBRO", "rio": "larraun", "regimen": "desconocido", "sistema": "irati-arga-ega", "caudal": 1, "inicio": 1991.0, "fin": 2021.0, "url_link": "https://casadoj.github.io/CAMELS-ES/Ebro/Irati-Arga-Ega/plots/9322.html" }, "geometry": { "type": "Point", "coordinates": [ -1.837064158124972, 42.919577012447441 ] } },
{ "type": "Feature", "properties": { "indroea": 9323, "lugar": "PAMPLONA", "comentario": null, "serv": 1, "suprest": 503, "suprcnc": 2759, "hoja_id": 141, "alti": 392.0, "altimax": null, "naa": 10, "naam": 14, "naai": 0, "num_cuenca": 9215, "muni_id": 31201, "xutm": 611631, "yutm": 4741614, "xutm30": 611632, "yutm30": 4741614, "long": -1.3804, "lat": 42.4905, "longwgs84": -1.3809, "latwgs84": 42.4902, "observ1": null, "xetrs89": 611525, "yetrs89": 4741405, "cod_saih": "A323", "cuenca": "EBRO", "rio": "arga|2815", "regimen": "desconocido", "sistema": "irati-arga-ega", "caudal": 1, "inicio": 2009.0, "fin": 2019.0, "url_link": "https://casadoj.github.io/CAMELS-ES/Ebro/Irati-Arga-Ega/plots/9323.html" }, "geometry": { "type": "Point", "coordinates": [ -1.635785138574274, 42.817083191147212 ] } },
{ "type": "Feature", "properties": { "indroea": 9324, "lugar": "ARAZURI", "comentario": null, "serv": 1, "suprest": 806, "suprcnc": 2759, "hoja_id": 141, "alti": 809.0, "altimax": null, "naa": 20, "naam": 31, "naai": 0, "num_cuenca": 9217, "muni_id": 31193, "xutm": 604227, "yutm": 4741206, "xutm30": 604228, "yutm30": 4741206, "long": -1.4331, "lat": 42.4856, "longwgs84": -1.4335, "latwgs84": 42.4852, "observ1": null, "xetrs89": 604121, "yetrs89": 4740997, "cod_saih": "A324", "cuenca": "EBRO", "rio": "arga|2815", "regimen": "desconocido", "sistema": "irati-arga-ega", "caudal": 1, "inicio": 2001.0, "fin": 2021.0, "url_link": "https://casadoj.github.io/CAMELS-ES/Ebro/Irati-Arga-Ega/plots/9324.html" }, "geometry": { "type": "Point", "coordinates": [ -1.726406371919296, 42.814453013599639 ] } },
{ "type": "Feature", "properties": { "indroea": 9325, "lugar": "OCHAGAVIA", "comentario": null, "serv": 1, "suprest": 72, "suprcnc": 75, "hoja_id": 117, "alti": 868.0, "altimax": null, "naa": 25, "naam": 32, "naai": 0, "num_cuenca": 9201, "muni_id": 31185, "xutm": 655831, "yutm": 4754359, "xutm30": 655831, "yutm30": 4754359, "long": -1.0526, "lat": 42.5531, "longwgs84": -1.0531, "latwgs84": 42.5527, "observ1": null, "xetrs89": 655725, "yetrs89": 4754149, "cod_saih": "A325", "cuenca": "EBRO", "rio": "zatoya", "regimen": "desconocido", "sistema": "irati-arga-ega", "caudal": 1, "inicio": 1996.0, "fin": 2021.0, "url_link": "https://casadoj.github.io/CAMELS-ES/Ebro/Irati-Arga-Ega/plots/9325.html" }, "geometry": { "type": "Point", "coordinates": [ -1.091833802013035, 42.924067468461843 ] } },
{ "type": "Feature", "properties": { "indroea": 9326, "lugar": "ESPINAL", "comentario": null, "serv": 1, "suprest": 44, "suprcnc": 117, "hoja_id": 116, "alti": 378.0, "altimax": null, "naa": 30, "naam": 32, "naai": 0, "num_cuenca": 9194, "muni_id": 31058, "xutm": 634335, "yutm": 4758759, "xutm30": 634335, "yutm30": 4758759, "long": -1.211, "lat": 42.5808, "longwgs84": -1.2115, "latwgs84": 42.5804, "observ1": null, "xetrs89": 634229, "yetrs89": 4758549, "cod_saih": "A326", "cuenca": "EBRO", "rio": "urrobi", "regimen": "desconocido", "sistema": "irati-arga-ega", "caudal": 1, "inicio": 1991.0, "fin": 2021.0, "url_link": "https://casadoj.github.io/CAMELS-ES/Ebro/Irati-Arga-Ega/plots/9326.html" }, "geometry": { "type": "Point", "coordinates": [ -1.354063887690317, 42.967760940518218 ] } },
{ "type": "Feature", "properties": { "indroea": 9327, "lugar": "OLITE", "comentario": null, "serv": 1, "suprest": 257, "suprcnc": 456, "hoja_id": 206, "alti": 520.0, "altimax": null, "naa": 21, "naam": 32, "naai": 0, "num_cuenca": 9209, "muni_id": 31191, "xutm": 611823, "yutm": 4704544, "xutm30": 611823, "yutm30": 4704544, "long": -1.3822, "lat": 42.2904, "longwgs84": -1.3827, "latwgs84": 42.286, "observ1": null, "xetrs89": 611716, "yetrs89": 4704335, "cod_saih": "A327", "cuenca": "EBRO", "rio": "zidacos|3489", "regimen": "desconocido", "sistema": "irati-arga-ega", "caudal": 1, "inicio": 2000.0, "fin": 2021.0, "url_link": "https://casadoj.github.io/CAMELS-ES/Ebro/Irati-Arga-Ega/plots/9327.html" }, "geometry": { "type": "Point", "coordinates": [ -1.640737234101283, 42.483310783801578 ] } },
{ "type": "Feature", "properties": { "indroea": 9328, "lugar": "ARQUIJAS", "comentario": null, "serv": 1, "suprest": 415, "suprcnc": 1461, "hoja_id": 139, "alti": 461.0, "altimax": null, "naa": 22, "naam": 24, "naai": 0, "num_cuenca": 9148, "muni_id": 31265, "xutm": 558722, "yutm": 4725951, "xutm30": 558722, "yutm30": 4725951, "long": -2.166, "lat": 42.4059, "longwgs84": -2.1704, "latwgs84": 42.4055, "observ1": null, "xetrs89": 558615, "yetrs89": 4725742, "cod_saih": "A328", "cuenca": "EBRO", "rio": "ega i|3386", "regimen": "desconocido", "sistema": "irati-arga-ega", "caudal": 1, "inicio": 1999.0, "fin": 2021.0, "url_link": "https://casadoj.github.io/CAMELS-ES/Ebro/Irati-Arga-Ega/plots/9328.html" }, "geometry": { "type": "Point", "coordinates": [ -2.284552135390793, 42.681923247424606 ] } },
{ "type": "Feature", "properties": { "indroea": 9329, "lugar": "MURIETA", "comentario": null, "serv": 1, "suprest": 553, "suprcnc": 1461, "hoja_id": 172, "alti": 511.0, "altimax": null, "naa": 27, "naam": 32, "naai": 0, "num_cuenca": 9148, "muni_id": 31177, "xutm": 571595, "yutm": 4723178, "xutm30": 571595, "yutm30": 4723178, "long": -2.0735, "lat": 42.3925, "longwgs84": -2.074, "latwgs84": 42.3921, "observ1": null, "xetrs89": 571488, "yetrs89": 4722969, "cod_saih": "A329", "cuenca": "EBRO", "rio": "ega i|3386", "regimen": "desconocido", "sistema": "irati-arga-ega", "caudal": 1, "inicio": 1991.0, "fin": 2018.0, "url_link": "https://casadoj.github.io/CAMELS-ES/Ebro/Irati-Arga-Ega/plots/9329.html" }, "geometry": { "type": "Point", "coordinates": [ -2.12779114441297, 42.655864506561869 ] } },
{ "type": "Feature", "properties": { "indroea": 1431, "lugar": "MASMA", "comentario": null, "serv": 1, "suprest": 145, "suprcnc": 291, "hoja_id": 24, "alti": 46.0, "altimax": 1056.0, "naa": 28, "naam": 50, "naai": 21, "num_cuenca": 1246, "muni_id": 27030, "xutm": 634725, "yutm": 4815304, "xutm30": 149439, "yutm30": 4823089, "long": -7.2003, "lat": 43.284, "longwgs84": -7.2009, "latwgs84": 43.2836, "observ1": null, "xetrs89": 149328, "yetrs89": 4822884, "cod_saih": null, "cuenca": "GALICIA COSTA", "rio": "masma", "regimen": "desconocido", "sistema": "río masma", "caudal": 1, "inicio": 1993.0, "fin": 2021.0, "url_link": "https://casadoj.github.io/CAMELS-ES/Galicia Costa/Río Masma/plots/1431.html" }, "geometry": { "type": "Point", "coordinates": [ -7.335723969655437, 43.476627934017706 ] } },
{ "type": "Feature", "properties": { "indroea": 1433, "lugar": "SAN ACISCLO", "comentario": null, "serv": 1, "suprest": 163, "suprcnc": 189, "hoja_id": 9, "alti": 32.0, "altimax": 1064.0, "naa": 30, "naam": 50, "naai": 21, "num_cuenca": 1248, "muni_id": 27019, "xutm": 631158, "yutm": 4824168, "xutm30": 146517, "yutm30": 4832199, "long": -7.2234, "lat": 43.3329, "longwgs84": -7.224, "latwgs84": 43.3325, "observ1": null, "xetrs89": 146405, "yetrs89": 4831994, "cod_saih": null, "cuenca": "GALICIA COSTA", "rio": "ouro", "regimen": "desconocido", "sistema": "río landro y ouro", "caudal": 1, "inicio": 1991.0, "fin": 2021.0, "url_link": "https://casadoj.github.io/CAMELS-ES/Galicia Costa/Río Landro Y Ouro/plots/1433.html" }, "geometry": { "type": "Point", "coordinates": [ -7.377681208846851, 43.557042689822623 ] } },
{ "type": "Feature", "properties": { "indroea": 1435, "lugar": "GUIONCHO, O", "comentario": null, "serv": 1, "suprest": 43, "suprcnc": 44, "hoja_id": 3, "alti": 38.0, "altimax": null, "naa": 12, "naam": 13, "naai": 0, "num_cuenca": 1929, "muni_id": 27013, "xutm": 625112, "yutm": 4838281, "xutm30": 141499, "yutm30": 4846731, "long": -7.2652, "lat": 43.411, "longwgs84": -7.2657, "latwgs84": 43.4106, "observ1": null, "xetrs89": 141387, "yetrs89": 4846526, "cod_saih": null, "cuenca": "GALICIA COSTA", "rio": "covo", "regimen": "desconocido", "sistema": "río landro y ouro", "caudal": 1, "inicio": 2009.0, "fin": 2021.0, "url_link": "https://casadoj.github.io/CAMELS-ES/Galicia Costa/Río Landro Y Ouro/plots/1435.html" }, "geometry": { "type": "Point", "coordinates": [ -7.449252902502331, 43.685102971302605 ] } },
{ "type": "Feature", "properties": { "indroea": 1438, "lugar": "CHAVIN", "comentario": null, "serv": 1, "suprest": 198, "suprcnc": 270, "hoja_id": 8, "alti": 15.0, "altimax": null, "naa": 30, "naam": 45, "naai": 8, "num_cuenca": 1250, "muni_id": 27066, "xutm": 613777, "yutm": 4830661, "xutm30": 129626, "yutm30": 4839941, "long": -7.3524, "lat": 43.371, "longwgs84": -7.3529, "latwgs84": 43.3706, "observ1": null, "xetrs89": 129514, "yetrs89": 4839736, "cod_saih": null, "cuenca": "GALICIA COSTA", "rio": "landro", "regimen": "desconocido", "sistema": "río landro y ouro", "caudal": 1, "inicio": 1991.0, "fin": 2021.0, "url_link": "https://casadoj.github.io/CAMELS-ES/Galicia Costa/Río Landro Y Ouro/plots/1438.html" }, "geometry": { "type": "Point", "coordinates": [ -7.591445073954849, 43.618339972350313 ] } },
{ "type": "Feature", "properties": { "indroea": 1440, "lugar": "PTE. SEGADE (MAÑON)", "comentario": null, "serv": 1, "suprest": 112, "suprcnc": 202, "hoja_id": 8, "alti": 208.0, "altimax": 762.0, "naa": 4, "naam": 25, "naai": 0, "num_cuenca": 1252, "muni_id": 15044, "xutm": 602299, "yutm": 4830533, "xutm30": 118150, "yutm30": 4840643, "long": -7.4356, "lat": 43.3712, "longwgs84": -7.4401, "latwgs84": 43.3708, "observ1": "LOS DATOS DE 2007-08 SON PROVISIONALES PENDIENTES DE REVISION                                       ", "xetrs89": 118038, "yetrs89": 4840438, "cod_saih": null, "cuenca": "GALICIA COSTA", "rio": "sor", "regimen": "desconocido", "sistema": "río sor, ría de sta marta de ortigueira y ría de viveiro", "caudal": 1, "inicio": 2017.0, "fin": 2021.0, "url_link": "https://casadoj.github.io/CAMELS-ES/Galicia Costa/Río Sor, Ría De Sta Marta De Ortigueira Y Ría De Viveiro/plots/1440.html" }, "geometry": { "type": "Point", "coordinates": [ -7.733691925191874, 43.618845415585902 ] } },
{ "type": "Feature", "properties": { "indroea": 1441, "lugar": "MORGALLON, O", "comentario": null, "serv": 1, "suprest": 185, "suprcnc": 202, "hoja_id": 2, "alti": 45.0, "altimax": null, "naa": 12, "naam": 14, "naai": 0, "num_cuenca": 1252, "muni_id": 27064, "xutm": 605313, "yutm": 4839865, "xutm30": 121837, "yutm30": 4849748, "long": -7.4135, "lat": 43.4213, "longwgs84": -7.414, "latwgs84": 43.4209, "observ1": null, "xetrs89": 121725, "yetrs89": 4849543, "cod_saih": null, "cuenca": "GALICIA COSTA", "rio": "sor baixo", "regimen": "desconocido", "sistema": "río sor, ría de sta marta de ortigueira y ría de viveiro", "caudal": 1, "inicio": 2009.0, "fin": 2021.0, "url_link": "https://casadoj.github.io/CAMELS-ES/Galicia Costa/Río Sor, Ría De Sta Marta De Ortigueira Y Ría De Viveiro/plots/1441.html" }, "geometry": { "type": "Point", "coordinates": [ -7.694526479073079, 43.702433032571186 ] } },
{ "type": "Feature", "properties": { "indroea": 1443, "lugar": "SANTA MARIA DE MERA", "comentario": null, "serv": 1, "suprest": 102, "suprcnc": 127, "hoja_id": 7, "alti": 21.0, "altimax": 757.0, "naa": 30, "naam": 50, "naai": 11, "num_cuenca": 1254, "muni_id": 15061, "xutm": 588135, "yutm": 4832611, "xutm30": 104149, "yutm30": 4843745, "long": -7.5426, "lat": 43.3826, "longwgs84": -7.5432, "latwgs84": 43.3822, "observ1": "LOS DATOS DE 2007-08 SON PROVISIONALES PENDIENTES DE REVISION                                       ", "xetrs89": 104037, "yetrs89": 4843540, "cod_saih": null, "cuenca": "GALICIA COSTA", "rio": "mera", "regimen": "desconocido", "sistema": "río mera, ría de sta marta de ortigueira y ría de cedeira", "caudal": 1, "inicio": 1991.0, "fin": 2021.0, "url_link": "https://casadoj.github.io/CAMELS-ES/Galicia Costa/Río Mera, Ría De Sta Marta De Ortigueira Y Ría De Cedeira/plots/1443.html" }, "geometry": { "type": "Point", "coordinates": [ -7.908861574418101, 43.639366221559385 ] } },
{ "type": "Feature", "properties": { "indroea": 1445, "lugar": "PORTO DO CABO, O", "comentario": null, "serv": 1, "suprest": 71, "suprcnc": 122, "hoja_id": 7, "alti": 23.0, "altimax": null, "naa": 12, "naam": 13, "naai": 0, "num_cuenca": 1928, "muni_id": 15087, "xutm": 577565, "yutm": 4830880, "xutm30": 93462, "yutm30": 4842781, "long": -8.0219, "lat": 43.3734, "longwgs84": -8.0224, "latwgs84": 43.373, "observ1": null, "xetrs89": 93350, "yetrs89": 4842576, "cod_saih": null, "cuenca": "GALICIA COSTA", "rio": "rego das mestas", "regimen": "desconocido", "sistema": "río mera, ría de sta marta de ortigueira y ría de cedeira", "caudal": 1, "inicio": 2009.0, "fin": 2021.0, "url_link": "https://casadoj.github.io/CAMELS-ES/Galicia Costa/Río Mera, Ría De Sta Marta De Ortigueira Y Ría De Cedeira/plots/1445.html" }, "geometry": { "type": "Point", "coordinates": [ -8.04012826976342, 43.624961385590531 ] } },
{ "type": "Feature", "properties": { "indroea": 1446, "lugar": "SAN SADURNIÑO", "comentario": null, "serv": 1, "suprest": 108, "suprcnc": 182, "hoja_id": 7, "alti": 30.0, "altimax": 667.0, "naa": 14, "naam": 48, "naai": 23, "num_cuenca": 1258, "muni_id": 15076, "xutm": 574582, "yutm": 4820579, "xutm30": 89735, "yutm30": 4832702, "long": -8.0437, "lat": 43.3201, "longwgs84": -8.0443, "latwgs84": 43.3157, "observ1": null, "xetrs89": 89623, "yetrs89": 4832497, "cod_saih": null, "cuenca": "GALICIA COSTA", "rio": "xubia", "regimen": "desconocido", "sistema": "ferrol", "caudal": 1, "inicio": 2007.0, "fin": 2021.0, "url_link": "https://casadoj.github.io/CAMELS-ES/Galicia Costa/Ferrol/plots/1446.html" }, "geometry": { "type": "Point", "coordinates": [ -8.078520128103188, 43.532522429470951 ] } },
{ "type": "Feature", "properties": { "indroea": 1449, "lugar": "A MACIÑEIRA", "comentario": null, "serv": 1, "suprest": 56, "suprcnc": 60, "hoja_id": 7, "alti": 72.0, "altimax": null, "naa": 12, "naam": 14, "naai": 0, "num_cuenca": 1260, "muni_id": 15055, "xutm": 570294, "yutm": 4817374, "xutm30": 85218, "yutm30": 4829809, "long": -8.075, "lat": 43.3019, "longwgs84": -8.0755, "latwgs84": 43.3015, "observ1": null, "xetrs89": 85106, "yetrs89": 4829604, "cod_saih": null, "cuenca": "GALICIA COSTA", "rio": "belelle", "regimen": "desconocido", "sistema": "ferrol", "caudal": 1, "inicio": 2009.0, "fin": 2021.0, "url_link": "https://casadoj.github.io/CAMELS-ES/Galicia Costa/Ferrol/plots/1449.html" }, "geometry": { "type": "Point", "coordinates": [ -8.131994326054931, 43.504084418428214 ] } },
{ "type": "Feature", "properties": { "indroea": 1455, "lugar": "RIBEIRANOVA", "comentario": null, "serv": 1, "suprest": 191, "suprcnc": 470, "hoja_id": 23, "alti": 379.0, "altimax": null, "naa": 11, "naam": 13, "naai": 0, "num_cuenca": 1262, "muni_id": 15070, "xutm": 594408, "yutm": 4812221, "xutm30": 108943, "yutm30": 4822918, "long": -7.4959, "lat": 43.2722, "longwgs84": -7.5005, "latwgs84": 43.2718, "observ1": "LOS DATOS DE 2008-09 SON PROVISIONALES PENDIENTES DE REVISION                                       ", "xetrs89": 108831, "yetrs89": 4822713, "cod_saih": null, "cuenca": "GALICIA COSTA", "rio": "eume ribeira", "regimen": "desconocido", "sistema": "río eume y ría de ares", "caudal": 1, "inicio": 2010.0, "fin": 2021.0, "url_link": "https://casadoj.github.io/CAMELS-ES/Galicia Costa/Río Eume Y Ría De Ares/plots/1455.html" }, "geometry": { "type": "Point", "coordinates": [ -7.834645815696632, 43.455039615569241 ] } },
{ "type": "Feature", "properties": { "indroea": 1458, "lugar": "SANTA CRISTINA", "comentario": null, "serv": 1, "suprest": 434, "suprcnc": 470, "hoja_id": 22, "alti": 140.0, "altimax": null, "naa": 6, "naam": 9, "naai": 0, "num_cuenca": 1274, "muni_id": 15050, "xutm": 575822, "yutm": 4807481, "xutm30": 90028, "yutm30": 4819522, "long": -8.0349, "lat": 43.2456, "longwgs84": -8.0354, "latwgs84": 43.2452, "observ1": null, "xetrs89": 89916, "yetrs89": 4819317, "cod_saih": null, "cuenca": "GALICIA COSTA", "rio": "eume as fragas", "regimen": "desconocido", "sistema": "río eume y ría de ares", "caudal": 1, "inicio": 2009.0, "fin": 2015.0, "url_link": "https://casadoj.github.io/CAMELS-ES/Galicia Costa/Río Eume Y Ría De Ares/plots/1458.html" }, "geometry": { "type": "Point", "coordinates": [ -8.064999962871399, 43.414471180956554 ] } },
{ "type": "Feature", "properties": { "indroea": 1464, "lugar": "MUÑIFERAL", "comentario": null, "serv": 1, "suprest": 248, "suprcnc": 457, "hoja_id": 46, "alti": 242.0, "altimax": 600.0, "naa": 30, "naam": 49, "naai": 13, "num_cuenca": 1278, "muni_id": 15039, "xutm": 576732, "yutm": 4789036, "xutm30": 89609, "yutm30": 4801023, "long": -8.0317, "lat": 43.1458, "longwgs84": -8.0323, "latwgs84": 43.1454, "observ1": "LOS DATOS DE 2006-07 SON PROVISIONALES PENDIENTES DE REVISION                                       ", "xetrs89": 89497, "yetrs89": 4800817, "cod_saih": null, "cuenca": "GALICIA COSTA", "rio": "mandeo", "regimen": "desconocido", "sistema": "río mandeo y ría de betanzos", "caudal": 1, "inicio": 1991.0, "fin": 2021.0, "url_link": "https://casadoj.github.io/CAMELS-ES/Galicia Costa/Río Mandeo Y Ría De Betanzos/plots/1464.html" }, "geometry": { "type": "Point", "coordinates": [ -8.056334761885745, 43.248308899857342 ] } },
{ "type": "Feature", "properties": { "indroea": 1469, "lugar": "BARLLOBRE", "comentario": null, "serv": 1, "suprest": 83, "suprcnc": 457, "hoja_id": 45, "alti": 45.0, "altimax": null, "naa": 12, "naam": 13, "naai": 0, "num_cuenca": 1281, "muni_id": 15009, "xutm": 564941, "yutm": 4790760, "xutm30": 77948, "yutm30": 4803594, "long": -8.1159, "lat": 43.1558, "longwgs84": -8.1205, "latwgs84": 43.1554, "observ1": null, "xetrs89": 77836, "yetrs89": 4803388, "cod_saih": null, "cuenca": "GALICIA COSTA", "rio": "mendo", "regimen": "desconocido", "sistema": "río mandeo y ría de betanzos", "caudal": 1, "inicio": 2009.0, "fin": 2021.0, "url_link": "https://casadoj.github.io/CAMELS-ES/Galicia Costa/Río Mandeo Y Ría De Betanzos/plots/1469.html" }, "geometry": { "type": "Point", "coordinates": [ -8.201363309622327, 43.264934500572181 ] } },
{ "type": "Feature", "properties": { "indroea": 1470, "lugar": "A PONTE DE BEDOÑA", "comentario": null, "serv": 1, "suprest": 139, "suprcnc": 346, "hoja_id": 45, "alti": 44.0, "altimax": null, "naa": 4, "naam": 8, "naai": 0, "num_cuenca": 1284, "muni_id": 15001, "xutm": 560322, "yutm": 4789587, "xutm30": 73388, "yutm30": 4802959, "long": -8.1519, "lat": 43.1528, "longwgs84": -8.1524, "latwgs84": 43.1524, "observ1": null, "xetrs89": 73276, "yetrs89": 4802753, "cod_saih": null, "cuenca": "GALICIA COSTA", "rio": "mero", "regimen": "desconocido", "sistema": "mero", "caudal": 1, "inicio": 2017.0, "fin": 2021.0, "url_link": "https://casadoj.github.io/CAMELS-ES/Galicia Costa/Mero/plots/1470.html" }, "geometry": { "type": "Point", "coordinates": [ -8.256823775327275, 43.256675705089243 ] } },
{ "type": "Feature", "properties": { "indroea": 1473, "lugar": "A TELVA", "comentario": null, "serv": 1, "suprest": 289, "suprcnc": 346, "hoja_id": 45, "alti": 8.0, "altimax": null, "naa": 5, "naam": 8, "naai": 0, "num_cuenca": 1286, "muni_id": 15017, "xutm": 552174, "yutm": 4793705, "xutm30": 65539, "yutm30": 4807662, "long": -8.2119, "lat": 43.1744, "longwgs84": -8.2124, "latwgs84": 43.174, "observ1": null, "xetrs89": 65427, "yetrs89": 4807456, "cod_saih": null, "cuenca": "GALICIA COSTA", "rio": "mero", "regimen": "desconocido", "sistema": "mero", "caudal": 1, "inicio": 2015.0, "fin": 2020.0, "url_link": "https://casadoj.github.io/CAMELS-ES/Galicia Costa/Mero/plots/1473.html" }, "geometry": { "type": "Point", "coordinates": [ -8.35681334618406, 43.294361604687246 ] } },
{ "type": "Feature", "properties": { "indroea": 1483, "lugar": "CARBALLO", "comentario": null, "serv": 1, "suprest": 118, "suprcnc": 516, "hoja_id": 44, "alti": 116.0, "altimax": null, "naa": 11, "naam": 13, "naai": 0, "num_cuenca": 1288, "muni_id": 15019, "xutm": 525085, "yutm": 4784408, "xutm30": 37643, "yutm30": 4800111, "long": -8.4128, "lat": 43.1241, "longwgs84": -8.4134, "latwgs84": 43.1236, "observ1": null, "xetrs89": 37531, "yetrs89": 4799905, "cod_saih": null, "cuenca": "GALICIA COSTA", "rio": "anllóns carballo", "regimen": "desconocido", "sistema": "río anllóns y ría de a coruña hasta límite con arteixo", "caudal": 1, "inicio": 2010.0, "fin": 2021.0, "url_link": "https://casadoj.github.io/CAMELS-ES/Galicia Costa/Río Anllóns Y Ría De A Coruña Hasta Límite Con Arteixo/plots/1483.html" }, "geometry": { "type": "Point", "coordinates": [ -8.692733452414144, 43.210112263651588 ] } },
{ "type": "Feature", "properties": { "indroea": 1497, "lugar": "AS CASASNOVAS", "comentario": null, "serv": 1, "suprest": 251, "suprcnc": 283, "hoja_id": 68, "alti": 65.0, "altimax": null, "naa": 6, "naam": 10, "naai": 0, "num_cuenca": 1294, "muni_id": 15016, "xutm": 491181, "yutm": 4776104, "xutm30": 3134, "yutm30": 4794244, "long": -9.063, "lat": 43.0813, "longwgs84": -9.0636, "latwgs84": 43.0809, "observ1": null, "xetrs89": 3022, "yetrs89": 4794038, "cod_saih": null, "cuenca": "GALICIA COSTA", "rio": "grande camariñas", "regimen": "desconocido", "sistema": "río grande, ría de camariñas y costa de a coruña hasta río anllóns", "caudal": 1, "inicio": 2009.0, "fin": 2015.0, "url_link": "https://casadoj.github.io/CAMELS-ES/Galicia Costa/Río Grande, Ría De Camariñas Y Costa De A Coruña Hasta Río Anllóns/plots/1497.html" }, "geometry": { "type": "Point", "coordinates": [ -9.109973505450796, 43.135701108483481 ] } },
{ "type": "Feature", "properties": { "indroea": 1506, "lugar": "A PONTE DE CONSTANTE", "comentario": null, "serv": 1, "suprest": 109, "suprcnc": 140, "hoja_id": 67, "alti": 74.0, "altimax": null, "naa": 7, "naam": 13, "naai": 0, "num_cuenca": 1296, "muni_id": 15023, "xutm": 484481, "yutm": 4761391, "xutm30": -4626, "yutm30": 4780004, "long": -9.1125, "lat": 43.0015, "longwgs84": -9.1131, "latwgs84": 43.0011, "observ1": null, "xetrs89": -4738, "yetrs89": 4779798, "cod_saih": null, "cuenca": "GALICIA COSTA", "rio": "castro", "regimen": "desconocido", "sistema": "río castro", "caudal": 1, "inicio": 2014.0, "fin": 2021.0, "url_link": "https://casadoj.github.io/CAMELS-ES/Galicia Costa/Río Castro/plots/1506.html" }, "geometry": { "type": "Point", "coordinates": [ -9.191938333675765, 43.003096753611793 ] } },
{ "type": "Feature", "properties": { "indroea": 1512, "lugar": "A PONTE DE TRUEBE", "comentario": null, "serv": 1, "suprest": 201, "suprcnc": 504, "hoja_id": 93, "alti": 300.0, "altimax": null, "naa": 9, "naam": 13, "naai": 0, "num_cuenca": 1300, "muni_id": 15077, "xutm": 509117, "yutm": 4760611, "xutm30": 19964, "yutm30": 4777457, "long": -8.5317, "lat": 42.595, "longwgs84": -8.5323, "latwgs84": 42.5946, "observ1": null, "xetrs89": 19852, "yetrs89": 4777251, "cod_saih": null, "cuenca": "GALICIA COSTA", "rio": "xallas 1", "regimen": "desconocido", "sistema": "río xallas, costa de a coruña y ría de corcubión", "caudal": 1, "inicio": 2012.0, "fin": 2021.0, "url_link": "https://casadoj.github.io/CAMELS-ES/Galicia Costa/Río Xallas, Costa De A Coruña Y Ría De Corcubión/plots/1512.html" }, "geometry": { "type": "Point", "coordinates": [ -8.889688932965514, 42.99618120342933 ] } },
{ "type": "Feature", "properties": { "indroea": 1514, "lugar": "A PONTE OLVEIRA", "comentario": null, "serv": 1, "suprest": 362, "suprcnc": 504, "hoja_id": 93, "alti": 258.0, "altimax": null, "naa": 12, "naam": 13, "naai": 0, "num_cuenca": 1302, "muni_id": 15045, "xutm": 498628, "yutm": 4756818, "xutm30": 9200, "yutm30": 4774415, "long": -9.0101, "lat": 42.5748, "longwgs84": -9.0106, "latwgs84": 42.5743, "observ1": null, "xetrs89": 9088, "yetrs89": 4774209, "cod_saih": null, "cuenca": "GALICIA COSTA", "rio": "xallas 2", "regimen": "desconocido", "sistema": "río xallas, costa de a coruña y ría de corcubión", "caudal": 1, "inicio": 2009.0, "fin": 2021.0, "url_link": "https://casadoj.github.io/CAMELS-ES/Galicia Costa/Río Xallas, Costa De A Coruña Y Ría De Corcubión/plots/1514.html" }, "geometry": { "type": "Point", "coordinates": [ -9.018352455374702, 42.962080994651878 ] } },
{ "type": "Feature", "properties": { "indroea": 1519, "lugar": "PORTOMOURO", "comentario": "INT 2001                                                              ", "serv": 0, "suprest": 1146, "suprcnc": 1526, "hoja_id": 94, "alti": 161.0, "altimax": 764.0, "naa": 9, "naam": 82, "naai": 1, "num_cuenca": 1324, "muni_id": 15088, "xutm": 528977, "yutm": 4756542, "xutm30": 39536, "yutm30": 4771965, "long": -8.3841, "lat": 42.5737, "longwgs84": -8.3846, "latwgs84": 42.5732, "observ1": null, "xetrs89": 39424, "yetrs89": 4771759, "cod_saih": null, "cuenca": "GALICIA COSTA", "rio": "tambre", "regimen": "desconocido", "sistema": "río tambre y ría de muros", "caudal": 1, "inicio": 1991.0, "fin": 2000.0, "url_link": "https://casadoj.github.io/CAMELS-ES/Galicia Costa/Río Tambre Y Ría De Muros/plots/1519.html" }, "geometry": { "type": "Point", "coordinates": [ -8.646256330219568, 42.959051235819807 ] } },
{ "type": "Feature", "properties": { "indroea": 1520, "lugar": "CAROLLO", "comentario": null, "serv": 1, "suprest": 561, "suprcnc": 1526, "hoja_id": 95, "alti": 240.0, "altimax": 764.0, "naa": 16, "naam": 20, "naai": 1, "num_cuenca": 1316, "muni_id": 15060, "xutm": 549037, "yutm": 4758477, "xutm30": 59732, "yutm30": 4772463, "long": -8.2355, "lat": 42.5836, "longwgs84": -8.2401, "latwgs84": 42.5832, "observ1": "LOS DATOS DE 2006-07 SON PROVISIONALES PENDIENTES DE REVISION                                       ", "xetrs89": 59620, "yetrs89": 4772257, "cod_saih": null, "cuenca": "GALICIA COSTA", "rio": "tambre", "regimen": "desconocido", "sistema": "río tambre y ría de muros", "caudal": 1, "inicio": 2005.0, "fin": 2021.0, "url_link": "https://casadoj.github.io/CAMELS-ES/Galicia Costa/Río Tambre Y Ría De Muros/plots/1520.html" }, "geometry": { "type": "Point", "coordinates": [ -8.400162120511611, 42.975445843466488 ] } },
{ "type": "Feature", "properties": { "indroea": 1522, "lugar": "VILACIDE DE ARRIBA", "comentario": null, "serv": 1, "suprest": 311, "suprcnc": 1526, "hoja_id": 95, "alti": 228.0, "altimax": null, "naa": 12, "naam": 14, "naai": 0, "num_cuenca": 1323, "muni_id": 15060, "xutm": 544499, "yutm": 4760158, "xutm30": 55316, "yutm30": 4774469, "long": -8.2715, "lat": 42.5931, "longwgs84": -8.272, "latwgs84": 42.5927, "observ1": "LOS DATOS DE 2008-09 SON PROVISIONALES PENDIENTES DE REVISION                                       ", "xetrs89": 55204, "yetrs89": 4774263, "cod_saih": null, "cuenca": "GALICIA COSTA", "rio": "lengüelle tambre", "regimen": "desconocido", "sistema": "río tambre y ría de muros", "caudal": 1, "inicio": 2009.0, "fin": 2021.0, "url_link": "https://casadoj.github.io/CAMELS-ES/Galicia Costa/Río Tambre Y Ría De Muros/plots/1522.html" }, "geometry": { "type": "Point", "coordinates": [ -8.455669282339318, 42.990864295361689 ] } },
{ "type": "Feature", "properties": { "indroea": 1525, "lugar": "A PONTE DE LESTA", "comentario": null, "serv": 1, "suprest": 91, "suprcnc": 1526, "hoja_id": 94, "alti": 176.0, "altimax": null, "naa": 12, "naam": 13, "naai": 0, "num_cuenca": 1325, "muni_id": 15088, "xutm": 528301, "yutm": 4758359, "xutm30": 38990, "yutm30": 4773830, "long": -8.3911, "lat": 42.5836, "longwgs84": -8.3916, "latwgs84": 42.5832, "observ1": null, "xetrs89": 38878, "yetrs89": 4773624, "cod_saih": null, "cuenca": "GALICIA COSTA", "rio": "dubra tambre", "regimen": "desconocido", "sistema": "río tambre y ría de muros", "caudal": 1, "inicio": 2009.0, "fin": 2021.0, "url_link": "https://casadoj.github.io/CAMELS-ES/Galicia Costa/Río Tambre Y Ría De Muros/plots/1525.html" }, "geometry": { "type": "Point", "coordinates": [ -8.654453555987795, 42.975434114556293 ] } },
{ "type": "Feature", "properties": { "indroea": 1528, "lugar": "NEGREIRA", "comentario": null, "serv": 1, "suprest": 92, "suprcnc": 160, "hoja_id": 94, "alti": 156.0, "altimax": null, "naa": 12, "naam": 13, "naai": 0, "num_cuenca": 1329, "muni_id": 15056, "xutm": 521349, "yutm": 4750714, "xutm30": 31490, "yutm30": 4766682, "long": -8.4419, "lat": 42.5429, "longwgs84": -8.4424, "latwgs84": 42.5425, "observ1": null, "xetrs89": 31378, "yetrs89": 4766476, "cod_saih": null, "cuenca": "GALICIA COSTA", "rio": "barcala tambre", "regimen": "desconocido", "sistema": "río tambre y ría de muros", "caudal": 1, "inicio": 2009.0, "fin": 2021.0, "url_link": "https://casadoj.github.io/CAMELS-ES/Galicia Costa/Río Tambre Y Ría De Muros/plots/1528.html" }, "geometry": { "type": "Point", "coordinates": [ -8.740000811852498, 42.906816045911448 ] } },
{ "type": "Feature", "properties": { "indroea": 1540, "lugar": "VIDALOISO (BASTABALES)", "comentario": null, "serv": 1, "suprest": 138, "suprcnc": 266, "hoja_id": 120, "alti": 123.0, "altimax": 533.0, "naa": 10, "naam": 20, "naai": 1, "num_cuenca": 1355, "muni_id": 15013, "xutm": 528855, "yutm": 4742250, "xutm30": 38391, "yutm30": 4757681, "long": -8.3849, "lat": 42.4953, "longwgs84": -8.3855, "latwgs84": 42.4949, "observ1": "LOS DATOS DE 2005-06 Y 2007-08 SON PROVISIONALES PENDIENTES DE REVISION                             ", "xetrs89": 38279, "yetrs89": 4757475, "cod_saih": null, "cuenca": "GALICIA COSTA", "rio": "sar", "regimen": "desconocido", "sistema": "río ulla y ría de arousa m.d.", "caudal": 1, "inicio": 2011.0, "fin": 2021.0, "url_link": "https://casadoj.github.io/CAMELS-ES/Galicia Costa/Río Ulla Y Ría De Arousa M.D./plots/1540.html" }, "geometry": { "type": "Point", "coordinates": [ -8.648493730773062, 42.830355042141797 ] } },
{ "type": "Feature", "properties": { "indroea": 1542, "lugar": "PUENTE BARAZON", "comentario": null, "serv": 1, "suprest": 150, "suprcnc": 152, "hoja_id": 96, "alti": 317.0, "altimax": 797.0, "naa": 30, "naam": 49, "naai": 3, "num_cuenca": 1337, "muni_id": 15079, "xutm": 580144, "yutm": 4745735, "xutm30": 89917, "yutm30": 4757502, "long": -8.0108, "lat": 42.5133, "longwgs84": -8.0114, "latwgs84": 42.5129, "observ1": "LOS DATOS DE 2007-08 SON PROVISIONALES PENDIENTES DE REVISION                                       ", "xetrs89": 89806, "yetrs89": 4757296, "cod_saih": null, "cuenca": "GALICIA COSTA", "rio": "furelos", "regimen": "desconocido", "sistema": "río ulla y ría de arousa m.d.", "caudal": 1, "inicio": 1991.0, "fin": 2021.0, "url_link": "https://casadoj.github.io/CAMELS-ES/Galicia Costa/Río Ulla Y Ría De Arousa M.D./plots/1542.html" }, "geometry": { "type": "Point", "coordinates": [ -8.02051425781484, 42.858086030868442 ] } },
{ "type": "Feature", "properties": { "indroea": 1544, "lugar": "A PONTE NOVA", "comentario": null, "serv": 1, "suprest": 516, "suprcnc": 2804, "hoja_id": 96, "alti": 309.0, "altimax": 951.0, "naa": 30, "naam": 49, "naai": 2, "num_cuenca": 1338, "muni_id": 15079, "xutm": 579761, "yutm": 4744476, "xutm30": 89444, "yutm30": 4756271, "long": -8.0126, "lat": 42.5053, "longwgs84": -8.0131, "latwgs84": 42.5048, "observ1": "LOS DATOS DE 2006-07 SON PROVISIONALES PENDIENTES DE REVISION                                       ", "xetrs89": 89333, "yetrs89": 4756065, "cod_saih": null, "cuenca": "GALICIA COSTA", "rio": "ulla", "regimen": "desconocido", "sistema": "río ulla y ría de arousa m.d.", "caudal": 1, "inicio": 1991.0, "fin": 2021.0, "url_link": "https://casadoj.github.io/CAMELS-ES/Galicia Costa/Río Ulla Y Ría De Arousa M.D./plots/1544.html" }, "geometry": { "type": "Point", "coordinates": [ -8.02538404679612, 42.846789488156695 ] } },
{ "type": "Feature", "properties": { "indroea": 1546, "lugar": "PONTE CIRELA", "comentario": null, "serv": 1, "suprest": 328, "suprcnc": 1787, "hoja_id": 122, "alti": 315.0, "altimax": null, "naa": 12, "naam": 13, "naai": 0, "num_cuenca": 1339, "muni_id": 36020, "xutm": 573583, "yutm": 4736754, "xutm30": 82718, "yutm30": 4748994, "long": -8.0602, "lat": 42.4645, "longwgs84": -8.0607, "latwgs84": 42.464, "observ1": null, "xetrs89": 82607, "yetrs89": 4748788, "cod_saih": null, "cuenca": "GALICIA COSTA", "rio": "arnego ulla", "regimen": "desconocido", "sistema": "río ulla y ría de arousa m.d.", "caudal": 1, "inicio": 2009.0, "fin": 2021.0, "url_link": "https://casadoj.github.io/CAMELS-ES/Galicia Costa/Río Ulla Y Ría De Arousa M.D./plots/1546.html" }, "geometry": { "type": "Point", "coordinates": [ -8.101992474140898, 42.777880305199268 ] } },
{ "type": "Feature", "properties": { "indroea": 1550, "lugar": "BASEBE", "comentario": null, "serv": 1, "suprest": 309, "suprcnc": 2804, "hoja_id": 121, "alti": 133.0, "altimax": null, "naa": 12, "naam": 14, "naai": 0, "num_cuenca": 1344, "muni_id": 15085, "xutm": 559622, "yutm": 4741756, "xutm30": 69119, "yutm30": 4754990, "long": -8.1614, "lat": 42.4931, "longwgs84": -8.162, "latwgs84": 42.4927, "observ1": "LOS DATOS DE 2009-10 SON PROVISIONALES PENDIENTES DE REVISION                                       ", "xetrs89": 69007, "yetrs89": 4754784, "cod_saih": null, "cuenca": "GALICIA COSTA", "rio": "ulla touro", "regimen": "desconocido", "sistema": "río ulla y ría de arousa m.d.", "caudal": 1, "inicio": 2009.0, "fin": 2021.0, "url_link": "https://casadoj.github.io/CAMELS-ES/Galicia Costa/Río Ulla Y Ría De Arousa M.D./plots/1550.html" }, "geometry": { "type": "Point", "coordinates": [ -8.272132767388422, 42.824131799063238 ] } },
{ "type": "Feature", "properties": { "indroea": 1552, "lugar": "PUENTE CIRA", "comentario": null, "serv": 1, "suprest": 545, "suprcnc": 551, "hoja_id": 121, "alti": 278.0, "altimax": 1003.0, "naa": 30, "naam": 48, "naai": 0, "num_cuenca": 1349, "muni_id": 36052, "xutm": 554314, "yutm": 4736495, "xutm30": 63437, "yutm30": 4750109, "long": -8.201, "lat": 42.4642, "longwgs84": -8.2015, "latwgs84": 42.4638, "observ1": "LOS DATOS DE 2006-07 SON PROVISIONALES PENDIENTES DE REVISION                                       ", "xetrs89": 63326, "yetrs89": 4749902, "cod_saih": null, "cuenca": "GALICIA COSTA", "rio": "deza", "regimen": "desconocido", "sistema": "río ulla y ría de arousa m.d.", "caudal": 1, "inicio": 1991.0, "fin": 2021.0, "url_link": "https://casadoj.github.io/CAMELS-ES/Galicia Costa/Río Ulla Y Ría De Arousa M.D./plots/1552.html" }, "geometry": { "type": "Point", "coordinates": [ -8.337558334166577, 42.777142286372893 ] } },
{ "type": "Feature", "properties": { "indroea": 1554, "lugar": "PONTEVEA", "comentario": null, "serv": 1, "suprest": 2291, "suprcnc": 2804, "hoja_id": 120, "alti": 33.0, "altimax": null, "naa": 7, "naam": 14, "naai": 0, "num_cuenca": 1354, "muni_id": 15082, "xutm": 537137, "yutm": 4734421, "xutm30": 46115, "yutm30": 4749260, "long": -8.3246, "lat": 42.4538, "longwgs84": -8.3252, "latwgs84": 42.4534, "observ1": null, "xetrs89": 46003, "yetrs89": 4749053, "cod_saih": null, "cuenca": "GALICIA COSTA", "rio": "ulla teo", "regimen": "desconocido", "sistema": "río ulla y ría de arousa m.d.", "caudal": 1, "inicio": 2014.0, "fin": 2021.0, "url_link": "https://casadoj.github.io/CAMELS-ES/Galicia Costa/Río Ulla Y Ría De Arousa M.D./plots/1554.html" }, "geometry": { "type": "Point", "coordinates": [ -8.547670088930598, 42.75948371062173 ] } },
{ "type": "Feature", "properties": { "indroea": 1564, "lugar": "CALDAS DE REIS", "comentario": null, "serv": 1, "suprest": 190, "suprcnc": 446, "hoja_id": 152, "alti": 20.0, "altimax": 802.0, "naa": 16, "naam": 50, "naai": 4, "num_cuenca": 1358, "muni_id": 36005, "xutm": 529480, "yutm": 4716960, "xutm30": 37214, "yutm30": 4732344, "long": -8.3826, "lat": 42.3613, "longwgs84": -8.3832, "latwgs84": 42.3609, "observ1": null, "xetrs89": 37102, "yetrs89": 4732137, "cod_saih": null, "cuenca": "GALICIA COSTA", "rio": "umia", "regimen": "desconocido", "sistema": "río umia y ría de arousa m.i.", "caudal": 1, "inicio": 2005.0, "fin": 2021.0, "url_link": "https://casadoj.github.io/CAMELS-ES/Galicia Costa/Río Umia Y Ría De Arousa M.I./plots/1564.html" }, "geometry": { "type": "Point", "coordinates": [ -8.642148314503178, 42.602574259203976 ] } },
{ "type": "Feature", "properties": { "indroea": 1568, "lugar": "A FIGUEIRA", "comentario": null, "serv": 1, "suprest": 383, "suprcnc": 446, "hoja_id": 152, "alti": 7.0, "altimax": null, "naa": 6, "naam": 9, "naai": 0, "num_cuenca": 1358, "muni_id": 36046, "xutm": 519383, "yutm": 4707243, "xutm30": 26424, "yutm30": 4723343, "long": -8.4551, "lat": 42.31, "longwgs84": -8.4556, "latwgs84": 42.3055, "observ1": "INFLUENCIADA POR LAS MAREAS                                                                         ", "xetrs89": 26312, "yetrs89": 4723136, "cod_saih": null, "cuenca": "GALICIA COSTA", "rio": "baixo umia", "regimen": "desconocido", "sistema": "río umia y ría de arousa m.i.", "caudal": 1, "inicio": 2010.0, "fin": 2016.0, "url_link": "https://casadoj.github.io/CAMELS-ES/Galicia Costa/Río Umia Y Ría De Arousa M.I./plots/1568.html" }, "geometry": { "type": "Point", "coordinates": [ -8.765568452192021, 42.515383310264987 ] } },
{ "type": "Feature", "properties": { "indroea": 1574, "lugar": "CAMPO LAMEIRO", "comentario": "INT 1998                                                              ", "serv": 0, "suprest": 248, "suprcnc": 409, "hoja_id": 152, "alti": 67.0, "altimax": 993.0, "naa": 6, "naam": 26, "naai": 0, "num_cuenca": 1360, "muni_id": 36007, "xutm": 538131, "yutm": 4708219, "xutm30": 45244, "yutm30": 4722988, "long": -8.3209, "lat": 42.3129, "longwgs84": -8.3214, "latwgs84": 42.3124, "observ1": null, "xetrs89": 45132, "yetrs89": 4722781, "cod_saih": null, "cuenca": "GALICIA COSTA", "rio": "lérez", "regimen": "desconocido", "sistema": "río lérez y ría de pontevedra", "caudal": 1, "inicio": 1991.0, "fin": 1997.0, "url_link": "https://casadoj.github.io/CAMELS-ES/Galicia Costa/Río Lérez Y Ría De Pontevedra/plots/1574.html" }, "geometry": { "type": "Point", "coordinates": [ -8.537277586378011, 42.523482188057457 ] } },
{ "type": "Feature", "properties": { "indroea": 1578, "lugar": "COUSO, O", "comentario": null, "serv": 1, "suprest": 408, "suprcnc": 450, "hoja_id": 185, "alti": 35.0, "altimax": null, "naa": 9, "naam": 14, "naai": 0, "num_cuenca": 1362, "muni_id": 36038, "xutm": 531847, "yutm": 4700260, "xutm30": 38395, "yutm30": 4715474, "long": -8.3646, "lat": 42.2712, "longwgs84": -8.3651, "latwgs84": 42.2708, "observ1": null, "xetrs89": 38283, "yetrs89": 4715267, "cod_saih": null, "cuenca": "GALICIA COSTA", "rio": "lérez", "regimen": "desconocido", "sistema": "río lérez y ría de pontevedra", "caudal": 1, "inicio": 2012.0, "fin": 2021.0, "url_link": "https://casadoj.github.io/CAMELS-ES/Galicia Costa/Río Lérez Y Ría De Pontevedra/plots/1578.html" }, "geometry": { "type": "Point", "coordinates": [ -8.614221463619593, 42.452084722855872 ] } },
{ "type": "Feature", "properties": { "indroea": 1585, "lugar": "PONTECALDELAS", "comentario": null, "serv": 1, "suprest": 103, "suprcnc": 333, "hoja_id": 186, "alti": 288.0, "altimax": null, "naa": 12, "naam": 13, "naai": 0, "num_cuenca": 1366, "muni_id": 36043, "xutm": 541267, "yutm": 4693432, "xutm30": 47331, "yutm30": 4707978, "long": -8.2955, "lat": 42.2329, "longwgs84": -8.3001, "latwgs84": 42.2325, "observ1": null, "xetrs89": 47219, "yetrs89": 4707771, "cod_saih": null, "cuenca": "GALICIA COSTA", "rio": "verdugo", "regimen": "desconocido", "sistema": "río lérez y ría de pontevedra", "caudal": 1, "inicio": 2009.0, "fin": 2021.0, "url_link": "https://casadoj.github.io/CAMELS-ES/Galicia Costa/Río Lérez Y Ría De Pontevedra/plots/1585.html" }, "geometry": { "type": "Point", "coordinates": [ -8.500161925777359, 42.390150920035914 ] } },
{ "type": "Feature", "properties": { "indroea": 1588, "lugar": "SOBRAL, O", "comentario": null, "serv": 1, "suprest": 177, "suprcnc": 318, "hoja_id": 185, "alti": 88.0, "altimax": null, "naa": 8, "naam": 14, "naai": 0, "num_cuenca": 1369, "muni_id": 36053, "xutm": 536637, "yutm": 4687865, "xutm30": 42307, "yutm30": 4702739, "long": -8.3319, "lat": 42.2029, "longwgs84": -8.3324, "latwgs84": 42.2025, "observ1": null, "xetrs89": 42195, "yetrs89": 4702532, "cod_saih": null, "cuenca": "GALICIA COSTA", "rio": "oitavén", "regimen": "desconocido", "sistema": "río verdugo, ría de vigo y ría de baiona", "caudal": 1, "inicio": 2013.0, "fin": 2021.0, "url_link": "https://casadoj.github.io/CAMELS-ES/Galicia Costa/Río Verdugo, Ría De Vigo Y Ría De Baiona/plots/1588.html" }, "geometry": { "type": "Point", "coordinates": [ -8.556760586989295, 42.3402505149174 ] } },
{ "type": "Feature", "properties": { "indroea": 1593, "lugar": "CARIDE", "comentario": null, "serv": 1, "suprest": 31, "suprcnc": 266, "hoja_id": 223, "alti": 30.0, "altimax": null, "naa": 12, "naam": 13, "naai": 0, "num_cuenca": 1926, "muni_id": 36057, "xutm": 525273, "yutm": 4674708, "xutm30": 30011, "yutm30": 4690383, "long": -8.4138, "lat": 42.1324, "longwgs84": -8.4143, "latwgs84": 42.132, "observ1": null, "xetrs89": 29899, "yetrs89": 4690176, "cod_saih": null, "cuenca": "GALICIA COSTA", "rio": "lagares", "regimen": "desconocido", "sistema": "río verdugo, ría de vigo y ría de baiona", "caudal": 1, "inicio": 2009.0, "fin": 2021.0, "url_link": "https://casadoj.github.io/CAMELS-ES/Galicia Costa/Río Verdugo, Ría De Vigo Y Ría De Baiona/plots/1593.html" }, "geometry": { "type": "Point", "coordinates": [ -8.695286180631209, 42.222202780841464 ] } },
{ "type": "Feature", "properties": { "indroea": 1594, "lugar": "A PONTE", "comentario": null, "serv": 1, "suprest": 64, "suprcnc": 146, "hoja_id": 261, "alti": 15.0, "altimax": null, "naa": 12, "naam": 14, "naai": 0, "num_cuenca": 1925, "muni_id": 36021, "xutm": 518788, "yutm": 4662294, "xutm30": 22648, "yutm30": 4678424, "long": -8.4622, "lat": 42.0642, "longwgs84": -8.4627, "latwgs84": 42.0638, "observ1": null, "xetrs89": 22536, "yetrs89": 4678217, "cod_saih": null, "cuenca": "GALICIA COSTA", "rio": "miñor", "regimen": "desconocido", "sistema": "río verdugo, ría de vigo y ría de baiona", "caudal": 1, "inicio": 2009.0, "fin": 2021.0, "url_link": "https://casadoj.github.io/CAMELS-ES/Galicia Costa/Río Verdugo, Ría De Vigo Y Ría De Baiona/plots/1594.html" }, "geometry": { "type": "Point", "coordinates": [ -8.774266456554964, 42.110587117002588 ] } },
{ "type": "Feature", "properties": { "indroea": 5001, "lugar": "ARROYO MARIA", "comentario": null, "serv": 1, "suprest": 583, "suprcnc": 54970, "hoja_id": 887, "alti": 538.0, "altimax": 2105.0, "naa": 10, "naam": 89, "naai": 9, "num_cuenca": 5003, "muni_id": 23097, "xutm": 514481, "yutm": 4225901, "xutm30": 514481, "yutm30": 4225901, "long": -2.5005, "lat": 38.1049, "longwgs84": -2.5009, "latwgs84": 38.1045, "observ1": "MAXIMOS DE 2000-01 A 2004-05 Y DATOS DE 2012-13, 2013-14 Y 2016-17 PENDIENTES DE REVISION           ", "xetrs89": 514369, "yetrs89": 4225694, "cod_saih": "A40", "cuenca": "GUADALQUIVIR", "rio": "guadalquivir", "regimen": "desconocido", "sistema": "regulación general", "caudal": 1, "inicio": 2011.0, "fin": 2021.0, "url_link": "https://casadoj.github.io/CAMELS-ES/Guadalquivir/Regulación General/plots/5001.html" }, "geometry": { "type": "Point", "coordinates": [ -2.835939344102111, 38.17904992034326 ] } },
{ "type": "Feature", "properties": { "indroea": 5004, "lugar": "MENGIBAR", "comentario": null, "serv": 1, "suprest": 16166, "suprcnc": 54970, "hoja_id": 926, "alti": 240.0, "altimax": 3139.0, "naa": 7, "naam": 102, "naai": 20, "num_cuenca": 5099, "muni_id": 23061, "xutm": 429912, "yutm": 4204575, "xutm30": 429912, "yutm30": 4204575, "long": -3.4753, "lat": 37.5908, "longwgs84": -3.4758, "latwgs84": 37.5903, "observ1": "MAXIMOS DE 2000-01 A 2004-05 Y DATOS DE 2010-11, 2013-14 Y 2016-17 PENDIENTES DE REVISION           ", "xetrs89": 429800, "yetrs89": 4204369, "cod_saih": "A08", "cuenca": "GUADALQUIVIR", "rio": "guadalquivir", "regimen": "desconocido", "sistema": "regulación general", "caudal": 1, "inicio": 2014.0, "fin": 2021.0, "url_link": "https://casadoj.github.io/CAMELS-ES/Guadalquivir/Regulación General/plots/5004.html" }, "geometry": { "type": "Point", "coordinates": [ -3.799391465076379, 37.984250622039141 ] } },
{ "type": "Feature", "properties": { "indroea": 5012, "lugar": "DOCTOR, EL", "comentario": null, "serv": 1, "suprest": 28, "suprcnc": 2275, "hoja_id": 929, "alti": 1064.0, "altimax": 2128.0, "naa": 8, "naam": 88, "naai": 12, "num_cuenca": 5013, "muni_id": 18098, "xutm": 529080, "yutm": 4193373, "xutm30": 529080, "yutm30": 4193373, "long": -2.401, "lat": 37.5312, "longwgs84": -2.4014, "latwgs84": 37.5308, "observ1": "MAXIMOS DE 2000-01 A 2004-05 Y 02_2015  Y DATOS 2016-17 PENDIENTES DE REVISION                      ", "xetrs89": 528969, "yetrs89": 4193166, "cod_saih": null, "cuenca": "GUADALQUIVIR", "rio": "guardal", "regimen": "desconocido", "sistema": "alto guadiana menor", "caudal": 1, "inicio": 2011.0, "fin": 2019.0, "url_link": "https://casadoj.github.io/CAMELS-ES/Guadalquivir/Alto Guadiana Menor/plots/5012.html" }, "geometry": { "type": "Point", "coordinates": [ -2.670558768243113, 37.885533579284612 ] } },
{ "type": "Feature", "properties": { "indroea": 5014, "lugar": "BALLESTEROS", "comentario": null, "serv": 1, "suprest": 259, "suprcnc": 2275, "hoja_id": 950, "alti": 982.0, "altimax": null, "naa": 10, "naam": 46, "naai": 9, "num_cuenca": 5015, "muni_id": 18098, "xutm": 530468, "yutm": 4189548, "xutm30": 530468, "yutm30": 4189548, "long": -2.3913, "lat": 37.5108, "longwgs84": -2.3917, "latwgs84": 37.5104, "observ1": "DE 2000-01 A 2004-05 MAXIMOS PENDIENTES DE REVISION                                                 ", "xetrs89": 530357, "yetrs89": 4189341, "cod_saih": null, "cuenca": "GUADALQUIVIR", "rio": "guardal", "regimen": "desconocido", "sistema": "alto guadiana menor", "caudal": 1, "inicio": 2011.0, "fin": 2021.0, "url_link": "https://casadoj.github.io/CAMELS-ES/Guadalquivir/Alto Guadiana Menor/plots/5014.html" }, "geometry": { "type": "Point", "coordinates": [ -2.65493522334677, 37.851013859590957 ] } },
{ "type": "Feature", "properties": { "indroea": 5016, "lugar": "VALCHILLON", "comentario": null, "serv": 1, "suprest": 2420, "suprcnc": 2425, "hoja_id": 944, "alti": 94.0, "altimax": null, "naa": 6, "naam": 37, "naai": 0, "num_cuenca": 5192, "muni_id": 14021, "xutm": 341284, "yutm": 4187620, "xutm30": 341284, "yutm30": 4187620, "long": -4.4812, "lat": 37.4918, "longwgs84": -4.4816, "latwgs84": 37.4913, "observ1": "DATOS DE 2010-11 Y 2013-14 PENDIENTES DE REVISION                                                   ", "xetrs89": 341173, "yetrs89": 4187414, "cod_saih": "A14", "cuenca": "GUADALQUIVIR", "rio": "guadajoz", "regimen": "desconocido", "sistema": "regulación general", "caudal": 1, "inicio": 2015.0, "fin": 2021.0, "url_link": "https://casadoj.github.io/CAMELS-ES/Guadalquivir/Regulación General/plots/5016.html" }, "geometry": { "type": "Point", "coordinates": [ -4.804549789773445, 37.820325232757824 ] } },
{ "type": "Feature", "properties": { "indroea": 5019, "lugar": "NEGRATIN", "comentario": null, "serv": 1, "suprest": 4144, "suprcnc": 7181, "hoja_id": 971, "alti": 584.0, "altimax": 2381.0, "naa": 5, "naam": 74, "naai": 16, "num_cuenca": 5028, "muni_id": 18064, "xutm": 503805, "yutm": 4157325, "xutm30": 503805, "yutm30": 4157325, "long": -2.5725, "lat": 37.3344, "longwgs84": -2.5729, "latwgs84": 37.334, "observ1": "DE 2000-01 A 04-05 MAX. PENDIENTES DE REVISION. MAX. INST. 1954-55 CORREGIDO. 2016-17 EN REVISION   ", "xetrs89": 503694, "yetrs89": 4157118, "cod_saih": "A26", "cuenca": "GUADALQUIVIR", "rio": "guadiana menor", "regimen": "desconocido", "sistema": "alto guadiana menor", "caudal": 1, "inicio": 2016.0, "fin": 2021.0, "url_link": "https://casadoj.github.io/CAMELS-ES/Guadalquivir/Alto Guadiana Menor/plots/5019.html" }, "geometry": { "type": "Point", "coordinates": [ -2.958173887548828, 37.561074814382927 ] } },
{ "type": "Feature", "properties": { "indroea": 5020, "lugar": "PINOS-GENIL", "comentario": null, "serv": 1, "suprest": 178, "suprcnc": 8415, "hoja_id": 1027, "alti": 783.0, "altimax": null, "naa": 10, "naam": 46, "naai": 5, "num_cuenca": 5230, "muni_id": 18157, "xutm": 456348, "yutm": 4113233, "xutm30": 456348, "yutm30": 4113233, "long": -3.293, "lat": 37.095, "longwgs84": -3.2934, "latwgs84": 37.0945, "observ1": "DE 2000-01 A 2004-05 MAXIMOS PENDIENTES DE REVISION                                                 ", "xetrs89": 456236, "yetrs89": 4113027, "cod_saih": "A23", "cuenca": "GUADALQUIVIR", "rio": "genil", "regimen": "desconocido", "sistema": "alto genil", "caudal": 1, "inicio": 2011.0, "fin": 2021.0, "url_link": "https://casadoj.github.io/CAMELS-ES/Guadalquivir/Alto Genil/plots/5020.html" }, "geometry": { "type": "Point", "coordinates": [ -3.492912697164984, 37.162626283758328 ] } },
{ "type": "Feature", "properties": { "indroea": 5021, "lugar": "QUENTAR", "comentario": null, "serv": 1, "suprest": 51, "suprcnc": 140, "hoja_id": 1010, "alti": 1060.0, "altimax": 2329.0, "naa": 10, "naam": 30, "naai": 4, "num_cuenca": 5231, "muni_id": 18168, "xutm": 462351, "yutm": 4119622, "xutm30": 462351, "yutm30": 4119622, "long": -3.2528, "lat": 37.1318, "longwgs84": -3.2532, "latwgs84": 37.1314, "observ1": "DE 2000-01 A 2004-05 MAXIMOS PENDIENTES DE REVISION                                                 ", "xetrs89": 462239, "yetrs89": 4119416, "cod_saih": null, "cuenca": "GUADALQUIVIR", "rio": "aguas blancas", "regimen": "desconocido", "sistema": "alto genil", "caudal": 1, "inicio": 2011.0, "fin": 2021.0, "url_link": "https://casadoj.github.io/CAMELS-ES/Guadalquivir/Alto Genil/plots/5021.html" }, "geometry": { "type": "Point", "coordinates": [ -3.425626039060881, 37.220477942482184 ] } },
{ "type": "Feature", "properties": { "indroea": 5023, "lugar": "POSITO", "comentario": null, "serv": 1, "suprest": 6349, "suprcnc": 7181, "hoja_id": 927, "alti": 383.0, "altimax": 3139.0, "naa": 4, "naam": 75, "naai": 14, "num_cuenca": 5050, "muni_id": 23092, "xutm": 481500, "yutm": 4192873, "xutm30": 481500, "yutm30": 4192873, "long": -3.1237, "lat": 37.5257, "longwgs84": -3.1242, "latwgs84": 37.5253, "observ1": "MAXIMOS 05_2015 Y 06_2015 PENDIENTES DE REVISION. DATOS 2016-17 EN REVISION                         ", "xetrs89": 481389, "yetrs89": 4192667, "cod_saih": "A13", "cuenca": "GUADALQUIVIR", "rio": "guadiana menor", "regimen": "desconocido", "sistema": "regulación general", "caudal": 1, "inicio": 2015.0, "fin": 2019.0, "url_link": "https://casadoj.github.io/CAMELS-ES/Guadalquivir/Regulación General/plots/5023.html" }, "geometry": { "type": "Point", "coordinates": [ -3.21163606850879, 37.881306787815475 ] } },
{ "type": "Feature", "properties": { "indroea": 5024, "lugar": "HORNO DEL VIDRIO", "comentario": null, "serv": 1, "suprest": 136, "suprcnc": 310, "hoja_id": 948, "alti": 697.0, "altimax": null, "naa": 6, "naam": 53, "naai": 3, "num_cuenca": 5052, "muni_id": 23015, "xutm": 468431, "yutm": 4177939, "xutm30": 468431, "yutm30": 4177939, "long": -3.213, "lat": 37.4451, "longwgs84": -3.2135, "latwgs84": 37.4447, "observ1": "DE 2000-01 A 2004-05 MAXIMOS PENDIENTES DE REVISION. DATOS 2016-17 EN REVISION                      ", "xetrs89": 468320, "yetrs89": 4177733, "cod_saih": null, "cuenca": "GUADALQUIVIR", "rio": "jandulilla", "regimen": "desconocido", "sistema": "regulación general", "caudal": 1, "inicio": 2015.0, "fin": 2021.0, "url_link": "https://casadoj.github.io/CAMELS-ES/Guadalquivir/Regulación General/plots/5024.html" }, "geometry": { "type": "Point", "coordinates": [ -3.359595369709924, 37.746345569469568 ] } },
{ "type": "Feature", "properties": { "indroea": 5025, "lugar": "LLANO DE VELA", "comentario": null, "serv": 1, "suprest": 1240, "suprcnc": 1243, "hoja_id": 886, "alti": 489.0, "altimax": 1675.0, "naa": 4, "naam": 86, "naai": 19, "num_cuenca": 5071, "muni_id": 23029, "xutm": 505089, "yutm": 4241265, "xutm30": 505089, "yutm30": 4241265, "long": -2.563, "lat": 38.1908, "longwgs84": -2.5635, "latwgs84": 38.1903, "observ1": "MAXIMOS DE 2000-01 A 2004-05 Y DATOS DE 2010-11 PENDIENTES DE REVISION                              ", "xetrs89": 504977, "yetrs89": 4241058, "cod_saih": "A24", "cuenca": "GUADALQUIVIR", "rio": "guadalmena", "regimen": "desconocido", "sistema": "regulación general", "caudal": 1, "inicio": 2014.0, "fin": 2018.0, "url_link": "https://casadoj.github.io/CAMELS-ES/Guadalquivir/Regulación General/plots/5025.html" }, "geometry": { "type": "Point", "coordinates": [ -2.943066195464883, 38.317619035077023 ] } },
{ "type": "Feature", "properties": { "indroea": 5039, "lugar": "CENTRAL DIECHAR", "comentario": null, "serv": 1, "suprest": 48, "suprcnc": 95, "hoja_id": 1027, "alti": 1254.0, "altimax": 3392.0, "naa": 4, "naam": 77, "naai": 7, "num_cuenca": 5235, "muni_id": 18134, "xutm": 458125, "yutm": 4107967, "xutm30": 458125, "yutm30": 4107967, "long": -3.2817, "lat": 37.0659, "longwgs84": -3.2821, "latwgs84": 37.0655, "observ1": "DE 2000-01 A 2004-05 MAXIMOS PENDIENTES DE REVISION                                                 ", "xetrs89": 458013, "yetrs89": 4107761, "cod_saih": null, "cuenca": "GUADALQUIVIR", "rio": "monachil", "regimen": "desconocido", "sistema": "alto genil", "caudal": 1, "inicio": 2017.0, "fin": 2021.0, "url_link": "https://casadoj.github.io/CAMELS-ES/Guadalquivir/Alto Genil/plots/5039.html" }, "geometry": { "type": "Point", "coordinates": [ -3.472603663478067, 37.115240585357043 ] } },
{ "type": "Feature", "properties": { "indroea": 5041, "lugar": "MOLINO DEL TUERTO", "comentario": null, "serv": 1, "suprest": 246, "suprcnc": 335, "hoja_id": 991, "alti": 684.0, "altimax": 1662.0, "naa": 10, "naam": 52, "naai": 3, "num_cuenca": 5250, "muni_id": 18051, "xutm": 437870, "yutm": 4134248, "xutm30": 437870, "yutm30": 4134248, "long": -3.4205, "lat": 37.2108, "longwgs84": -3.421, "latwgs84": 37.2104, "observ1": "DE 2000-01 A 2004-05 MAXIMOS PENDIENTES DE REVISION                                                 ", "xetrs89": 437758, "yetrs89": 4134042, "cod_saih": "A48", "cuenca": "GUADALQUIVIR", "rio": "colomera", "regimen": "desconocido", "sistema": "alto genil", "caudal": 1, "inicio": 2011.0, "fin": 2021.0, "url_link": "https://casadoj.github.io/CAMELS-ES/Guadalquivir/Alto Genil/plots/5041.html" }, "geometry": { "type": "Point", "coordinates": [ -3.702775272599736, 37.350993754125263 ] } },
{ "type": "Feature", "properties": { "indroea": 5042, "lugar": "PINOS-PUENTE", "comentario": null, "serv": 1, "suprest": 357, "suprcnc": 368, "hoja_id": 1009, "alti": 561.0, "altimax": 1561.0, "naa": 10, "naam": 71, "naai": 16, "num_cuenca": 5254, "muni_id": 18158, "xutm": 431926, "yutm": 4124053, "xutm30": 431926, "yutm30": 4124053, "long": -3.4604, "lat": 37.1536, "longwgs84": -3.4608, "latwgs84": 37.1531, "observ1": "DE 2000-01 A 2004-05 MAXIMOS PENDIENTES DE REVISION. DATOS DE 2013-14 PENDIENTES DE REVISON         ", "xetrs89": 431814, "yetrs89": 4123847, "cod_saih": null, "cuenca": "GUADALQUIVIR", "rio": "velillos o frailes", "regimen": "desconocido", "sistema": "alto genil", "caudal": 1, "inicio": 2011.0, "fin": 2021.0, "url_link": "https://casadoj.github.io/CAMELS-ES/Guadalquivir/Alto Genil/plots/5042.html" }, "geometry": { "type": "Point", "coordinates": [ -3.76894751167915, 37.258686953772049 ] } },
{ "type": "Feature", "properties": { "indroea": 5045, "lugar": "LOJA", "comentario": null, "serv": 1, "suprest": 4210, "suprcnc": 8415, "hoja_id": 1008, "alti": 443.0, "altimax": 3478.0, "naa": 8, "naam": 107, "naai": 23, "num_cuenca": 5276, "muni_id": 18122, "xutm": 396540, "yutm": 4115132, "xutm30": 396540, "yutm30": 4115132, "long": -4.0955, "lat": 37.1035, "longwgs84": -4.1, "latwgs84": 37.103, "observ1": "MAXIMOS DE 2000-01 A 2004-05. DATOS DE 2010-11 Y 2013-14 PENDIENTES DE REVISION                     ", "xetrs89": 396428, "yetrs89": 4114926, "cod_saih": "A15", "cuenca": "GUADALQUIVIR", "rio": "genil", "regimen": "desconocido", "sistema": "alto genil", "caudal": 1, "inicio": 2013.0, "fin": 2021.0, "url_link": "https://casadoj.github.io/CAMELS-ES/Guadalquivir/Alto Genil/plots/5045.html" }, "geometry": { "type": "Point", "coordinates": [ -4.166701069203284, 37.175025110324121 ] } },
{ "type": "Feature", "properties": { "indroea": 5047, "lugar": "PUENTE-GENIL", "comentario": "INT 2005                                                              ", "serv": 0, "suprest": 6002, "suprcnc": 8415, "hoja_id": 988, "alti": 169.0, "altimax": 3478.0, "naa": 5, "naam": 92, "naai": 20, "num_cuenca": 5294, "muni_id": 14056, "xutm": 342584, "yutm": 4139950, "xutm30": 342584, "yutm30": 4139950, "long": -4.4642, "lat": 37.2332, "longwgs84": -4.4646, "latwgs84": 37.2328, "observ1": "DE 2000-01 A 2004-05 MAXIMOS PENDIENTES DE REVISION                                                 ", "xetrs89": 342472, "yetrs89": 4139744, "cod_saih": null, "cuenca": "GUADALQUIVIR", "rio": "genil", "regimen": "desconocido", "sistema": "regulación general", "caudal": 1, "inicio": 1991.0, "fin": 1996.0, "url_link": "https://casadoj.github.io/CAMELS-ES/Guadalquivir/Regulación General/plots/5047.html" }, "geometry": { "type": "Point", "coordinates": [ -4.779533637541816, 37.391085589381063 ] } },
{ "type": "Feature", "properties": { "indroea": 5048, "lugar": "ECIJA", "comentario": "INT 2012                                                              ", "serv": 0, "suprest": 8028, "suprcnc": 8415, "hoja_id": 965, "alti": 104.0, "altimax": null, "naa": 11, "naam": 36, "naai": 5, "num_cuenca": 5306, "muni_id": 41039, "xutm": 316591, "yutm": 4159016, "xutm30": 316591, "yutm30": 4159016, "long": -5.0435, "lat": 37.3334, "longwgs84": -5.4309, "latwgs84": 37.3329, "observ1": "MAXIMOS DE 2000-01 A 2004-05 Y DATOS DE 2010-11 PENDIENTES DE REVISION                              ", "xetrs89": 316479, "yetrs89": 4158811, "cod_saih": "A17", "cuenca": "GUADALQUIVIR", "rio": "genil", "regimen": "desconocido", "sistema": "regulación general", "caudal": 1, "inicio": 1997.0, "fin": 2008.0, "url_link": "https://casadoj.github.io/CAMELS-ES/Guadalquivir/Regulación General/plots/5048.html" }, "geometry": { "type": "Point", "coordinates": [ -5.077754199149277, 37.558054773950602 ] } },
{ "type": "Feature", "properties": { "indroea": 5049, "lugar": "PANTANO COLOMERA (A. ARRIBA)", "comentario": null, "serv": 1, "suprest": 69, "suprcnc": 335, "hoja_id": 991, "alti": 817.0, "altimax": null, "naa": 5, "naam": 26, "naai": 5, "num_cuenca": 5248, "muni_id": 18051, "xutm": 435616, "yutm": 4143292, "xutm30": 435616, "yutm30": 4143292, "long": -3.434, "lat": 37.2601, "longwgs84": -3.4344, "latwgs84": 37.2556, "observ1": "DE 2000-01 A 2004-05 MAXIMOS PENDIENTES DE REVISION                                                 ", "xetrs89": 435504, "yetrs89": 4143086, "cod_saih": null, "cuenca": "GUADALQUIVIR", "rio": "colomera", "regimen": "desconocido", "sistema": "alto genil", "caudal": 1, "inicio": 2003.0, "fin": 2008.0, "url_link": "https://casadoj.github.io/CAMELS-ES/Guadalquivir/Alto Genil/plots/5049.html" }, "geometry": { "type": "Point", "coordinates": [ -3.729012359526946, 37.432354319533616 ] } },
{ "type": "Feature", "properties": { "indroea": 5050, "lugar": "GÜEJAR-SIERRA", "comentario": null, "serv": 1, "suprest": 163, "suprcnc": 8415, "hoja_id": 1027, "alti": 970.0, "altimax": 3482.0, "naa": 6, "naam": 26, "naai": 3, "num_cuenca": 5230, "muni_id": 18094, "xutm": 461526, "yutm": 4112281, "xutm30": 461526, "yutm30": 4112281, "long": -3.26, "lat": 37.092, "longwgs84": -3.2604, "latwgs84": 37.0915, "observ1": "DE 2000-01 A 2004-05 MAXIMOS PENDIENTES DE REVISION                                                 ", "xetrs89": 461414, "yetrs89": 4112075, "cod_saih": null, "cuenca": "GUADALQUIVIR", "rio": "genil", "regimen": "desconocido", "sistema": "alto genil", "caudal": 1, "inicio": 2011.0, "fin": 2017.0, "url_link": "https://casadoj.github.io/CAMELS-ES/Guadalquivir/Alto Genil/plots/5050.html" }, "geometry": { "type": "Point", "coordinates": [ -3.434545541945212, 37.154273238814383 ] } },
{ "type": "Feature", "properties": { "indroea": 5056, "lugar": "GERENA", "comentario": null, "serv": 1, "suprest": 240, "suprcnc": 1281, "hoja_id": 961, "alti": 52.0, "altimax": null, "naa": 15, "naam": 32, "naai": 3, "num_cuenca": 5393, "muni_id": 41045, "xutm": 748488, "yutm": 4156904, "xutm30": 218237, "yutm30": 4157966, "long": -6.1118, "lat": 37.313, "longwgs84": -6.1122, "latwgs84": 37.3126, "observ1": "DE 2000-01 A 2004-05 MAXIMOS PENDIENTES DE REVISION                                                 ", "xetrs89": 218126, "yetrs89": 4157762, "cod_saih": null, "cuenca": "GUADALQUIVIR", "rio": "guadiamar", "regimen": "desconocido", "sistema": "almonte - marismas", "caudal": 1, "inicio": 1993.0, "fin": 2008.0, "url_link": "https://casadoj.github.io/CAMELS-ES/Guadalquivir/Almonte - Marismas/plots/5056.html" }, "geometry": { "type": "Point", "coordinates": [ -6.18956131448705, 37.523787787445372 ] } },
{ "type": "Feature", "properties": { "indroea": 5057, "lugar": "GUADAIRA ENCAUZAMIENTO", "comentario": null, "serv": 1, "suprest": 1318, "suprcnc": 1330, "hoja_id": 984, "alti": 15.0, "altimax": 587.0, "naa": 6, "naam": 63, "naai": 15, "num_cuenca": 5388, "muni_id": 41091, "xutm": 237993, "yutm": 4138359, "xutm30": 237993, "yutm30": 4138359, "long": -5.5729, "lat": 37.2116, "longwgs84": -5.5734, "latwgs84": 37.2111, "observ1": "DE 2000-01 A 2004-05 MAXIMOS PENDIENTES DE REVISION                                                 ", "xetrs89": 237882, "yetrs89": 4138155, "cod_saih": null, "cuenca": "GUADALQUIVIR", "rio": "guadaira", "regimen": "desconocido", "sistema": "regulación general", "caudal": 1, "inicio": 2002.0, "fin": 2008.0, "url_link": "https://casadoj.github.io/CAMELS-ES/Guadalquivir/Regulación General/plots/5057.html" }, "geometry": { "type": "Point", "coordinates": [ -5.959330784896645, 37.353116167276603 ] } },
{ "type": "Feature", "properties": { "indroea": 5076, "lugar": "AZNALCAZAR PUENTE", "comentario": null, "serv": 1, "suprest": 960, "suprcnc": 1281, "hoja_id": 1001, "alti": 21.0, "altimax": 187.0, "naa": 5, "naam": 44, "naai": 2, "num_cuenca": 5399, "muni_id": 41012, "xutm": 742986, "yutm": 4132210, "xutm30": 211174, "yutm30": 4133659, "long": -6.1531, "lat": 37.1815, "longwgs84": -6.1535, "latwgs84": 37.1811, "observ1": "MAXIMOS DE 2000-01 A 2004-05 Y DATOS DE 2010-11 PENDIENTES DE REVISION                              ", "xetrs89": 211063, "yetrs89": 4133455, "cod_saih": "A22", "cuenca": "GUADALQUIVIR", "rio": "guadiamar", "regimen": "desconocido", "sistema": "almonte - marismas", "caudal": 1, "inicio": 2011.0, "fin": 2016.0, "url_link": "https://casadoj.github.io/CAMELS-ES/Guadalquivir/Almonte - Marismas/plots/5076.html" }, "geometry": { "type": "Point", "coordinates": [ -6.259862070929701, 37.302861399576514 ] } },
{ "type": "Feature", "properties": { "indroea": 5077, "lugar": "CENTRAL DE CALA", "comentario": null, "serv": 1, "suprest": 1010, "suprcnc": 2020, "hoja_id": 940, "alti": 80.0, "altimax": 1008.0, "naa": 8, "naam": 70, "naai": 4, "num_cuenca": 5366, "muni_id": 41049, "xutm": 752982, "yutm": 4173143, "xutm30": 223761, "yutm30": 4173888, "long": -6.0754, "lat": 37.4012, "longwgs84": -6.0759, "latwgs84": 37.4008, "observ1": "DE 2000-01 A 2004-05 MAXIMOS PENDIENTES DE REVISION                                                 ", "xetrs89": 223650, "yetrs89": 4173684, "cod_saih": "A33", "cuenca": "GUADALQUIVIR", "rio": "rivera de huelva", "regimen": "desconocido", "sistema": "sevilla", "caudal": 1, "inicio": 2013.0, "fin": 2021.0, "url_link": "https://casadoj.github.io/CAMELS-ES/Guadalquivir/Sevilla/plots/5077.html" }, "geometry": { "type": "Point", "coordinates": [ -6.133149116427499, 37.668757293287875 ] } },
{ "type": "Feature", "properties": { "indroea": 5080, "lugar": "PUENTE TOCON", "comentario": null, "serv": 1, "suprest": 2944, "suprcnc": 8415, "hoja_id": 1008, "alti": 510.0, "altimax": 3478.0, "naa": 4, "naam": 45, "naai": 4, "num_cuenca": 5260, "muni_id": 18138, "xutm": 416481, "yutm": 4117922, "xutm30": 416481, "yutm30": 4117922, "long": -3.5628, "lat": 37.1212, "longwgs84": -3.5632, "latwgs84": 37.1208, "observ1": "DE 2000-01 A 2004-05 MAXIMOS PENDIENTES DE REVISION. DATOS DE 2013-14 PENDIENTES DE REVISON         ", "xetrs89": 416369, "yetrs89": 4117716, "cod_saih": "A20", "cuenca": "GUADALQUIVIR", "rio": "genil", "regimen": "desconocido", "sistema": "alto genil", "caudal": 1, "inicio": 2017.0, "fin": 2021.0, "url_link": "https://casadoj.github.io/CAMELS-ES/Guadalquivir/Alto Genil/plots/5080.html" }, "geometry": { "type": "Point", "coordinates": [ -3.942416385667832, 37.202169911237853 ] } },
{ "type": "Feature", "properties": { "indroea": 5081, "lugar": "CASTRO DEL RIO", "comentario": null, "serv": 1, "suprest": 1665, "suprcnc": 2425, "hoja_id": 945, "alti": 205.0, "altimax": 1872.0, "naa": 7, "naam": 46, "naai": 3, "num_cuenca": 5182, "muni_id": 14019, "xutm": 367552, "yutm": 4172791, "xutm30": 367552, "yutm30": 4172791, "long": -4.3008, "lat": 37.4132, "longwgs84": -4.3013, "latwgs84": 37.4127, "observ1": "DE 2000-01 A 2004-05 MAXIMOS PENDIENTES DE REVISION                                                 ", "xetrs89": 367440, "yetrs89": 4172585, "cod_saih": "A35", "cuenca": "GUADALQUIVIR", "rio": "guadajoz", "regimen": "desconocido", "sistema": "guadajoz", "caudal": 1, "inicio": 2001.0, "fin": 2008.0, "url_link": "https://casadoj.github.io/CAMELS-ES/Guadalquivir/Guadajoz/plots/5081.html" }, "geometry": { "type": "Point", "coordinates": [ -4.503508186840095, 37.690907545641437 ] } },
{ "type": "Feature", "properties": { "indroea": 5082, "lugar": "VENTA PANTALONES", "comentario": null, "serv": 1, "suprest": 208, "suprcnc": 287, "hoja_id": 968, "alti": 446.0, "altimax": 1570.0, "naa": 10, "naam": 49, "naai": 3, "num_cuenca": 5177, "muni_id": 23060, "xutm": 406057, "yutm": 4166875, "xutm30": 406057, "yutm30": 4166875, "long": -4.0353, "lat": 37.3837, "longwgs84": -4.0358, "latwgs84": 37.3832, "observ1": "DE 2000-01 A 2004-05 MAXIMOS PENDIENTES DE REVISION                                                 ", "xetrs89": 405945, "yetrs89": 4166669, "cod_saih": "A27", "cuenca": "GUADALQUIVIR", "rio": "vívoras", "regimen": "desconocido", "sistema": "guadajoz", "caudal": 1, "inicio": 2011.0, "fin": 2021.0, "url_link": "https://casadoj.github.io/CAMELS-ES/Guadalquivir/Guadajoz/plots/5082.html" }, "geometry": { "type": "Point", "coordinates": [ -4.066101491631621, 37.642353007994693 ] } },
{ "type": "Feature", "properties": { "indroea": 5083, "lugar": "PUENTE NUEVO", "comentario": "INT 2009                                                              ", "serv": 0, "suprest": 775, "suprcnc": 1112, "hoja_id": 947, "alti": 380.0, "altimax": 2167.0, "naa": 10, "naam": 39, "naai": 3, "num_cuenca": 5098, "muni_id": 23050, "xutm": 434478, "yutm": 4182350, "xutm30": 434478, "yutm30": 4182350, "long": -3.4439, "lat": 37.4708, "longwgs84": -3.4443, "latwgs84": 37.4703, "observ1": "DE 2000-01 A 2004-05 MAXIMOS PENDIENTES DE REVISION                                                 ", "xetrs89": 434366, "yetrs89": 4182144, "cod_saih": null, "cuenca": "GUADALQUIVIR", "rio": "campillo o guadalbullón", "regimen": "desconocido", "sistema": "jaén", "caudal": 1, "inicio": 1998.0, "fin": 2008.0, "url_link": "https://casadoj.github.io/CAMELS-ES/Guadalquivir/Jaén/plots/5083.html" }, "geometry": { "type": "Point", "coordinates": [ -3.745379309220562, 37.784293881978037 ] } },
{ "type": "Feature", "properties": { "indroea": 5084, "lugar": "PUENTE JONTOYA", "comentario": null, "serv": 1, "suprest": 269, "suprcnc": 319, "hoja_id": 947, "alti": 393.0, "altimax": null, "naa": 10, "naam": 45, "naai": 3, "num_cuenca": 5095, "muni_id": 23050, "xutm": 433933, "yutm": 4179674, "xutm30": 433933, "yutm30": 4179674, "long": -3.45, "lat": 37.4541, "longwgs84": -3.4505, "latwgs84": 37.4536, "observ1": "DE 2000-01 A 2004-05 MAXIMOS PENDIENTES DE REVISION                                                 ", "xetrs89": 433821, "yetrs89": 4179468, "cod_saih": "A28", "cuenca": "GUADALQUIVIR", "rio": "quiebrajano o jaén", "regimen": "desconocido", "sistema": "jaén", "caudal": 1, "inicio": 1993.0, "fin": 2003.0, "url_link": "https://casadoj.github.io/CAMELS-ES/Guadalquivir/Jaén/plots/5084.html" }, "geometry": { "type": "Point", "coordinates": [ -3.751324079489369, 37.760137190120375 ] } },
{ "type": "Feature", "properties": { "indroea": 5086, "lugar": "DILAR", "comentario": null, "serv": 1, "suprest": 41, "suprcnc": 128, "hoja_id": 1026, "alti": 957.0, "altimax": 3392.0, "naa": 10, "naam": 52, "naai": 5, "num_cuenca": 5239, "muni_id": 18068, "xutm": 451072, "yutm": 4102413, "xutm30": 451072, "yutm30": 4102413, "long": -3.3301, "lat": 37.0358, "longwgs84": -3.3306, "latwgs84": 37.0353, "observ1": "DE 2000-01 A 2004-05 MAXIMOS PENDIENTES DE REVISION. DATOS DE 2013-14 PENDIENTES DE REVISON         ", "xetrs89": 450960, "yetrs89": 4102207, "cod_saih": "A05", "cuenca": "GUADALQUIVIR", "rio": "dílar", "regimen": "desconocido", "sistema": "alto genil", "caudal": 1, "inicio": 2011.0, "fin": 2021.0, "url_link": "https://casadoj.github.io/CAMELS-ES/Guadalquivir/Alto Genil/plots/5086.html" }, "geometry": { "type": "Point", "coordinates": [ -3.551625810413548, 37.064834514682531 ] } },
{ "type": "Feature", "properties": { "indroea": 5090, "lugar": "GUIJO, EL", "comentario": null, "serv": 1, "suprest": 672, "suprcnc": 1281, "hoja_id": 983, "alti": 31.0, "altimax": null, "naa": 10, "naam": 40, "naai": 3, "num_cuenca": 5397, "muni_id": 41087, "xutm": 746534, "yutm": 4147152, "xutm30": 215665, "yutm30": 4148356, "long": -6.1249, "lat": 37.2616, "longwgs84": -6.1254, "latwgs84": 37.2611, "observ1": "DE 2000-01 A 2004-05 MAXIMOS PENDIENTES DE REVISION                                                 ", "xetrs89": 215554, "yetrs89": 4148152, "cod_saih": "A39", "cuenca": "GUADALQUIVIR", "rio": "guadiamar", "regimen": "desconocido", "sistema": "almonte - marismas", "caudal": 1, "inicio": 2011.0, "fin": 2021.0, "url_link": "https://casadoj.github.io/CAMELS-ES/Guadalquivir/Almonte - Marismas/plots/5090.html" }, "geometry": { "type": "Point", "coordinates": [ -6.21491181176706, 37.43651376395038 ] } },
{ "type": "Feature", "properties": { "indroea": 5091, "lugar": "MOLINO DE CHICORRO", "comentario": null, "serv": 1, "suprest": 62, "suprcnc": 141, "hoja_id": 1008, "alti": 522.0, "altimax": 1301.0, "naa": 7, "naam": 33, "naai": 2, "num_cuenca": 5281, "muni_id": 18012, "xutm": 394922, "yutm": 4130144, "xutm30": 394922, "yutm30": 4130144, "long": -4.1109, "lat": 37.1841, "longwgs84": -4.1113, "latwgs84": 37.1836, "observ1": "DE 2000-01 A 2004-05 MAXIMOS PENDIENTES DE REVISION                                                 ", "xetrs89": 394810, "yetrs89": 4129938, "cod_saih": null, "cuenca": "GUADALQUIVIR", "rio": "pesquera", "regimen": "desconocido", "sistema": "alto genil", "caudal": 1, "inicio": 2001.0, "fin": 2008.0, "url_link": "https://casadoj.github.io/CAMELS-ES/Guadalquivir/Alto Genil/plots/5091.html" }, "geometry": { "type": "Point", "coordinates": [ -4.187043881466751, 37.310134269484301 ] } },
{ "type": "Feature", "properties": { "indroea": 5095, "lugar": "TOZAR", "comentario": null, "serv": 1, "suprest": 168, "suprcnc": 368, "hoja_id": 991, "alti": 756.0, "altimax": null, "naa": 6, "naam": 30, "naai": 5, "num_cuenca": 5254, "muni_id": 18132, "xutm": 428937, "yutm": 4135918, "xutm30": 428937, "yutm30": 4135918, "long": -3.4809, "lat": 37.22, "longwgs84": -3.4814, "latwgs84": 37.2155, "observ1": "DE 2000-01 A 2004-05 MAXIMOS PENDIENTES DE REVISION                                                 ", "xetrs89": 428825, "yetrs89": 4135712, "cod_saih": null, "cuenca": "GUADALQUIVIR", "rio": "velillos o frailes", "regimen": "desconocido", "sistema": "alto genil", "caudal": 1, "inicio": 2002.0, "fin": 2008.0, "url_link": "https://casadoj.github.io/CAMELS-ES/Guadalquivir/Alto Genil/plots/5095.html" }, "geometry": { "type": "Point", "coordinates": [ -3.803789907117316, 37.365403278666875 ] } },
{ "type": "Feature", "properties": { "indroea": 5101, "lugar": "CARR. TORREBLASCOPEDRO", "comentario": null, "serv": 1, "suprest": 5131, "suprcnc": 5190, "hoja_id": 905, "alti": 256.0, "altimax": 1809.0, "naa": 4, "naam": 40, "naai": 2, "num_cuenca": 5086, "muni_id": 23085, "xutm": 444226, "yutm": 4208036, "xutm30": 444226, "yutm30": 4208036, "long": -3.3807, "lat": 38.0104, "longwgs84": -3.3812, "latwgs84": 38.0059, "observ1": "DATOS DE 2010-11 PENDIENTES DE REVISION                                                             ", "xetrs89": 444115, "yetrs89": 4207829, "cod_saih": "A06", "cuenca": "GUADALQUIVIR", "rio": "guadalimar", "regimen": "desconocido", "sistema": "regulación general", "caudal": 1, "inicio": 1991.0, "fin": 1995.0, "url_link": "https://casadoj.github.io/CAMELS-ES/Guadalquivir/Regulación General/plots/5101.html" }, "geometry": { "type": "Point", "coordinates": [ -3.636661646023678, 38.016428215609118 ] } },
{ "type": "Feature", "properties": { "indroea": 5107, "lugar": "MARMOLEJO", "comentario": "INT 2009                                                              ", "serv": 0, "suprest": 498, "suprcnc": 503, "hoja_id": 904, "alti": 189.0, "altimax": 1298.0, "naa": 9, "naam": 38, "naai": 3, "num_cuenca": 5130, "muni_id": 23059, "xutm": 400004, "yutm": 4209987, "xutm30": 400004, "yutm30": 4209987, "long": -4.0822, "lat": 38.0153, "longwgs84": -4.0826, "latwgs84": 38.0107, "observ1": "DE 2000-01 A 2004-05 MAXIMOS PENDIENTES DE REVISION                                                 ", "xetrs89": 399892, "yetrs89": 4209781, "cod_saih": null, "cuenca": "GUADALQUIVIR", "rio": "arroyo de salado de arjona", "regimen": "desconocido", "sistema": "regulación general", "caudal": 1, "inicio": 1999.0, "fin": 2008.0, "url_link": "https://casadoj.github.io/CAMELS-ES/Guadalquivir/Regulación General/plots/5107.html" }, "geometry": { "type": "Point", "coordinates": [ -4.14066670721077, 38.030211317490505 ] } },
{ "type": "Feature", "properties": { "indroea": 5123, "lugar": "MADREFUENTES", "comentario": null, "serv": 1, "suprest": 370, "suprcnc": 388, "hoja_id": 964, "alti": 62.0, "altimax": 307.0, "naa": 10, "naam": 37, "naai": 3, "num_cuenca": 5308, "muni_id": 14049, "xutm": 292345, "yutm": 4171136, "xutm30": 292345, "yutm30": 4171136, "long": -5.2115, "lat": 37.3948, "longwgs84": -5.212, "latwgs84": 37.3943, "observ1": "DE 2000-01 A 2004-05 MAXIMOS PENDIENTES DE REVISION                                                 ", "xetrs89": 292234, "yetrs89": 4170931, "cod_saih": "A52", "cuenca": "GUADALQUIVIR", "rio": "arroyo de madre fuentes", "regimen": "desconocido", "sistema": "regulación general", "caudal": 1, "inicio": 1993.0, "fin": 2003.0, "url_link": "https://casadoj.github.io/CAMELS-ES/Guadalquivir/Regulación General/plots/5123.html" }, "geometry": { "type": "Point", "coordinates": [ -5.355488751774905, 37.662057998049846 ] } },
{ "type": "Feature", "properties": { "indroea": 5125, "lugar": "CARMONA N-IV", "comentario": null, "serv": 1, "suprest": 1377, "suprcnc": 1502, "hoja_id": 985, "alti": 53.0, "altimax": 1022.0, "naa": 4, "naam": 43, "naai": 2, "num_cuenca": 5326, "muni_id": 41024, "xutm": 272407, "yutm": 4151467, "xutm30": 272407, "yutm30": 4151467, "long": -5.3426, "lat": 37.2853, "longwgs84": -5.3431, "latwgs84": 37.2849, "observ1": "MAXIMOS DE 2000-01 A 2004-05 PENDIENTES DE REVISION                                                 ", "xetrs89": 272296, "yetrs89": 4151262, "cod_saih": "A18", "cuenca": "GUADALQUIVIR", "rio": "corbones", "regimen": "desconocido", "sistema": "regulación general", "caudal": 1, "inicio": 1991.0, "fin": 1995.0, "url_link": "https://casadoj.github.io/CAMELS-ES/Guadalquivir/Regulación General/plots/5125.html" }, "geometry": { "type": "Point", "coordinates": [ -5.575220088503004, 37.480221379690057 ] } },
{ "type": "Feature", "properties": { "indroea": 5128, "lugar": "PARROSO", "comentario": null, "serv": 1, "suprest": 128, "suprcnc": 129, "hoja_id": 963, "alti": 19.0, "altimax": null, "naa": 8, "naam": 32, "naai": 3, "num_cuenca": 5335, "muni_id": 41099, "xutm": 257978, "yutm": 4169908, "xutm30": 257978, "yutm30": 4169908, "long": -5.4435, "lat": 37.3838, "longwgs84": -5.444, "latwgs84": 37.3833, "observ1": "DE 2000-01 A 2004-05 MAXIMOS PENDIENTES DE REVISION                                                 ", "xetrs89": 257867, "yetrs89": 4169703, "cod_saih": null, "cuenca": "GUADALQUIVIR", "rio": "arroyo parroso", "regimen": "desconocido", "sistema": "rivera de huesna", "caudal": 1, "inicio": 2012.0, "fin": 2020.0, "url_link": "https://casadoj.github.io/CAMELS-ES/Guadalquivir/Rivera De Huesna/plots/5128.html" }, "geometry": { "type": "Point", "coordinates": [ -5.744326836531125, 37.642581892304641 ] } },
{ "type": "Feature", "properties": { "indroea": 5130, "lugar": "MELONARES, LOS", "comentario": "INT 1996                                                              ", "serv": 0, "suprest": 1700, "suprcnc": 1799, "hoja_id": 940, "alti": 42.0, "altimax": null, "naa": 4, "naam": 20, "naai": 0, "num_cuenca": 5350, "muni_id": 41073, "xutm": 246166, "yutm": 4178359, "xutm30": 246166, "yutm30": 4178359, "long": -5.5247, "lat": 37.43, "longwgs84": -5.5252, "latwgs84": 37.4256, "observ1": null, "xetrs89": 246055, "yetrs89": 4178154, "cod_saih": null, "cuenca": "GUADALQUIVIR", "rio": "viar", "regimen": "desconocido", "sistema": "viar", "caudal": 1, "inicio": 1991.0, "fin": 1995.0, "url_link": "https://casadoj.github.io/CAMELS-ES/Guadalquivir/Viar/plots/5130.html" }, "geometry": { "type": "Point", "coordinates": [ -5.880995035688885, 37.715468728148025 ] } },
{ "type": "Feature", "properties": { "indroea": 5133, "lugar": "DEHESAS DE GUADIX", "comentario": null, "serv": 1, "suprest": 403, "suprcnc": 474, "hoja_id": 971, "alti": 665.0, "altimax": null, "naa": 7, "naam": 20, "naai": 0, "num_cuenca": 5045, "muni_id": 18064, "xutm": 489734, "yutm": 4160993, "xutm30": 489734, "yutm30": 4160993, "long": -3.0659, "lat": 37.3543, "longwgs84": -3.0703, "latwgs84": 37.3539, "observ1": "DATOS DE 2010-11 PENDIENTES DE REVISION                                                             ", "xetrs89": 489623, "yetrs89": 4160787, "cod_saih": "A03", "cuenca": "GUADALQUIVIR", "rio": "guadahortuna", "regimen": "desconocido", "sistema": "hoya de guadix", "caudal": 1, "inicio": 2014.0, "fin": 2021.0, "url_link": "https://casadoj.github.io/CAMELS-ES/Guadalquivir/Hoya De Guadix/plots/5133.html" }, "geometry": { "type": "Point", "coordinates": [ -3.117547699657842, 37.594094397122866 ] } },
{ "type": "Feature", "properties": { "indroea": 5134, "lugar": "CERRADA DEL UTRERO", "comentario": null, "serv": 1, "suprest": 65, "suprcnc": 54970, "hoja_id": 928, "alti": 815.0, "altimax": 1937.0, "naa": 7, "naam": 33, "naai": 4, "num_cuenca": 5001, "muni_id": 23028, "xutm": 506415, "yutm": 4198346, "xutm30": 506415, "yutm30": 4198346, "long": -2.5537, "lat": 37.5555, "longwgs84": -2.5542, "latwgs84": 37.5551, "observ1": "DE 2000-01 A 2004-05 MAXIMOS PENDIENTES DE REVISION                                                 ", "xetrs89": 506304, "yetrs89": 4198139, "cod_saih": null, "cuenca": "GUADALQUIVIR", "rio": "guadalquivir", "regimen": "desconocido", "sistema": "regulación general", "caudal": 1, "inicio": 2014.0, "fin": 2021.0, "url_link": "https://casadoj.github.io/CAMELS-ES/Guadalquivir/Regulación General/plots/5134.html" }, "geometry": { "type": "Point", "coordinates": [ -2.92826563521818, 37.93079452777345 ] } },
{ "type": "Feature", "properties": { "indroea": 5135, "lugar": "MOGON", "comentario": null, "serv": 1, "suprest": 109, "suprcnc": 110, "hoja_id": 907, "alti": 437.0, "altimax": 1830.0, "naa": 6, "naam": 24, "naai": 2, "num_cuenca": 5004, "muni_id": 23095, "xutm": 498379, "yutm": 4214276, "xutm30": 498379, "yutm30": 4214276, "long": -3.0107, "lat": 38.0432, "longwgs84": -3.0111, "latwgs84": 38.0428, "observ1": "DE 2000-01 A 2004-05 MAXIMOS PENDIENTES DE REVISION.DATOS 2016-17 EN REVISION                       ", "xetrs89": 498268, "yetrs89": 4214069, "cod_saih": "A44", "cuenca": "GUADALQUIVIR", "rio": "aguascebas grande", "regimen": "desconocido", "sistema": "regulación general", "caudal": 1, "inicio": 2015.0, "fin": 2021.0, "url_link": "https://casadoj.github.io/CAMELS-ES/Guadalquivir/Regulación General/plots/5135.html" }, "geometry": { "type": "Point", "coordinates": [ -3.019747216221744, 38.074390168236121 ] } },
{ "type": "Feature", "properties": { "indroea": 5136, "lugar": "SANTO TOME", "comentario": null, "serv": 1, "suprest": 185, "suprcnc": 189, "hoja_id": 907, "alti": 418.0, "altimax": 1270.0, "naa": 9, "naam": 31, "naai": 4, "num_cuenca": 5008, "muni_id": 23080, "xutm": 490914, "yutm": 4208710, "xutm30": 490914, "yutm30": 4208710, "long": -3.0613, "lat": 38.0132, "longwgs84": -3.0617, "latwgs84": 38.0127, "observ1": "DE 2000-01 A 2004-05 MAXIMOS PENDIENTES DE REVISION.DATOS 2016-17 EN REVISION                       ", "xetrs89": 490803, "yetrs89": 4208503, "cod_saih": null, "cuenca": "GUADALQUIVIR", "rio": "la vega o cazorla", "regimen": "desconocido", "sistema": "regulación general", "caudal": 1, "inicio": 1999.0, "fin": 2008.0, "url_link": "https://casadoj.github.io/CAMELS-ES/Guadalquivir/Regulación General/plots/5136.html" }, "geometry": { "type": "Point", "coordinates": [ -3.104787019406186, 38.024179754976814 ] } },
{ "type": "Feature", "properties": { "indroea": 5138, "lugar": "PUERTOLLANO", "comentario": null, "serv": 1, "suprest": 228, "suprcnc": 338, "hoja_id": 836, "alti": 644.0, "altimax": 1094.0, "naa": 22, "naam": 30, "naai": 5, "num_cuenca": 5109, "muni_id": 13071, "xutm": 411442, "yutm": 4279671, "xutm30": 411442, "yutm30": 4279671, "long": -4.0104, "lat": 38.3938, "longwgs84": -4.0109, "latwgs84": 38.3934, "observ1": "DE 2000-01 A 2004-05 MAXIMOS PENDIENTES DE REVISION                                                 ", "xetrs89": 411331, "yetrs89": 4279464, "cod_saih": "A29", "cuenca": "GUADALQUIVIR", "rio": "ojailén", "regimen": "desconocido", "sistema": "regulación general", "caudal": 1, "inicio": 1999.0, "fin": 2021.0, "url_link": "https://casadoj.github.io/CAMELS-ES/Guadalquivir/Regulación General/plots/5138.html" }, "geometry": { "type": "Point", "coordinates": [ -4.019107925324544, 38.659313676112724 ] } },
{ "type": "Feature", "properties": { "indroea": 5140, "lugar": "VILLANUEVA DE LAS TORRES", "comentario": null, "serv": 1, "suprest": 1685, "suprcnc": 1718, "hoja_id": 971, "alti": 658.0, "altimax": null, "naa": 6, "naam": 56, "naai": 4, "num_cuenca": 5043, "muni_id": 18064, "xutm": 490808, "yutm": 4154409, "xutm30": 490808, "yutm30": 4154409, "long": -3.0615, "lat": 37.321, "longwgs84": -3.0619, "latwgs84": 37.3205, "observ1": "MAXIMOS DE 2000-01 A 2004-05 Y DATOS DE 2010-11 Y 2016-17 PENDIENTES DE REVISION                    ", "xetrs89": 490697, "yetrs89": 4154202, "cod_saih": "A02", "cuenca": "GUADALQUIVIR", "rio": "fardes", "regimen": "desconocido", "sistema": "hoya de guadix", "caudal": 1, "inicio": 2015.0, "fin": 2021.0, "url_link": "https://casadoj.github.io/CAMELS-ES/Guadalquivir/Hoya De Guadix/plots/5140.html" }, "geometry": { "type": "Point", "coordinates": [ -3.10529817807267, 37.534751640682472 ] } },
{ "type": "Feature", "properties": { "indroea": 5141, "lugar": "MONTORO", "comentario": "INT 2006                                                              ", "serv": 0, "suprest": 407, "suprcnc": 408, "hoja_id": 903, "alti": 156.0, "altimax": 823.0, "naa": 12, "naam": 20, "naai": 2, "num_cuenca": 5148, "muni_id": 14043, "xutm": 374733, "yutm": 4211493, "xutm30": 374733, "yutm30": 4211493, "long": -4.2539, "lat": 38.0231, "longwgs84": -4.2543, "latwgs84": 38.0226, "observ1": "DE 2000-01 A 2004-05 MAXIMOS PENDIENTES DE REVISION                                                 ", "xetrs89": 374621, "yetrs89": 4211287, "cod_saih": null, "cuenca": "GUADALQUIVIR", "rio": "arenoso", "regimen": "desconocido", "sistema": "regulación general", "caudal": 1, "inicio": 1993.0, "fin": 2005.0, "url_link": "https://casadoj.github.io/CAMELS-ES/Guadalquivir/Regulación General/plots/5141.html" }, "geometry": { "type": "Point", "coordinates": [ -4.428803071304729, 38.040634748855041 ] } },
{ "type": "Feature", "properties": { "indroea": 5142, "lugar": "PORCUNA", "comentario": null, "serv": 1, "suprest": 670, "suprcnc": 810, "hoja_id": 924, "alti": 229.0, "altimax": null, "naa": 6, "naam": 38, "naai": 3, "num_cuenca": 5140, "muni_id": 23069, "xutm": 393330, "yutm": 4192940, "xutm30": 393330, "yutm30": 4192940, "long": -4.1246, "lat": 37.5238, "longwgs84": -4.1251, "latwgs84": 37.5233, "observ1": "DE 2000-01 A 2004-05 MAXIMOS PENDIENTES DE REVISION. DATOS 2016-17 EN REVISION                      ", "xetrs89": 393218, "yetrs89": 4192734, "cod_saih": "A11", "cuenca": "GUADALQUIVIR", "rio": "arroyo de salado de porcuna", "regimen": "desconocido", "sistema": "guadajoz", "caudal": 1, "inicio": 2015.0, "fin": 2021.0, "url_link": "https://casadoj.github.io/CAMELS-ES/Guadalquivir/Guadajoz/plots/5142.html" }, "geometry": { "type": "Point", "coordinates": [ -4.21416605651239, 37.875839531994728 ] } },
{ "type": "Feature", "properties": { "indroea": 5144, "lugar": "CASARICHE", "comentario": null, "serv": 1, "suprest": 164, "suprcnc": 301, "hoja_id": 1006, "alti": 283.0, "altimax": null, "naa": 7, "naam": 36, "naai": 3, "num_cuenca": 5293, "muni_id": 41026, "xutm": 343928, "yutm": 4129273, "xutm30": 343928, "yutm30": 4129273, "long": -4.4539, "lat": 37.1747, "longwgs84": -4.4543, "latwgs84": 37.1743, "observ1": "MAXIMOS DE 2000-01 A 2004-05 Y DATOS DE 2010-11 Y 2016-17 PENDIENTES DE REVISION                    ", "xetrs89": 343816, "yetrs89": 4129068, "cod_saih": "A30", "cuenca": "GUADALQUIVIR", "rio": "yeguas", "regimen": "desconocido", "sistema": "regulación general", "caudal": 1, "inicio": 2011.0, "fin": 2018.0, "url_link": "https://casadoj.github.io/CAMELS-ES/Guadalquivir/Regulación General/plots/5144.html" }, "geometry": { "type": "Point", "coordinates": [ -4.762107954224928, 37.295126289938963 ] } },
{ "type": "Feature", "properties": { "indroea": 5145, "lugar": "PEDROSO, EL", "comentario": null, "serv": 1, "suprest": 297, "suprcnc": 682, "hoja_id": 920, "alti": 291.0, "altimax": null, "naa": 10, "naam": 34, "naai": 5, "num_cuenca": 5332, "muni_id": 41073, "xutm": 259654, "yutm": 4193270, "xutm30": 259654, "yutm30": 4193270, "long": -5.4354, "lat": 37.5117, "longwgs84": -5.4359, "latwgs84": 37.5112, "observ1": "DE 2000-01 A 2004-05 MAXIMOS PENDIENTES DE REVISION. DATOS 2016-17 EN REVISION                      ", "xetrs89": 259543, "yetrs89": 4193065, "cod_saih": "A12", "cuenca": "GUADALQUIVIR", "rio": "rivera de huesna", "regimen": "desconocido", "sistema": "rivera de huesna", "caudal": 1, "inicio": 2011.0, "fin": 2021.0, "url_link": "https://casadoj.github.io/CAMELS-ES/Guadalquivir/Rivera De Huesna/plots/5145.html" }, "geometry": { "type": "Point", "coordinates": [ -5.733081094500075, 37.853351038505984 ] } },
{ "type": "Feature", "properties": { "indroea": 5146, "lugar": "PUEBLA DE CAZALLA", "comentario": null, "serv": 1, "suprest": 476, "suprcnc": 1502, "hoja_id": 1004, "alti": 180.0, "altimax": null, "naa": 5, "naam": 35, "naai": 3, "num_cuenca": 5318, "muni_id": 41077, "xutm": 296723, "yutm": 4113053, "xutm30": 296723, "yutm30": 4113053, "long": -5.1719, "lat": 37.0828, "longwgs84": -5.1724, "latwgs84": 37.0824, "observ1": "DE 2000-01 A 2004-05 MAXIMOS PENDIENTES DE REVISION. DATOS 2016-17 EN REVISION                      ", "xetrs89": 296611, "yetrs89": 4112848, "cod_saih": "A31", "cuenca": "GUADALQUIVIR", "rio": "corbones", "regimen": "desconocido", "sistema": "campiña sevillana", "caudal": 1, "inicio": 2016.0, "fin": 2021.0, "url_link": "https://casadoj.github.io/CAMELS-ES/Guadalquivir/Campiña Sevillana/plots/5146.html" }, "geometry": { "type": "Point", "coordinates": [ -5.289920442050073, 37.139910879623365 ] } },
{ "type": "Feature", "properties": { "indroea": 5147, "lugar": "ZUFRE", "comentario": null, "serv": 1, "suprest": 584, "suprcnc": 2019, "hoja_id": 918, "alti": 279.0, "altimax": 1008.0, "naa": 8, "naam": 26, "naai": 5, "num_cuenca": 5364, "muni_id": 21079, "xutm": 728962, "yutm": 4195586, "xutm30": 201223, "yutm30": 4197833, "long": -6.2348, "lat": 37.5242, "longwgs84": -6.2353, "latwgs84": 37.5238, "observ1": "DE 2000-01 A 2004-05 MAXIMOS PENDIENTES DE REVISION. DATOS 2016-17 EN REVISION                      ", "xetrs89": 201113, "yetrs89": 4197629, "cod_saih": "A50", "cuenca": "GUADALQUIVIR", "rio": "rivera de huelva", "regimen": "desconocido", "sistema": "sevilla", "caudal": 1, "inicio": 2013.0, "fin": 2021.0, "url_link": "https://casadoj.github.io/CAMELS-ES/Guadalquivir/Sevilla/plots/5147.html" }, "geometry": { "type": "Point", "coordinates": [ -6.398126677466236, 37.877140095142366 ] } },
{ "type": "Feature", "properties": { "indroea": 5150, "lugar": "ROCIO, EL", "comentario": null, "serv": 1, "suprest": 416, "suprcnc": 416, "hoja_id": 1018, "alti": 7.0, "altimax": null, "naa": 8, "naam": 19, "naai": 0, "num_cuenca": 5404, "muni_id": 21005, "xutm": 722756, "yutm": 4111995, "xutm30": 189695, "yutm30": 4114765, "long": -6.2933, "lat": 37.0738, "longwgs84": -6.2938, "latwgs84": 37.0733, "observ1": null, "xetrs89": 189583, "yetrs89": 4114562, "cod_saih": null, "cuenca": "GUADALQUIVIR", "rio": "arroyo de la rocina", "regimen": "desconocido", "sistema": "almonte - marismas", "caudal": 1, "inicio": 2013.0, "fin": 2021.0, "url_link": "https://casadoj.github.io/CAMELS-ES/Guadalquivir/Almonte - Marismas/plots/5150.html" }, "geometry": { "type": "Point", "coordinates": [ -6.493949508419463, 37.125956700127006 ] } },
{ "type": "Feature", "properties": { "indroea": 5151, "lugar": "PARTIDO, EL", "comentario": null, "serv": 1, "suprest": 291, "suprcnc": 292, "hoja_id": 1018, "alti": 16.0, "altimax": null, "naa": 7, "naam": 13, "naai": 0, "num_cuenca": 5403, "muni_id": 21005, "xutm": 725835, "yutm": 4117455, "xutm30": 193115, "yutm30": 4120022, "long": -6.2723, "lat": 37.1032, "longwgs84": -6.2728, "latwgs84": 37.1028, "observ1": "MAXIMO 01_2015 PENDIENTE DE REVISION                                                                ", "xetrs89": 193004, "yetrs89": 4119819, "cod_saih": null, "cuenca": "GUADALQUIVIR", "rio": "arroyo del partido", "regimen": "desconocido", "sistema": "almonte - marismas", "caudal": 1, "inicio": 2014.0, "fin": 2021.0, "url_link": "https://casadoj.github.io/CAMELS-ES/Guadalquivir/Almonte - Marismas/plots/5151.html" }, "geometry": { "type": "Point", "coordinates": [ -6.457663629680874, 37.174386010425948 ] } },
{ "type": "Feature", "properties": { "indroea": 5152, "lugar": "FRAILES", "comentario": null, "serv": 1, "suprest": 26, "suprcnc": 368, "hoja_id": 991, "alti": 916.0, "altimax": 1467.0, "naa": 10, "naam": 27, "naai": 5, "num_cuenca": 5252, "muni_id": 23033, "xutm": 425800, "yutm": 4148625, "xutm30": 425800, "yutm30": 4148625, "long": -3.5021, "lat": 37.2851, "longwgs84": -3.5026, "latwgs84": 37.2847, "observ1": "DE 2000-01 A 2004-05 MAXIMOS PENDIENTES DE REVISION                                                 ", "xetrs89": 425688, "yetrs89": 4148419, "cod_saih": null, "cuenca": "GUADALQUIVIR", "rio": "frailes", "regimen": "desconocido", "sistema": "alto genil", "caudal": 1, "inicio": 1998.0, "fin": 2008.0, "url_link": "https://casadoj.github.io/CAMELS-ES/Guadalquivir/Alto Genil/plots/5152.html" }, "geometry": { "type": "Point", "coordinates": [ -3.840492308762815, 37.47968306890229 ] } },
{ "type": "Feature", "properties": { "indroea": 5155, "lugar": "SANTAELLA (CABRA)", "comentario": null, "serv": 1, "suprest": 441, "suprcnc": 613, "hoja_id": 988, "alti": 200.0, "altimax": null, "naa": 5, "naam": 18, "naai": 0, "num_cuenca": 5299, "muni_id": 14002, "xutm": 344719, "yutm": 4151790, "xutm30": 344719, "yutm30": 4151790, "long": -4.4524, "lat": 37.2958, "longwgs84": -4.4528, "latwgs84": 37.2953, "observ1": "MAXIMOS DE 2000-01 A 2004-05 Y DATOS DE 2010-11 PENDIENTES DE REVISION                              ", "xetrs89": 344607, "yetrs89": 4151584, "cod_saih": "A16", "cuenca": "GUADALQUIVIR", "rio": "cabra", "regimen": "desconocido", "sistema": "regulación general", "caudal": 1, "inicio": 2016.0, "fin": 2021.0, "url_link": "https://casadoj.github.io/CAMELS-ES/Guadalquivir/Regulación General/plots/5155.html" }, "geometry": { "type": "Point", "coordinates": [ -4.757920550504126, 37.498118559394264 ] } },
{ "type": "Feature", "properties": { "indroea": 5156, "lugar": "CIGÜEÑA, LA", "comentario": null, "serv": 1, "suprest": 148, "suprcnc": 181, "hoja_id": 1001, "alti": 8.0, "altimax": null, "naa": 4, "naam": 15, "naai": 1, "num_cuenca": 5991, "muni_id": 41012, "xutm": 742321, "yutm": 4121587, "xutm30": 209836, "yutm30": 4123103, "long": -6.161, "lat": 37.1231, "longwgs84": -6.1615, "latwgs84": 37.1227, "observ1": "MAXIMOS DE 2000-01 A 2004-05 Y 04_2015 PENDIENTES DE REVISION                                       ", "xetrs89": 209725, "yetrs89": 4122899, "cod_saih": null, "cuenca": "GUADALQUIVIR", "rio": "cigüeña", "regimen": "desconocido", "sistema": "almonte - marismas", "caudal": 1, "inicio": 2014.0, "fin": 2018.0, "url_link": "https://casadoj.github.io/CAMELS-ES/Guadalquivir/Almonte - Marismas/plots/5156.html" }, "geometry": { "type": "Point", "coordinates": [ -6.270821194667885, 37.207448208466843 ] } },
{ "type": "Feature", "properties": { "indroea": 4004, "lugar": "CUBETA, LA", "comentario": null, "serv": 1, "suprest": 856, "suprcnc": 66889, "hoja_id": 787, "alti": 758.0, "altimax": 1074.0, "naa": 5, "naam": 98, "naai": 39, "num_cuenca": 4001, "muni_id": 13902, "xutm": 509352, "yutm": 4314500, "xutm30": 509352, "yutm30": 4314500, "long": -2.5331, "lat": 38.5844, "longwgs84": -2.5336, "latwgs84": 38.5839, "observ1": "CG 2005-11, DATOS 2010-11 Y 2019-20 PROVISIONAL. FIABILIDAD ESCASA CG 2013-14 PARA VALORES ALTOS    ", "xetrs89": 509242, "yetrs89": 4314292, "cod_saih": "CR1-26", "cuenca": "GUADIANA", "rio": "guadiana", "regimen": "natural", "sistema": "central", "caudal": 1, "inicio": 2016.0, "fin": 2021.0, "url_link": "https://casadoj.github.io/CAMELS-ES/Guadiana/Central/plots/4004.html" }, "geometry": { "type": "Point", "coordinates": [ -2.893302986475641, 38.977561713527479 ] } },
{ "type": "Feature", "properties": { "indroea": 4009, "lugar": "LUCIANA", "comentario": "INT 2010                                                              ", "serv": 0, "suprest": 21072, "suprcnc": 66889, "hoja_id": 783, "alti": 525.0, "altimax": 1430.0, "naa": 8, "naam": 53, "naai": 14, "num_cuenca": 4041, "muni_id": 13051, "xutm": 386906, "yutm": 4315891, "xutm30": 386906, "yutm30": 4315891, "long": -4.182, "lat": 38.5903, "longwgs84": -4.1825, "latwgs84": 38.5858, "observ1": "CURVAS DE GASTO 2005-06 A 2008-09 PROVISIONALES, PENDIENTES DE REVISION                             ", "xetrs89": 386795, "yetrs89": 4315684, "cod_saih": null, "cuenca": "GUADIANA", "rio": "guadiana", "regimen": "natural", "sistema": "oriental - bullaque", "caudal": 1, "inicio": 2000.0, "fin": 2008.0, "url_link": "https://casadoj.github.io/CAMELS-ES/Guadiana/Oriental - Bullaque/plots/4009.html" }, "geometry": { "type": "Point", "coordinates": [ -4.307001919345822, 38.982833958603038 ] } },
{ "type": "Feature", "properties": { "indroea": 4013, "lugar": "ORELLANA", "comentario": "INT 2001                                                              ", "serv": 0, "suprest": 26125, "suprcnc": 66889, "hoja_id": 754, "alti": 258.0, "altimax": 1447.0, "naa": 8, "naam": 35, "naai": 0, "num_cuenca": 4065, "muni_id": 6044, "xutm": 270676, "yutm": 4322371, "xutm30": 270676, "yutm30": 4322371, "long": -5.3856, "lat": 39.0111, "longwgs84": -5.39, "latwgs84": 39.0106, "observ1": null, "xetrs89": 270566, "yetrs89": 4322165, "cod_saih": null, "cuenca": "GUADIANA", "rio": "guadiana", "regimen": "alterado", "sistema": "central", "caudal": 1, "inicio": 1991.0, "fin": 1999.0, "url_link": "https://casadoj.github.io/CAMELS-ES/Guadiana/Central/plots/4013.html" }, "geometry": { "type": "Point", "coordinates": [ -5.65009587183479, 39.018442563796981 ] } },
{ "type": "Feature", "properties": { "indroea": 4014, "lugar": "VILLANUEVA DE LA SERENA", "comentario": null, "serv": 1, "suprest": 34771, "suprcnc": 66889, "hoja_id": 754, "alti": 250.0, "altimax": 1447.0, "naa": 4, "naam": 102, "naai": 26, "num_cuenca": 4085, "muni_id": 6153, "xutm": 257617, "yutm": 4322899, "xutm30": 257617, "yutm30": 4322899, "long": -5.4759, "lat": 39.0115, "longwgs84": -5.4803, "latwgs84": 39.0111, "observ1": "CG 2005-11 Y DATOS 2010-11 PROVISIONALES. FIABILIDAD ESCASA CG 2013-14 PARA VALORES ELEVADOS        ", "xetrs89": 257507, "yetrs89": 4322693, "cod_saih": null, "cuenca": "GUADIANA", "rio": "guadiana", "regimen": "natural", "sistema": "central", "caudal": 1, "inicio": 2001.0, "fin": 2005.0, "url_link": "https://casadoj.github.io/CAMELS-ES/Guadiana/Central/plots/4014.html" }, "geometry": { "type": "Point", "coordinates": [ -5.800958996830273, 39.019672134252573 ] } },
{ "type": "Feature", "properties": { "indroea": 4030, "lugar": "AZUD DE BADAJOZ", "comentario": null, "serv": 1, "suprest": 48530, "suprcnc": 66889, "hoja_id": 775, "alti": 166.0, "altimax": 1601.0, "naa": 18, "naam": 27, "naai": 9, "num_cuenca": 4142, "muni_id": 6015, "xutm": 672127, "yutm": 4303542, "xutm30": 151486, "yutm30": 4309343, "long": -7.0058, "lat": 38.5148, "longwgs84": -7.0103, "latwgs84": 38.5143, "observ1": "CG 2005-06 A 2009-10 PROVIS. POCA FIABILIDAD CG 2013-14 VALORES ALTOS. 2016-17, 2019-21 PROVISIONAL ", "xetrs89": 151378, "yetrs89": 4309138, "cod_saih": "E2-25", "cuenca": "GUADIANA", "rio": "guadiana", "regimen": "natural", "sistema": "central", "caudal": 1, "inicio": 1996.0, "fin": 2014.0, "url_link": "https://casadoj.github.io/CAMELS-ES/Guadiana/Central/plots/4030.html" }, "geometry": { "type": "Point", "coordinates": [ -7.017541193987285, 38.861992964912297 ] } },
{ "type": "Feature", "properties": { "indroea": 4101, "lugar": "VALLEHERMOSO", "comentario": "INT 1996                                                              ", "serv": 0, "suprest": 470, "suprcnc": 1721, "hoja_id": 787, "alti": 742.0, "altimax": 1087.0, "naa": 4, "naam": 84, "naai": 25, "num_cuenca": 4004, "muni_id": 13010, "xutm": 487067, "yutm": 4299903, "xutm30": 487067, "yutm30": 4299903, "long": -3.0857, "lat": 38.505, "longwgs84": -3.0901, "latwgs84": 38.5046, "observ1": null, "xetrs89": 486956, "yetrs89": 4299696, "cod_saih": null, "cuenca": "GUADIANA", "rio": "azuer", "regimen": "alterado", "sistema": "oriental - alto guadiana", "caudal": 1, "inicio": 1991.0, "fin": 1995.0, "url_link": "https://casadoj.github.io/CAMELS-ES/Guadiana/Oriental - Alto Guadiana/plots/4101.html" }, "geometry": { "type": "Point", "coordinates": [ -3.150312536152396, 38.845982016091021 ] } },
{ "type": "Feature", "properties": { "indroea": 4102, "lugar": "DAIMIEL", "comentario": null, "serv": 1, "suprest": 1699, "suprcnc": 1721, "hoja_id": 760, "alti": 619.0, "altimax": 1887.0, "naa": 4, "naam": 63, "naai": 15, "num_cuenca": 4006, "muni_id": 13039, "xutm": 448198, "yutm": 4325541, "xutm30": 448198, "yutm30": 4325541, "long": -3.3556, "lat": 39.0436, "longwgs84": -3.3601, "latwgs84": 39.0432, "observ1": "LOS DATOS DE 2006-07, 2010-11 y 2019-20 SON PROVISIONALES, PENDIENTES DE REVISION                   ", "xetrs89": 448087, "yetrs89": 4325334, "cod_saih": "CR1-03", "cuenca": "GUADIANA", "rio": "azuer", "regimen": "alterado", "sistema": "oriental - alto guadiana", "caudal": 1, "inicio": 2007.0, "fin": 2011.0, "url_link": "https://casadoj.github.io/CAMELS-ES/Guadiana/Oriental - Alto Guadiana/plots/4102.html" }, "geometry": { "type": "Point", "coordinates": [ -3.600151002076708, 39.075569044678289 ] } },
{ "type": "Feature", "properties": { "indroea": 4103, "lugar": "PUENTE MORENA", "comentario": "INT 2002                                                              ", "serv": 0, "suprest": 2337, "suprcnc": 2362, "hoja_id": 784, "alti": 580.0, "altimax": 1037.0, "naa": 4, "naam": 54, "naai": 30, "num_cuenca": 4030, "muni_id": 13035, "xutm": 411672, "yutm": 4305173, "xutm30": 411672, "yutm30": 4305173, "long": -4.0106, "lat": 38.5325, "longwgs84": -4.0111, "latwgs84": 38.5321, "observ1": null, "xetrs89": 411561, "yetrs89": 4304966, "cod_saih": null, "cuenca": "GUADIANA", "rio": "jabalón", "regimen": "alterado", "sistema": "oriental - alto guadiana", "caudal": 1, "inicio": 1997.0, "fin": 2001.0, "url_link": "https://casadoj.github.io/CAMELS-ES/Guadiana/Oriental - Alto Guadiana/plots/4103.html" }, "geometry": { "type": "Point", "coordinates": [ -4.019731596652582, 38.889116847349818 ] } },
{ "type": "Feature", "properties": { "indroea": 4105, "lugar": "VILLANUEVA DE LA SERENA", "comentario": null, "serv": 1, "suprest": 8508, "suprcnc": 8511, "hoja_id": 754, "alti": 250.0, "altimax": 1252.0, "naa": 9, "naam": 75, "naai": 1, "num_cuenca": 4084, "muni_id": 6153, "xutm": 261223, "yutm": 4320637, "xutm30": 261223, "yutm30": 4320637, "long": -5.4526, "lat": 39.0006, "longwgs84": -5.4531, "latwgs84": 39.0001, "observ1": "CURVAS DE GASTO 2005-06 A 2008-09 PROVISIONALES, PENDIENTES DE REVISION                             ", "xetrs89": 261113, "yetrs89": 4320431, "cod_saih": null, "cuenca": "GUADIANA", "rio": "zújar", "regimen": "natural", "sistema": "central", "caudal": 1, "inicio": 1999.0, "fin": 2008.0, "url_link": "https://casadoj.github.io/CAMELS-ES/Guadiana/Central/plots/4105.html" }, "geometry": { "type": "Point", "coordinates": [ -5.758561029414202, 39.000304487393713 ] } },
{ "type": "Feature", "properties": { "indroea": 4123, "lugar": "GASSET", "comentario": null, "serv": 1, "suprest": 163, "suprcnc": 183, "hoja_id": 759, "alti": 615.0, "altimax": null, "naa": 4, "naam": 12, "naai": 0, "num_cuenca": 4027, "muni_id": 13040, "xutm": 419332, "yutm": 4331472, "xutm30": 419332, "yutm30": 4331472, "long": -3.56, "lat": 39.0741, "longwgs84": -3.5604, "latwgs84": 39.0737, "observ1": "LOS DATOS DE 2010-11, 2016-17 Y 2019-20 SON PROVISIONALES, PENDIENTES DE REVISION                   ", "xetrs89": 419221, "yetrs89": 4331265, "cod_saih": "CR1-23", "cuenca": "GUADIANA", "rio": "becea", "regimen": "regulado", "sistema": "oriental - alto guadiana", "caudal": 1, "inicio": 2015.0, "fin": 2019.0, "url_link": "https://casadoj.github.io/CAMELS-ES/Guadiana/Oriental - Alto Guadiana/plots/4123.html" }, "geometry": { "type": "Point", "coordinates": [ -3.934533688275506, 39.12681256657249 ] } },
{ "type": "Feature", "properties": { "indroea": 4124, "lugar": "SAELICES", "comentario": null, "serv": 1, "suprest": 552, "suprcnc": 10582, "hoja_id": 633, "alti": 787.0, "altimax": null, "naa": 6, "naam": 12, "naai": 0, "num_cuenca": 4012, "muni_id": 16186, "xutm": 517134, "yutm": 4415064, "xutm30": 517134, "yutm30": 4415064, "long": -2.4759, "lat": 39.5305, "longwgs84": -2.4803, "latwgs84": 39.5301, "observ1": "LOS DATOS DE 2010-11, 2016-17 Y 2019-20 SON PROVISIONALES, PENDIENTES DE REVISION                   ", "xetrs89": 517024, "yetrs89": 4414856, "cod_saih": "CR1-04", "cuenca": "GUADIANA", "rio": "cigüela", "regimen": "natural", "sistema": "oriental - alto guadiana", "caudal": 1, "inicio": 2015.0, "fin": 2021.0, "url_link": "https://casadoj.github.io/CAMELS-ES/Guadiana/Oriental - Alto Guadiana/plots/4124.html" }, "geometry": { "type": "Point", "coordinates": [ -2.800899375481442, 39.883590501980493 ] } },
{ "type": "Feature", "properties": { "indroea": 4130, "lugar": "CORCOLES EN CABECERA", "comentario": null, "serv": 1, "suprest": 129, "suprcnc": 368, "hoja_id": 763, "alti": 819.0, "altimax": null, "naa": 6, "naam": 12, "naai": 0, "num_cuenca": 4022, "muni_id": 2019, "xutm": 537889, "yutm": 4326680, "xutm30": 537889, "yutm30": 4326680, "long": -2.3343, "lat": 39.0516, "longwgs84": -2.3347, "latwgs84": 39.0512, "observ1": "LOS DATOS DE 2010-11 Y 2019-20 SON PROVISIONALES, PENDIENTES DE REVISION                            ", "xetrs89": 537779, "yetrs89": 4326472, "cod_saih": "CR1-10", "cuenca": "GUADIANA", "rio": "córcoles", "regimen": "natural", "sistema": "oriental - alto guadiana", "caudal": 1, "inicio": 2015.0, "fin": 2021.0, "url_link": "https://casadoj.github.io/CAMELS-ES/Guadiana/Oriental - Alto Guadiana/plots/4130.html" }, "geometry": { "type": "Point", "coordinates": [ -2.563179544374771, 39.08654998960494 ] } },
{ "type": "Feature", "properties": { "indroea": 4136, "lugar": "FERNANCABALLERO", "comentario": null, "serv": 1, "suprest": 412, "suprcnc": 687, "hoja_id": 759, "alti": 606.0, "altimax": null, "naa": 5, "naam": 10, "naai": 0, "num_cuenca": 4028, "muni_id": 13040, "xutm": 420353, "yutm": 4328723, "xutm30": 420353, "yutm30": 4328723, "long": -3.5516, "lat": 39.0612, "longwgs84": -3.5521, "latwgs84": 39.0608, "observ1": "LOS DATOS DE 2010-11, 2016-17 Y 2019-20 SON PROVISIONALES, PENDIENTES DE REVISION                   ", "xetrs89": 420242, "yetrs89": 4328516, "cod_saih": "CR1-16", "cuenca": "GUADIANA", "rio": "bañuelo", "regimen": "natural", "sistema": "oriental - alto guadiana", "caudal": 1, "inicio": 2016.0, "fin": 2021.0, "url_link": "https://casadoj.github.io/CAMELS-ES/Guadiana/Oriental - Alto Guadiana/plots/4136.html" }, "geometry": { "type": "Point", "coordinates": [ -3.922400165804529, 39.102138146687025 ] } },
{ "type": "Feature", "properties": { "indroea": 4138, "lugar": "CABEZUELA, LA", "comentario": null, "serv": 1, "suprest": 544, "suprcnc": 2362, "hoja_id": 812, "alti": 740.0, "altimax": null, "naa": 5, "naam": 11, "naai": 0, "num_cuenca": 4030, "muni_id": 13087, "xutm": 475650, "yutm": 4282456, "xutm30": 475650, "yutm30": 4282456, "long": -3.1648, "lat": 38.4123, "longwgs84": -3.1653, "latwgs84": 38.4119, "observ1": "LOS DATOS DE 2010-11 Y 2019-20 SON PROVISIONALES, PENDIENTES DE REVISION                            ", "xetrs89": 475539, "yetrs89": 4282249, "cod_saih": "CR1-18", "cuenca": "GUADIANA", "rio": "jabalón", "regimen": "regulado", "sistema": "oriental - alto guadiana", "caudal": 1, "inicio": 2016.0, "fin": 2021.0, "url_link": "https://casadoj.github.io/CAMELS-ES/Guadiana/Oriental - Alto Guadiana/plots/4138.html" }, "geometry": { "type": "Point", "coordinates": [ -3.281257233755673, 38.688513094788611 ] } },
{ "type": "Feature", "properties": { "indroea": 4156, "lugar": "NAVA, LA", "comentario": "INT 2010                                                              ", "serv": 0, "suprest": 43, "suprcnc": 848, "hoja_id": 917, "alti": 410.0, "altimax": 959.0, "naa": 4, "naam": 49, "naai": 0, "num_cuenca": 4151, "muni_id": 21051, "xutm": 698245, "yutm": 4203887, "xutm30": 171084, "yutm30": 4208100, "long": -6.4437, "lat": 37.5737, "longwgs84": -6.4441, "latwgs84": 37.5733, "observ1": "CURVAS DE GASTO 2005-06 A 2008-09 PROVISIONALES, PENDIENTES DE REVISION                             ", "xetrs89": 170974, "yetrs89": 4207896, "cod_saih": null, "cuenca": "GUADIANA", "rio": "múrtigas", "regimen": "natural", "sistema": "ardila", "caudal": 1, "inicio": 2001.0, "fin": 2005.0, "url_link": "https://casadoj.github.io/CAMELS-ES/Guadiana/Ardila/plots/4156.html" }, "geometry": { "type": "Point", "coordinates": [ -6.744829018565047, 37.959097506028137 ] } },
{ "type": "Feature", "properties": { "indroea": 4158, "lugar": "AROCHE", "comentario": "INT 2005                                                              ", "serv": 0, "suprest": 88, "suprcnc": 2162, "hoja_id": 916, "alti": 280.0, "altimax": 811.0, "naa": 5, "naam": 49, "naai": 20, "num_cuenca": 4154, "muni_id": 21008, "xutm": 679927, "yutm": 4205458, "xutm30": 152888, "yutm30": 4210850, "long": -6.5705, "lat": 37.5842, "longwgs84": -6.571, "latwgs84": 37.5837, "observ1": "CURVA DE GASTO 2005-06 PROVISIONAL, PENDIENTE DE REVISIÓN                                           ", "xetrs89": 152779, "yetrs89": 4210646, "cod_saih": null, "cuenca": "GUADIANA", "rio": "chanza", "regimen": "natural", "sistema": "sur", "caudal": 1, "inicio": 1992.0, "fin": 1997.0, "url_link": "https://casadoj.github.io/CAMELS-ES/Guadiana/Sur/plots/4158.html" }, "geometry": { "type": "Point", "coordinates": [ -6.952802404864556, 37.977054827937287 ] } },
{ "type": "Feature", "properties": { "indroea": 4160, "lugar": "AROCHE", "comentario": "INT 2000                                                              ", "serv": 0, "suprest": 48, "suprcnc": 48, "hoja_id": 916, "alti": 280.0, "altimax": 764.0, "naa": 5, "naam": 70, "naai": 17, "num_cuenca": 4155, "muni_id": 21008, "xutm": 680765, "yutm": 4205697, "xutm30": 153740, "yutm30": 4211035, "long": -6.5631, "lat": 37.5849, "longwgs84": -6.5636, "latwgs84": 37.5845, "observ1": null, "xetrs89": 153631, "yetrs89": 4210831, "cod_saih": null, "cuenca": "GUADIANA", "rio": "arochete", "regimen": "natural", "sistema": "sur", "caudal": 1, "inicio": 1992.0, "fin": 1997.0, "url_link": "https://casadoj.github.io/CAMELS-ES/Guadiana/Sur/plots/4160.html" }, "geometry": { "type": "Point", "coordinates": [ -6.943213458871624, 37.979043602284975 ] } },
{ "type": "Feature", "properties": { "indroea": 4161, "lugar": "PUEBLA DE GUZMAN", "comentario": "INT 2004                                                              ", "serv": 0, "suprest": 98, "suprcnc": 821, "hoja_id": 958, "alti": 125.0, "altimax": 397.0, "naa": 4, "naam": 35, "naai": 11, "num_cuenca": 4157, "muni_id": 21058, "xutm": 653403, "yutm": 4167667, "xutm30": 123955, "yutm30": 4174795, "long": -7.1541, "lat": 37.3834, "longwgs84": -7.1546, "latwgs84": 37.3829, "observ1": null, "xetrs89": 123846, "yetrs89": 4174593, "cod_saih": null, "cuenca": "GUADIANA", "rio": "cobica", "regimen": "natural", "sistema": "sur", "caudal": 1, "inicio": 1993.0, "fin": 1997.0, "url_link": "https://casadoj.github.io/CAMELS-ES/Guadiana/Sur/plots/4161.html" }, "geometry": { "type": "Point", "coordinates": [ -7.262664490377052, 37.641487905517998 ] } },
{ "type": "Feature", "properties": { "indroea": 4163, "lugar": "ALANGE (MATACHEL)", "comentario": null, "serv": 1, "suprest": 2497, "suprcnc": 2546, "hoja_id": 803, "alti": 222.0, "altimax": 931.0, "naa": 6, "naam": 59, "naai": 5, "num_cuenca": 4109, "muni_id": 6004, "xutm": 737450, "yutm": 4297536, "xutm30": 216320, "yutm30": 4299054, "long": -6.1558, "lat": 38.4738, "longwgs84": -6.1603, "latwgs84": 38.4734, "observ1": "LOS DATOS DE 2009-10, 2010-11 Y DE 2015-16 A 2019-20 SON PROVISIONALES, PENDIENTES DE REVISION      ", "xetrs89": 216211, "yetrs89": 4298849, "cod_saih": "CR2-31", "cuenca": "GUADIANA", "rio": "matachel", "regimen": "regulado", "sistema": "central", "caudal": 1, "inicio": 2015.0, "fin": 2021.0, "url_link": "https://casadoj.github.io/CAMELS-ES/Guadiana/Central/plots/4163.html" }, "geometry": { "type": "Point", "coordinates": [ -6.26742446674975, 38.792732893089919 ] } },
{ "type": "Feature", "properties": { "indroea": 4172, "lugar": "PAYMOGO", "comentario": "INT 2009                                                              ", "serv": 0, "suprest": 250, "suprcnc": 500, "hoja_id": 936, "alti": 108.0, "altimax": 648.0, "naa": 5, "naam": 36, "naai": 11, "num_cuenca": 4158, "muni_id": 21057, "xutm": 651777, "yutm": 4173685, "xutm30": 122716, "yutm30": 4180913, "long": -7.1643, "lat": 37.415, "longwgs84": -7.1647, "latwgs84": 37.4145, "observ1": "CURVAS DE GASTO 2005-06 A 2007-08 PROVISIONALES, PENDIENTES DE REVISIÓN                             ", "xetrs89": 122607, "yetrs89": 4180711, "cod_saih": null, "cuenca": "GUADIANA", "rio": "malagón", "regimen": "natural", "sistema": "sur", "caudal": 1, "inicio": 1991.0, "fin": 1996.0, "url_link": "https://casadoj.github.io/CAMELS-ES/Guadiana/Sur/plots/4172.html" }, "geometry": { "type": "Point", "coordinates": [ -7.279831842978645, 37.695970099084704 ] } },
{ "type": "Feature", "properties": { "indroea": 4173, "lugar": "PAYMOGO", "comentario": "INT 2004                                                              ", "serv": 0, "suprest": 119, "suprcnc": 153, "hoja_id": 936, "alti": 135.0, "altimax": 613.0, "naa": 6, "naam": 36, "naai": 18, "num_cuenca": 4159, "muni_id": 21057, "xutm": 647708, "yutm": 4176673, "xutm30": 118841, "yutm30": 4184161, "long": -7.1926, "lat": 37.4329, "longwgs84": -7.1931, "latwgs84": 37.4325, "observ1": null, "xetrs89": 118732, "yetrs89": 4183959, "cod_saih": null, "cuenca": "GUADIANA", "rio": "albahacar", "regimen": "alterado", "sistema": "sur", "caudal": 1, "inicio": 1991.0, "fin": 1997.0, "url_link": "https://casadoj.github.io/CAMELS-ES/Guadiana/Sur/plots/4173.html" }, "geometry": { "type": "Point", "coordinates": [ -7.325361670224966, 37.723559948003469 ] } },
{ "type": "Feature", "properties": { "indroea": 4174, "lugar": "OLIVA DE LA FRONTERA", "comentario": null, "serv": 1, "suprest": 1800, "suprcnc": 1837, "hoja_id": 874, "alti": 208.0, "altimax": 1110.0, "naa": 4, "naam": 45, "naai": 13, "num_cuenca": 4150, "muni_id": 6070, "xutm": 685190, "yutm": 4233720, "xutm30": 159973, "yutm30": 4238742, "long": -6.5303, "lat": 38.1354, "longwgs84": -6.5308, "latwgs84": 38.135, "observ1": "LOS DATOS DE 2010-11 Y 2019-20 SON PROVISIONALES, PENDIENTES DE REVISION                            ", "xetrs89": 159864, "yetrs89": 4238538, "cod_saih": "CR2-50", "cuenca": "GUADIANA", "rio": "ardila", "regimen": "natural", "sistema": "ardila", "caudal": 1, "inicio": 2015.0, "fin": 2019.0, "url_link": "https://casadoj.github.io/CAMELS-ES/Guadiana/Ardila/plots/4174.html" }, "geometry": { "type": "Point", "coordinates": [ -6.885598755152509, 38.230542052599233 ] } },
{ "type": "Feature", "properties": { "indroea": 4176, "lugar": "ROSAL DE LA FRONTERA", "comentario": "INT 2002                                                              ", "serv": 0, "suprest": 320, "suprcnc": 2162, "hoja_id": 915, "alti": 162.0, "altimax": null, "naa": 4, "naam": 34, "naai": 17, "num_cuenca": 4156, "muni_id": 21062, "xutm": 657181, "yutm": 4202096, "xutm30": 129944, "yutm30": 4208959, "long": -7.124, "lat": 37.5708, "longwgs84": -7.1245, "latwgs84": 37.5704, "observ1": null, "xetrs89": 129835, "yetrs89": 4208756, "cod_saih": null, "cuenca": "GUADIANA", "rio": "chanza", "regimen": "natural", "sistema": "sur", "caudal": 1, "inicio": 1991.0, "fin": 1995.0, "url_link": "https://casadoj.github.io/CAMELS-ES/Guadiana/Sur/plots/4176.html" }, "geometry": { "type": "Point", "coordinates": [ -7.21239707403009, 37.951006797698007 ] } },
{ "type": "Feature", "properties": { "indroea": 4201, "lugar": "QUINTANAR DE LA ORDEN", "comentario": null, "serv": 1, "suprest": 995, "suprcnc": 10582, "hoja_id": 688, "alti": 694.0, "altimax": 1181.0, "naa": 4, "naam": 96, "naai": 21, "num_cuenca": 4012, "muni_id": 45135, "xutm": 493160, "yutm": 4388306, "xutm30": 493160, "yutm30": 4388306, "long": -3.0447, "lat": 39.3838, "longwgs84": -3.0452, "latwgs84": 39.3833, "observ1": "LOS DATOS DE 2010-11 Y 2019-20 SON PROVISIONALES, PENDIENTES DE REVISION                            ", "xetrs89": 493050, "yetrs89": 4388098, "cod_saih": "CR1-05", "cuenca": "GUADIANA", "rio": "cigüela", "regimen": "natural", "sistema": "oriental - alto guadiana", "caudal": 1, "inicio": 2007.0, "fin": 2011.0, "url_link": "https://casadoj.github.io/CAMELS-ES/Guadiana/Oriental - Alto Guadiana/plots/4201.html" }, "geometry": { "type": "Point", "coordinates": [ -3.080999488815949, 39.642638973320032 ] } },
{ "type": "Feature", "properties": { "indroea": 4203, "lugar": "BUENAVISTA", "comentario": null, "serv": 1, "suprest": 9930, "suprcnc": 10582, "hoja_id": 738, "alti": 628.0, "altimax": 1181.0, "naa": 8, "naam": 55, "naai": 20, "num_cuenca": 4024, "muni_id": 13047, "xutm": 468628, "yutm": 4350517, "xutm30": 468628, "yutm30": 4350517, "long": -3.215, "lat": 39.181, "longwgs84": -3.2154, "latwgs84": 39.1806, "observ1": "LOS DATOS DE 2007-08, 2009-10 Y 2010-11 SON PROVISIONALES PENDIENTES DE REVISION                    ", "xetrs89": 468517, "yetrs89": 4350309, "cod_saih": "CR1-15", "cuenca": "GUADIANA", "rio": "cigüela", "regimen": "natural", "sistema": "oriental - alto guadiana", "caudal": 1, "inicio": 1993.0, "fin": 2001.0, "url_link": "https://casadoj.github.io/CAMELS-ES/Guadiana/Oriental - Alto Guadiana/plots/4203.html" }, "geometry": { "type": "Point", "coordinates": [ -3.36513431980795, 39.30159216767855 ] } },
{ "type": "Feature", "properties": { "indroea": 4205, "lugar": "ALCAZAR", "comentario": null, "serv": 1, "suprest": 5506, "suprcnc": 5596, "hoja_id": 739, "alti": 638.0, "altimax": 1102.0, "naa": 5, "naam": 54, "naai": 23, "num_cuenca": 4023, "muni_id": 13005, "xutm": 486720, "yutm": 4351268, "xutm30": 486720, "yutm30": 4351268, "long": -3.0915, "lat": 39.1836, "longwgs84": -3.0919, "latwgs84": 39.1832, "observ1": "LOS DATOS DE 2010-11 SON PROVISIONALES PENDIENTES DE REVISION                                       ", "xetrs89": 486610, "yetrs89": 4351060, "cod_saih": "CR1-12", "cuenca": "GUADIANA", "rio": "záncara", "regimen": "natural", "sistema": "oriental - alto guadiana", "caudal": 1, "inicio": 1996.0, "fin": 2001.0, "url_link": "https://casadoj.github.io/CAMELS-ES/Guadiana/Oriental - Alto Guadiana/plots/4205.html" }, "geometry": { "type": "Point", "coordinates": [ -3.15531103927915, 39.308828312296605 ] } },
{ "type": "Feature", "properties": { "indroea": 4207, "lugar": "MALAGON (P. DERV.) VERTIDOS", "comentario": "INT 2002                                                              ", "serv": 0, "suprest": 312, "suprcnc": 687, "hoja_id": 736, "alti": 626.0, "altimax": 1100.0, "naa": 11, "naam": 56, "naai": 0, "num_cuenca": 4026, "muni_id": 13052, "xutm": 424128, "yutm": 4336768, "xutm30": 424128, "yutm30": 4336768, "long": -3.5242, "lat": 39.1034, "longwgs84": -3.5247, "latwgs84": 39.103, "observ1": null, "xetrs89": 424017, "yetrs89": 4336561, "cod_saih": null, "cuenca": "GUADIANA", "rio": "bañuelos", "regimen": "alterado", "sistema": "oriental - alto guadiana", "caudal": 1, "inicio": 1991.0, "fin": 2002.0, "url_link": "https://casadoj.github.io/CAMELS-ES/Guadiana/Oriental - Alto Guadiana/plots/4207.html" }, "geometry": { "type": "Point", "coordinates": [ -3.879648855313294, 39.174961445018141 ] } },
{ "type": "Feature", "properties": { "indroea": 4208, "lugar": "AZUD DE DERIVACION A EMBALSE GASSET", "comentario": "INT 2002                                                              ", "serv": 0, "suprest": 333, "suprcnc": 687, "hoja_id": 736, "alti": 632.0, "altimax": null, "naa": 5, "naam": 7, "naai": 0, "num_cuenca": 4026, "muni_id": 13052, "xutm": 424321, "yutm": 4336839, "xutm30": 424321, "yutm30": 4336839, "long": -3.5234, "lat": 39.1037, "longwgs84": -3.5239, "latwgs84": 39.1032, "observ1": null, "xetrs89": 424210, "yetrs89": 4336632, "cod_saih": null, "cuenca": "GUADIANA", "rio": "bañuelos", "regimen": "desconocido", "sistema": "oriental - alto guadiana", "caudal": 1, "inicio": 1997.0, "fin": 2002.0, "url_link": "https://casadoj.github.io/CAMELS-ES/Guadiana/Oriental - Alto Guadiana/plots/4208.html" }, "geometry": { "type": "Point", "coordinates": [ -3.87742270668089, 39.175618001344056 ] } },
{ "type": "Feature", "properties": { "indroea": 4209, "lugar": "MALAGON", "comentario": "INT 2003                                                              ", "serv": 0, "suprest": 123, "suprcnc": 183, "hoja_id": 759, "alti": 630.0, "altimax": 1068.0, "naa": 11, "naam": 82, "naai": 0, "num_cuenca": 4027, "muni_id": 13052, "xutm": 416214, "yutm": 4336402, "xutm30": 416214, "yutm30": 4336402, "long": -3.5812, "lat": 39.102, "longwgs84": -3.5816, "latwgs84": 39.1015, "observ1": null, "xetrs89": 416103, "yetrs89": 4336195, "cod_saih": null, "cuenca": "GUADIANA", "rio": "becea", "regimen": "desconocido", "sistema": "oriental - alto guadiana", "caudal": 1, "inicio": 1991.0, "fin": 2002.0, "url_link": "https://casadoj.github.io/CAMELS-ES/Guadiana/Oriental - Alto Guadiana/plots/4209.html" }, "geometry": { "type": "Point", "coordinates": [ -3.971211488902234, 39.170936270281842 ] } },
{ "type": "Feature", "properties": { "indroea": 4232, "lugar": "CORDOBILLA", "comentario": null, "serv": 1, "suprest": 103, "suprcnc": 427, "hoja_id": 752, "alti": 293.0, "altimax": null, "naa": 6, "naam": 12, "naai": 0, "num_cuenca": 4115, "muni_id": 6038, "xutm": 722021, "yutm": 4335929, "xutm30": 203447, "yutm30": 4338395, "long": -6.2552, "lat": 39.0837, "longwgs84": -6.2557, "latwgs84": 39.0833, "observ1": "LOS DATOS DE 2010-11, 2018-19 Y 2019-20 SON PROVISIONALES, PENDIENTES DE REVISION                   ", "xetrs89": 203338, "yetrs89": 4338189, "cod_saih": "CR2-32", "cuenca": "GUADIANA", "rio": "lácara", "regimen": "regulado", "sistema": "central", "caudal": 1, "inicio": 2015.0, "fin": 2021.0, "url_link": "https://casadoj.github.io/CAMELS-ES/Guadiana/Central/plots/4232.html" }, "geometry": { "type": "Point", "coordinates": [ -6.432453666174299, 39.142371458804398 ] } },
{ "type": "Feature", "properties": { "indroea": 4243, "lugar": "VILLAR DEL REY", "comentario": null, "serv": 1, "suprest": 1049, "suprcnc": 1156, "hoja_id": 750, "alti": 218.0, "altimax": null, "naa": 6, "naam": 12, "naai": 0, "num_cuenca": 4138, "muni_id": 6155, "xutm": 684111, "yutm": 4335241, "xutm30": 165548, "yutm30": 4340216, "long": -6.5211, "lat": 39.0847, "longwgs84": -6.5215, "latwgs84": 39.0842, "observ1": "LOS DATOS DE 2010-11 Y 2019-20 SON PROVISIONALES, PENDIENTES DE REVISION                            ", "xetrs89": 165440, "yetrs89": 4340010, "cod_saih": "CR2-43", "cuenca": "GUADIANA", "rio": "zapatón", "regimen": "regulado", "sistema": "central", "caudal": 1, "inicio": 2015.0, "fin": 2021.0, "url_link": "https://casadoj.github.io/CAMELS-ES/Guadiana/Central/plots/4243.html" }, "geometry": { "type": "Point", "coordinates": [ -6.870959459831441, 39.145016620631488 ] } },
{ "type": "Feature", "properties": { "indroea": 4251, "lugar": "CAÑAMERO", "comentario": null, "serv": 1, "suprest": 42, "suprcnc": 1865, "hoja_id": 707, "alti": 550.0, "altimax": 1601.0, "naa": 6, "naam": 62, "naai": 19, "num_cuenca": 4086, "muni_id": 10044, "xutm": 295292, "yutm": 4361813, "xutm30": 295292, "yutm30": 4361813, "long": -5.2236, "lat": 39.2251, "longwgs84": -5.2241, "latwgs84": 39.2247, "observ1": "LOS DATOS DE 2006-07, 2009-10, 2010-11 Y 2019-20 SON PROVISIONALES, PENDIENTES DE REVISION          ", "xetrs89": 295182, "yetrs89": 4361607, "cod_saih": "CR2-15", "cuenca": "GUADIANA", "rio": "ruecas", "regimen": "natural", "sistema": "central", "caudal": 1, "inicio": 2015.0, "fin": 2021.0, "url_link": "https://casadoj.github.io/CAMELS-ES/Guadiana/Central/plots/4251.html" }, "geometry": { "type": "Point", "coordinates": [ -5.37795583228325, 39.379662513413301 ] } },
{ "type": "Feature", "properties": { "indroea": 4255, "lugar": "BADAJOZ", "comentario": null, "serv": 1, "suprest": 2165, "suprcnc": 2184, "hoja_id": 775, "alti": 167.0, "altimax": null, "naa": 7, "naam": 49, "naai": 13, "num_cuenca": 4139, "muni_id": 6015, "xutm": 677163, "yutm": 4309571, "xutm30": 156913, "yutm30": 4315034, "long": -6.5724, "lat": 38.5459, "longwgs84": -6.5729, "latwgs84": 38.5455, "observ1": "CURVAS DE GASTO 2005-11 PROVISIONALES. FIABILIDAD ESCASA CG 2013-14 PARA VALORES ELEVADOS           ", "xetrs89": 156805, "yetrs89": 4314829, "cod_saih": null, "cuenca": "GUADIANA", "rio": "gévora", "regimen": "natural", "sistema": "central", "caudal": 1, "inicio": 2003.0, "fin": 2010.0, "url_link": "https://casadoj.github.io/CAMELS-ES/Guadiana/Central/plots/4255.html" }, "geometry": { "type": "Point", "coordinates": [ -6.957982586956418, 38.915288335370626 ] } },
{ "type": "Feature", "properties": { "indroea": 4264, "lugar": "SEVILLEJA", "comentario": null, "serv": 1, "suprest": 163, "suprcnc": 163, "hoja_id": 708, "alti": 439.0, "altimax": null, "naa": 4, "naam": 12, "naai": 0, "num_cuenca": 4057, "muni_id": 45162, "xutm": 329944, "yutm": 4369292, "xutm30": 329944, "yutm30": 4369292, "long": -4.5835, "lat": 39.2721, "longwgs84": -4.584, "latwgs84": 39.2716, "observ1": "LOS DATOS DE 2009-10, 2010-11 Y 2019-20 SON PROVISIONALES, PENDIENTES DE REVISION                   ", "xetrs89": 329834, "yetrs89": 4369085, "cod_saih": "CR2-04", "cuenca": "GUADIANA", "rio": "fresnedoso", "regimen": "natural", "sistema": "central", "caudal": 1, "inicio": 2015.0, "fin": 2019.0, "url_link": "https://casadoj.github.io/CAMELS-ES/Guadiana/Central/plots/4264.html" }, "geometry": { "type": "Point", "coordinates": [ -4.977792831665099, 39.454530020878074 ] } },
{ "type": "Feature", "properties": { "indroea": 4267, "lugar": "COLADA", "comentario": null, "serv": 1, "suprest": 660, "suprcnc": 660, "hoja_id": 833, "alti": 441.0, "altimax": null, "naa": 4, "naam": 12, "naai": 0, "num_cuenca": 4069, "muni_id": 14008, "xutm": 324809, "yutm": 4268272, "xutm30": 324809, "yutm30": 4268272, "long": -5.0037, "lat": 38.3242, "longwgs84": -5.0041, "latwgs84": 38.3238, "observ1": "DATOS 2010-11, 2019-20 PROVIS. PENDIENTES DE REVISION. DATOS MODIFICADOS 2011-12 (ANUARIO 13-14     ", "xetrs89": 324699, "yetrs89": 4268066, "cod_saih": "CR2-07", "cuenca": "GUADIANA", "rio": "guadamatilla", "regimen": "regulado", "sistema": "central", "caudal": 1, "inicio": 2015.0, "fin": 2019.0, "url_link": "https://casadoj.github.io/CAMELS-ES/Guadiana/Central/plots/4267.html" }, "geometry": { "type": "Point", "coordinates": [ -5.011505685071048, 38.543751053569373 ] } },
{ "type": "Feature", "properties": { "indroea": 4279, "lugar": "HERNAN CORTES", "comentario": null, "serv": 1, "suprest": 1715, "suprcnc": 1865, "hoja_id": 753, "alti": 249.0, "altimax": null, "naa": 6, "naam": 12, "naai": 0, "num_cuenca": 4092, "muni_id": 6044, "xutm": 248102, "yutm": 4324592, "xutm30": 248102, "yutm30": 4324592, "long": -5.5436, "lat": 39.02, "longwgs84": -5.5441, "latwgs84": 39.0156, "observ1": "LOS DATOS DE 2010-11 Y 2019-20 SON PROVISIONALES, PENDIENTES DE REVISION                            ", "xetrs89": 247993, "yetrs89": 4324386, "cod_saih": "CR2-19", "cuenca": "GUADIANA", "rio": "ruecas", "regimen": "alterado", "sistema": "central", "caudal": 1, "inicio": 2015.0, "fin": 2021.0, "url_link": "https://casadoj.github.io/CAMELS-ES/Guadiana/Central/plots/4279.html" }, "geometry": { "type": "Point", "coordinates": [ -5.911347840932831, 39.032219330771341 ] } },
{ "type": "Feature", "properties": { "indroea": 4280, "lugar": "CRUCES, LAS", "comentario": null, "serv": 1, "suprest": 455, "suprcnc": 455, "hoja_id": 778, "alti": 248.0, "altimax": null, "naa": 6, "naam": 12, "naai": 0, "num_cuenca": 4094, "muni_id": 6082, "xutm": 246177, "yutm": 4315529, "xutm30": 246177, "yutm30": 4315529, "long": -5.5544, "lat": 38.5705, "longwgs84": -5.5549, "latwgs84": 38.57, "observ1": "LOS DATOS DE 2010-11, 2016-17 Y 2019-20 SON PROVISIONALES PENDIENTES DE REVISION                    ", "xetrs89": 246067, "yetrs89": 4315323, "cod_saih": "CR2-20", "cuenca": "GUADIANA", "rio": "ortigas", "regimen": "natural", "sistema": "central", "caudal": 1, "inicio": 2015.0, "fin": 2021.0, "url_link": "https://casadoj.github.io/CAMELS-ES/Guadiana/Central/plots/4280.html" }, "geometry": { "type": "Point", "coordinates": [ -5.930203213410148, 38.950099182608049 ] } },
{ "type": "Feature", "properties": { "indroea": 4283, "lugar": "SANTA AMALIA", "comentario": null, "serv": 1, "suprest": 575, "suprcnc": 588, "hoja_id": 753, "alti": 239.0, "altimax": null, "naa": 6, "naam": 12, "naai": 0, "num_cuenca": 4098, "muni_id": 6120, "xutm": 755560, "yutm": 4322696, "xutm30": 236048, "yutm30": 4322973, "long": -6.0254, "lat": 39.0055, "longwgs84": -6.0259, "latwgs84": 39.0051, "observ1": "LOS DATOS DE 2009-10, 2010-11 Y 2019-20 SON PROVISIONALES, PENDIENTES DE REVISION                   ", "xetrs89": 235939, "yetrs89": 4322767, "cod_saih": "CR2-23", "cuenca": "GUADIANA", "rio": "búrdalo", "regimen": "natural", "sistema": "central", "caudal": 1, "inicio": 2015.0, "fin": 2021.0, "url_link": "https://casadoj.github.io/CAMELS-ES/Guadiana/Central/plots/4283.html" }, "geometry": { "type": "Point", "coordinates": [ -6.049797013297838, 39.014093549485359 ] } },
{ "type": "Feature", "properties": { "indroea": 4286, "lugar": "CHARCO DE LOS POLLOS", "comentario": null, "serv": 1, "suprest": 48563, "suprcnc": 66889, "hoja_id": 775, "alti": 158.0, "altimax": null, "naa": 6, "naam": 7, "naai": 0, "num_cuenca": 4142, "muni_id": 6015, "xutm": 669813, "yutm": 4301607, "xutm30": 149046, "yutm30": 4307562, "long": -7.0236, "lat": 38.5047, "longwgs84": -7.0241, "latwgs84": 38.5042, "observ1": "LOS DATOS DE  2016-17 Y 2019-20 SON PROVISIONALES, PENDIENTES DE REVISION                           ", "xetrs89": 148938, "yetrs89": 4307357, "cod_saih": "CR2-55", "cuenca": "GUADIANA", "rio": "guadiana", "regimen": "desconocido", "sistema": "sistema central", "caudal": 1, "inicio": 2015.0, "fin": 2021.0, "url_link": "https://casadoj.github.io/CAMELS-ES/Guadiana/Sistema Central/plots/4286.html" }, "geometry": { "type": "Point", "coordinates": [ -7.044686575018177, 38.845013444698559 ] } },
{ "type": "Feature", "properties": { "indroea": 4287, "lugar": "VALDEJUDIOS", "comentario": null, "serv": 1, "suprest": 32, "suprcnc": 64, "hoja_id": 633, "alti": 852.0, "altimax": null, "naa": 5, "naam": 7, "naai": 0, "num_cuenca": 4010, "muni_id": 16901, "xutm": 522561, "yutm": 4425357, "xutm30": 522561, "yutm30": 4425357, "long": -2.4409, "lat": 39.5839, "longwgs84": -2.4413, "latwgs84": 39.5834, "observ1": "LOS DATOS DE  2016-17 Y 2019-20 SON PROVISIONALES, PENDIENTES DE REVISION                           ", "xetrs89": 522451, "yetrs89": 4425149, "cod_saih": "CR1-25", "cuenca": "GUADIANA", "rio": "valdejudíos", "regimen": "natural", "sistema": "sistema general", "caudal": 1, "inicio": 2016.0, "fin": 2021.0, "url_link": "https://casadoj.github.io/CAMELS-ES/Guadiana/Sistema General/plots/4287.html" }, "geometry": { "type": "Point", "coordinates": [ -2.737075023834469, 39.97620223116261 ] } },
{ "type": "Feature", "properties": { "indroea": 8005, "lugar": "VILLARREAL", "comentario": null, "serv": 1, "suprest": 2504, "suprcnc": 4028, "hoja_id": 641, "alti": 50.0, "altimax": 2024.0, "naa": 30, "naam": 106, "naai": 52, "num_cuenca": 8194, "muni_id": 12135, "xutm": 745933, "yutm": 4427457, "xutm30": 745933, "yutm30": 4427457, "long": -0.0715, "lat": 39.574, "longwgs84": -0.0721, "latwgs84": 39.5736, "observ1": null, "xetrs89": 745823, "yetrs89": 4427248, "cod_saih": "1E07", "cuenca": "JUCAR", "rio": "mijares", "regimen": "alterado", "sistema": "mijares-plana de castellon", "caudal": 1, "inicio": 1991.0, "fin": 2021.0, "url_link": "https://casadoj.github.io/CAMELS-ES/Jucar/Mijares-Plana De Castellon/plots/8005.html" }, "geometry": { "type": "Point", "coordinates": [ -0.122058283978182, 39.959670607835548 ] } },
{ "type": "Feature", "properties": { "indroea": 8014, "lugar": "TRAMACASTILLA", "comentario": null, "serv": 1, "suprest": 95, "suprcnc": 6394, "hoja_id": 565, "alti": 1278.0, "altimax": 1842.0, "naa": 30, "naam": 68, "naai": 49, "num_cuenca": 8130, "muni_id": 44235, "xutm": 620906, "yutm": 4475223, "xutm30": 620906, "yutm30": 4475223, "long": -1.343, "lat": 40.2505, "longwgs84": -1.3434, "latwgs84": 40.2502, "observ1": null, "xetrs89": 620797, "yetrs89": 4475014, "cod_saih": "3A02", "cuenca": "JUCAR", "rio": "turia", "regimen": "natural", "sistema": "turia", "caudal": 1, "inicio": 1991.0, "fin": 2021.0, "url_link": "https://casadoj.github.io/CAMELS-ES/Jucar/Turia/plots/8014.html" }, "geometry": { "type": "Point", "coordinates": [ -1.576172281187164, 40.416990602545297 ] } },
{ "type": "Feature", "properties": { "indroea": 8015, "lugar": "TERUEL", "comentario": null, "serv": 1, "suprest": 2357, "suprcnc": 6394, "hoja_id": 567, "alti": 851.0, "altimax": 2024.0, "naa": 30, "naam": 102, "naai": 50, "num_cuenca": 8140, "muni_id": 44216, "xutm": 660526, "yutm": 4467750, "xutm30": 660526, "yutm30": 4467750, "long": -1.0636, "lat": 40.2039, "longwgs84": -1.0641, "latwgs84": 40.2035, "observ1": "LOS DATOS DE 2016-17 SON PROVISIONALES PENDIENTES DE REVISION                                       ", "xetrs89": 660417, "yetrs89": 4467541, "cod_saih": "3A03", "cuenca": "JUCAR", "rio": "turia", "regimen": "alterado", "sistema": "turia", "caudal": 1, "inicio": 1991.0, "fin": 2021.0, "url_link": "https://casadoj.github.io/CAMELS-ES/Jucar/Turia/plots/8015.html" }, "geometry": { "type": "Point", "coordinates": [ -1.111265349349023, 40.343009134689865 ] } },
{ "type": "Feature", "properties": { "indroea": 8018, "lugar": "ZAGRA", "comentario": null, "serv": 1, "suprest": 4052, "suprcnc": 6394, "hoja_id": 638, "alti": 540.0, "altimax": 2024.0, "naa": 30, "naam": 72, "naai": 52, "num_cuenca": 8150, "muni_id": 46247, "xutm": 658720, "yutm": 4411888, "xutm30": 658720, "yutm30": 4411888, "long": -1.0842, "lat": 39.5029, "longwgs84": -1.0847, "latwgs84": 39.5025, "observ1": null, "xetrs89": 658611, "yetrs89": 4411679, "cod_saih": "6A01", "cuenca": "JUCAR", "rio": "turia", "regimen": "alterado", "sistema": "turia", "caudal": 1, "inicio": 1991.0, "fin": 2021.0, "url_link": "https://casadoj.github.io/CAMELS-ES/Jucar/Turia/plots/8018.html" }, "geometry": { "type": "Point", "coordinates": [ -1.146220975597458, 39.84032269820387 ] } },
{ "type": "Feature", "properties": { "indroea": 8022, "lugar": "BUGARRA", "comentario": null, "serv": 1, "suprest": 5375, "suprcnc": 6394, "hoja_id": 695, "alti": 160.0, "altimax": 2024.0, "naa": 13, "naam": 90, "naai": 33, "num_cuenca": 8158, "muni_id": 46076, "xutm": 690460, "yutm": 4386471, "xutm30": 690460, "yutm30": 4386471, "long": -0.4654, "lat": 39.3622, "longwgs84": -0.4658, "latwgs84": 39.3618, "observ1": "                                                                                                    ", "xetrs89": 690350, "yetrs89": 4386262, "cod_saih": "OA01", "cuenca": "JUCAR", "rio": "turia", "regimen": "alterado", "sistema": "turia", "caudal": 1, "inicio": 2008.0, "fin": 2021.0, "url_link": "https://casadoj.github.io/CAMELS-ES/Jucar/Turia/plots/8022.html" }, "geometry": { "type": "Point", "coordinates": [ -0.782853725538416, 39.60496337013619 ] } },
{ "type": "Feature", "properties": { "indroea": 8025, "lugar": "PRESA, LA", "comentario": null, "serv": 1, "suprest": 6294, "suprcnc": 6394, "hoja_id": 696, "alti": 50.0, "altimax": 2024.0, "naa": 30, "naam": 108, "naai": 58, "num_cuenca": 8164, "muni_id": 46159, "xutm": 714527, "yutm": 4377811, "xutm30": 714527, "yutm30": 4377811, "long": -0.3016, "lat": 39.3121, "longwgs84": -0.302, "latwgs84": 39.3117, "observ1": null, "xetrs89": 714417, "yetrs89": 4377602, "cod_saih": "OE03", "cuenca": "JUCAR", "rio": "turia", "regimen": "alterado", "sistema": "turia", "caudal": 1, "inicio": 1991.0, "fin": 2021.0, "url_link": "https://casadoj.github.io/CAMELS-ES/Jucar/Turia/plots/8025.html" }, "geometry": { "type": "Point", "coordinates": [ -0.505559637389322, 39.521321275250514 ] } },
{ "type": "Feature", "properties": { "indroea": 8027, "lugar": "TERUEL", "comentario": null, "serv": 1, "suprest": 1396, "suprcnc": 1398, "hoja_id": 567, "alti": 885.0, "altimax": 2024.0, "naa": 4, "naam": 108, "naai": 59, "num_cuenca": 8139, "muni_id": 44216, "xutm": 659634, "yutm": 4469301, "xutm30": 659634, "yutm30": 4469301, "long": -1.0713, "lat": 40.213, "longwgs84": -1.0717, "latwgs84": 40.2126, "observ1": null, "xetrs89": 659525, "yetrs89": 4469092, "cod_saih": "3A03", "cuenca": "JUCAR", "rio": "alfambra", "regimen": "desconocido", "sistema": "turia", "caudal": 1, "inicio": 2017.0, "fin": 2021.0, "url_link": "https://casadoj.github.io/CAMELS-ES/Jucar/Turia/plots/8027.html" }, "geometry": { "type": "Point", "coordinates": [ -1.121374698906797, 40.357145952845556 ] } },
{ "type": "Feature", "properties": { "indroea": 8028, "lugar": "VILLALBA ALTA", "comentario": null, "serv": 1, "suprest": 478, "suprcnc": 1398, "hoja_id": 542, "alti": 1060.0, "altimax": 2024.0, "naa": 30, "naam": 77, "naai": 56, "num_cuenca": 8137, "muni_id": 44182, "xutm": 671349, "yutm": 4498136, "xutm30": 671349, "yutm30": 4498136, "long": -0.5828, "lat": 40.3656, "longwgs84": -0.5833, "latwgs84": 40.3653, "observ1": null, "xetrs89": 671240, "yetrs89": 4497927, "cod_saih": "3A01", "cuenca": "JUCAR", "rio": "alfambra", "regimen": "natural", "sistema": "turia", "caudal": 1, "inicio": 1991.0, "fin": 2021.0, "url_link": "https://casadoj.github.io/CAMELS-ES/Jucar/Turia/plots/8028.html" }, "geometry": { "type": "Point", "coordinates": [ -0.975705237544245, 40.614437308983675 ] } },
{ "type": "Feature", "properties": { "indroea": 8029, "lugar": "MONTABERNER", "comentario": null, "serv": 1, "suprest": 320, "suprcnc": 1301, "hoja_id": 795, "alti": 162.0, "altimax": null, "naa": 30, "naam": 32, "naai": 15, "num_cuenca": 8109, "muni_id": 46173, "xutm": 717336, "yutm": 4307944, "xutm30": 717336, "yutm30": 4307944, "long": -0.2939, "lat": 38.5334, "longwgs84": -0.2944, "latwgs84": 38.5331, "observ1": "LOS DATOS DE 2016-17 SON PROVISIONALES PENDIENTES DE REVISION                                       ", "xetrs89": 717226, "yetrs89": 4307736, "cod_saih": "7A03", "cuenca": "JUCAR", "rio": "albaida", "regimen": "natural", "sistema": "júcar", "caudal": 1, "inicio": 1991.0, "fin": 2021.0, "url_link": "https://casadoj.github.io/CAMELS-ES/Jucar/Júcar/plots/8029.html" }, "geometry": { "type": "Point", "coordinates": [ -0.495363720964256, 38.891658821684068 ] } },
{ "type": "Feature", "properties": { "indroea": 8030, "lugar": "TERDE, EL", "comentario": null, "serv": 1, "suprest": 665, "suprcnc": 4028, "hoja_id": 614, "alti": 845.0, "altimax": 2024.0, "naa": 30, "naam": 76, "naai": 57, "num_cuenca": 8176, "muni_id": 44210, "xutm": 689692, "yutm": 4448508, "xutm30": 689692, "yutm30": 4448508, "long": -0.4621, "lat": 40.0953, "longwgs84": -0.4626, "latwgs84": 40.0949, "observ1": null, "xetrs89": 689582, "yetrs89": 4448299, "cod_saih": "2E01", "cuenca": "JUCAR", "rio": "mijares", "regimen": "natural", "sistema": "mijares-plana de castellon", "caudal": 1, "inicio": 1991.0, "fin": 2021.0, "url_link": "https://casadoj.github.io/CAMELS-ES/Jucar/Mijares-Plana De Castellon/plots/8030.html" }, "geometry": { "type": "Point", "coordinates": [ -0.773793135079231, 40.163666580060649 ] } },
{ "type": "Feature", "properties": { "indroea": 8032, "lugar": "CUENCA", "comentario": null, "serv": 1, "suprest": 984, "suprcnc": 21579, "hoja_id": 610, "alti": 916.0, "altimax": 1839.0, "naa": 30, "naam": 110, "naai": 60, "num_cuenca": 8040, "muni_id": 16078, "xutm": 573200, "yutm": 4436420, "xutm30": 573200, "yutm30": 4436420, "long": -2.083, "lat": 40.0427, "longwgs84": -2.0834, "latwgs84": 40.0423, "observ1": null, "xetrs89": 573091, "yetrs89": 4436212, "cod_saih": "4A01", "cuenca": "JUCAR", "rio": "júcar", "regimen": "alterado", "sistema": "júcar", "caudal": 1, "inicio": 1991.0, "fin": 2021.0, "url_link": "https://casadoj.github.io/CAMELS-ES/Jucar/Júcar/plots/8032.html" }, "geometry": { "type": "Point", "coordinates": [ -2.142821411319281, 40.073004120843308 ] } },
{ "type": "Feature", "properties": { "indroea": 8036, "lugar": "FRAILES, LOS", "comentario": null, "serv": 1, "suprest": 5403, "suprcnc": 21579, "hoja_id": 766, "alti": 616.0, "altimax": 1839.0, "naa": 29, "naam": 106, "naai": 53, "num_cuenca": 8050, "muni_id": 2003, "xutm": 608192, "yutm": 4333000, "xutm30": 608192, "yutm30": 4333000, "long": -1.4453, "lat": 39.082, "longwgs84": -1.4459, "latwgs84": 39.0815, "observ1": null, "xetrs89": 608082, "yetrs89": 4332792, "cod_saih": "7A05", "cuenca": "JUCAR", "rio": "júcar", "regimen": "alterado", "sistema": "júcar", "caudal": 1, "inicio": 1992.0, "fin": 2021.0, "url_link": "https://casadoj.github.io/CAMELS-ES/Jucar/Júcar/plots/8036.html" }, "geometry": { "type": "Point", "coordinates": [ -1.74941546351228, 39.137609378382749 ] } },
{ "type": "Feature", "properties": { "indroea": 8042, "lugar": "TOUS SALIDA EMBALSE", "comentario": null, "serv": 1, "suprest": 17821, "suprcnc": 21579, "hoja_id": 769, "alti": 54.0, "altimax": 1839.0, "naa": 23, "naam": 102, "naai": 47, "num_cuenca": 8104, "muni_id": 46236, "xutm": 703650, "yutm": 4333570, "xutm30": 703650, "yutm30": 4333570, "long": -0.3839, "lat": 39.0737, "longwgs84": -0.3844, "latwgs84": 39.0733, "observ1": null, "xetrs89": 703540, "yetrs89": 4333362, "cod_saih": "7E04", "cuenca": "JUCAR", "rio": "júcar", "regimen": "alterado", "sistema": "júcar", "caudal": 1, "inicio": 1998.0, "fin": 2021.0, "url_link": "https://casadoj.github.io/CAMELS-ES/Jucar/Júcar/plots/8042.html" }, "geometry": { "type": "Point", "coordinates": [ -0.645395216316578, 39.125666189687152 ] } },
{ "type": "Feature", "properties": { "indroea": 8060, "lugar": "REQUENA", "comentario": null, "serv": 1, "suprest": 668, "suprcnc": 1544, "hoja_id": 720, "alti": 650.0, "altimax": 1419.0, "naa": 16, "naam": 86, "naai": 21, "num_cuenca": 8121, "muni_id": 46213, "xutm": 662099, "yutm": 4371752, "xutm30": 662099, "yutm30": 4371752, "long": -1.0655, "lat": 39.2846, "longwgs84": -1.07, "latwgs84": 39.2842, "observ1": null, "xetrs89": 661989, "yetrs89": 4371544, "cod_saih": "5A02", "cuenca": "JUCAR", "rio": "magro", "regimen": "natural", "sistema": "júcar", "caudal": 1, "inicio": 2005.0, "fin": 2021.0, "url_link": "https://casadoj.github.io/CAMELS-ES/Jucar/Júcar/plots/8060.html" }, "geometry": { "type": "Point", "coordinates": [ -1.116599785936993, 39.478252309620082 ] } },
{ "type": "Feature", "properties": { "indroea": 8071, "lugar": "VILLALONGA", "comentario": null, "serv": 1, "suprest": 547, "suprcnc": 753, "hoja_id": 795, "alti": 190.0, "altimax": null, "naa": 5, "naam": 66, "naai": 10, "num_cuenca": 8029, "muni_id": 46255, "xutm": 735791, "yutm": 4306139, "xutm30": 735791, "yutm30": 4306139, "long": -0.1655, "lat": 38.5219, "longwgs84": -0.1659, "latwgs84": 38.5215, "observ1": "LOS DATOS DE 2016-17 SON PROVISIONALES PENDIENTES DE REVISION                                       ", "xetrs89": 735681, "yetrs89": 4305931, "cod_saih": null, "cuenca": "JUCAR", "rio": "serpis", "regimen": "alterado", "sistema": "serpis", "caudal": 1, "inicio": 2016.0, "fin": 2021.0, "url_link": "https://casadoj.github.io/CAMELS-ES/Jucar/Serpis/plots/8071.html" }, "geometry": { "type": "Point", "coordinates": [ -0.283409041801969, 38.870655019008517 ] } },
{ "type": "Feature", "properties": { "indroea": 8074, "lugar": "FUENTE DEL BAÑO, LA", "comentario": null, "serv": 1, "suprest": 478, "suprcnc": 911, "hoja_id": 640, "alti": 370.0, "altimax": 1618.0, "naa": 30, "naam": 75, "naai": 54, "num_cuenca": 8168, "muni_id": 12081, "xutm": 712635, "yutm": 4417997, "xutm30": 712635, "yutm30": 4417997, "long": -0.3048, "lat": 39.5305, "longwgs84": -0.3053, "latwgs84": 39.5301, "observ1": null, "xetrs89": 712525, "yetrs89": 4417788, "cod_saih": "0E01", "cuenca": "JUCAR", "rio": "palancia", "regimen": "alterado", "sistema": "palancia y los valles", "caudal": 1, "inicio": 1991.0, "fin": 2021.0, "url_link": "https://casadoj.github.io/CAMELS-ES/Jucar/Palancia Y Los Valles/plots/8074.html" }, "geometry": { "type": "Point", "coordinates": [ -0.514599493036363, 39.883538279617547 ] } },
{ "type": "Feature", "properties": { "indroea": 8087, "lugar": "BELMONTEJO", "comentario": null, "serv": 1, "suprest": 187, "suprcnc": 208, "hoja_id": 662, "alti": 830.0, "altimax": 1062.0, "naa": 30, "naam": 92, "naai": 30, "num_cuenca": 8045, "muni_id": 16034, "xutm": 556175, "yutm": 4408006, "xutm30": 556175, "yutm30": 4408006, "long": -2.2037, "lat": 39.491, "longwgs84": -2.2042, "latwgs84": 39.4906, "observ1": null, "xetrs89": 556065, "yetrs89": 4407798, "cod_saih": "4R04", "cuenca": "JUCAR", "rio": "marimota", "regimen": "natural", "sistema": "júcar", "caudal": 1, "inicio": 1991.0, "fin": 2021.0, "url_link": "https://casadoj.github.io/CAMELS-ES/Jucar/Júcar/plots/8087.html" }, "geometry": { "type": "Point", "coordinates": [ -2.344926619715648, 39.818319352092068 ] } },
{ "type": "Feature", "properties": { "indroea": 8089, "lugar": "HUERTO MULET", "comentario": null, "serv": 1, "suprest": 21497, "suprcnc": 21579, "hoja_id": 747, "alti": 18.0, "altimax": 1839.0, "naa": 7, "naam": 76, "naai": 55, "num_cuenca": 8126, "muni_id": 46029, "xutm": 723807, "yutm": 4341072, "xutm30": 723807, "yutm30": 4341072, "long": -0.2431, "lat": 39.1122, "longwgs84": -0.2437, "latwgs84": 39.1118, "observ1": null, "xetrs89": 723697, "yetrs89": 4340863, "cod_saih": "7A02", "cuenca": "JUCAR", "rio": "júcar", "regimen": "alterado", "sistema": "júcar", "caudal": 1, "inicio": 2014.0, "fin": 2021.0, "url_link": "https://casadoj.github.io/CAMELS-ES/Jucar/Júcar/plots/8089.html" }, "geometry": { "type": "Point", "coordinates": [ -0.409949813823792, 39.188247895094243 ] } },
{ "type": "Feature", "properties": { "indroea": 8090, "lugar": "PAJARONCILLO", "comentario": null, "serv": 1, "suprest": 829, "suprcnc": 4754, "hoja_id": 636, "alti": 940.0, "altimax": 1839.0, "naa": 30, "naam": 73, "naai": 57, "num_cuenca": 8077, "muni_id": 16147, "xutm": 610230, "yutm": 4422140, "xutm30": 610230, "yutm30": 4422140, "long": -1.4235, "lat": 39.563, "longwgs84": -1.424, "latwgs84": 39.5625, "observ1": null, "xetrs89": 610121, "yetrs89": 4421931, "cod_saih": "5A01", "cuenca": "JUCAR", "rio": "cabriel", "regimen": "natural", "sistema": "júcar", "caudal": 1, "inicio": 1991.0, "fin": 2021.0, "url_link": "https://casadoj.github.io/CAMELS-ES/Jucar/Júcar/plots/8090.html" }, "geometry": { "type": "Point", "coordinates": [ -1.71105851815215, 39.940341313690581 ] } },
{ "type": "Feature", "properties": { "indroea": 8091, "lugar": "CASTELLAR", "comentario": null, "serv": 1, "suprest": 1793, "suprcnc": 21579, "hoja_id": 634, "alti": 817.0, "altimax": 1839.0, "naa": 28, "naam": 56, "naai": 37, "num_cuenca": 8044, "muni_id": 16191, "xutm": 561000, "yutm": 4411800, "xutm30": 561000, "yutm30": 4411800, "long": -2.1713, "lat": 39.5112, "longwgs84": -2.1718, "latwgs84": 39.5108, "observ1": null, "xetrs89": 560890, "yetrs89": 4411592, "cod_saih": "4A02", "cuenca": "JUCAR", "rio": "júcar", "regimen": "natural", "sistema": "júcar", "caudal": 1, "inicio": 1993.0, "fin": 2021.0, "url_link": "https://casadoj.github.io/CAMELS-ES/Jucar/Júcar/plots/8091.html" }, "geometry": { "type": "Point", "coordinates": [ -2.288201626116713, 39.852168907090501 ] } },
{ "type": "Feature", "properties": { "indroea": 8092, "lugar": "CAMPORROBLES", "comentario": null, "serv": 1, "suprest": 720, "suprcnc": 744, "hoja_id": 664, "alti": 670.0, "altimax": 1597.0, "naa": 30, "naam": 95, "naai": 30, "num_cuenca": 8088, "muni_id": 16126, "xutm": 623420, "yutm": 4392418, "xutm30": 623420, "yutm30": 4392418, "long": -1.334, "lat": 39.4019, "longwgs84": -1.3329, "latwgs84": 39.4001, "observ1": null, "xetrs89": 623310, "yetrs89": 4392210, "cod_saih": "4R01", "cuenca": "JUCAR", "rio": "ojos de moya", "regimen": "natural", "sistema": "júcar", "caudal": 1, "inicio": 1991.0, "fin": 2021.0, "url_link": "https://casadoj.github.io/CAMELS-ES/Jucar/Júcar/plots/8092.html" }, "geometry": { "type": "Point", "coordinates": [ -1.562315412281038, 39.670817989364124 ] } },
{ "type": "Feature", "properties": { "indroea": 8093, "lugar": "MACASTRE", "comentario": null, "serv": 1, "suprest": 1075, "suprcnc": 1544, "hoja_id": 721, "alti": 290.0, "altimax": 1419.0, "naa": 27, "naam": 89, "naai": 49, "num_cuenca": 8123, "muni_id": 46158, "xutm": 687510, "yutm": 4357410, "xutm30": 687510, "yutm30": 4357410, "long": -0.4927, "lat": 39.2043, "longwgs84": -0.4932, "latwgs84": 39.2038, "observ1": null, "xetrs89": 687400, "yetrs89": 4357201, "cod_saih": "0R01", "cuenca": "JUCAR", "rio": "magro", "regimen": "alterado", "sistema": "júcar", "caudal": 1, "inicio": 1994.0, "fin": 2021.0, "url_link": "https://casadoj.github.io/CAMELS-ES/Jucar/Júcar/plots/8093.html" }, "geometry": { "type": "Point", "coordinates": [ -0.825357074935677, 39.343945953137933 ] } },
{ "type": "Feature", "properties": { "indroea": 8096, "lugar": "ARQUILLO SAN BLAS SALIDA E.", "comentario": null, "serv": 1, "suprest": 815, "suprcnc": 6394, "hoja_id": 566, "alti": 918.0, "altimax": 1855.0, "naa": 30, "naam": 72, "naai": 51, "num_cuenca": 8134, "muni_id": 44216, "xutm": 653261, "yutm": 4469420, "xutm30": 653261, "yutm30": 4469420, "long": -1.1142, "lat": 40.2138, "longwgs84": -1.1147, "latwgs84": 40.2134, "observ1": null, "xetrs89": 653152, "yetrs89": 4469211, "cod_saih": "3R02", "cuenca": "JUCAR", "rio": "turia", "regimen": "alterado", "sistema": "turia", "caudal": 1, "inicio": 1991.0, "fin": 2021.0, "url_link": "https://casadoj.github.io/CAMELS-ES/Jucar/Turia/plots/8096.html" }, "geometry": { "type": "Point", "coordinates": [ -1.196360962001996, 40.359412046926955 ] } },
{ "type": "Feature", "properties": { "indroea": 8097, "lugar": "MONTEMAYOR", "comentario": null, "serv": 1, "suprest": 90, "suprcnc": 119, "hoja_id": 815, "alti": 1010.0, "altimax": 1468.0, "naa": 30, "naam": 71, "naai": 54, "num_cuenca": 8056, "muni_id": 2022, "xutm": 567535, "yutm": 4286768, "xutm30": 567535, "yutm30": 4286768, "long": -2.1323, "lat": 38.4335, "longwgs84": -2.1328, "latwgs84": 38.4331, "observ1": null, "xetrs89": 567425, "yetrs89": 4286560, "cod_saih": "7A04", "cuenca": "JUCAR", "rio": "mirón", "regimen": "alterado", "sistema": "júcar", "caudal": 1, "inicio": 1991.0, "fin": 2021.0, "url_link": "https://casadoj.github.io/CAMELS-ES/Jucar/Júcar/plots/8097.html" }, "geometry": { "type": "Point", "coordinates": [ -2.224343540887258, 38.72512815009695 ] } },
{ "type": "Feature", "properties": { "indroea": 8099, "lugar": "ULLDECONA SALIDA EMBALSE", "comentario": null, "serv": 1, "suprest": 97, "suprcnc": 197, "hoja_id": 521, "alti": 435.0, "altimax": 1358.0, "naa": 30, "naam": 90, "naai": 44, "num_cuenca": 8220, "muni_id": 12093, "xutm": 266750, "yutm": 4506141, "xutm30": 773908, "yutm30": 4507530, "long": 0.1426, "lat": 40.4021, "longwgs84": 0.1421, "latwgs84": 40.4017, "observ1": null, "xetrs89": 773799, "yetrs89": 4507320, "cod_saih": "1E01", "cuenca": "JUCAR", "rio": "cenia", "regimen": "alterado", "sistema": "cenia - maestrazgo", "caudal": 1, "inicio": 1991.0, "fin": 2021.0, "url_link": "https://casadoj.github.io/CAMELS-ES/Jucar/Cenia - Maestrazgo/plots/8099.html" }, "geometry": { "type": "Point", "coordinates": [ 0.239275427829501, 40.67133294374203 ] } },
{ "type": "Feature", "properties": { "indroea": 8103, "lugar": "TORREALTA", "comentario": null, "serv": 1, "suprest": 3094, "suprcnc": 6394, "hoja_id": 612, "alti": 730.0, "altimax": 2024.0, "naa": 15, "naam": 17, "naai": 4, "num_cuenca": 8144, "muni_id": 46242, "xutm": 648545, "yutm": 4442258, "xutm30": 648545, "yutm30": 4442258, "long": -1.1525, "lat": 40.0701, "longwgs84": -1.153, "latwgs84": 40.0656, "observ1": null, "xetrs89": 648436, "yetrs89": 4442049, "cod_saih": "3A04", "cuenca": "JUCAR", "rio": "turia", "regimen": "alterado", "sistema": "turia", "caudal": 1, "inicio": 2006.0, "fin": 2021.0, "url_link": "https://casadoj.github.io/CAMELS-ES/Jucar/Turia/plots/8103.html" }, "geometry": { "type": "Point", "coordinates": [ -1.258156488958181, 40.115664280411302 ] } },
{ "type": "Feature", "properties": { "indroea": 8104, "lugar": "LOS SANTOS", "comentario": null, "serv": 1, "suprest": 241, "suprcnc": 245, "hoja_id": 612, "alti": 750.0, "altimax": null, "naa": 24, "naam": 33, "naai": 17, "num_cuenca": 8145, "muni_id": 46092, "xutm": 645963, "yutm": 4441366, "xutm30": 645963, "yutm30": 4441366, "long": -1.1715, "lat": 40.0633, "longwgs84": -1.1719, "latwgs84": 40.0629, "observ1": null, "xetrs89": 645854, "yetrs89": 4441157, "cod_saih": "3R01", "cuenca": "JUCAR", "rio": "ebrón", "regimen": "alterado", "sistema": "turia", "caudal": 1, "inicio": 1997.0, "fin": 2021.0, "url_link": "https://casadoj.github.io/CAMELS-ES/Jucar/Turia/plots/8104.html" }, "geometry": { "type": "Point", "coordinates": [ -1.288643860087173, 40.108082937707877 ] } },
{ "type": "Feature", "properties": { "indroea": 8107, "lugar": "ALARCON SALIDA EMBALSE", "comentario": null, "serv": 1, "suprest": 2918, "suprcnc": 21579, "hoja_id": 691, "alti": 750.0, "altimax": 1839.0, "naa": 30, "naam": 87, "naai": 47, "num_cuenca": 8048, "muni_id": 16003, "xutm": 576128, "yutm": 4379647, "xutm30": 576128, "yutm30": 4379647, "long": -2.065, "lat": 39.3345, "longwgs84": -2.0654, "latwgs84": 39.3341, "observ1": null, "xetrs89": 576018, "yetrs89": 4379439, "cod_saih": "4E02", "cuenca": "JUCAR", "rio": "júcar", "regimen": "alterado", "sistema": "júcar", "caudal": 1, "inicio": 1991.0, "fin": 2021.0, "url_link": "https://casadoj.github.io/CAMELS-ES/Jucar/Júcar/plots/8107.html" }, "geometry": { "type": "Point", "coordinates": [ -2.115083182022347, 39.561276940715793 ] } },
{ "type": "Feature", "properties": { "indroea": 8111, "lugar": "VALVERDE DE JUCAR", "comentario": "INT 2000                                                              ", "serv": 0, "suprest": 74, "suprcnc": 86, "hoja_id": 662, "alti": 820.0, "altimax": null, "naa": 9, "naam": 38, "naai": 28, "num_cuenca": 8996, "muni_id": 16236, "xutm": 568096, "yutm": 4399187, "xutm30": 568096, "yutm30": 4399187, "long": -2.1219, "lat": 39.4421, "longwgs84": -2.1224, "latwgs84": 39.4417, "observ1": null, "xetrs89": 567986, "yetrs89": 4398979, "cod_saih": null, "cuenca": "JUCAR", "rio": "albadalejo", "regimen": "natural", "sistema": "júcar", "caudal": 1, "inicio": 1991.0, "fin": 2000.0, "url_link": "https://casadoj.github.io/CAMELS-ES/Jucar/Júcar/plots/8111.html" }, "geometry": { "type": "Point", "coordinates": [ -2.206563982855583, 39.737996549962389 ] } },
{ "type": "Feature", "properties": { "indroea": 8112, "lugar": "COFRENTES", "comentario": null, "serv": 1, "suprest": 4694, "suprcnc": 4754, "hoja_id": 745, "alti": 326.0, "altimax": 1839.0, "naa": 30, "naam": 108, "naai": 58, "num_cuenca": 8097, "muni_id": 46097, "xutm": 664480, "yutm": 4347800, "xutm30": 664480, "yutm30": 4347800, "long": -1.0537, "lat": 39.1548, "longwgs84": -1.0542, "latwgs84": 39.1544, "observ1": null, "xetrs89": 664370, "yetrs89": 4347592, "cod_saih": "7A01", "cuenca": "JUCAR", "rio": "cabriel", "regimen": "alterado", "sistema": "júcar", "caudal": 1, "inicio": 1991.0, "fin": 2021.0, "url_link": "https://casadoj.github.io/CAMELS-ES/Jucar/Júcar/plots/8112.html" }, "geometry": { "type": "Point", "coordinates": [ -1.094803915519914, 39.262094400248117 ] } },
{ "type": "Feature", "properties": { "indroea": 8118, "lugar": "VALVERDE DE JUCAR", "comentario": "INT 2004                                                              ", "serv": 0, "suprest": 257, "suprcnc": 393, "hoja_id": 662, "alti": 820.0, "altimax": 1174.0, "naa": 12, "naam": 37, "naai": 36, "num_cuenca": 8047, "muni_id": 16903, "xutm": 568870, "yutm": 4399178, "xutm30": 568870, "yutm30": 4399178, "long": -2.1147, "lat": 39.4421, "longwgs84": -2.1151, "latwgs84": 39.4416, "observ1": null, "xetrs89": 568760, "yetrs89": 4398970, "cod_saih": null, "cuenca": "JUCAR", "rio": "gritos", "regimen": "natural", "sistema": "júcar", "caudal": 1, "inicio": 1991.0, "fin": 2003.0, "url_link": "https://casadoj.github.io/CAMELS-ES/Jucar/Júcar/plots/8118.html" }, "geometry": { "type": "Point", "coordinates": [ -2.197532723458635, 39.737853378326754 ] } },
{ "type": "Feature", "properties": { "indroea": 8119, "lugar": "SICHAR SALIDA EMBALSE", "comentario": null, "serv": 1, "suprest": 2490, "suprcnc": 4028, "hoja_id": 640, "alti": 160.0, "altimax": 2024.0, "naa": 30, "naam": 54, "naai": 37, "num_cuenca": 8194, "muni_id": 12084, "xutm": 736439, "yutm": 4431523, "xutm30": 736439, "yutm30": 4431523, "long": -0.1349, "lat": 40.0, "longwgs84": -0.1354, "latwgs84": 39.5956, "observ1": null, "xetrs89": 736329, "yetrs89": 4431314, "cod_saih": "1E09", "cuenca": "JUCAR", "rio": "mijares", "regimen": "alterado", "sistema": "mijares-plana de castellon", "caudal": 1, "inicio": 1991.0, "fin": 2021.0, "url_link": "https://casadoj.github.io/CAMELS-ES/Jucar/Mijares-Plana De Castellon/plots/8119.html" }, "geometry": { "type": "Point", "coordinates": [ -0.231605964690655, 39.998967016650383 ] } },
{ "type": "Feature", "properties": { "indroea": 8120, "lugar": "CALLES", "comentario": null, "serv": 1, "suprest": 430, "suprcnc": 430, "hoja_id": 666, "alti": 350.0, "altimax": null, "naa": 4, "naam": 15, "naai": 2, "num_cuenca": 8155, "muni_id": 46079, "xutm": 675354, "yutm": 4398728, "xutm30": 675354, "yutm30": 4398728, "long": -0.5716, "lat": 39.4311, "longwgs84": -0.5722, "latwgs84": 39.4306, "observ1": null, "xetrs89": 675244, "yetrs89": 4398519, "cod_saih": "6A02", "cuenca": "JUCAR", "rio": "tuéjar", "regimen": "natural", "sistema": "turia", "caudal": 1, "inicio": 2017.0, "fin": 2021.0, "url_link": "https://casadoj.github.io/CAMELS-ES/Jucar/Turia/plots/8120.html" }, "geometry": { "type": "Point", "coordinates": [ -0.955443690416212, 39.718556501511593 ] } },
{ "type": "Feature", "properties": { "indroea": 8126, "lugar": "VENTA DE JUAN ROMERO", "comentario": null, "serv": 1, "suprest": 250, "suprcnc": 21579, "hoja_id": 588, "alti": 1170.0, "altimax": 1839.0, "naa": 13, "naam": 44, "naai": 25, "num_cuenca": 8036, "muni_id": 16078, "xutm": 598106, "yutm": 4453242, "xutm30": 598106, "yutm30": 4453242, "long": -1.505, "lat": 40.1323, "longwgs84": -1.5055, "latwgs84": 40.1319, "observ1": null, "xetrs89": 597997, "yetrs89": 4453033, "cod_saih": "5A04   ", "cuenca": "JUCAR", "rio": "júcar", "regimen": "natural", "sistema": "júcar", "caudal": 1, "inicio": 2008.0, "fin": 2021.0, "url_link": "https://casadoj.github.io/CAMELS-ES/Jucar/Júcar/plots/8126.html" }, "geometry": { "type": "Point", "coordinates": [ -1.848226911382553, 40.221994425973037 ] } },
{ "type": "Feature", "properties": { "indroea": 8129, "lugar": "PICAZO, EL", "comentario": null, "serv": 1, "suprest": 3248, "suprcnc": 21579, "hoja_id": 717, "alti": 692.0, "altimax": 1839.0, "naa": 30, "naam": 54, "naai": 38, "num_cuenca": 8050, "muni_id": 16158, "xutm": 578738, "yutm": 4368808, "xutm30": 578738, "yutm30": 4368808, "long": -2.0505, "lat": 39.2753, "longwgs84": -2.051, "latwgs84": 39.2748, "observ1": null, "xetrs89": 578628, "yetrs89": 4368600, "cod_saih": "4L01", "cuenca": "JUCAR", "rio": "júcar", "regimen": "alterado", "sistema": "júcar", "caudal": 1, "inicio": 1991.0, "fin": 2021.0, "url_link": "https://casadoj.github.io/CAMELS-ES/Jucar/Júcar/plots/8129.html" }, "geometry": { "type": "Point", "coordinates": [ -2.085984646863896, 39.463388632778084 ] } },
{ "type": "Feature", "properties": { "indroea": 8130, "lugar": "CONTRERAS SALIDA EMBALSE", "comentario": null, "serv": 1, "suprest": 3390, "suprcnc": 4754, "hoja_id": 693, "alti": 560.0, "altimax": 1839.0, "naa": 30, "naam": 36, "naai": 20, "num_cuenca": 8089, "muni_id": 46259, "xutm": 628530, "yutm": 4376910, "xutm30": 628530, "yutm30": 4376910, "long": -1.3016, "lat": 39.3154, "longwgs84": -1.3021, "latwgs84": 39.3149, "observ1": null, "xetrs89": 628420, "yetrs89": 4376702, "cod_saih": "5E01", "cuenca": "JUCAR", "rio": "cabriel", "regimen": "alterado", "sistema": "júcar", "caudal": 1, "inicio": 1991.0, "fin": 2021.0, "url_link": "https://casadoj.github.io/CAMELS-ES/Jucar/Júcar/plots/8130.html" }, "geometry": { "type": "Point", "coordinates": [ -1.5057615204225, 39.530379317463492 ] } },
{ "type": "Feature", "properties": { "indroea": 8134, "lugar": "ARENOS ENTRADA E. (C.E. LOS CANTOS)", "comentario": null, "serv": 1, "suprest": 1396, "suprcnc": 4028, "hoja_id": 614, "alti": 602.0, "altimax": null, "naa": 30, "naam": 32, "naai": 14, "num_cuenca": 8184, "muni_id": 12092, "xutm": 704144, "yutm": 4443552, "xutm30": 704144, "yutm30": 4443552, "long": -0.3616, "lat": 40.0701, "longwgs84": -0.3622, "latwgs84": 40.0657, "observ1": null, "xetrs89": 704034, "yetrs89": 4443343, "cod_saih": "2E02", "cuenca": "JUCAR", "rio": "mijares", "regimen": "alterado", "sistema": "mijares-plana de castellon", "caudal": 1, "inicio": 1991.0, "fin": 2021.0, "url_link": "https://casadoj.github.io/CAMELS-ES/Jucar/Mijares-Plana De Castellon/plots/8134.html" }, "geometry": { "type": "Point", "coordinates": [ -0.605789955542343, 40.115667925003777 ] } },
{ "type": "Feature", "properties": { "indroea": 8137, "lugar": "TIRIEZ", "comentario": null, "serv": 1, "suprest": 217, "suprcnc": 628, "hoja_id": 789, "alti": 810.0, "altimax": null, "naa": 30, "naam": 53, "naai": 34, "num_cuenca": 8999, "muni_id": 2043, "xutm": 564838, "yutm": 4305716, "xutm30": 564838, "yutm30": 4305716, "long": -2.1508, "lat": 38.535, "longwgs84": -2.1514, "latwgs84": 38.5346, "observ1": null, "xetrs89": 564728, "yetrs89": 4305508, "cod_saih": "7P16", "cuenca": "JUCAR", "rio": "lezuza", "regimen": "alterado", "sistema": "júcar", "caudal": 1, "inicio": 1991.0, "fin": 2021.0, "url_link": "https://casadoj.github.io/CAMELS-ES/Jucar/Júcar/plots/8137.html" }, "geometry": { "type": "Point", "coordinates": [ -2.253587585370329, 38.896068123968668 ] } },
{ "type": "Feature", "properties": { "indroea": 8138, "lugar": "BALAZOTE", "comentario": null, "serv": 1, "suprest": 792, "suprcnc": 2821, "hoja_id": 790, "alti": 742.0, "altimax": 1522.0, "naa": 30, "naam": 53, "naai": 34, "num_cuenca": 8057, "muni_id": 2012, "xutm": 576498, "yutm": 4306504, "xutm30": 576498, "yutm30": 4306504, "long": -2.0704, "lat": 38.5412, "longwgs84": -2.0709, "latwgs84": 38.5408, "observ1": null, "xetrs89": 576388, "yetrs89": 4306296, "cod_saih": "7P03", "cuenca": "JUCAR", "rio": "arquillo", "regimen": "alterado", "sistema": "júcar", "caudal": 1, "inicio": 1991.0, "fin": 2021.0, "url_link": "https://casadoj.github.io/CAMELS-ES/Jucar/Júcar/plots/8138.html" }, "geometry": { "type": "Point", "coordinates": [ -2.11905596668282, 38.902231480780387 ] } },
{ "type": "Feature", "properties": { "indroea": 8139, "lugar": "VILLORA", "comentario": null, "serv": 1, "suprest": 1255, "suprcnc": 4754, "hoja_id": 664, "alti": 797.0, "altimax": 1839.0, "naa": 30, "naam": 52, "naai": 28, "num_cuenca": 8079, "muni_id": 16274, "xutm": 617080, "yutm": 4399850, "xutm30": 617080, "yutm30": 4399850, "long": -1.3801, "lat": 39.4423, "longwgs84": -1.3806, "latwgs84": 39.4419, "observ1": null, "xetrs89": 616970, "yetrs89": 4399642, "cod_saih": "5R01", "cuenca": "JUCAR", "rio": "cabriel", "regimen": "alterado", "sistema": "júcar", "caudal": 1, "inicio": 1991.0, "fin": 2021.0, "url_link": "https://casadoj.github.io/CAMELS-ES/Jucar/Júcar/plots/8139.html" }, "geometry": { "type": "Point", "coordinates": [ -1.634895143704892, 39.738654683312753 ] } },
{ "type": "Feature", "properties": { "indroea": 8140, "lugar": "HUERCEMES", "comentario": null, "serv": 1, "suprest": 761, "suprcnc": 987, "hoja_id": 664, "alti": 790.0, "altimax": null, "naa": 18, "naam": 47, "naai": 31, "num_cuenca": 8080, "muni_id": 16150, "xutm": 611155, "yutm": 4397730, "xutm30": 611155, "yutm30": 4397730, "long": -1.4211, "lat": 39.4318, "longwgs84": -1.4216, "latwgs84": 39.4313, "observ1": null, "xetrs89": 611045, "yetrs89": 4397522, "cod_saih": "4R03", "cuenca": "JUCAR", "rio": "guadazaón", "regimen": "natural", "sistema": "júcar", "caudal": 1, "inicio": 2003.0, "fin": 2021.0, "url_link": "https://casadoj.github.io/CAMELS-ES/Jucar/Júcar/plots/8140.html" }, "geometry": { "type": "Point", "coordinates": [ -1.704383680178074, 39.720350386416406 ] } },
{ "type": "Feature", "properties": { "indroea": 8141, "lugar": "VILLORA", "comentario": null, "serv": 1, "suprest": 74, "suprcnc": 103, "hoja_id": 664, "alti": 802.0, "altimax": null, "naa": 30, "naam": 47, "naai": 33, "num_cuenca": 8084, "muni_id": 16274, "xutm": 622491, "yutm": 4401285, "xutm30": 622491, "yutm30": 4401285, "long": -1.3413, "lat": 39.4507, "longwgs84": -1.3418, "latwgs84": 39.4503, "observ1": null, "xetrs89": 622381, "yetrs89": 4401077, "cod_saih": "4R02", "cuenca": "JUCAR", "rio": "martín", "regimen": "natural", "sistema": "júcar", "caudal": 1, "inicio": 1991.0, "fin": 2021.0, "url_link": "https://casadoj.github.io/CAMELS-ES/Jucar/Júcar/plots/8141.html" }, "geometry": { "type": "Point", "coordinates": [ -1.571496880542119, 39.750820610329306 ] } },
{ "type": "Feature", "properties": { "indroea": 8144, "lugar": "ALCALA DEL JUCAR", "comentario": null, "serv": 1, "suprest": 10785, "suprcnc": 21579, "hoja_id": 744, "alti": 520.0, "altimax": null, "naa": 30, "naam": 71, "naai": 24, "num_cuenca": 8066, "muni_id": 2007, "xutm": 636090, "yutm": 4340000, "xutm30": 636090, "yutm30": 4340000, "long": -1.2527, "lat": 39.1153, "longwgs84": -1.2531, "latwgs84": 39.1148, "observ1": null, "xetrs89": 635980, "yetrs89": 4339792, "cod_saih": "7R01", "cuenca": "JUCAR", "rio": "júcar", "regimen": "alterado", "sistema": "júcar", "caudal": 1, "inicio": 1991.0, "fin": 2021.0, "url_link": "https://casadoj.github.io/CAMELS-ES/Jucar/Júcar/plots/8144.html" }, "geometry": { "type": "Point", "coordinates": [ -1.425312396530861, 39.19675355431427 ] } },
{ "type": "Feature", "properties": { "indroea": 8145, "lugar": "ARENOS SALIDA EMBALSE", "comentario": null, "serv": 1, "suprest": 1430, "suprcnc": 4028, "hoja_id": 614, "alti": 490.0, "altimax": null, "naa": 30, "naam": 37, "naai": 23, "num_cuenca": 8184, "muni_id": 12079, "xutm": 709874, "yutm": 4440549, "xutm30": 709874, "yutm30": 4440549, "long": -0.3218, "lat": 40.0518, "longwgs84": -0.3223, "latwgs84": 40.0514, "observ1": null, "xetrs89": 709764, "yetrs89": 4440340, "cod_saih": "2E02", "cuenca": "JUCAR", "rio": "mijares", "regimen": "alterado", "sistema": "mijares-plana de castellon", "caudal": 1, "inicio": 1991.0, "fin": 2021.0, "url_link": "https://casadoj.github.io/CAMELS-ES/Jucar/Mijares-Plana De Castellon/plots/8145.html" }, "geometry": { "type": "Point", "coordinates": [ -0.539584299375452, 40.087227918382396 ] } },
{ "type": "Feature", "properties": { "indroea": 8147, "lugar": "LORIGUILLA SALIDA EMBALSE", "comentario": null, "serv": 1, "suprest": 4978, "suprcnc": 6394, "hoja_id": 694, "alti": 252.0, "altimax": null, "naa": 30, "naam": 43, "naai": 27, "num_cuenca": 8156, "muni_id": 46112, "xutm": 679775, "yutm": 4392667, "xutm30": 679775, "yutm30": 4392667, "long": -0.5416, "lat": 39.3951, "longwgs84": -0.542, "latwgs84": 39.3947, "observ1": null, "xetrs89": 679665, "yetrs89": 4392458, "cod_saih": "6E02", "cuenca": "JUCAR", "rio": "turia", "regimen": "alterado", "sistema": "turia", "caudal": 1, "inicio": 1991.0, "fin": 2021.0, "url_link": "https://casadoj.github.io/CAMELS-ES/Jucar/Turia/plots/8147.html" }, "geometry": { "type": "Point", "coordinates": [ -0.905546845627738, 39.663062183467844 ] } },
{ "type": "Feature", "properties": { "indroea": 8148, "lugar": "JERICA", "comentario": null, "serv": 1, "suprest": 327, "suprcnc": 911, "hoja_id": 639, "alti": 410.0, "altimax": null, "naa": 14, "naam": 16, "naai": 3, "num_cuenca": 8168, "muni_id": 12071, "xutm": 709973, "yutm": 4419100, "xutm30": 709973, "yutm30": 4419100, "long": -0.3239, "lat": 39.5343, "longwgs84": -0.3245, "latwgs84": 39.5338, "observ1": null, "xetrs89": 709863, "yetrs89": 4418891, "cod_saih": "0E01", "cuenca": "JUCAR", "rio": "palancia", "regimen": "natural", "sistema": "palancia y los valles", "caudal": 1, "inicio": 2007.0, "fin": 2021.0, "url_link": "https://casadoj.github.io/CAMELS-ES/Jucar/Palancia Y Los Valles/plots/8148.html" }, "geometry": { "type": "Point", "coordinates": [ -0.545349189327766, 39.894129913543424 ] } },
{ "type": "Feature", "properties": { "indroea": 8149, "lugar": "GEA DE ALBARRACIN", "comentario": null, "serv": 1, "suprest": 736, "suprcnc": 6394, "hoja_id": 566, "alti": 993.0, "altimax": null, "naa": 12, "naam": 14, "naai": 1, "num_cuenca": 8134, "muni_id": 44117, "xutm": 645187, "yutm": 4473105, "xutm30": 645187, "yutm30": 4473105, "long": -1.1722, "lat": 40.2343, "longwgs84": -1.1726, "latwgs84": 40.2339, "observ1": null, "xetrs89": 645078, "yetrs89": 4472896, "cod_saih": "3A05", "cuenca": "JUCAR", "rio": "turia", "regimen": "natural", "sistema": "turia", "caudal": 1, "inicio": 2009.0, "fin": 2021.0, "url_link": "https://casadoj.github.io/CAMELS-ES/Jucar/Turia/plots/8149.html" }, "geometry": { "type": "Point", "coordinates": [ -1.290566888219274, 40.394039776511818 ] } },
{ "type": "Feature", "properties": { "indroea": 8151, "lugar": "CALLOSA DE ENSARRIA", "comentario": null, "serv": 1, "suprest": 30, "suprcnc": 31, "hoja_id": 848, "alti": 120.0, "altimax": null, "naa": 11, "naam": 46, "naai": 28, "num_cuenca": 8994, "muni_id": 3048, "xutm": 752547, "yutm": 4283275, "xutm30": 752547, "yutm30": 4283275, "long": -0.0551, "lat": 38.3941, "longwgs84": -0.0555, "latwgs84": 38.3937, "observ1": null, "xetrs89": 752437, "yetrs89": 4283067, "cod_saih": "8L01", "cuenca": "JUCAR", "rio": "bolulla", "regimen": "natural", "sistema": "marina baja", "caudal": 1, "inicio": 2010.0, "fin": 2021.0, "url_link": "https://casadoj.github.io/CAMELS-ES/Jucar/Marina Baja/plots/8151.html" }, "geometry": { "type": "Point", "coordinates": [ -0.098845683897911, 38.660226082364915 ] } },
{ "type": "Feature", "properties": { "indroea": 8153, "lugar": "AZUD DE LA MARQUESA", "comentario": null, "serv": 1, "suprest": 21561, "suprcnc": 21579, "hoja_id": 747, "alti": 9.0, "altimax": null, "naa": 8, "naam": 9, "naai": 0, "num_cuenca": 8126, "muni_id": 46105, "xutm": 736164, "yutm": 4340228, "xutm30": 736164, "yutm30": 4340228, "long": -0.1558, "lat": 39.1043, "longwgs84": -0.1602, "latwgs84": 39.1039, "observ1": null, "xetrs89": 736054, "yetrs89": 4340019, "cod_saih": null, "cuenca": "JUCAR", "rio": "júcar", "regimen": "desconocido", "sistema": "júcar", "caudal": 1, "inicio": 2013.0, "fin": 2021.0, "url_link": "https://casadoj.github.io/CAMELS-ES/Jucar/Júcar/plots/8153.html" }, "geometry": { "type": "Point", "coordinates": [ -0.267318163728381, 39.177384186184256 ] } },
{ "type": "Feature", "properties": { "indroea": 8154, "lugar": "AZUD DE LA MARQUESA (CANAL)", "comentario": null, "serv": 1, "suprest": 21561, "suprcnc": 21579, "hoja_id": 747, "alti": 9.0, "altimax": null, "naa": 7, "naam": 9, "naai": 0, "num_cuenca": 8126, "muni_id": 46105, "xutm": 736275, "yutm": 4340090, "xutm30": 736275, "yutm30": 4340090, "long": -0.1554, "lat": 39.1038, "longwgs84": -0.1558, "latwgs84": 39.1034, "observ1": null, "xetrs89": 736165, "yetrs89": 4339881, "cod_saih": null, "cuenca": "JUCAR", "rio": "júcar", "regimen": "desconocido", "sistema": "júcar", "caudal": 1, "inicio": 2014.0, "fin": 2021.0, "url_link": "https://casadoj.github.io/CAMELS-ES/Jucar/Júcar/plots/8154.html" }, "geometry": { "type": "Point", "coordinates": [ -0.266082677894692, 39.176111943266065 ] } },
{ "type": "Feature", "properties": { "indroea": 1603, "lugar": "REGUNTILLE", "comentario": null, "serv": 1, "suprest": 95, "suprcnc": 138, "hoja_id": 48, "alti": 453.0, "altimax": null, "naa": 13, "naam": 14, "naai": 0, "num_cuenca": 1375, "muni_id": 27010, "xutm": 632252, "yutm": 4781377, "xutm30": 144529, "yutm30": 4789383, "long": -7.2223, "lat": 43.1022, "longwgs84": -7.2228, "latwgs84": 43.1018, "observ1": "LOS DATOS DE 2007-08 Y 2009-10 SON PROVISIONALES PENDIENTES DE REVISION                             ", "xetrs89": 144418, "yetrs89": 4789178, "cod_saih": "A002", "cuenca": "MIÑO-SIL", "rio": "azúmara", "regimen": "natural", "sistema": "miño alto", "caudal": 1, "inicio": 2008.0, "fin": 2021.0, "url_link": "https://casadoj.github.io/CAMELS-ES/Miño-Sil/Miño Alto/plots/1603.html" }, "geometry": { "type": "Point", "coordinates": [ -7.37444728009532, 43.171694036038737 ] } },
{ "type": "Feature", "properties": { "indroea": 1605, "lugar": "PONTEVILAR", "comentario": null, "serv": 1, "suprest": 754, "suprcnc": 17026, "hoja_id": 47, "alti": 398.0, "altimax": null, "naa": 13, "naam": 14, "naai": 0, "num_cuenca": 1378, "muni_id": 27010, "xutm": 618164, "yutm": 4780706, "xutm30": 130409, "yutm30": 4789723, "long": -7.3247, "lat": 43.1009, "longwgs84": -7.3252, "latwgs84": 43.1005, "observ1": "LOS DATOS DE 2007-08 SON PROVISIONALES PENDIENTES DE REVISION                                       ", "xetrs89": 130298, "yetrs89": 4789518, "cod_saih": "A003", "cuenca": "MIÑO-SIL", "rio": "miño", "regimen": "natural", "sistema": "miño alto", "caudal": 1, "inicio": 2008.0, "fin": 2021.0, "url_link": "https://casadoj.github.io/CAMELS-ES/Miño-Sil/Miño Alto/plots/1605.html" }, "geometry": { "type": "Point", "coordinates": [ -7.547855572477816, 43.16797997881293 ] } },
{ "type": "Feature", "properties": { "indroea": 1607, "lugar": "CELA (MARGEN DERECHA)", "comentario": null, "serv": 1, "suprest": 999, "suprcnc": 17026, "hoja_id": 72, "alti": 382.0, "altimax": null, "naa": 16, "naam": 48, "naai": 20, "num_cuenca": 1382, "muni_id": 27039, "xutm": 613609, "yutm": 4777438, "xutm30": 125624, "yutm30": 4786785, "long": -7.3611, "lat": 43.0825, "longwgs84": -7.3616, "latwgs84": 43.0821, "observ1": "DATOS MODIFICADOS 2002-03 (ANUARIO 13-14)                                                           ", "xetrs89": 125513, "yetrs89": 4786579, "cod_saih": "A004D", "cuenca": "MIÑO-SIL", "rio": "miño", "regimen": "natural", "sistema": "miño alto", "caudal": 1, "inicio": 2005.0, "fin": 2021.0, "url_link": "https://casadoj.github.io/CAMELS-ES/Miño-Sil/Miño Alto/plots/1607.html" }, "geometry": { "type": "Point", "coordinates": [ -7.604547486291175, 43.139247947943282 ] } },
{ "type": "Feature", "properties": { "indroea": 1608, "lugar": "CELA (MARGEN IZQUIERDA)", "comentario": null, "serv": 1, "suprest": 999, "suprcnc": 17026, "hoja_id": 72, "alti": 382.0, "altimax": null, "naa": 13, "naam": 48, "naai": 20, "num_cuenca": 1382, "muni_id": 27007, "xutm": 613944, "yutm": 4777395, "xutm30": 125956, "yutm30": 4786718, "long": -7.3556, "lat": 43.0824, "longwgs84": -7.3602, "latwgs84": 43.082, "observ1": null, "xetrs89": 125845, "yetrs89": 4786512, "cod_saih": "A004I", "cuenca": "MIÑO-SIL", "rio": "miño", "regimen": "natural", "sistema": "miño alto", "caudal": 1, "inicio": 2008.0, "fin": 2021.0, "url_link": "https://casadoj.github.io/CAMELS-ES/Miño-Sil/Miño Alto/plots/1608.html" }, "geometry": { "type": "Point", "coordinates": [ -7.600433053547776, 43.13881060409085 ] } },
{ "type": "Feature", "properties": { "indroea": 1617, "lugar": "GUITIRIZ", "comentario": null, "serv": 1, "suprest": 301, "suprcnc": 331, "hoja_id": 47, "alti": 406.0, "altimax": 758.0, "naa": 12, "naam": 50, "naai": 16, "num_cuenca": 1386, "muni_id": 27022, "xutm": 598167, "yutm": 4780846, "xutm30": 110441, "yutm30": 4791298, "long": -7.4732, "lat": 43.1024, "longwgs84": -7.4738, "latwgs84": 43.1019, "observ1": "LOS DATOS DE 2008-09 SON PROVISIONALES PENDIENTES DE REVISION                                       ", "xetrs89": 110329, "yetrs89": 4791092, "cod_saih": "A007", "cuenca": "MIÑO-SIL", "rio": "parga", "regimen": "natural", "sistema": "miño alto", "caudal": 1, "inicio": 2009.0, "fin": 2021.0, "url_link": "https://casadoj.github.io/CAMELS-ES/Miño-Sil/Miño Alto/plots/1617.html" }, "geometry": { "type": "Point", "coordinates": [ -7.793788783385575, 43.172088296903922 ] } },
{ "type": "Feature", "properties": { "indroea": 1619, "lugar": "BEGONTE", "comentario": null, "serv": 1, "suprest": 843, "suprcnc": 887, "hoja_id": 72, "alti": 395.0, "altimax": 905.0, "naa": 15, "naam": 52, "naai": 26, "num_cuenca": 1387, "muni_id": 27007, "xutm": 606634, "yutm": 4778362, "xutm30": 118722, "yutm30": 4788209, "long": -7.4119, "lat": 43.0859, "longwgs84": -7.4124, "latwgs84": 43.0855, "observ1": "DATOS DE 2008-09 PROVISIONALES PENDIENTES DE REVISION. DATOS MODIFICADOS 1999-00 (ANUARIO 13-14)    ", "xetrs89": 118611, "yetrs89": 4788003, "cod_saih": "A008", "cuenca": "MIÑO-SIL", "rio": "ladra", "regimen": "natural", "sistema": "miño alto", "caudal": 1, "inicio": 2006.0, "fin": 2021.0, "url_link": "https://casadoj.github.io/CAMELS-ES/Miño-Sil/Miño Alto/plots/1619.html" }, "geometry": { "type": "Point", "coordinates": [ -7.690114951314142, 43.148585057674929 ] } },
{ "type": "Feature", "properties": { "indroea": 1620, "lugar": "GONDAY", "comentario": null, "serv": 1, "suprest": 192, "suprcnc": 206, "hoja_id": 72, "alti": 386.0, "altimax": null, "naa": 13, "naam": 14, "naai": 0, "num_cuenca": 1389, "muni_id": 27039, "xutm": 610318, "yutm": 4769335, "xutm30": 121755, "yutm30": 4778926, "long": -7.3842, "lat": 43.0405, "longwgs84": -7.3848, "latwgs84": 43.04, "observ1": "LOS DATOS DE 2007-08 SON PROVISIONALES PENDIENTES DE REVISION                                       ", "xetrs89": 121644, "yetrs89": 4778720, "cod_saih": "A009", "cuenca": "MIÑO-SIL", "rio": "narla", "regimen": "natural", "sistema": "miño alto", "caudal": 1, "inicio": 2008.0, "fin": 2021.0, "url_link": "https://casadoj.github.io/CAMELS-ES/Miño-Sil/Miño Alto/plots/1620.html" }, "geometry": { "type": "Point", "coordinates": [ -7.64661724124192, 43.066789286037533 ] } },
{ "type": "Feature", "properties": { "indroea": 1621, "lugar": "LUGO", "comentario": "INT 2009                                                              ", "serv": 0, "suprest": 2303, "suprcnc": 17026, "hoja_id": 72, "alti": 362.0, "altimax": 1029.0, "naa": 11, "naam": 94, "naai": 1, "num_cuenca": 1390, "muni_id": 27028, "xutm": 617210, "yutm": 4762241, "xutm30": 128133, "yutm30": 4771346, "long": -7.3343, "lat": 43.0011, "longwgs84": -7.3348, "latwgs84": 43.0007, "observ1": null, "xetrs89": 128022, "yetrs89": 4771140, "cod_saih": null, "cuenca": "MIÑO-SIL", "rio": "miño", "regimen": "natural", "sistema": "miño alto", "caudal": 1, "inicio": 1997.0, "fin": 2008.0, "url_link": "https://casadoj.github.io/CAMELS-ES/Miño-Sil/Miño Alto/plots/1621.html" }, "geometry": { "type": "Point", "coordinates": [ -7.563478972975635, 43.001898754607318 ] } },
{ "type": "Feature", "properties": { "indroea": 1622, "lugar": "LUGO", "comentario": null, "serv": 1, "suprest": 2210, "suprcnc": 17026, "hoja_id": 72, "alti": 378.0, "altimax": null, "naa": 12, "naam": 14, "naai": 0, "num_cuenca": 1390, "muni_id": 27028, "xutm": 615201, "yutm": 4764737, "xutm30": 126304, "yutm30": 4773983, "long": -7.351, "lat": 43.0133, "longwgs84": -7.3515, "latwgs84": 43.0129, "observ1": null, "xetrs89": 126193, "yetrs89": 4773777, "cod_saih": "N001", "cuenca": "MIÑO-SIL", "rio": "miño", "regimen": "desconocido", "sistema": "miño alto", "caudal": 1, "inicio": 2009.0, "fin": 2021.0, "url_link": "https://casadoj.github.io/CAMELS-ES/Miño-Sil/Miño Alto/plots/1622.html" }, "geometry": { "type": "Point", "coordinates": [ -7.587612540170191, 43.024672998608835 ] } },
{ "type": "Feature", "properties": { "indroea": 1624, "lugar": "PARAMO, EL", "comentario": null, "serv": 1, "suprest": 831, "suprcnc": 831, "hoja_id": 97, "alti": 355.0, "altimax": null, "naa": 13, "naam": 14, "naai": 0, "num_cuenca": 1401, "muni_id": 27043, "xutm": 620399, "yutm": 4747858, "xutm30": 130291, "yutm30": 4756750, "long": -7.3134, "lat": 42.5223, "longwgs84": -7.3139, "latwgs84": 42.5219, "observ1": "LOS DATOS DE 2007-08 Y 2008-09 SON PROVISIONALES PENDIENTES DE REVISION                             ", "xetrs89": 130180, "yetrs89": 4756544, "cod_saih": "A015", "cuenca": "MIÑO-SIL", "rio": "neira", "regimen": "natural", "sistema": "miño alto", "caudal": 1, "inicio": 2008.0, "fin": 2021.0, "url_link": "https://casadoj.github.io/CAMELS-ES/Miño-Sil/Miño Alto/plots/1624.html" }, "geometry": { "type": "Point", "coordinates": [ -7.527456116426355, 42.871922304902476 ] } },
{ "type": "Feature", "properties": { "indroea": 1625, "lugar": "SARRIA", "comentario": null, "serv": 1, "suprest": 160, "suprcnc": 309, "hoja_id": 124, "alti": 438.0, "altimax": null, "naa": 12, "naam": 14, "naai": 0, "num_cuenca": 1396, "muni_id": 27057, "xutm": 630046, "yutm": 4737351, "xutm30": 139178, "yutm30": 4745567, "long": -7.2437, "lat": 42.4637, "longwgs84": -7.2443, "latwgs84": 42.4633, "observ1": "LOS DATOS DE 2008-09 Y 2009-10 SON PROVISIONALES PENDIENTES DE REVISION                             ", "xetrs89": 139067, "yetrs89": 4745361, "cod_saih": "N002", "cuenca": "MIÑO-SIL", "rio": "sarria", "regimen": "desconocido", "sistema": "miño alto", "caudal": 1, "inicio": 2009.0, "fin": 2021.0, "url_link": "https://casadoj.github.io/CAMELS-ES/Miño-Sil/Miño Alto/plots/1625.html" }, "geometry": { "type": "Point", "coordinates": [ -7.411818333122111, 42.775761642950684 ] } },
{ "type": "Feature", "properties": { "indroea": 1626, "lugar": "SARRIA", "comentario": "INT 2009                                                              ", "serv": 0, "suprest": 129, "suprcnc": 309, "hoja_id": 124, "alti": 443.0, "altimax": 1463.0, "naa": 17, "naam": 40, "naai": 30, "num_cuenca": 1396, "muni_id": 27057, "xutm": 632315, "yutm": 4735195, "xutm30": 141291, "yutm30": 4743252, "long": -7.2259, "lat": 42.4526, "longwgs84": -7.2304, "latwgs84": 42.4521, "observ1": null, "xetrs89": 141180, "yetrs89": 4743046, "cod_saih": null, "cuenca": "MIÑO-SIL", "rio": "sarria", "regimen": "natural", "sistema": "miño alto", "caudal": 1, "inicio": 1991.0, "fin": 2008.0, "url_link": "https://casadoj.github.io/CAMELS-ES/Miño-Sil/Miño Alto/plots/1626.html" }, "geometry": { "type": "Point", "coordinates": [ -7.384595297197669, 42.755966362729346 ] } },
{ "type": "Feature", "properties": { "indroea": 1628, "lugar": "PUEBLA DE SAN JULIAN", "comentario": null, "serv": 1, "suprest": 307, "suprcnc": 309, "hoja_id": 98, "alti": 376.0, "altimax": null, "naa": 12, "naam": 14, "naai": 0, "num_cuenca": 1398, "muni_id": 27043, "xutm": 627324, "yutm": 4746606, "xutm30": 137119, "yutm30": 4755005, "long": -7.2629, "lat": 42.5138, "longwgs84": -7.2635, "latwgs84": 42.5134, "observ1": "LOS DATOS DE 2008-09 SON PROVISIONALES PENDIENTES DE REVISION                                       ", "xetrs89": 137008, "yetrs89": 4754799, "cod_saih": "A014", "cuenca": "MIÑO-SIL", "rio": "sarria", "regimen": "natural", "sistema": "miño alto", "caudal": 1, "inicio": 2009.0, "fin": 2021.0, "url_link": "https://casadoj.github.io/CAMELS-ES/Miño-Sil/Miño Alto/plots/1628.html" }, "geometry": { "type": "Point", "coordinates": [ -7.442987356713393, 42.859527427303654 ] } },
{ "type": "Feature", "properties": { "indroea": 1631, "lugar": "ORENSE", "comentario": null, "serv": 1, "suprest": 12958, "suprcnc": 17026, "hoja_id": 187, "alti": 95.0, "altimax": null, "naa": 10, "naam": 12, "naai": 0, "num_cuenca": 1471, "muni_id": 32054, "xutm": 592726, "yutm": 4688980, "xutm30": 98459, "yutm30": 4699886, "long": -7.5227, "lat": 42.2049, "longwgs84": -7.5233, "latwgs84": 42.2044, "observ1": "DATOS 2013-14 NO EXISTE RELACION DIRECTA Y UNIVOCA ENTRE VARIABLES DE ALTURA Y CAUDAL               ", "xetrs89": 98348, "yetrs89": 4699679, "cod_saih": "N010", "cuenca": "MIÑO-SIL", "rio": "miño", "regimen": "desconocido", "sistema": "bajo miño", "caudal": 1, "inicio": 2011.0, "fin": 2021.0, "url_link": "https://casadoj.github.io/CAMELS-ES/Miño-Sil/Bajo Miño/plots/1631.html" }, "geometry": { "type": "Point", "coordinates": [ -7.875764207102889, 42.345632392654785 ] } },
{ "type": "Feature", "properties": { "indroea": 1638, "lugar": "CARBALLINO", "comentario": null, "serv": 1, "suprest": 133, "suprcnc": 184, "hoja_id": 187, "alti": 378.0, "altimax": null, "naa": 13, "naam": 14, "naai": 0, "num_cuenca": 1479, "muni_id": 32019, "xutm": 575683, "yutm": 4698887, "xutm30": 82126, "yutm30": 4710994, "long": -8.0447, "lat": 42.2616, "longwgs84": -8.0453, "latwgs84": 42.2612, "observ1": "LOS DATOS DE 2007-08 SON PROVISIONALES PENDIENTES DE REVISION                                       ", "xetrs89": 82014, "yetrs89": 4710787, "cod_saih": "A037", "cuenca": "MIÑO-SIL", "rio": "arenteiro", "regimen": "natural", "sistema": "bajo miño", "caudal": 1, "inicio": 2008.0, "fin": 2021.0, "url_link": "https://casadoj.github.io/CAMELS-ES/Miño-Sil/Bajo Miño/plots/1638.html" }, "geometry": { "type": "Point", "coordinates": [ -8.081358702237834, 42.436686528406227 ] } },
{ "type": "Feature", "properties": { "indroea": 1639, "lugar": "LEIRO", "comentario": null, "serv": 1, "suprest": 575, "suprcnc": 671, "hoja_id": 187, "alti": 83.0, "altimax": null, "naa": 10, "naam": 14, "naai": 0, "num_cuenca": 1480, "muni_id": 32040, "xutm": 572673, "yutm": 4691749, "xutm30": 78612, "yutm30": 4704072, "long": -8.0702, "lat": 42.2226, "longwgs84": -8.0708, "latwgs84": 42.2222, "observ1": "LOS DATOS DE 2008-09 Y 2009-10 SON PROVISIONALES PENDIENTES DE REVISION                             ", "xetrs89": 78500, "yetrs89": 4703865, "cod_saih": "N012", "cuenca": "MIÑO-SIL", "rio": "avia", "regimen": "desconocido", "sistema": "bajo miño", "caudal": 1, "inicio": 2011.0, "fin": 2021.0, "url_link": "https://casadoj.github.io/CAMELS-ES/Miño-Sil/Bajo Miño/plots/1639.html" }, "geometry": { "type": "Point", "coordinates": [ -8.118848862376241, 42.372696883740254 ] } },
{ "type": "Feature", "properties": { "indroea": 1640, "lugar": "RIBADAVIA", "comentario": null, "serv": 1, "suprest": 671, "suprcnc": 671, "hoja_id": 187, "alti": 79.0, "altimax": null, "naa": 13, "naam": 14, "naai": 0, "num_cuenca": 1480, "muni_id": 32069, "xutm": 570847, "yutm": 4682567, "xutm30": 76137, "yutm30": 4695023, "long": -8.0826, "lat": 42.1729, "longwgs84": -8.0832, "latwgs84": 42.1725, "observ1": "                                                                                                    ", "xetrs89": 76025, "yetrs89": 4694816, "cod_saih": "N013", "cuenca": "MIÑO-SIL", "rio": "avia", "regimen": "natural", "sistema": "bajo miño", "caudal": 1, "inicio": 2008.0, "fin": 2021.0, "url_link": "https://casadoj.github.io/CAMELS-ES/Miño-Sil/Bajo Miño/plots/1640.html" }, "geometry": { "type": "Point", "coordinates": [ -8.142155220321257, 42.290185107578033 ] } },
{ "type": "Feature", "properties": { "indroea": 1642, "lugar": "SALVATIERRA DE MIÑO", "comentario": null, "serv": 1, "suprest": 15678, "suprcnc": 17026, "hoja_id": 262, "alti": 24.0, "altimax": null, "naa": 11, "naam": 14, "naai": 0, "num_cuenca": 1495, "muni_id": 36050, "xutm": 542082, "yutm": 4659057, "xutm30": 45719, "yutm30": 4673545, "long": -8.2928, "lat": 42.0454, "longwgs84": -8.2934, "latwgs84": 42.045, "observ1": null, "xetrs89": 45607, "yetrs89": 4673338, "cod_saih": "N015", "cuenca": "MIÑO-SIL", "rio": "miño", "regimen": "desconocido", "sistema": "bajo miño", "caudal": 1, "inicio": 2010.0, "fin": 2021.0, "url_link": "https://casadoj.github.io/CAMELS-ES/Miño-Sil/Bajo Miño/plots/1642.html" }, "geometry": { "type": "Point", "coordinates": [ -8.492740218899462, 42.080531089490414 ] } },
{ "type": "Feature", "properties": { "indroea": 1644, "lugar": "MONDARIZ", "comentario": null, "serv": 1, "suprest": 155, "suprcnc": 411, "hoja_id": 224, "alti": 68.0, "altimax": null, "naa": 12, "naam": 14, "naai": 0, "num_cuenca": 1496, "muni_id": 36030, "xutm": 544872, "yutm": 4676448, "xutm30": 49735, "yutm30": 4690739, "long": -8.2722, "lat": 42.1417, "longwgs84": -8.2728, "latwgs84": 42.1413, "observ1": "LOS DATOS DE 2008-09 Y 2009-10 SON PROVISIONALES PENDIENTES DE REVISION                             ", "xetrs89": 49623, "yetrs89": 4690532, "cod_saih": "N016", "cuenca": "MIÑO-SIL", "rio": "tea", "regimen": "desconocido", "sistema": "bajo miño", "caudal": 1, "inicio": 2009.0, "fin": 2021.0, "url_link": "https://casadoj.github.io/CAMELS-ES/Miño-Sil/Bajo Miño/plots/1644.html" }, "geometry": { "type": "Point", "coordinates": [ -8.457678423691034, 42.23699585802057 ] } },
{ "type": "Feature", "properties": { "indroea": 1645, "lugar": "PUENTEAREAS", "comentario": "2013-14 NO EXISTE RELACION DIRECTA Y UNIVOCA ENTRE VARIABLES H-Q      ", "serv": 1, "suprest": 286, "suprcnc": 411, "hoja_id": 224, "alti": 20.0, "altimax": 1156.0, "naa": 30, "naam": 52, "naai": 0, "num_cuenca": 1498, "muni_id": 36042, "xutm": 540490, "yutm": 4670199, "xutm30": 44912, "yutm30": 4684800, "long": -8.3035, "lat": 42.1056, "longwgs84": -8.304, "latwgs84": 42.1051, "observ1": "DATOS DE 2008-09 PENDIENTES DE REVISION. DATOS MODIFICADOS 1973-74 Y 1981-82 (ANUARIO 13-14)        ", "xetrs89": 44800, "yetrs89": 4684593, "cod_saih": "A043", "cuenca": "MIÑO-SIL", "rio": "tea", "regimen": "natural", "sistema": "bajo miño", "caudal": 1, "inicio": 1991.0, "fin": 2021.0, "url_link": "https://casadoj.github.io/CAMELS-ES/Miño-Sil/Bajo Miño/plots/1645.html" }, "geometry": { "type": "Point", "coordinates": [ -8.511218487676357, 42.180963368313719 ] } },
{ "type": "Feature", "properties": { "indroea": 1646, "lugar": "PORRIÑO", "comentario": null, "serv": 1, "suprest": 58, "suprcnc": 156, "hoja_id": 261, "alti": 31.0, "altimax": null, "naa": 12, "naam": 14, "naai": 0, "num_cuenca": 1502, "muni_id": 36039, "xutm": 531148, "yutm": 4668115, "xutm30": 35422, "yutm30": 4683374, "long": -8.3723, "lat": 42.095, "longwgs84": -8.3728, "latwgs84": 42.0945, "observ1": "LOS DATOS DE 2008-09 Y 2009-10 SON PROVISIONALES PENDIENTES DE REVISION                             ", "xetrs89": 35310, "yetrs89": 4683167, "cod_saih": "N018", "cuenca": "MIÑO-SIL", "rio": "louro", "regimen": "desconocido", "sistema": "bajo miño", "caudal": 1, "inicio": 2009.0, "fin": 2021.0, "url_link": "https://casadoj.github.io/CAMELS-ES/Miño-Sil/Bajo Miño/plots/1646.html" }, "geometry": { "type": "Point", "coordinates": [ -8.624449373706474, 42.16261353995273 ] } },
{ "type": "Feature", "properties": { "indroea": 1647, "lugar": "TUY", "comentario": null, "serv": 1, "suprest": 150, "suprcnc": 156, "hoja_id": 261, "alti": 10.0, "altimax": 744.0, "naa": 11, "naam": 37, "naai": 5, "num_cuenca": 1502, "muni_id": 36055, "xutm": 530224, "yutm": 4657437, "xutm30": 33745, "yutm30": 4672760, "long": -8.3805, "lat": 42.0404, "longwgs84": -8.381, "latwgs84": 42.0359, "observ1": null, "xetrs89": 33633, "yetrs89": 4672553, "cod_saih": "A044", "cuenca": "MIÑO-SIL", "rio": "louro", "regimen": "natural", "sistema": "bajo miño", "caudal": 1, "inicio": 2010.0, "fin": 2021.0, "url_link": "https://casadoj.github.io/CAMELS-ES/Miño-Sil/Bajo Miño/plots/1647.html" }, "geometry": { "type": "Point", "coordinates": [ -8.636189600402316, 42.06648705859989 ] } },
{ "type": "Feature", "properties": { "indroea": 1659, "lugar": "ARNOYA", "comentario": null, "serv": 1, "suprest": 739, "suprcnc": 746, "hoja_id": 225, "alti": 80.0, "altimax": null, "naa": 13, "naam": 14, "naai": 0, "num_cuenca": 1486, "muni_id": 32003, "xutm": 571282, "yutm": 4678299, "xutm30": 76271, "yutm30": 4690725, "long": -8.0809, "lat": 42.151, "longwgs84": -8.0815, "latwgs84": 42.1506, "observ1": "LOS DATOS DE 2007-08 A 2009-10 SON PROVISIONALES PENDIENTES DE REVISION                             ", "xetrs89": 76159, "yetrs89": 4690518, "cod_saih": "A041", "cuenca": "MIÑO-SIL", "rio": "arnoya", "regimen": "natural", "sistema": "bajo miño", "caudal": 1, "inicio": 2008.0, "fin": 2021.0, "url_link": "https://casadoj.github.io/CAMELS-ES/Miño-Sil/Bajo Miño/plots/1659.html" }, "geometry": { "type": "Point", "coordinates": [ -8.137396201793143, 42.2517049648512 ] } },
{ "type": "Feature", "properties": { "indroea": 1715, "lugar": "BOEZA", "comentario": null, "serv": 1, "suprest": 106, "suprcnc": 867, "hoja_id": 127, "alti": 827.0, "altimax": null, "naa": 13, "naam": 14, "naai": 0, "num_cuenca": 1415, "muni_id": 24071, "xutm": 721935, "yutm": 4729595, "xutm30": 230361, "yutm30": 4731290, "long": -6.1728, "lat": 42.411, "longwgs84": -6.1733, "latwgs84": 42.4106, "observ1": "LOS DATOS DE 2007-08 SON PROVISIONALES PENDIENTES DE REVISION                                       ", "xetrs89": 230251, "yetrs89": 4731084, "cod_saih": "A019", "cuenca": "MIÑO-SIL", "rio": "boeza", "regimen": "natural", "sistema": "sil superior", "caudal": 1, "inicio": 2008.0, "fin": 2021.0, "url_link": "https://casadoj.github.io/CAMELS-ES/Miño-Sil/Sil Superior/plots/1715.html" }, "geometry": { "type": "Point", "coordinates": [ -6.29254103161666, 42.684916605877582 ] } },
{ "type": "Feature", "properties": { "indroea": 1719, "lugar": "PONFERRADA", "comentario": null, "serv": 1, "suprest": 835, "suprcnc": 7983, "hoja_id": 158, "alti": 496.0, "altimax": null, "naa": 12, "naam": 14, "naai": 0, "num_cuenca": 1414, "muni_id": 24115, "xutm": 697820, "yutm": 4714057, "xutm30": 205194, "yutm30": 4717495, "long": -6.3526, "lat": 42.331, "longwgs84": -6.3531, "latwgs84": 42.3306, "observ1": "LOS DATOS DE 2008-09 Y 2009-10 SON PROVISIONALES PENDIENTES DE REVISION                             ", "xetrs89": 205084, "yetrs89": 4717289, "cod_saih": "N003", "cuenca": "MIÑO-SIL", "rio": "sil", "regimen": "desconocido", "sistema": "sil superior", "caudal": 1, "inicio": 2009.0, "fin": 2021.0, "url_link": "https://casadoj.github.io/CAMELS-ES/Miño-Sil/Sil Superior/plots/1719.html" }, "geometry": { "type": "Point", "coordinates": [ -6.592020941905711, 42.55169317339378 ] } },
{ "type": "Feature", "properties": { "indroea": 1720, "lugar": "CAMPONARAYA", "comentario": null, "serv": 1, "suprest": 77, "suprcnc": 129, "hoja_id": 158, "alti": 492.0, "altimax": null, "naa": 11, "naam": 13, "naai": 0, "num_cuenca": 1923, "muni_id": 24034, "xutm": 691700, "yutm": 4716866, "xutm30": 199285, "yutm30": 4720732, "long": -6.3951, "lat": 42.3447, "longwgs84": -6.3956, "latwgs84": 42.3443, "observ1": "LOS DATOS DE 2008-09 Y 2009-10  SON PROVISIONALES PENDIENTES DE REVISION                            ", "xetrs89": 199175, "yetrs89": 4720526, "cod_saih": "N005", "cuenca": "MIÑO-SIL", "rio": "arroyo barredos", "regimen": "desconocido", "sistema": "sil superior", "caudal": 1, "inicio": 2010.0, "fin": 2021.0, "url_link": "https://casadoj.github.io/CAMELS-ES/Miño-Sil/Sil Superior/plots/1720.html" }, "geometry": { "type": "Point", "coordinates": [ -6.665554711663285, 42.578508031794478 ] } },
{ "type": "Feature", "properties": { "indroea": 1721, "lugar": "CACABELOS", "comentario": null, "serv": 1, "suprest": 544, "suprcnc": 1200, "hoja_id": 158, "alti": 474.0, "altimax": null, "naa": 12, "naam": 15, "naai": 0, "num_cuenca": 1425, "muni_id": 24030, "xutm": 686592, "yutm": 4719091, "xutm30": 194344, "yutm30": 4723315, "long": -6.4332, "lat": 42.3603, "longwgs84": -6.4337, "latwgs84": 42.3559, "observ1": null, "xetrs89": 194233, "yetrs89": 4723109, "cod_saih": "N004", "cuenca": "MIÑO-SIL", "rio": "cúa", "regimen": "desconocido", "sistema": "sil superior", "caudal": 1, "inicio": 2008.0, "fin": 2020.0, "url_link": "https://casadoj.github.io/CAMELS-ES/Miño-Sil/Sil Superior/plots/1721.html" }, "geometry": { "type": "Point", "coordinates": [ -6.727034688811404, 42.599779652449861 ] } },
{ "type": "Feature", "properties": { "indroea": 1722, "lugar": "BARCENA DE LA ABADIA", "comentario": "INT 2009                                                              ", "serv": 0, "suprest": 187, "suprcnc": 1200, "hoja_id": 126, "alti": 705.0, "altimax": 1990.0, "naa": 12, "naam": 15, "naai": 13, "num_cuenca": 1423, "muni_id": 24070, "xutm": 694396, "yutm": 4741065, "xutm30": 203694, "yutm30": 4744694, "long": -6.3723, "lat": 42.4748, "longwgs84": -6.3728, "latwgs84": 42.4744, "observ1": null, "xetrs89": 203584, "yetrs89": 4744488, "cod_saih": "A351", "cuenca": "MIÑO-SIL", "rio": "cúa", "regimen": "natural", "sistema": "sil superior", "caudal": 1, "inicio": 1996.0, "fin": 2008.0, "url_link": "https://casadoj.github.io/CAMELS-ES/Miño-Sil/Sil Superior/plots/1722.html" }, "geometry": { "type": "Point", "coordinates": [ -6.624451217703073, 42.79557390087961 ] } },
{ "type": "Feature", "properties": { "indroea": 1723, "lugar": "FABERO", "comentario": null, "serv": 1, "suprest": 216, "suprcnc": 1200, "hoja_id": 126, "alti": 644.0, "altimax": null, "naa": 13, "naam": 14, "naai": 0, "num_cuenca": 1423, "muni_id": 24196, "xutm": 692564, "yutm": 4736808, "xutm30": 201563, "yutm30": 4740575, "long": -6.3849, "lat": 42.4532, "longwgs84": -6.3854, "latwgs84": 42.4528, "observ1": "LOS DATOS DE 2007-08 Y 2008-09 SON PROVISIONALES PENDIENTES DE REVISION                             ", "xetrs89": 201453, "yetrs89": 4740369, "cod_saih": "A022", "cuenca": "MIÑO-SIL", "rio": "cúa", "regimen": "natural", "sistema": "sil superior", "caudal": 1, "inicio": 2008.0, "fin": 2021.0, "url_link": "https://casadoj.github.io/CAMELS-ES/Miño-Sil/Sil Superior/plots/1723.html" }, "geometry": { "type": "Point", "coordinates": [ -6.648280176900248, 42.757728690266092 ] } },
{ "type": "Feature", "properties": { "indroea": 1724, "lugar": "QUILOS", "comentario": null, "serv": 1, "suprest": 482, "suprcnc": 1200, "hoja_id": 158, "alti": 505.0, "altimax": 1990.0, "naa": 13, "naam": 49, "naai": 24, "num_cuenca": 1425, "muni_id": 24209, "xutm": 686048, "yutm": 4724211, "xutm30": 194164, "yutm30": 4728464, "long": -6.435, "lat": 42.385, "longwgs84": -6.4355, "latwgs84": 42.3846, "observ1": null, "xetrs89": 194054, "yetrs89": 4728258, "cod_saih": "A024", "cuenca": "MIÑO-SIL", "rio": "cúa", "regimen": "natural", "sistema": "sil superior", "caudal": 1, "inicio": 2008.0, "fin": 2021.0, "url_link": "https://casadoj.github.io/CAMELS-ES/Miño-Sil/Sil Superior/plots/1724.html" }, "geometry": { "type": "Point", "coordinates": [ -6.731978541094935, 42.64598052966776 ] } },
{ "type": "Feature", "properties": { "indroea": 1725, "lugar": "VEGUELLINA", "comentario": "DATOS 2013-14 NO EXISTE RELACION DIRECTA Y UNIVOCA ENTRE VARIABLES H-Q", "serv": 1, "suprest": 118, "suprcnc": 501, "hoja_id": 126, "alti": 689.0, "altimax": null, "naa": 11, "naam": 14, "naai": 0, "num_cuenca": 1426, "muni_id": 24209, "xutm": 682003, "yutm": 4730994, "xutm30": 190608, "yutm30": 4735523, "long": -6.464, "lat": 42.4233, "longwgs84": -6.4645, "latwgs84": 42.4229, "observ1": "LOS DATOS DE 2009-10 SON PROVISIONALES PENDIENTES DE REVISION.                                      ", "xetrs89": 190498, "yetrs89": 4735317, "cod_saih": "A142", "cuenca": "MIÑO-SIL", "rio": "burbia", "regimen": "desconocido", "sistema": "sil superior", "caudal": 1, "inicio": 2010.0, "fin": 2021.0, "url_link": "https://casadoj.github.io/CAMELS-ES/Miño-Sil/Sil Superior/plots/1725.html" }, "geometry": { "type": "Point", "coordinates": [ -6.779111222715044, 42.707992418509981 ] } },
{ "type": "Feature", "properties": { "indroea": 1726, "lugar": "VILLAFRANCA DEL BIERZO", "comentario": "DATOS 2013-14 NO EXISTE RELACION DIRECTA Y UNIVOCA ENTRE VARIABLES H-Q", "serv": 1, "suprest": 434, "suprcnc": 501, "hoja_id": 158, "alti": 491.0, "altimax": null, "naa": 13, "naam": 14, "naai": 0, "num_cuenca": 1428, "muni_id": 24209, "xutm": 679178, "yutm": 4719576, "xutm30": 186977, "yutm30": 4724325, "long": -6.4857, "lat": 42.3625, "longwgs84": -6.4902, "latwgs84": 42.3621, "observ1": "LOS DATOS DE 2007-08 Y 2008-09 SON PROVISIONALES PENDIENTES DE REVISION                             ", "xetrs89": 186866, "yetrs89": 4724119, "cod_saih": "A026", "cuenca": "MIÑO-SIL", "rio": "burbia", "regimen": "natural", "sistema": "sil superior", "caudal": 1, "inicio": 2008.0, "fin": 2021.0, "url_link": "https://casadoj.github.io/CAMELS-ES/Miño-Sil/Sil Superior/plots/1726.html" }, "geometry": { "type": "Point", "coordinates": [ -6.817195180669627, 42.605901128725996 ] } },
{ "type": "Feature", "properties": { "indroea": 1727, "lugar": "TORAL DE LOS VADOS", "comentario": "INT 2009                                                              ", "serv": 0, "suprest": 492, "suprcnc": 522, "hoja_id": 158, "alti": 422.0, "altimax": 1987.0, "naa": 17, "naam": 45, "naai": 24, "num_cuenca": 1428, "muni_id": 24206, "xutm": 681797, "yutm": 4712849, "xutm30": 189115, "yutm30": 4717424, "long": -6.4709, "lat": 42.3245, "longwgs84": -6.4715, "latwgs84": 42.3241, "observ1": null, "xetrs89": 189004, "yetrs89": 4717218, "cod_saih": "A352", "cuenca": "MIÑO-SIL", "rio": "burbia", "regimen": "natural", "sistema": "sil superior", "caudal": 1, "inicio": 1991.0, "fin": 2008.0, "url_link": "https://casadoj.github.io/CAMELS-ES/Miño-Sil/Sil Superior/plots/1727.html" }, "geometry": { "type": "Point", "coordinates": [ -6.787428165778214, 42.544753302265732 ] } },
{ "type": "Feature", "properties": { "indroea": 1728, "lugar": "REQUEJO", "comentario": null, "serv": 1, "suprest": 3100, "suprcnc": 7983, "hoja_id": 158, "alti": 413.0, "altimax": null, "naa": 12, "naam": 14, "naai": 0, "num_cuenca": 1430, "muni_id": 24041, "xutm": 678907, "yutm": 4708759, "xutm30": 185940, "yutm30": 4713546, "long": -6.4921, "lat": 42.3035, "longwgs84": -6.4926, "latwgs84": 42.3031, "observ1": "LOS DATOS DE 2008-09 SON PROVISIONALES PENDIENTES DE REVISION                                       ", "xetrs89": 185829, "yetrs89": 4713340, "cod_saih": "N007", "cuenca": "MIÑO-SIL", "rio": "sil", "regimen": "desconocido", "sistema": "sil superior", "caudal": 1, "inicio": 2009.0, "fin": 2021.0, "url_link": "https://casadoj.github.io/CAMELS-ES/Miño-Sil/Sil Superior/plots/1728.html" }, "geometry": { "type": "Point", "coordinates": [ -6.823882096480941, 42.508623021897215 ] } },
{ "type": "Feature", "properties": { "indroea": 1729, "lugar": "OENCIA", "comentario": null, "serv": 1, "suprest": 113, "suprcnc": 193, "hoja_id": 157, "alti": 575.0, "altimax": null, "naa": 12, "naam": 14, "naai": 0, "num_cuenca": 1431, "muni_id": 24103, "xutm": 667936, "yutm": 4711256, "xutm30": 175164, "yutm30": 4716815, "long": -6.5718, "lat": 42.3205, "longwgs84": -6.5724, "latwgs84": 42.3201, "observ1": "LOS DATOS DE 2008-09 Y 2009-10 SON PROVISIONALES PENDIENTES DE REVISION                             ", "xetrs89": 175053, "yetrs89": 4716609, "cod_saih": "N008", "cuenca": "MIÑO-SIL", "rio": "selmo", "regimen": "desconocido", "sistema": "sil superior", "caudal": 1, "inicio": 2009.0, "fin": 2021.0, "url_link": "https://casadoj.github.io/CAMELS-ES/Miño-Sil/Sil Superior/plots/1729.html" }, "geometry": { "type": "Point", "coordinates": [ -6.956597158330079, 42.533545143388359 ] } },
{ "type": "Feature", "properties": { "indroea": 1734, "lugar": "PUENTE DE DOMINGO FLOREZ", "comentario": null, "serv": 1, "suprest": 558, "suprcnc": 561, "hoja_id": 191, "alti": 365.0, "altimax": 2135.0, "naa": 5, "naam": 105, "naai": 29, "num_cuenca": 1433, "muni_id": 24122, "xutm": 680281, "yutm": 4698355, "xutm30": 186576, "yutm30": 4703062, "long": -6.4832, "lat": 42.2457, "longwgs84": -6.4838, "latwgs84": 42.2453, "observ1": "DATOS MODIFICADOS 1944-45 (ANUARIO 13-14)                                                           ", "xetrs89": 186465, "yetrs89": 4702856, "cod_saih": "A029", "cuenca": "MIÑO-SIL", "rio": "cabrera", "regimen": "natural", "sistema": "sil inferior", "caudal": 1, "inicio": 2016.0, "fin": 2021.0, "url_link": "https://casadoj.github.io/CAMELS-ES/Miño-Sil/Sil Inferior/plots/1734.html" }, "geometry": { "type": "Point", "coordinates": [ -6.810432565641968, 42.414672045692988 ] } },
{ "type": "Feature", "properties": { "indroea": 1739, "lugar": "BARCO DE VALDEORRAS", "comentario": "DATOS 2013-14 NO EXISTE RELACION DIRECTA Y UNIVOCA ENTRE VARIABLES H-Q", "serv": 1, "suprest": 4268, "suprcnc": 7983, "hoja_id": 190, "alti": 315.0, "altimax": null, "naa": 5, "naam": 57, "naai": 1, "num_cuenca": 1436, "muni_id": 32009, "xutm": 667731, "yutm": 4698264, "xutm30": 174039, "yutm30": 4703858, "long": -6.5741, "lat": 42.2504, "longwgs84": -6.5746, "latwgs84": 42.25, "observ1": "LOS DATOS DE 2008-09 Y 2009-10 SON PROVISIONALES PENDIENTES DE REVISION                             ", "xetrs89": 173928, "yetrs89": 4703651, "cod_saih": "A030", "cuenca": "MIÑO-SIL", "rio": "sil", "regimen": "alterado", "sistema": "sil inferior", "caudal": 1, "inicio": 2016.0, "fin": 2021.0, "url_link": "https://casadoj.github.io/CAMELS-ES/Miño-Sil/Sil Inferior/plots/1739.html" }, "geometry": { "type": "Point", "coordinates": [ -6.962899684465407, 42.416653128140617 ] } },
{ "type": "Feature", "properties": { "indroea": 1742, "lugar": "PORTO", "comentario": null, "serv": 1, "suprest": 71, "suprcnc": 1562, "hoja_id": 266, "alti": 1220.0, "altimax": null, "naa": 12, "naam": 14, "naai": 0, "num_cuenca": 1437, "muni_id": 49162, "xutm": 673894, "yutm": 4670611, "xutm30": 178243, "yutm30": 4675814, "long": -6.5342, "lat": 42.1003, "longwgs84": -6.5347, "latwgs84": 42.0959, "observ1": "LOS DATOS DE 2008-09 Y 2009-10 SON PROVISIONALES PENDIENTES DE REVISION                             ", "xetrs89": 178132, "yetrs89": 4675607, "cod_saih": "N009", "cuenca": "MIÑO-SIL", "rio": "bibey", "regimen": "natural", "sistema": "sil inferior", "caudal": 1, "inicio": 2009.0, "fin": 2021.0, "url_link": "https://casadoj.github.io/CAMELS-ES/Miño-Sil/Sil Inferior/plots/1742.html" }, "geometry": { "type": "Point", "coordinates": [ -6.896336661369004, 42.166424008365389 ] } },
{ "type": "Feature", "properties": { "indroea": 1753, "lugar": "PARADA", "comentario": null, "serv": 1, "suprest": 369, "suprcnc": 370, "hoja_id": 189, "alti": 242.0, "altimax": null, "naa": 12, "naam": 14, "naai": 0, "num_cuenca": 1457, "muni_id": 27050, "xutm": 636012, "yutm": 4702606, "xutm30": 142670, "yutm30": 4710438, "long": -7.2045, "lat": 42.2747, "longwgs84": -7.205, "latwgs84": 42.2743, "observ1": "LOS DATOS DE 2007-08 Y 2008-09 SON PROVISIONALES PENDIENTES DE REVISION                             ", "xetrs89": 142559, "yetrs89": 4710232, "cod_saih": "A031", "cuenca": "MIÑO-SIL", "rio": "lor", "regimen": "natural", "sistema": "cabe", "caudal": 1, "inicio": 2009.0, "fin": 2021.0, "url_link": "https://casadoj.github.io/CAMELS-ES/Miño-Sil/Cabe/plots/1753.html" }, "geometry": { "type": "Point", "coordinates": [ -7.347214164976633, 42.461952283329275 ] } },
{ "type": "Feature", "properties": { "indroea": 1754, "lugar": "PONTE, LA", "comentario": "INT 2008                                                              ", "serv": 0, "suprest": 337, "suprcnc": 370, "hoja_id": 156, "alti": 290.0, "altimax": 1643.0, "naa": 16, "naam": 49, "naai": 0, "num_cuenca": 1457, "muni_id": 27047, "xutm": 636330, "yutm": 4707985, "xutm30": 143369, "yutm30": 4715788, "long": -7.2026, "lat": 42.3041, "longwgs84": -7.2031, "latwgs84": 42.3037, "observ1": null, "xetrs89": 143258, "yetrs89": 4715582, "cod_saih": null, "cuenca": "MIÑO-SIL", "rio": "lor", "regimen": "desconocido", "sistema": "cabe", "caudal": 1, "inicio": 1991.0, "fin": 2007.0, "url_link": "https://casadoj.github.io/CAMELS-ES/Miño-Sil/Cabe/plots/1754.html" }, "geometry": { "type": "Point", "coordinates": [ -7.342064196209472, 42.510317227339009 ] } },
{ "type": "Feature", "properties": { "indroea": 1763, "lugar": "INCIO (PUENTE DE PENA)", "comentario": null, "serv": 1, "suprest": 35, "suprcnc": 736, "hoja_id": 156, "alti": 538.0, "altimax": null, "naa": 13, "naam": 15, "naai": 1, "num_cuenca": 1463, "muni_id": 27024, "xutm": 635556, "yutm": 4722912, "xutm30": 143655, "yutm30": 4730753, "long": -7.2047, "lat": 42.3846, "longwgs84": -7.2053, "latwgs84": 42.3841, "observ1": "LOS DATOS DE 2007-08 Y 2008-09 SON PROVISIONALES PENDIENTES DE REVISION                             ", "xetrs89": 143544, "yetrs89": 4730547, "cod_saih": "A032", "cuenca": "MIÑO-SIL", "rio": "cabe", "regimen": "natural", "sistema": "cabe", "caudal": 1, "inicio": 2008.0, "fin": 2021.0, "url_link": "https://casadoj.github.io/CAMELS-ES/Miño-Sil/Cabe/plots/1763.html" }, "geometry": { "type": "Point", "coordinates": [ -7.347936745399225, 42.64483230763414 ] } },
{ "type": "Feature", "properties": { "indroea": 1765, "lugar": "RIVAS ALTAS", "comentario": null, "serv": 1, "suprest": 353, "suprcnc": 734, "hoja_id": 156, "alti": 305.0, "altimax": 1186.0, "naa": 30, "naam": 102, "naai": 31, "num_cuenca": 1465, "muni_id": 27031, "xutm": 625038, "yutm": 4712750, "xutm30": 132427, "yutm30": 4721349, "long": -7.2837, "lat": 42.3323, "longwgs84": -7.2842, "latwgs84": 42.3318, "observ1": "PROVISIONALES 2008-09. DATOS MODIFICADOS 43-45,47-49,50-51,54-56,57-59,60-61(ANUARIO13-14)          ", "xetrs89": 132316, "yetrs89": 4721143, "cod_saih": "A033", "cuenca": "MIÑO-SIL", "rio": "cabe", "regimen": "alterado", "sistema": "cabe", "caudal": 1, "inicio": 1991.0, "fin": 2021.0, "url_link": "https://casadoj.github.io/CAMELS-ES/Miño-Sil/Cabe/plots/1765.html" }, "geometry": { "type": "Point", "coordinates": [ -7.478427720691622, 42.555127477390492 ] } },
{ "type": "Feature", "properties": { "indroea": 1805, "lugar": "PUENTE LINARES", "comentario": null, "serv": 1, "suprest": 684, "suprcnc": 2387, "hoja_id": 263, "alti": 601.0, "altimax": 1397.0, "naa": 8, "naam": 40, "naai": 1, "num_cuenca": 1511, "muni_id": 32006, "xutm": 592556, "yutm": 4652929, "xutm30": 95749, "yutm30": 4663869, "long": -7.5255, "lat": 42.012, "longwgs84": -7.5301, "latwgs84": 42.0116, "observ1": "LOS DATOS DE 2007-08 SON PROVISIONALES PENDIENTES DE REVISION                                       ", "xetrs89": 95637, "yetrs89": 4663662, "cod_saih": "A046", "cuenca": "MIÑO-SIL", "rio": "limia", "regimen": "natural", "sistema": "limia", "caudal": 1, "inicio": 2013.0, "fin": 2021.0, "url_link": "https://casadoj.github.io/CAMELS-ES/Miño-Sil/Limia/plots/1805.html" }, "geometry": { "type": "Point", "coordinates": [ -7.883560799090594, 42.021033058566459 ] } },
{ "type": "Feature", "properties": { "indroea": 1806, "lugar": "PUENTEAREAS (NIVEL)", "comentario": null, "serv": 1, "suprest": 58, "suprcnc": 58, "hoja_id": 262, "alti": 39.0, "altimax": null, "naa": 12, "naam": 14, "naai": 0, "num_cuenca": 1499, "muni_id": 36042, "xutm": 541078, "yutm": 4667856, "xutm30": 45335, "yutm30": 4682415, "long": -8.301, "lat": 42.094, "longwgs84": -8.3015, "latwgs84": 42.0935, "observ1": "LOS DATOS DE 2008-09 Y 2009-10 SON PROVISIONALES PENDIENTES DE REVISION                             ", "xetrs89": 45223, "yetrs89": 4682208, "cod_saih": "N017", "cuenca": "MIÑO-SIL", "rio": "uma", "regimen": "desconocido", "sistema": "bajo miño", "caudal": 1, "inicio": 2009.0, "fin": 2021.0, "url_link": "https://casadoj.github.io/CAMELS-ES/Miño-Sil/Bajo Miño/plots/1806.html" }, "geometry": { "type": "Point", "coordinates": [ -8.504260278366859, 42.159827957572709 ] } },
{ "type": "Feature", "properties": { "indroea": 1809, "lugar": "BUBACES", "comentario": null, "serv": 1, "suprest": 36, "suprcnc": 56, "hoja_id": 301, "alti": 388.0, "altimax": null, "naa": 7, "naam": 14, "naai": 0, "num_cuenca": 1922, "muni_id": 32042, "xutm": 574265, "yutm": 4635361, "xutm30": 76233, "yutm30": 4647592, "long": -8.0619, "lat": 41.5157, "longwgs84": -8.0624, "latwgs84": 41.5153, "observ1": "LOS DATOS DE 2009-10 SON PROVISIONALES PENDIENTES DE REVISION                                       ", "xetrs89": 76121, "yetrs89": 4647385, "cod_saih": "N019", "cuenca": "MIÑO-SIL", "rio": "caldo", "regimen": "natural", "sistema": "limia", "caudal": 1, "inicio": 2014.0, "fin": 2021.0, "url_link": "https://casadoj.github.io/CAMELS-ES/Miño-Sil/Limia/plots/1809.html" }, "geometry": { "type": "Point", "coordinates": [ -8.106676893757291, 41.864758279577224 ] } },
{ "type": "Feature", "properties": { "indroea": 1822, "lugar": "REDEMUIÑOS", "comentario": null, "serv": 1, "suprest": 91, "suprcnc": 139, "hoja_id": 48, "alti": 429.0, "altimax": null, "naa": 9, "naam": 11, "naai": 0, "num_cuenca": 1377, "muni_id": 27001, "xutm": 622117, "yutm": 4795939, "xutm30": 135451, "yutm30": 4804655, "long": -7.294, "lat": 43.182, "longwgs84": -7.2945, "latwgs84": 43.1816, "observ1": null, "xetrs89": 135340, "yetrs89": 4804450, "cod_saih": "N022", "cuenca": "MIÑO-SIL", "rio": "anllo", "regimen": "desconocido", "sistema": "miño alto", "caudal": 1, "inicio": 2012.0, "fin": 2021.0, "url_link": "https://casadoj.github.io/CAMELS-ES/Miño-Sil/Miño Alto/plots/1822.html" }, "geometry": { "type": "Point", "coordinates": [ -7.495883909477572, 43.304471066995205 ] } },
{ "type": "Feature", "properties": { "indroea": 1823, "lugar": "BOUZA DO VISO", "comentario": null, "serv": 1, "suprest": 400, "suprcnc": 411, "hoja_id": 262, "alti": 15.0, "altimax": null, "naa": 9, "naam": 11, "naai": 0, "num_cuenca": 1500, "muni_id": 36050, "xutm": 540906, "yutm": 4661676, "xutm30": 44727, "yutm30": 4676247, "long": -8.3019, "lat": 42.0619, "longwgs84": -8.3024, "latwgs84": 42.0615, "observ1": null, "xetrs89": 44615, "yetrs89": 4676040, "cod_saih": "N023", "cuenca": "MIÑO-SIL", "rio": "tea", "regimen": "desconocido", "sistema": "bajo miño", "caudal": 1, "inicio": 2012.0, "fin": 2021.0, "url_link": "https://casadoj.github.io/CAMELS-ES/Miño-Sil/Bajo Miño/plots/1823.html" }, "geometry": { "type": "Point", "coordinates": [ -8.506779492485276, 42.104180454855992 ] } },
{ "type": "Feature", "properties": { "indroea": 1824, "lugar": "GUNTIN", "comentario": null, "serv": 1, "suprest": 166, "suprcnc": 268, "hoja_id": 97, "alti": 409.0, "altimax": null, "naa": 9, "naam": 11, "naai": 0, "num_cuenca": 1403, "muni_id": 27023, "xutm": 605827, "yutm": 4749027, "xutm30": 115816, "yutm30": 4758958, "long": -7.4215, "lat": 42.5309, "longwgs84": -7.422, "latwgs84": 42.5305, "observ1": null, "xetrs89": 115705, "yetrs89": 4758752, "cod_saih": "N024", "cuenca": "MIÑO-SIL", "rio": "ferreira", "regimen": "desconocido", "sistema": "miño alto", "caudal": 1, "inicio": 2012.0, "fin": 2021.0, "url_link": "https://casadoj.github.io/CAMELS-ES/Miño-Sil/Miño Alto/plots/1824.html" }, "geometry": { "type": "Point", "coordinates": [ -7.705600308827637, 42.884602396931342 ] } },
{ "type": "Feature", "properties": { "indroea": 1829, "lugar": "PUENTE FREIJO", "comentario": null, "serv": 1, "suprest": 533, "suprcnc": 746, "hoja_id": 225, "alti": 316.0, "altimax": null, "naa": 9, "naam": 11, "naai": 0, "num_cuenca": 1484, "muni_id": 32020, "xutm": 585153, "yutm": 4672847, "xutm30": 89751, "yutm30": 4684297, "long": -7.5807, "lat": 42.1209, "longwgs84": -7.5812, "latwgs84": 42.1204, "observ1": null, "xetrs89": 89640, "yetrs89": 4684090, "cod_saih": "N029", "cuenca": "MIÑO-SIL", "rio": "arnoya", "regimen": "desconocido", "sistema": "bajo miño", "caudal": 1, "inicio": 2012.0, "fin": 2021.0, "url_link": "https://casadoj.github.io/CAMELS-ES/Miño-Sil/Bajo Miño/plots/1829.html" }, "geometry": { "type": "Point", "coordinates": [ -7.970061187988845, 42.201225921186364 ] } },
{ "type": "Feature", "properties": { "indroea": 1831, "lugar": "GINZO DE LIMIA", "comentario": null, "serv": 1, "suprest": 293, "suprcnc": 2387, "hoja_id": 264, "alti": 620.0, "altimax": null, "naa": 9, "naam": 11, "naai": 0, "num_cuenca": 1509, "muni_id": 32032, "xutm": 604690, "yutm": 4657503, "xutm30": 108196, "yutm30": 4667587, "long": -7.4405, "lat": 42.0343, "longwgs84": -7.441, "latwgs84": 42.0339, "observ1": null, "xetrs89": 108085, "yetrs89": 4667380, "cod_saih": "N031", "cuenca": "MIÑO-SIL", "rio": "limia", "regimen": "desconocido", "sistema": "limia", "caudal": 1, "inicio": 2012.0, "fin": 2021.0, "url_link": "https://casadoj.github.io/CAMELS-ES/Miño-Sil/Limia/plots/1831.html" }, "geometry": { "type": "Point", "coordinates": [ -7.736211557408382, 42.060696799113138 ] } },
{ "type": "Feature", "properties": { "indroea": 1832, "lugar": "NEIRA DE REY", "comentario": null, "serv": 1, "suprest": 115, "suprcnc": 831, "hoja_id": 98, "alti": 535.0, "altimax": null, "naa": 5, "naam": 10, "naai": 0, "num_cuenca": 1393, "muni_id": 27901, "xutm": 646079, "yutm": 4753659, "xutm30": 156354, "yutm30": 4760711, "long": -7.1237, "lat": 42.5515, "longwgs84": -7.1242, "latwgs84": 42.5511, "observ1": null, "xetrs89": 156243, "yetrs89": 4760505, "cod_saih": "N032", "cuenca": "MIÑO-SIL", "rio": "neira", "regimen": "desconocido", "sistema": "miño alto", "caudal": 1, "inicio": 2016.0, "fin": 2021.0, "url_link": "https://casadoj.github.io/CAMELS-ES/Miño-Sil/Miño Alto/plots/1832.html" }, "geometry": { "type": "Point", "coordinates": [ -7.211682043662668, 42.919659993539966 ] } },
{ "type": "Feature", "properties": { "indroea": 1833, "lugar": "FRAGA", "comentario": null, "serv": 1, "suprest": 97, "suprcnc": 145, "hoja_id": 47, "alti": 415.0, "altimax": null, "naa": 9, "naam": 11, "naai": 0, "num_cuenca": 1384, "muni_id": 27065, "xutm": 602687, "yutm": 4791579, "xutm30": 115052, "yutm30": 4801736, "long": -7.4435, "lat": 43.1609, "longwgs84": -7.441, "latwgs84": 43.1605, "observ1": null, "xetrs89": 114940, "yetrs89": 4801530, "cod_saih": "N033", "cuenca": "MIÑO-SIL", "rio": "labrada", "regimen": "desconocido", "sistema": "miño alto", "caudal": 1, "inicio": 2012.0, "fin": 2021.0, "url_link": "https://casadoj.github.io/CAMELS-ES/Miño-Sil/Miño Alto/plots/1833.html" }, "geometry": { "type": "Point", "coordinates": [ -7.744529153465463, 43.268117789261176 ] } },
{ "type": "Feature", "properties": { "indroea": 1834, "lugar": "INSUA", "comentario": null, "serv": 1, "suprest": 82, "suprcnc": 887, "hoja_id": 47, "alti": 412.0, "altimax": null, "naa": 9, "naam": 11, "naai": 0, "num_cuenca": 1383, "muni_id": 27065, "xutm": 606553, "yutm": 4793687, "xutm30": 119742, "yutm30": 4803526, "long": -7.4112, "lat": 43.1716, "longwgs84": -7.4117, "latwgs84": 43.1712, "observ1": null, "xetrs89": 119630, "yetrs89": 4803320, "cod_saih": "N034", "cuenca": "MIÑO-SIL", "rio": "ladra", "regimen": "desconocido", "sistema": "miño alto", "caudal": 1, "inicio": 2012.0, "fin": 2021.0, "url_link": "https://casadoj.github.io/CAMELS-ES/Miño-Sil/Miño Alto/plots/1834.html" }, "geometry": { "type": "Point", "coordinates": [ -7.68816794858198, 43.286561903277189 ] } },
{ "type": "Feature", "properties": { "indroea": 1836, "lugar": "ALMAGARINOS", "comentario": null, "serv": 1, "suprest": 40, "suprcnc": 266, "hoja_id": 127, "alti": 920.0, "altimax": null, "naa": 9, "naam": 11, "naai": 0, "num_cuenca": 1418, "muni_id": 24083, "xutm": 727849, "yutm": 4732309, "xutm30": 236454, "yutm30": 4733578, "long": -6.1305, "lat": 42.4231, "longwgs84": -6.131, "latwgs84": 42.4227, "observ1": "LOS DATOS DE 2016-17 SON PROVISIONALES PENDIENTES DE REVISION                                       ", "xetrs89": 236344, "yetrs89": 4733372, "cod_saih": "N036", "cuenca": "MIÑO-SIL", "rio": "tremor", "regimen": "desconocido", "sistema": "sil superior", "caudal": 1, "inicio": 2012.0, "fin": 2021.0, "url_link": "https://casadoj.github.io/CAMELS-ES/Miño-Sil/Sil Superior/plots/1836.html" }, "geometry": { "type": "Point", "coordinates": [ -6.219349476595687, 42.7076013464387 ] } },
{ "type": "Feature", "properties": { "indroea": 1837, "lugar": "MATARROSA DEL SIL", "comentario": null, "serv": 1, "suprest": 642, "suprcnc": 7983, "hoja_id": 126, "alti": 697.0, "altimax": null, "naa": 6, "naam": 11, "naai": 0, "num_cuenca": 1414, "muni_id": 24169, "xutm": 702277, "yutm": 4737173, "xutm30": 211283, "yutm30": 4740249, "long": -6.3141, "lat": 42.4535, "longwgs84": -6.3146, "latwgs84": 42.4531, "observ1": null, "xetrs89": 211173, "yetrs89": 4740043, "cod_saih": "N037", "cuenca": "MIÑO-SIL", "rio": "sil", "regimen": "desconocido", "sistema": "sil superior", "caudal": 1, "inicio": 2015.0, "fin": 2021.0, "url_link": "https://casadoj.github.io/CAMELS-ES/Miño-Sil/Sil Superior/plots/1837.html" }, "geometry": { "type": "Point", "coordinates": [ -6.529557573084074, 42.758518654110631 ] } },
{ "type": "Feature", "properties": { "indroea": 7001, "lugar": "FUENSANTA (DESEMBALSE)", "comentario": "OBTENCION DE DATOS DIARIOS SEGUN DIA HIDROLOGICO (8 A 8)              ", "serv": 1, "suprest": 1218, "suprcnc": 14936, "hoja_id": 866, "alti": 530.0, "altimax": 2058.0, "naa": 4, "naam": 108, "naai": 16, "num_cuenca": 7018, "muni_id": 2086, "xutm": 569173, "yutm": 4249782, "xutm30": 569160, "yutm30": 4250280, "long": -2.1228, "lat": 38.2334, "longwgs84": -2.1233, "latwgs84": 38.233, "observ1": "LOS DATOS DE 2013-14 SON PROVISIONALES PENDIENTES DE REVISION                                       ", "xetrs89": 569049, "yetrs89": 4250073, "cod_saih": "04A03A1", "cuenca": "SEGURA", "rio": "segura", "regimen": "alterado", "sistema": "segura", "caudal": 1, "inicio": 2017.0, "fin": 2021.0, "url_link": "https://casadoj.github.io/CAMELS-ES/Segura/Segura/plots/7001.html" }, "geometry": { "type": "Point", "coordinates": [ -2.209273521518044, 38.396212071009046 ] } },
{ "type": "Feature", "properties": { "indroea": 7003, "lugar": "TALAVE (DESEMBALSE)", "comentario": "OBTENCION DE DATOS DIARIOS SEGUN DIA HIDROLOGICO (8 A 8)              ", "serv": 1, "suprest": 754, "suprcnc": 2395, "hoja_id": 843, "alti": 475.0, "altimax": 1797.0, "naa": 4, "naam": 106, "naai": 12, "num_cuenca": 7031, "muni_id": 2037, "xutm": 599694, "yutm": 4262768, "xutm30": 600055, "yutm30": 4262470, "long": -1.5124, "lat": 38.3025, "longwgs84": -1.5128, "latwgs84": 38.3021, "observ1": null, "xetrs89": 599945, "yetrs89": 4262263, "cod_saih": "03R02A1", "cuenca": "SEGURA", "rio": "mundo", "regimen": "alterado", "sistema": "segura", "caudal": 1, "inicio": 2017.0, "fin": 2021.0, "url_link": "https://casadoj.github.io/CAMELS-ES/Segura/Segura/plots/7003.html" }, "geometry": { "type": "Point", "coordinates": [ -1.853781584470329, 38.503128535438186 ] } },
{ "type": "Feature", "properties": { "indroea": 7004, "lugar": "AZARAQUE", "comentario": "OBTENCION DE DATOS DIARIOS SEGUN DIA HIDROLOGICO (8 A 8)              ", "serv": 1, "suprest": 1116, "suprcnc": 2395, "hoja_id": 868, "alti": 350.0, "altimax": 1797.0, "naa": 4, "naam": 63, "naai": 10, "num_cuenca": 7031, "muni_id": 2037, "xutm": 617351, "yutm": 4251942, "xutm30": 617090, "yutm30": 4251905, "long": -1.3922, "lat": 38.2426, "longwgs84": -1.3926, "latwgs84": 38.2422, "observ1": "                                                                                                    ", "xetrs89": 616980, "yetrs89": 4251698, "cod_saih": "03A04A1", "cuenca": "SEGURA", "rio": "mundo", "regimen": "alterado", "sistema": "segura", "caudal": 1, "inicio": 2017.0, "fin": 2021.0, "url_link": "https://casadoj.github.io/CAMELS-ES/Segura/Segura/plots/7004.html" }, "geometry": { "type": "Point", "coordinates": [ -1.660223598723479, 38.405866025205633 ] } },
{ "type": "Feature", "properties": { "indroea": 7006, "lugar": "ALMADENES", "comentario": "OBTENCION DE DATOS DIARIOS SEGUN DIA HIDROLOGICO (8 A 8)              ", "serv": 1, "suprest": 7111, "suprcnc": 14936, "hoja_id": 890, "alti": 210.0, "altimax": 2081.0, "naa": 4, "naam": 102, "naai": 36, "num_cuenca": 7040, "muni_id": 30019, "xutm": 626257, "yutm": 4233485, "xutm30": 626400, "yutm30": 4233400, "long": -1.3326, "lat": 38.1423, "longwgs84": -1.3331, "latwgs84": 38.1419, "observ1": "DATOS DE 2013-14 SON PROVISIONALES PENDIENTES DE REVISION                                           ", "xetrs89": 626289, "yetrs89": 4233192, "cod_saih": "02A01A1", "cuenca": "SEGURA", "rio": "segura", "regimen": "alterado", "sistema": "segura", "caudal": 1, "inicio": 2017.0, "fin": 2021.0, "url_link": "https://casadoj.github.io/CAMELS-ES/Segura/Segura/plots/7006.html" }, "geometry": { "type": "Point", "coordinates": [ -1.556947257252554, 38.237868554755714 ] } },
{ "type": "Feature", "properties": { "indroea": 7013, "lugar": "CENAJO (DESEMBALSE)", "comentario": "OBTENCION DE DATOS DIARIOS SEGUN DIA HIDROLOGICO (8 A 8)              ", "serv": 1, "suprest": 2593, "suprcnc": 14936, "hoja_id": 868, "alti": 350.0, "altimax": 2081.0, "naa": 4, "naam": 88, "naai": 12, "num_cuenca": 7026, "muni_id": 30028, "xutm": 607600, "yutm": 4247497, "xutm30": 607600, "yutm30": 4247600, "long": -1.4606, "lat": 38.2207, "longwgs84": -1.461, "latwgs84": 38.2203, "observ1": "LOS DATOS DE 2012-13 SON PROVISIONALES PENDIENTES DE REVISION                                       ", "xetrs89": 607489, "yetrs89": 4247393, "cod_saih": "04A02A1", "cuenca": "SEGURA", "rio": "segura", "regimen": "alterado", "sistema": "segura", "caudal": 1, "inicio": 2017.0, "fin": 2021.0, "url_link": "https://casadoj.github.io/CAMELS-ES/Segura/Segura/plots/7013.html" }, "geometry": { "type": "Point", "coordinates": [ -1.76955762687183, 38.36826908560937 ] } },
{ "type": "Feature", "properties": { "indroea": 7016, "lugar": "CIEZA", "comentario": "OBTENCION DE DATOS DIARIOS SEGUN DIA HIDROLOGICO (8 A 8)              ", "serv": 1, "suprest": 8026, "suprcnc": 14936, "hoja_id": 891, "alti": 165.0, "altimax": 2081.0, "naa": 4, "naam": 109, "naai": 41, "num_cuenca": 7044, "muni_id": 30019, "xutm": 637424, "yutm": 4233573, "xutm30": 637456, "yutm30": 4233556, "long": -1.2547, "lat": 38.142, "longwgs84": -1.2551, "latwgs84": 38.1416, "observ1": "LOS DATOS DE 2015-16 SON PROVISIONALES PENDIENTES DE REVISION                                       ", "xetrs89": 637345, "yetrs89": 4233348, "cod_saih": "02R01A1", "cuenca": "SEGURA", "rio": "segura", "regimen": "alterado", "sistema": "segura", "caudal": 1, "inicio": 2017.0, "fin": 2021.0, "url_link": "https://casadoj.github.io/CAMELS-ES/Segura/Segura/plots/7016.html" }, "geometry": { "type": "Point", "coordinates": [ -1.430626666532069, 38.237652966547323 ] } },
{ "type": "Feature", "properties": { "indroea": 7017, "lugar": "ABARAN", "comentario": "INT 2005                                                              ", "serv": 0, "suprest": 8514, "suprcnc": 14936, "hoja_id": 891, "alti": 146.0, "altimax": 2081.0, "naa": 6, "naam": 71, "naai": 18, "num_cuenca": 7046, "muni_id": 30002, "xutm": 641342, "yutm": 4229501, "xutm30": 641300, "yutm30": 4229500, "long": -1.2309, "lat": 38.1206, "longwgs84": -1.2313, "latwgs84": 38.1202, "observ1": "                                                                                                    ", "xetrs89": 641189, "yetrs89": 4229292, "cod_saih": null, "cuenca": "SEGURA", "rio": "segura", "regimen": "alterado", "sistema": "segura", "caudal": 1, "inicio": 1998.0, "fin": 2004.0, "url_link": "https://casadoj.github.io/CAMELS-ES/Segura/Segura/plots/7017.html" }, "geometry": { "type": "Point", "coordinates": [ -1.387525891418336, 38.200517076144216 ] } },
{ "type": "Feature", "properties": { "indroea": 7018, "lugar": "ARCHENA", "comentario": "OBTENCION DE DATOS DIARIOS SEGUN DIA HIDROLOGICO (8 A 8)              ", "serv": 1, "suprest": 8754, "suprcnc": 14936, "hoja_id": 912, "alti": 87.0, "altimax": 2081.0, "naa": 4, "naam": 108, "naai": 33, "num_cuenca": 7048, "muni_id": 30009, "xutm": 648851, "yutm": 4221643, "xutm30": 648774, "yutm30": 4221692, "long": -1.1806, "lat": 38.0747, "longwgs84": -1.181, "latwgs84": 38.0743, "observ1": "LOS DATOS DE 2012-13 SON PROVISIONALES PENDIENTES DE REVISION                                       ", "xetrs89": 648663, "yetrs89": 4221484, "cod_saih": "02R02A1", "cuenca": "SEGURA", "rio": "segura", "regimen": "alterado", "sistema": "segura", "caudal": 1, "inicio": 2017.0, "fin": 2021.0, "url_link": "https://casadoj.github.io/CAMELS-ES/Segura/Segura/plots/7018.html" }, "geometry": { "type": "Point", "coordinates": [ -1.303832465354342, 38.128974090521609 ] } },
{ "type": "Feature", "properties": { "indroea": 7029, "lugar": "ROJALES", "comentario": "INT 2011. OBTENCION DE DATOS DIARIOS SEGUN DIA HIDROLOGICO (8 A 8)    ", "serv": 0, "suprest": 14894, "suprcnc": 14936, "hoja_id": 914, "alti": 12.0, "altimax": 1800.0, "naa": 14, "naam": 87, "naai": 37, "num_cuenca": 7071, "muni_id": 3113, "xutm": 699923, "yutm": 4218370, "xutm30": 699923, "yutm30": 4218370, "long": -0.4313, "lat": 38.0525, "longwgs84": -0.4318, "latwgs84": 38.0521, "observ1": "                                                                                                    ", "xetrs89": 699812, "yetrs89": 4218162, "cod_saih": "07A04A1", "cuenca": "SEGURA", "rio": "segura", "regimen": "alterado", "sistema": "segura", "caudal": 1, "inicio": 1996.0, "fin": 2010.0, "url_link": "https://casadoj.github.io/CAMELS-ES/Segura/Segura/plots/7029.html" }, "geometry": { "type": "Point", "coordinates": [ -0.721550250157647, 38.089185708909326 ] } },
{ "type": "Feature", "properties": { "indroea": 7030, "lugar": "GUARDAMAR (PRESA DE S. ANTONIO)", "comentario": "OBTENCION DE DATOS DIARIOS SEGUN DIA HIDROLOGICO (8 A 8)              ", "serv": 1, "suprest": 14925, "suprcnc": 14936, "hoja_id": 914, "alti": 10.0, "altimax": 2081.0, "naa": 4, "naam": 97, "naai": 24, "num_cuenca": 7071, "muni_id": 3076, "xutm": 705172, "yutm": 4218885, "xutm30": 705172, "yutm30": 4218885, "long": -0.3937, "lat": 38.0538, "longwgs84": -0.3942, "latwgs84": 38.0534, "observ1": null, "xetrs89": 705061, "yetrs89": 4218677, "cod_saih": "07R01A1", "cuenca": "SEGURA", "rio": "segura", "regimen": "alterado", "sistema": "segura", "caudal": 1, "inicio": 2017.0, "fin": 2021.0, "url_link": "https://casadoj.github.io/CAMELS-ES/Segura/Segura/plots/7030.html" }, "geometry": { "type": "Point", "coordinates": [ -0.661593622230525, 38.092647972708598 ] } },
{ "type": "Feature", "properties": { "indroea": 7062, "lugar": "OJOS", "comentario": "OBTENCION DE DATOS DIARIOS SEGUN DIA HIDROLOGICO (8 A 8)              ", "serv": 1, "suprest": 8557, "suprcnc": 14936, "hoja_id": 912, "alti": 118.0, "altimax": 2081.0, "naa": 4, "naam": 35, "naai": 4, "num_cuenca": 7046, "muni_id": 30031, "xutm": 645597, "yutm": 4223875, "xutm30": 645597, "yutm30": 4223875, "long": -1.2018, "lat": 38.0901, "longwgs84": -1.2023, "latwgs84": 38.0857, "observ1": null, "xetrs89": 645486, "yetrs89": 4223667, "cod_saih": "02A02A1", "cuenca": "SEGURA", "rio": "segura", "regimen": "alterado", "sistema": "segura", "caudal": 1, "inicio": 2017.0, "fin": 2021.0, "url_link": "https://casadoj.github.io/CAMELS-ES/Segura/Segura/plots/7062.html" }, "geometry": { "type": "Point", "coordinates": [ -1.339620486439936, 38.149158213357225 ] } },
{ "type": "Feature", "properties": { "indroea": 7063, "lugar": "CONTRAPARADA", "comentario": "OBTENCION DE DATOS DIARIOS SEGUN DIA HIDROLOGICO (8 A 8)              ", "serv": 1, "suprest": 9600, "suprcnc": 14936, "hoja_id": 912, "alti": 60.0, "altimax": 2081.0, "naa": 4, "naam": 54, "naai": 10, "num_cuenca": 7054, "muni_id": 30027, "xutm": 656894, "yutm": 4208581, "xutm30": 656894, "yutm30": 4208581, "long": -1.1246, "lat": 38.0039, "longwgs84": -1.1251, "latwgs84": 38.0034, "observ1": "LOS DATOS DE 2013-14 Y 2015-16 SON PROVISIONALES PENDIENTES DE REVISION                             ", "xetrs89": 656783, "yetrs89": 4208373, "cod_saih": "01A01A1", "cuenca": "SEGURA", "rio": "segura", "regimen": "alterado", "sistema": "segura", "caudal": 1, "inicio": 2017.0, "fin": 2021.0, "url_link": "https://casadoj.github.io/CAMELS-ES/Segura/Segura/plots/7063.html" }, "geometry": { "type": "Point", "coordinates": [ -1.214102670919898, 38.009491027005893 ] } },
{ "type": "Feature", "properties": { "indroea": 7064, "lugar": "BENIEL", "comentario": "OBTENCION DE DATOS DIARIOS SEGUN DIA HIDROLOGICO (8 A 8)              ", "serv": 1, "suprest": 13478, "suprcnc": 14936, "hoja_id": 913, "alti": 30.0, "altimax": null, "naa": 14, "naam": 51, "naai": 14, "num_cuenca": 7069, "muni_id": 30010, "xutm": 675051, "yutm": 4213241, "xutm30": 675051, "yutm30": 4213241, "long": -1.0018, "lat": 38.0258, "longwgs84": -1.0022, "latwgs84": 38.0253, "observ1": "LOS DATOS DE 2011-12 SON PROVISIONALES PENDIENTES DE REVISION                                       ", "xetrs89": 674940, "yetrs89": 4213033, "cod_saih": "07A01A1", "cuenca": "SEGURA", "rio": "segura", "regimen": "alterado", "sistema": "segura", "caudal": 1, "inicio": 1997.0, "fin": 2011.0, "url_link": "https://casadoj.github.io/CAMELS-ES/Segura/Segura/plots/7064.html" }, "geometry": { "type": "Point", "coordinates": [ -1.006249941289702, 38.048143343005492 ] } },
{ "type": "Feature", "properties": { "indroea": 7070, "lugar": "DESAGÜE DE LA PEDRERA", "comentario": "INT 2015. OBTENCION DE DATOS DIARIOS SEGUN DIA HIDROLOGICO (8 A 8)    ", "serv": 0, "suprest": 64, "suprcnc": 65, "hoja_id": 913, "alti": 21.0, "altimax": null, "naa": 4, "naam": 19, "naai": 1, "num_cuenca": 7990, "muni_id": 3080, "xutm": 686528, "yutm": 4215771, "xutm30": 686528, "yutm30": 4215771, "long": -0.5225, "lat": 38.0411, "longwgs84": -0.523, "latwgs84": 38.0407, "observ1": "LOS DATOS DE 2008-09 Y 2011-12 SON PROVISIONALES PENDIENTES DE REVISION                             ", "xetrs89": 686417, "yetrs89": 4215563, "cod_saih": "07C09C1", "cuenca": "SEGURA", "rio": "rambla del derramador", "regimen": "alterado", "sistema": "segura", "caudal": 1, "inicio": 2010.0, "fin": 2014.0, "url_link": "https://casadoj.github.io/CAMELS-ES/Segura/Segura/plots/7070.html" }, "geometry": { "type": "Point", "coordinates": [ -0.874870458648287, 38.068639427848375 ] } },
{ "type": "Feature", "properties": { "indroea": 7102, "lugar": "TAIBILLA (APORTACIONES AL AZUD)", "comentario": "INT 2015. OBTENCION DE DATOS DIARIOS SEGUN DIA HIDROLOGICO (8 A 8)    ", "serv": 0, "suprest": 376, "suprcnc": 596, "hoja_id": 888, "alti": 810.0, "altimax": 2081.0, "naa": 4, "naam": 42, "naai": 1, "num_cuenca": 7021, "muni_id": 2055, "xutm": 563640, "yutm": 4231841, "xutm30": 563640, "yutm30": 4231841, "long": -2.1622, "lat": 38.1354, "longwgs84": -2.1627, "latwgs84": 38.135, "observ1": "LOS DATOS DE 2013-14 SON PROVISIONALES PENDIENTES DE REVISION                                       ", "xetrs89": 563528, "yetrs89": 4231634, "cod_saih": null, "cuenca": "SEGURA", "rio": "taibilla", "regimen": "alterado", "sistema": "segura", "caudal": 1, "inicio": 2010.0, "fin": 2014.0, "url_link": "https://casadoj.github.io/CAMELS-ES/Segura/Segura/plots/7102.html" }, "geometry": { "type": "Point", "coordinates": [ -2.274151682441031, 38.230454937084225 ] } },
{ "type": "Feature", "properties": { "indroea": 7112, "lugar": "CALASPARRA (NUEVA)", "comentario": "OBTENCION DE DATOS DIARIOS SEGUN DIA HIDROLOGICO (8 A 8)              ", "serv": 1, "suprest": 5687, "suprcnc": 14936, "hoja_id": 890, "alti": 268.0, "altimax": null, "naa": 4, "naam": 19, "naai": 2, "num_cuenca": 7036, "muni_id": 30013, "xutm": 613774, "yutm": 4234619, "xutm30": 613774, "yutm30": 4234619, "long": -1.4159, "lat": 38.1506, "longwgs84": -1.4204, "latwgs84": 38.1502, "observ1": null, "xetrs89": 613663, "yetrs89": 4234412, "cod_saih": "03A03A1", "cuenca": "SEGURA", "rio": "segura", "regimen": "alterado", "sistema": "segura", "caudal": 1, "inicio": 2017.0, "fin": 2021.0, "url_link": "https://casadoj.github.io/CAMELS-ES/Segura/Segura/plots/7112.html" }, "geometry": { "type": "Point", "coordinates": [ -1.700987609603685, 38.250546054697722 ] } },
{ "type": "Feature", "properties": { "indroea": 7117, "lugar": "BLANCA", "comentario": "OBTENCION DE DATOS DIARIOS SEGUN DIA HIDROLOGICO (8 A 8)              ", "serv": 1, "suprest": 8486, "suprcnc": 14936, "hoja_id": 891, "alti": 154.0, "altimax": null, "naa": 4, "naam": 15, "naai": 0, "num_cuenca": 7046, "muni_id": 30011, "xutm": 642176, "yutm": 4227131, "xutm30": 642176, "yutm30": 4227131, "long": -1.2236, "lat": 38.1049, "longwgs84": -1.2241, "latwgs84": 38.1045, "observ1": null, "xetrs89": 642065, "yetrs89": 4226923, "cod_saih": "02A04A1", "cuenca": "SEGURA", "rio": "segura", "regimen": "alterado", "sistema": "segura", "caudal": 1, "inicio": 2017.0, "fin": 2021.0, "url_link": "https://casadoj.github.io/CAMELS-ES/Segura/Segura/plots/7117.html" }, "geometry": { "type": "Point", "coordinates": [ -1.377998566515291, 38.179036972925708 ] } },
{ "type": "Feature", "properties": { "indroea": 7121, "lugar": "RINCON DE BENISCORNIA", "comentario": "OBTENCION DE DATOS DIARIOS SEGUN DIA HIDROLOGICO (8 A 8)              ", "serv": 1, "suprest": 9741, "suprcnc": 14936, "hoja_id": 934, "alti": 45.0, "altimax": null, "naa": 4, "naam": 16, "naai": 0, "num_cuenca": 7054, "muni_id": 30027, "xutm": 661141, "yutm": 4205936, "xutm30": 661141, "yutm30": 4205936, "long": -1.0954, "lat": 37.591, "longwgs84": -1.0959, "latwgs84": 37.5906, "observ1": "LOS DATOS DE 2011-12 Y 2013-14 SON PROVISIONALES PENDIENTES DE REVISION                             ", "xetrs89": 661030, "yetrs89": 4205728, "cod_saih": "01A02A1", "cuenca": "SEGURA", "rio": "segura", "regimen": "alterado", "sistema": "segura", "caudal": 1, "inicio": 2017.0, "fin": 2021.0, "url_link": "https://casadoj.github.io/CAMELS-ES/Segura/Segura/plots/7121.html" }, "geometry": { "type": "Point", "coordinates": [ -1.166341624217019, 37.98491961200164 ] } },
{ "type": "Feature", "properties": { "indroea": 7124, "lugar": "CAMARILLAS (DESEMBALSE)", "comentario": "OBTENCION DE DATOS DIARIOS SEGUN DIA HIDROLOGICO (8 A 8)              ", "serv": 1, "suprest": 2430, "suprcnc": 2395, "hoja_id": 890, "alti": 311.0, "altimax": null, "naa": 4, "naam": 17, "naai": 2, "num_cuenca": 7033, "muni_id": 2037, "xutm": 617005, "yutm": 4242511, "xutm30": 617005, "yutm30": 4242511, "long": -1.3942, "lat": 38.1921, "longwgs84": -1.3946, "latwgs84": 38.1916, "observ1": "LOS DATOS DE 2013-14 SON PROVISIONALES PENDIENTES DE REVISION                                       ", "xetrs89": 616894, "yetrs89": 4242304, "cod_saih": "03R04A1", "cuenca": "SEGURA", "rio": "mundo", "regimen": "alterado", "sistema": "segura", "caudal": 1, "inicio": 2017.0, "fin": 2021.0, "url_link": "https://casadoj.github.io/CAMELS-ES/Segura/Segura/plots/7124.html" }, "geometry": { "type": "Point", "coordinates": [ -1.66276668629155, 38.321238493785522 ] } },
{ "type": "Feature", "properties": { "indroea": 7128, "lugar": "ORIHUELA (PASARELA SALESAS)", "comentario": "INT 2013. OBTENCION DE DATOS DIARIOS SEGUN DIA HIDROLOGICO (8 A 8)    ", "serv": 0, "suprest": 13651, "suprcnc": 14936, "hoja_id": 913, "alti": 27.0, "altimax": null, "naa": 4, "naam": 7, "naai": 0, "num_cuenca": 7069, "muni_id": 3099, "xutm": 679901, "yutm": 4217352, "xutm30": 679901, "yutm30": 4217352, "long": -0.5656, "lat": 38.0508, "longwgs84": -0.57, "latwgs84": 38.0503, "observ1": "LOS DATOS DE 2008-09 SON PROVISIONALES PENDIENTES DE REVISION                                       ", "xetrs89": 679790, "yetrs89": 4217144, "cod_saih": null, "cuenca": "SEGURA", "rio": "segura", "regimen": "alterado", "sistema": "segura", "caudal": 1, "inicio": 2007.0, "fin": 2011.0, "url_link": "https://casadoj.github.io/CAMELS-ES/Segura/Segura/plots/7128.html" }, "geometry": { "type": "Point", "coordinates": [ -0.949974367595459, 38.084220940354037 ] } },
{ "type": "Feature", "properties": { "indroea": 7129, "lugar": "ROJALES (NUEVA)", "comentario": "OBTENCION DE DATOS DIARIOS SEGUN DIA HIDROLOGICO (8 A 8)              ", "serv": 1, "suprest": 14331, "suprcnc": 14936, "hoja_id": 914, "alti": 9.0, "altimax": null, "naa": 4, "naam": 15, "naai": 0, "num_cuenca": 7071, "muni_id": 3113, "xutm": 700655, "yutm": 4218628, "xutm30": 700655, "yutm30": 4218628, "long": -0.4243, "lat": 38.0533, "longwgs84": -0.4247, "latwgs84": 38.0529, "observ1": null, "xetrs89": 700544, "yetrs89": 4218420, "cod_saih": "07R06A1", "cuenca": "SEGURA", "rio": "segura", "regimen": "alterado", "sistema": "segura", "caudal": 1, "inicio": 2017.0, "fin": 2021.0, "url_link": "https://casadoj.github.io/CAMELS-ES/Segura/Segura/plots/7129.html" }, "geometry": { "type": "Point", "coordinates": [ -0.713136972879199, 38.091347049151771 ] } },
{ "type": "Feature", "properties": { "indroea": 7137, "lugar": "PUENTE DEL BAYO", "comentario": "OBTENCION DE DATOS DIARIOS SEGUN DIA HIDROLOGICO (8 A 8)              ", "serv": 1, "suprest": 5137, "suprcnc": 14936, "hoja_id": 890, "alti": 300.0, "altimax": null, "naa": 4, "naam": 15, "naai": 2, "num_cuenca": 7034, "muni_id": 30013, "xutm": 614706, "yutm": 4238514, "xutm30": 614706, "yutm30": 4238514, "long": -1.4119, "lat": 38.1712, "longwgs84": -1.4123, "latwgs84": 38.1708, "observ1": "LOS DATOS DE 2012-13 Y 2016-17 SON PROVISIONALES PENDIENTES DE REVISION                             ", "xetrs89": 614595, "yetrs89": 4238307, "cod_saih": "03A02A1", "cuenca": "SEGURA", "rio": "segura", "regimen": "alterado", "sistema": "segura", "caudal": 1, "inicio": 2017.0, "fin": 2021.0, "url_link": "https://casadoj.github.io/CAMELS-ES/Segura/Segura/plots/7137.html" }, "geometry": { "type": "Point", "coordinates": [ -1.689708242191524, 38.285522123949448 ] } },
{ "type": "Feature", "properties": { "indroea": 7158, "lugar": "BENEJUZAR", "comentario": "OBTENCION DE DATOS DIARIOS SEGUN DIA HIDROLOGICO (8 A 8)              ", "serv": 1, "suprest": 14267, "suprcnc": 14936, "hoja_id": 914, "alti": 15.0, "altimax": null, "naa": 4, "naam": 15, "naai": 2, "num_cuenca": 7071, "muni_id": 3024, "xutm": 688499, "yutm": 4216842, "xutm30": 688499, "yutm30": 4216842, "long": -0.5103, "lat": 38.0445, "longwgs84": -0.5108, "latwgs84": 38.044, "observ1": "LOS DATOS DE 2016-17 SON PROVISIONALES PENDIENTES DE REVISION                                       ", "xetrs89": 688388, "yetrs89": 4216634, "cod_saih": "07R04A1", "cuenca": "SEGURA", "rio": "segura", "regimen": "alterado", "sistema": "segura", "caudal": 1, "inicio": 2017.0, "fin": 2021.0, "url_link": "https://casadoj.github.io/CAMELS-ES/Segura/Segura/plots/7158.html" }, "geometry": { "type": "Point", "coordinates": [ -0.852133597445886, 38.077877003526915 ] } },
{ "type": "Feature", "properties": { "indroea": 7164, "lugar": "ALQUERIAS", "comentario": "OBTENCION DE DATOS DIARIOS SEGUN DIA HIDROLOGICO (8 A 8)              ", "serv": 1, "suprest": 13274, "suprcnc": 14936, "hoja_id": 913, "alti": 33.0, "altimax": null, "naa": 4, "naam": 16, "naai": 1, "num_cuenca": 7067, "muni_id": 30030, "xutm": 671831, "yutm": 4209221, "xutm30": 671831, "yutm30": 4209221, "long": -1.0234, "lat": 38.005, "longwgs84": -1.0238, "latwgs84": 38.0045, "observ1": null, "xetrs89": 671720, "yetrs89": 4209013, "cod_saih": "07R02A1", "cuenca": "SEGURA", "rio": "segura", "regimen": "alterado", "sistema": "segura", "caudal": 1, "inicio": 2017.0, "fin": 2021.0, "url_link": "https://casadoj.github.io/CAMELS-ES/Segura/Segura/plots/7164.html" }, "geometry": { "type": "Point", "coordinates": [ -1.043891124284887, 38.012549416123996 ] } },
{ "type": "Feature", "properties": { "indroea": 7165, "lugar": "JACARILLA", "comentario": "OBTENCION DE DATOS DIARIOS SEGUN DIA HIDROLOGICO (8 A 8)              ", "serv": 1, "suprest": 14254, "suprcnc": 14936, "hoja_id": 913, "alti": 17.0, "altimax": null, "naa": 4, "naam": 27, "naai": 8, "num_cuenca": 7071, "muni_id": 3080, "xutm": 686859, "yutm": 4216191, "xutm30": 686859, "yutm30": 4216191, "long": -0.5211, "lat": 38.0425, "longwgs84": -0.5216, "latwgs84": 38.042, "observ1": null, "xetrs89": 686748, "yetrs89": 4215983, "cod_saih": "07A03A1", "cuenca": "SEGURA", "rio": "segura", "regimen": "alterado", "sistema": "segura", "caudal": 1, "inicio": 2017.0, "fin": 2021.0, "url_link": "https://casadoj.github.io/CAMELS-ES/Segura/Segura/plots/7165.html" }, "geometry": { "type": "Point", "coordinates": [ -0.870989814178333, 38.072353908710305 ] } },
{ "type": "Feature", "properties": { "indroea": 7167, "lugar": "MENJU, EL", "comentario": "OBTENCION DE DATOS DIARIOS SEGUN DIA HIDROLOGICO (8 A 8)              ", "serv": 1, "suprest": 8015, "suprcnc": 14936, "hoja_id": 891, "alti": 180.0, "altimax": null, "naa": 4, "naam": 16, "naai": 1, "num_cuenca": 7044, "muni_id": 30019, "xutm": 638814, "yutm": 4231693, "xutm30": 638814, "yutm30": 4231693, "long": -1.2451, "lat": 38.1319, "longwgs84": -1.2456, "latwgs84": 38.1314, "observ1": "LOS DATOS DE 2015-16 SON PROVISIONALES PENDIENTES DE REVISION                                       ", "xetrs89": 638703, "yetrs89": 4231485, "cod_saih": "02A03A1", "cuenca": "SEGURA", "rio": "segura", "regimen": "alterado", "sistema": "segura", "caudal": 1, "inicio": 2017.0, "fin": 2021.0, "url_link": "https://casadoj.github.io/CAMELS-ES/Segura/Segura/plots/7167.html" }, "geometry": { "type": "Point", "coordinates": [ -1.415479191276648, 38.220660543647377 ] } },
{ "type": "Feature", "properties": { "indroea": 7170, "lugar": "MUNDO, RIO EN LIETOR", "comentario": null, "serv": 1, "suprest": 576, "suprcnc": 2395, "hoja_id": 842, "alti": 538.0, "altimax": null, "naa": 4, "naam": 5, "naai": 0, "num_cuenca": 7031, "muni_id": 2044, "xutm": 590375, "yutm": 4266695, "xutm30": 590375, "yutm30": 4266695, "long": -1.5747, "lat": 38.3236, "longwgs84": -1.5751, "latwgs84": 38.3232, "observ1": null, "xetrs89": 590264, "yetrs89": 4266487, "cod_saih": "03A05A1", "cuenca": "SEGURA", "rio": "mundo", "regimen": "desconocido", "sistema": "segura", "caudal": 1, "inicio": 2017.0, "fin": 2021.0, "url_link": "https://casadoj.github.io/CAMELS-ES/Segura/Segura/plots/7170.html" }, "geometry": { "type": "Point", "coordinates": [ -1.96424494722616, 38.542223327142651 ] } },
{ "type": "Feature", "properties": { "indroea": 7174, "lugar": "ORIHUELA", "comentario": null, "serv": 1, "suprest": 13612, "suprcnc": 14936, "hoja_id": 913, "alti": 33.0, "altimax": null, "naa": 4, "naam": 5, "naai": 0, "num_cuenca": 7069, "muni_id": 3099, "xutm": 678097, "yutm": 4216458, "xutm30": 678097, "yutm30": 4216458, "long": -0.581, "lat": 38.044, "longwgs84": -0.5815, "latwgs84": 38.0435, "observ1": null, "xetrs89": 677986, "yetrs89": 4216250, "cod_saih": "07C03A2", "cuenca": "SEGURA", "rio": "segura", "regimen": "desconocido", "sistema": "segura", "caudal": 1, "inicio": 2017.0, "fin": 2021.0, "url_link": "https://casadoj.github.io/CAMELS-ES/Segura/Segura/plots/7174.html" }, "geometry": { "type": "Point", "coordinates": [ -0.970754858489893, 38.076525542784481 ] } },
{ "type": "Feature", "properties": { "indroea": 7175, "lugar": "MANZANO Y FERRER", "comentario": null, "serv": 1, "suprest": 14088, "suprcnc": 14936, "hoja_id": 913, "alti": 22.0, "altimax": null, "naa": 4, "naam": 5, "naai": 0, "num_cuenca": 7069, "muni_id": 3099, "xutm": 684332, "yutm": 4217489, "xutm30": 684332, "yutm30": 4217489, "long": -0.5354, "lat": 38.0509, "longwgs84": -0.5358, "latwgs84": 38.0504, "observ1": null, "xetrs89": 684221, "yetrs89": 4217281, "cod_saih": "07R03A1", "cuenca": "SEGURA", "rio": "segura", "regimen": "desconocido", "sistema": "segura", "caudal": 1, "inicio": 2017.0, "fin": 2021.0, "url_link": "https://casadoj.github.io/CAMELS-ES/Segura/Segura/plots/7175.html" }, "geometry": { "type": "Point", "coordinates": [ -0.899446235942907, 38.084562843830348 ] } },
{ "type": "Feature", "properties": { "indroea": 7176, "lugar": "FORMENTERA", "comentario": null, "serv": 1, "suprest": 14264, "suprcnc": 14936, "hoja_id": 914, "alti": 12.0, "altimax": null, "naa": 4, "naam": 6, "naai": 0, "num_cuenca": 7071, "muni_id": 3034, "xutm": 698006, "yutm": 4217659, "xutm30": 698006, "yutm30": 4217659, "long": -0.4433, "lat": 38.0504, "longwgs84": -0.4437, "latwgs84": 38.046, "observ1": "LOS DATOS DE 2016-17 SON PROVISIONALES PENDIENTES DE REVISION                                       ", "xetrs89": 697895, "yetrs89": 4217451, "cod_saih": "07R05A1", "cuenca": "SEGURA", "rio": "segura", "regimen": "desconocido", "sistema": "segura", "caudal": 1, "inicio": 2017.0, "fin": 2021.0, "url_link": "https://casadoj.github.io/CAMELS-ES/Segura/Segura/plots/7176.html" }, "geometry": { "type": "Point", "coordinates": [ -0.74359094584963, 38.083204315004181 ] } },
{ "type": "Feature", "properties": { "indroea": 7628, "lugar": "AZUD DE LOS HUERTOS", "comentario": "OBTENCION DE DATOS DIARIOS SEGUN DIA HIDROLOGICO (8 A 8)              ", "serv": 1, "suprest": 13639, "suprcnc": 14936, "hoja_id": 913, "alti": 25.0, "altimax": null, "naa": 4, "naam": 26, "naai": 3, "num_cuenca": 7069, "muni_id": 3099, "xutm": 678020, "yutm": 4216326, "xutm30": 678020, "yutm30": 4216326, "long": -0.5814, "lat": 38.0436, "longwgs84": -0.5817, "latwgs84": 38.0431, "observ1": null, "xetrs89": 677909, "yetrs89": 4216118, "cod_saih": "07C03A1", "cuenca": "SEGURA", "rio": "segura", "regimen": "alterado", "sistema": "segura", "caudal": 1, "inicio": 2017.0, "fin": 2021.0, "url_link": "https://casadoj.github.io/CAMELS-ES/Segura/Segura/plots/7628.html" }, "geometry": { "type": "Point", "coordinates": [ -0.971665090842244, 38.07535175440718 ] } },
{ "type": "Feature", "properties": { "indroea": 7821, "lugar": "MURCIA (AZUD MALECON)", "comentario": "OBTENCION DE DATOS DIARIOS SEGUN DIA HIDROLOGICO (8 A 8)              ", "serv": 1, "suprest": 9578, "suprcnc": 14936, "hoja_id": 934, "alti": 45.0, "altimax": null, "naa": 4, "naam": 14, "naai": 0, "num_cuenca": 7054, "muni_id": 30030, "xutm": 663695, "yutm": 4205370, "xutm30": 663695, "yutm30": 4205370, "long": -1.081, "lat": 37.585, "longwgs84": -1.0815, "latwgs84": 37.5846, "observ1": null, "xetrs89": 663584, "yetrs89": 4205162, "cod_saih": "01A03A1", "cuenca": "SEGURA", "rio": "segura", "regimen": "alterado", "sistema": "segura", "caudal": 1, "inicio": 2017.0, "fin": 2021.0, "url_link": "https://casadoj.github.io/CAMELS-ES/Segura/Segura/plots/7821.html" }, "geometry": { "type": "Point", "coordinates": [ -1.137402037792631, 37.979364088109506 ] } },
{ "type": "Feature", "properties": { "indroea": 7850, "lugar": "AZUD DE LIETOR", "comentario": "OBTENCION DE DATOS DIARIOS SEGUN DIA HIDROLOGICO (8 A 8)              ", "serv": 1, "suprest": 581, "suprcnc": 2395, "hoja_id": 842, "alti": 530.0, "altimax": null, "naa": 4, "naam": 13, "naai": 0, "num_cuenca": 7031, "muni_id": 2044, "xutm": 591930, "yutm": 4265921, "xutm30": 591930, "yutm30": 4265921, "long": -1.5643, "lat": 38.3211, "longwgs84": -1.5647, "latwgs84": 38.3206, "observ1": "LOS DATOS DE 2011-12 Y 2013-14 SON PROVISIONALES PENDIENTES DE REVISION                             ", "xetrs89": 591819, "yetrs89": 4265713, "cod_saih": "03R03A1", "cuenca": "SEGURA", "rio": "mundo", "regimen": "desconocido", "sistema": "segura", "caudal": 1, "inicio": 2017.0, "fin": 2021.0, "url_link": "https://casadoj.github.io/CAMELS-ES/Segura/Segura/plots/7850.html" }, "geometry": { "type": "Point", "coordinates": [ -1.946506254616029, 38.535089967564346 ] } },
{ "type": "Feature", "properties": { "indroea": 3001, "lugar": "PERALEJOS DE LAS TRUCHAS", "comentario": null, "serv": 1, "suprest": 410, "suprcnc": 71364, "hoja_id": 539, "alti": 1143.0, "altimax": 1920.0, "naa": 30, "naam": 77, "naai": 44, "num_cuenca": 3003, "muni_id": 19216, "xutm": 590482, "yutm": 4494462, "xutm30": 590482, "yutm30": 4494462, "long": -1.5551, "lat": 40.3543, "longwgs84": -1.5555, "latwgs84": 40.3539, "observ1": null, "xetrs89": 590373, "yetrs89": 4494253, "cod_saih": null, "cuenca": "TAJO", "rio": "tajo", "regimen": "natural", "sistema": "macrosistema", "caudal": 1, "inicio": 1991.0, "fin": 2021.0, "url_link": "https://casadoj.github.io/CAMELS-ES/Tajo/Macrosistema/plots/3001.html" }, "geometry": { "type": "Point", "coordinates": [ -1.931963871844488, 40.594144822754863 ] } },
{ "type": "Feature", "properties": { "indroea": 3002, "lugar": "PAULAR, EL", "comentario": null, "serv": 1, "suprest": 42, "suprcnc": 983, "hoja_id": 483, "alti": 1270.0, "altimax": 2430.0, "naa": 30, "naam": 55, "naai": 37, "num_cuenca": 3071, "muni_id": 28120, "xutm": 425430, "yutm": 4522276, "xutm30": 425430, "yutm30": 4522276, "long": -3.5305, "lat": 40.5051, "longwgs84": -3.5309, "latwgs84": 40.5047, "observ1": null, "xetrs89": 425321, "yetrs89": 4522069, "cod_saih": null, "cuenca": "TAJO", "rio": "lozoya", "regimen": "natural", "sistema": "macrosistema", "caudal": 1, "inicio": 1991.0, "fin": 2021.0, "url_link": "https://casadoj.github.io/CAMELS-ES/Tajo/Macrosistema/plots/3002.html" }, "geometry": { "type": "Point", "coordinates": [ -3.885902041555537, 40.846266247597256 ] } },
{ "type": "Feature", "properties": { "indroea": 3003, "lugar": "LORANCA DE TAJUÑA", "comentario": null, "serv": 1, "suprest": 1545, "suprcnc": 2601, "hoja_id": 561, "alti": 666.0, "altimax": 1367.0, "naa": 30, "naam": 56, "naai": 41, "num_cuenca": 3139, "muni_id": 19160, "xutm": 492001, "yutm": 4478545, "xutm30": 492001, "yutm30": 4478545, "long": -3.054, "lat": 40.2725, "longwgs84": -3.0544, "latwgs84": 40.272, "observ1": null, "xetrs89": 491892, "yetrs89": 4478337, "cod_saih": null, "cuenca": "TAJO", "rio": "tajuña", "regimen": "alterado", "sistema": "macrosistema", "caudal": 1, "inicio": 1991.0, "fin": 2021.0, "url_link": "https://casadoj.github.io/CAMELS-ES/Tajo/Macrosistema/plots/3003.html" }, "geometry": { "type": "Point", "coordinates": [ -3.095624901618291, 40.455656324395385 ] } },
{ "type": "Feature", "properties": { "indroea": 3005, "lugar": "TRILLO", "comentario": null, "serv": 1, "suprest": 3253, "suprcnc": 71364, "hoja_id": 512, "alti": 720.0, "altimax": 1920.0, "naa": 30, "naam": 89, "naai": 53, "num_cuenca": 3023, "muni_id": 19291, "xutm": 535097, "yutm": 4505319, "xutm30": 535097, "yutm30": 4505319, "long": -2.3505, "lat": 40.415, "longwgs84": -2.3509, "latwgs84": 40.4146, "observ1": "DATOS MODIFICADOS DE 04/1999 Y 10/1999 RESPECTO A PUBLICADOS (ANUARIO 2012-13)                      ", "xetrs89": 534988, "yetrs89": 4505111, "cod_saih": null, "cuenca": "TAJO", "rio": "tajo", "regimen": "natural", "sistema": "macrosistema", "caudal": 1, "inicio": 1991.0, "fin": 2021.0, "url_link": "https://casadoj.github.io/CAMELS-ES/Tajo/Macrosistema/plots/3005.html" }, "geometry": { "type": "Point", "coordinates": [ -2.585875487686971, 40.696157486528634 ] } },
{ "type": "Feature", "properties": { "indroea": 3012, "lugar": "PORTUSA, LA", "comentario": null, "serv": 1, "suprest": 27159, "suprcnc": 71364, "hoja_id": 628, "alti": 430.0, "altimax": 2430.0, "naa": 30, "naam": 57, "naai": 39, "num_cuenca": 3179, "muni_id": 45003, "xutm": 397740, "yutm": 4413445, "xutm30": 398987, "yutm30": 4415885, "long": -4.1144, "lat": 39.5151, "longwgs84": -4.1149, "latwgs84": 39.5147, "observ1": null, "xetrs89": 398877, "yetrs89": 4415678, "cod_saih": null, "cuenca": "TAJO", "rio": "tajo", "regimen": "desconocido", "sistema": "macrosistema", "caudal": 1, "inicio": 1991.0, "fin": 2021.0, "url_link": "https://casadoj.github.io/CAMELS-ES/Tajo/Macrosistema/plots/3012.html" }, "geometry": { "type": "Point", "coordinates": [ -4.18267475070853, 39.885137170128587 ] } },
{ "type": "Feature", "properties": { "indroea": 3014, "lugar": "PUENTE ALGODOR", "comentario": null, "serv": 1, "suprest": 23065, "suprcnc": 71364, "hoja_id": 629, "alti": 462.0, "altimax": null, "naa": 11, "naam": 12, "naai": 0, "num_cuenca": 3157, "muni_id": 45102, "xutm": 425661, "yutm": 4419621, "xutm30": 425661, "yutm30": 4419621, "long": -3.5211, "lat": 39.5522, "longwgs84": -3.5216, "latwgs84": 39.5518, "observ1": null, "xetrs89": 425551, "yetrs89": 4419414, "cod_saih": null, "cuenca": "TAJO", "rio": "tajo", "regimen": "desconocido", "sistema": "macrosistema", "caudal": 1, "inicio": 2010.0, "fin": 2021.0, "url_link": "https://casadoj.github.io/CAMELS-ES/Tajo/Macrosistema/plots/3014.html" }, "geometry": { "type": "Point", "coordinates": [ -3.871177671173708, 39.921556024482058 ] } },
{ "type": "Feature", "properties": { "indroea": 3024, "lugar": "TALAVERA LA VISTILLA", "comentario": null, "serv": 1, "suprest": 33859, "suprcnc": 71364, "hoja_id": 627, "alti": 357.0, "altimax": null, "naa": 7, "naam": 9, "naai": 0, "num_cuenca": 3239, "muni_id": 45165, "xutm": 342266, "yutm": 4422951, "xutm30": 342266, "yutm30": 4422951, "long": -4.5046, "lat": 39.5629, "longwgs84": -4.5051, "latwgs84": 39.5624, "observ1": null, "xetrs89": 342156, "yetrs89": 4422744, "cod_saih": null, "cuenca": "TAJO", "rio": "tajo", "regimen": "desconocido", "sistema": "macrosistema", "caudal": 1, "inicio": 2014.0, "fin": 2021.0, "url_link": "https://casadoj.github.io/CAMELS-ES/Tajo/Macrosistema/plots/3024.html" }, "geometry": { "type": "Point", "coordinates": [ -4.847492969802627, 39.940109064981641 ] } },
{ "type": "Feature", "properties": { "indroea": 3030, "lugar": "VENTOSA", "comentario": null, "serv": 1, "suprest": 944, "suprcnc": 1311, "hoja_id": 514, "alti": 1016.0, "altimax": 1920.0, "naa": 30, "naam": 77, "naai": 47, "num_cuenca": 3010, "muni_id": 19099, "xutm": 587360, "yutm": 4520525, "xutm30": 587360, "yutm30": 4520525, "long": -1.575, "lat": 40.4949, "longwgs84": -1.5755, "latwgs84": 40.4945, "observ1": null, "xetrs89": 587251, "yetrs89": 4520316, "cod_saih": null, "cuenca": "TAJO", "rio": "gallo", "regimen": "alterado", "sistema": "macrosistema", "caudal": 1, "inicio": 1991.0, "fin": 2021.0, "url_link": "https://casadoj.github.io/CAMELS-ES/Tajo/Macrosistema/plots/3030.html" }, "geometry": { "type": "Point", "coordinates": [ -1.965225936889853, 40.829235325337322 ] } },
{ "type": "Feature", "properties": { "indroea": 3031, "lugar": "HOZ SECA", "comentario": null, "serv": 1, "suprest": 175, "suprcnc": 179, "hoja_id": 539, "alti": 1250.0, "altimax": null, "naa": 10, "naam": 12, "naai": 0, "num_cuenca": 3002, "muni_id": 19216, "xutm": 594484, "yutm": 4487534, "xutm30": 594484, "yutm30": 4487534, "long": -1.5309, "lat": 40.3157, "longwgs84": -1.5308, "latwgs84": 40.3153, "observ1": null, "xetrs89": 594375, "yetrs89": 4487325, "cod_saih": null, "cuenca": "TAJO", "rio": "la hoz seca", "regimen": "desconocido", "sistema": "macrosistema", "caudal": 1, "inicio": 2011.0, "fin": 2021.0, "url_link": "https://casadoj.github.io/CAMELS-ES/Tajo/Macrosistema/plots/3031.html" }, "geometry": { "type": "Point", "coordinates": [ -1.885711603213096, 40.531295872860213 ] } },
{ "type": "Feature", "properties": { "indroea": 3034, "lugar": "ORIHUELA DEL TREMEDAL", "comentario": null, "serv": 1, "suprest": 31, "suprcnc": 1311, "hoja_id": 540, "alti": 1400.0, "altimax": 1920.0, "naa": 10, "naam": 12, "naai": 0, "num_cuenca": 3006, "muni_id": 44174, "xutm": 615921, "yutm": 4490077, "xutm30": 615921, "yutm30": 4490077, "long": -1.3756, "lat": 40.3305, "longwgs84": -1.3756, "latwgs84": 40.3305, "observ1": null, "xetrs89": 615812, "yetrs89": 4489868, "cod_saih": null, "cuenca": "TAJO", "rio": "gallo", "regimen": "desconocido", "sistema": "macrosistema", "caudal": 1, "inicio": 2011.0, "fin": 2021.0, "url_link": "https://casadoj.github.io/CAMELS-ES/Tajo/Macrosistema/plots/3034.html" }, "geometry": { "type": "Point", "coordinates": [ -1.632200594263493, 40.551481430442728 ] } },
{ "type": "Feature", "properties": { "indroea": 3040, "lugar": "SANTA MARIA DEL VAL", "comentario": null, "serv": 1, "suprest": 116, "suprcnc": 216, "hoja_id": 564, "alti": 1175.0, "altimax": null, "naa": 10, "naam": 12, "naai": 0, "num_cuenca": 3031, "muni_id": 16197, "xutm": 582233, "yutm": 4483518, "xutm30": 582233, "yutm30": 4483518, "long": -2.0147, "lat": 40.2951, "longwgs84": -2.0151, "latwgs84": 40.2947, "observ1": null, "xetrs89": 582124, "yetrs89": 4483309, "cod_saih": null, "cuenca": "TAJO", "rio": "cuervo", "regimen": "desconocido", "sistema": "bajo tajo - extremadura", "caudal": 1, "inicio": 2011.0, "fin": 2021.0, "url_link": "https://casadoj.github.io/CAMELS-ES/Tajo/Bajo Tajo - Extremadura/plots/3040.html" }, "geometry": { "type": "Point", "coordinates": [ -2.030859411163302, 40.496425245796416 ] } },
{ "type": "Feature", "properties": { "indroea": 3041, "lugar": "ALCANTUD", "comentario": null, "serv": 1, "suprest": 666, "suprcnc": 3470, "hoja_id": 538, "alti": 754.0, "altimax": 1798.0, "naa": 30, "naam": 57, "naai": 31, "num_cuenca": 3032, "muni_id": 16009, "xutm": 557237, "yutm": 4484524, "xutm30": 557237, "yutm30": 4484524, "long": -2.1928, "lat": 40.3032, "longwgs84": -2.1933, "latwgs84": 40.3027, "observ1": null, "xetrs89": 557128, "yetrs89": 4484316, "cod_saih": null, "cuenca": "TAJO", "rio": "guadiela", "regimen": "alterado", "sistema": "macrosistema", "caudal": 1, "inicio": 1991.0, "fin": 2021.0, "url_link": "https://casadoj.github.io/CAMELS-ES/Tajo/Macrosistema/plots/3041.html" }, "geometry": { "type": "Point", "coordinates": [ -2.325721306667319, 40.507593840483665 ] } },
{ "type": "Feature", "properties": { "indroea": 3045, "lugar": "PRIEGO (ESCABAS)", "comentario": null, "serv": 1, "suprest": 345, "suprcnc": 772, "hoja_id": 563, "alti": 818.0, "altimax": 1796.0, "naa": 30, "naam": 81, "naai": 32, "num_cuenca": 3037, "muni_id": 16170, "xutm": 558512, "yutm": 4477438, "xutm30": 558512, "yutm30": 4477438, "long": -2.1836, "lat": 40.2641, "longwgs84": -2.1841, "latwgs84": 40.2637, "observ1": "DATOS MODIFICADOS: 12/1969,07-08/1976,04/1998 Y 06/2002 (ANUARIO 12-13), 2008-09 (ANUARIO 13-14)    ", "xetrs89": 558403, "yetrs89": 4477230, "cod_saih": null, "cuenca": "TAJO", "rio": "escabas", "regimen": "natural", "sistema": "macrosistema", "caudal": 1, "inicio": 1991.0, "fin": 2021.0, "url_link": "https://casadoj.github.io/CAMELS-ES/Tajo/Macrosistema/plots/3045.html" }, "geometry": { "type": "Point", "coordinates": [ -2.311326103938133, 40.443671483486284 ] } },
{ "type": "Feature", "properties": { "indroea": 3046, "lugar": "PEDREZUELA-ALBALA", "comentario": null, "serv": 1, "suprest": 32, "suprcnc": 46, "hoja_id": 509, "alti": 832.0, "altimax": null, "naa": 11, "naam": 13, "naai": 0, "num_cuenca": 3821, "muni_id": 28169, "xutm": 446943, "yutm": 4515286, "xutm30": 446943, "yutm30": 4515286, "long": -3.3744, "lat": 40.471, "longwgs84": -3.3748, "latwgs84": 40.4706, "observ1": null, "xetrs89": 446834, "yetrs89": 4515079, "cod_saih": null, "cuenca": "TAJO", "rio": "albalá", "regimen": "desconocido", "sistema": "macrosistema", "caudal": 1, "inicio": 2010.0, "fin": 2021.0, "url_link": "https://casadoj.github.io/CAMELS-ES/Tajo/Macrosistema/plots/3046.html" }, "geometry": { "type": "Point", "coordinates": [ -3.630119264942714, 40.784977994397231 ] } },
{ "type": "Feature", "properties": { "indroea": 3047, "lugar": "PEDREZUELA-GARGÜERA", "comentario": null, "serv": 1, "suprest": 26, "suprcnc": 196, "hoja_id": 509, "alti": 832.0, "altimax": null, "naa": 11, "naam": 13, "naai": 0, "num_cuenca": 3820, "muni_id": 28067, "xutm": 443685, "yutm": 4515876, "xutm30": 443685, "yutm30": 4515876, "long": -3.4003, "lat": 40.4728, "longwgs84": -3.4008, "latwgs84": 40.4724, "observ1": null, "xetrs89": 443576, "yetrs89": 4515669, "cod_saih": null, "cuenca": "TAJO", "rio": "gargüera", "regimen": "desconocido", "sistema": "macrosistema", "caudal": 1, "inicio": 2010.0, "fin": 2021.0, "url_link": "https://casadoj.github.io/CAMELS-ES/Tajo/Macrosistema/plots/3047.html" }, "geometry": { "type": "Point", "coordinates": [ -3.668783710790965, 40.790075386958939 ] } },
{ "type": "Feature", "properties": { "indroea": 3048, "lugar": "PEDREZUELA-GUADALIX", "comentario": null, "serv": 1, "suprest": 168, "suprcnc": 330, "hoja_id": 509, "alti": 840.0, "altimax": null, "naa": 11, "naam": 12, "naai": 0, "num_cuenca": 3077, "muni_id": 28067, "xutm": 441796, "yutm": 4515701, "xutm30": 441796, "yutm30": 4515701, "long": -3.4123, "lat": 40.4722, "longwgs84": -3.4128, "latwgs84": 40.4718, "observ1": null, "xetrs89": 441687, "yetrs89": 4515494, "cod_saih": null, "cuenca": "TAJO", "rio": "guadalix", "regimen": "desconocido", "sistema": "macrosistema", "caudal": 1, "inicio": 2010.0, "fin": 2021.0, "url_link": "https://casadoj.github.io/CAMELS-ES/Tajo/Macrosistema/plots/3048.html" }, "geometry": { "type": "Point", "coordinates": [ -3.69115582183932, 40.788367068805734 ] } },
{ "type": "Feature", "properties": { "indroea": 3049, "lugar": "MATALLANA", "comentario": null, "serv": 1, "suprest": 143, "suprcnc": 11597, "hoja_id": 459, "alti": 940.0, "altimax": null, "naa": 10, "naam": 12, "naai": 0, "num_cuenca": 3070, "muni_id": 19060, "xutm": 472300, "yutm": 4544905, "xutm30": 472300, "yutm30": 4544905, "long": -3.1951, "lat": 41.0311, "longwgs84": -3.1951, "latwgs84": 41.0311, "observ1": null, "xetrs89": 472191, "yetrs89": 4544697, "cod_saih": null, "cuenca": "TAJO", "rio": "jarama", "regimen": "desconocido", "sistema": "macrosistema", "caudal": 1, "inicio": 2011.0, "fin": 2021.0, "url_link": "https://casadoj.github.io/CAMELS-ES/Tajo/Macrosistema/plots/3049.html" }, "geometry": { "type": "Point", "coordinates": [ -3.330924988343664, 41.053033012025693 ] } },
{ "type": "Feature", "properties": { "indroea": 3051, "lugar": "ALGETE", "comentario": null, "serv": 1, "suprest": 2448, "suprcnc": 11597, "hoja_id": 534, "alti": 585.0, "altimax": 2430.0, "naa": 24, "naam": 89, "naai": 33, "num_cuenca": 3080, "muni_id": 28009, "xutm": 452170, "yutm": 4493275, "xutm30": 452170, "yutm30": 4493275, "long": -3.3355, "lat": 40.3517, "longwgs84": -3.33, "latwgs84": 40.3513, "observ1": "DATOS MODIFICADOS DE 12/1913 RESPECTO A PUBLICADOS (ANUARIO 2012-13)                                ", "xetrs89": 452061, "yetrs89": 4493067, "cod_saih": null, "cuenca": "TAJO", "rio": "jarama", "regimen": "alterado", "sistema": "macrosistema", "caudal": 1, "inicio": 1997.0, "fin": 2021.0, "url_link": "https://casadoj.github.io/CAMELS-ES/Tajo/Macrosistema/plots/3051.html" }, "geometry": { "type": "Point", "coordinates": [ -3.566490796041405, 40.587009196280292 ] } },
{ "type": "Feature", "properties": { "indroea": 3052, "lugar": "MEJORADA DEL CAMPO", "comentario": null, "serv": 1, "suprest": 7005, "suprcnc": 11597, "hoja_id": 560, "alti": 550.0, "altimax": 2430.0, "naa": 30, "naam": 106, "naai": 42, "num_cuenca": 3112, "muni_id": 28123, "xutm": 456875, "yutm": 4471956, "xutm30": 456875, "yutm30": 4471956, "long": -3.3029, "lat": 40.2347, "longwgs84": -3.3034, "latwgs84": 40.2343, "observ1": null, "xetrs89": 456766, "yetrs89": 4471748, "cod_saih": null, "cuenca": "TAJO", "rio": "jarama", "regimen": "desconocido", "sistema": "macrosistema", "caudal": 1, "inicio": 1991.0, "fin": 2021.0, "url_link": "https://casadoj.github.io/CAMELS-ES/Tajo/Macrosistema/plots/3052.html" }, "geometry": { "type": "Point", "coordinates": [ -3.509439984800071, 40.395212467040416 ] } },
{ "type": "Feature", "properties": { "indroea": 3054, "lugar": "PESADILLA", "comentario": null, "serv": 1, "suprest": 238, "suprcnc": 330, "hoja_id": 509, "alti": 630.0, "altimax": 2106.0, "naa": 25, "naam": 49, "naai": 26, "num_cuenca": 3077, "muni_id": 28129, "xutm": 448420, "yutm": 4505260, "xutm30": 448420, "yutm30": 4505260, "long": -3.3638, "lat": 40.4145, "longwgs84": -3.3643, "latwgs84": 40.4141, "observ1": "DATOS MODIFICADOS DE 10-11/1996 RESPECTO A PUBLICADOS (ANUARIO 2012-13)                             ", "xetrs89": 448311, "yetrs89": 4505053, "cod_saih": null, "cuenca": "TAJO", "rio": "guadalix", "regimen": "alterado", "sistema": "macrosistema", "caudal": 1, "inicio": 1996.0, "fin": 2021.0, "url_link": "https://casadoj.github.io/CAMELS-ES/Tajo/Macrosistema/plots/3054.html" }, "geometry": { "type": "Point", "coordinates": [ -3.611786901609099, 40.694756727418856 ] } },
{ "type": "Feature", "properties": { "indroea": 3060, "lugar": "BUJALARO", "comentario": null, "serv": 1, "suprest": 1036, "suprcnc": 4144, "hoja_id": 489, "alti": 798.0, "altimax": 1409.0, "naa": 30, "naam": 61, "naai": 42, "num_cuenca": 3093, "muni_id": 19157, "xutm": 506887, "yutm": 4533675, "xutm30": 506887, "yutm30": 4533675, "long": -2.5505, "lat": 40.5713, "longwgs84": -2.551, "latwgs84": 40.5708, "observ1": null, "xetrs89": 506778, "yetrs89": 4533467, "cod_saih": null, "cuenca": "TAJO", "rio": "henares", "regimen": "alterado", "sistema": "macrosistema", "caudal": 1, "inicio": 1991.0, "fin": 2021.0, "url_link": "https://casadoj.github.io/CAMELS-ES/Tajo/Macrosistema/plots/3060.html" }, "geometry": { "type": "Point", "coordinates": [ -2.919464951665542, 40.952317534852938 ] } },
{ "type": "Feature", "properties": { "indroea": 3061, "lugar": "HUMANES", "comentario": null, "serv": 1, "suprest": 2597, "suprcnc": 4144, "hoja_id": 486, "alti": 700.0, "altimax": 2036.0, "naa": 30, "naam": 92, "naai": 41, "num_cuenca": 3103, "muni_id": 19151, "xutm": 490273, "yutm": 4521155, "xutm30": 490273, "yutm30": 4521155, "long": -3.0655, "lat": 40.5026, "longwgs84": -3.07, "latwgs84": 40.5022, "observ1": "DATOS MODIFICADOS DE 12/1945 y 12/1973 RESPECTO A PUBLICADOS (ANUARIO 2012-13)                      ", "xetrs89": 490164, "yetrs89": 4520947, "cod_saih": null, "cuenca": "TAJO", "rio": "henares", "regimen": "alterado", "sistema": "macrosistema", "caudal": 1, "inicio": 1991.0, "fin": 2021.0, "url_link": "https://casadoj.github.io/CAMELS-ES/Tajo/Macrosistema/plots/3061.html" }, "geometry": { "type": "Point", "coordinates": [ -3.116671307650407, 40.839501468723533 ] } },
{ "type": "Feature", "properties": { "indroea": 3062, "lugar": "ESPINILLOS", "comentario": null, "serv": 1, "suprest": 4031, "suprcnc": 4144, "hoja_id": 560, "alti": 565.0, "altimax": 2036.0, "naa": 24, "naam": 109, "naai": 38, "num_cuenca": 3111, "muni_id": 28005, "xutm": 464370, "yutm": 4479095, "xutm30": 464370, "yutm30": 4479095, "long": -3.2513, "lat": 40.274, "longwgs84": -3.2518, "latwgs84": 40.2736, "observ1": "DATOS MODIFICADOS DE 02/1926 y 01/1922 RESPECTO A PUBLICADOS (ANUARIO 2012-13)                      ", "xetrs89": 464261, "yetrs89": 4478887, "cod_saih": null, "cuenca": "TAJO", "rio": "henares", "regimen": "alterado", "sistema": "macrosistema", "caudal": 1, "inicio": 1997.0, "fin": 2021.0, "url_link": "https://casadoj.github.io/CAMELS-ES/Tajo/Macrosistema/plots/3062.html" }, "geometry": { "type": "Point", "coordinates": [ -3.421527850789576, 40.459882294128633 ] } },
{ "type": "Feature", "properties": { "indroea": 3063, "lugar": "SANTOS DE LA HUMOSA", "comentario": "INT 2020                                                              ", "serv": 0, "suprest": 3553, "suprcnc": 4144, "hoja_id": 535, "alti": 600.0, "altimax": null, "naa": 8, "naam": 11, "naai": 0, "num_cuenca": 3107, "muni_id": 28137, "xutm": 476416, "yutm": 4486725, "xutm30": 476416, "yutm30": 4486725, "long": -3.1647, "lat": 40.3144, "longwgs84": -3.1647, "latwgs84": 40.3145, "observ1": null, "xetrs89": 476307, "yetrs89": 4486517, "cod_saih": null, "cuenca": "TAJO", "rio": "henares", "regimen": "desconocido", "sistema": "macrosistema", "caudal": 1, "inicio": 2011.0, "fin": 2019.0, "url_link": "https://casadoj.github.io/CAMELS-ES/Tajo/Macrosistema/plots/3063.html" }, "geometry": { "type": "Point", "coordinates": [ -3.279737215977947, 40.529051164354541 ] } },
{ "type": "Feature", "properties": { "indroea": 3067, "lugar": "BELEÑA", "comentario": null, "serv": 1, "suprest": 519, "suprcnc": 547, "hoja_id": 486, "alti": 755.0, "altimax": 2036.0, "naa": 30, "naam": 64, "naai": 35, "num_cuenca": 3102, "muni_id": 19228, "xutm": 484844, "yutm": 4526925, "xutm30": 484844, "yutm30": 4526925, "long": -3.1048, "lat": 40.5333, "longwgs84": -3.1053, "latwgs84": 40.5329, "observ1": "DATOS MODIFICADOS DE 05/1963 RESPECTO A PUBLICADOS (ANUARIO 2012-13)                                ", "xetrs89": 484735, "yetrs89": 4526717, "cod_saih": null, "cuenca": "TAJO", "rio": "sorbe", "regimen": "alterado", "sistema": "macrosistema", "caudal": 1, "inicio": 1991.0, "fin": 2021.0, "url_link": "https://casadoj.github.io/CAMELS-ES/Tajo/Macrosistema/plots/3067.html" }, "geometry": { "type": "Point", "coordinates": [ -3.181209645513093, 40.89139686681844 ] } },
{ "type": "Feature", "properties": { "indroea": 3070, "lugar": "MADRID (P.SINDICAL)", "comentario": null, "serv": 1, "suprest": 710, "suprcnc": 1242, "hoja_id": 559, "alti": 588.0, "altimax": 2383.0, "naa": 20, "naam": 101, "naai": 17, "num_cuenca": 3123, "muni_id": 28079, "xutm": 436715, "yutm": 4479240, "xutm30": 436715, "yutm30": 4479240, "long": -3.4447, "lat": 40.2739, "longwgs84": -3.4452, "latwgs84": 40.2734, "observ1": null, "xetrs89": 436606, "yetrs89": 4479033, "cod_saih": null, "cuenca": "TAJO", "rio": "manzanares", "regimen": "alterado", "sistema": "macrosistema", "caudal": 1, "inicio": 2001.0, "fin": 2021.0, "url_link": "https://casadoj.github.io/CAMELS-ES/Tajo/Macrosistema/plots/3070.html" }, "geometry": { "type": "Point", "coordinates": [ -3.74770198598178, 40.459547938900187 ] } },
{ "type": "Feature", "properties": { "indroea": 3075, "lugar": "SANTILLANA SAMBURIEL", "comentario": null, "serv": 1, "suprest": 46, "suprcnc": 93, "hoja_id": 508, "alti": 925.0, "altimax": null, "naa": 9, "naam": 11, "naai": 0, "num_cuenca": 3118, "muni_id": 28023, "xutm": 422190, "yutm": 4505805, "xutm30": 422190, "yutm30": 4505805, "long": -3.5515, "lat": 40.4156, "longwgs84": -3.552, "latwgs84": 40.4151, "observ1": null, "xetrs89": 422081, "yetrs89": 4505598, "cod_saih": null, "cuenca": "TAJO", "rio": "samburiel o navacerrada", "regimen": "desconocido", "sistema": "macrosistema", "caudal": 1, "inicio": 2012.0, "fin": 2021.0, "url_link": "https://casadoj.github.io/CAMELS-ES/Tajo/Macrosistema/plots/3075.html" }, "geometry": { "type": "Point", "coordinates": [ -3.922278971532486, 40.69760340933896 ] } },
{ "type": "Feature", "properties": { "indroea": 3080, "lugar": "MASEGOSO", "comentario": null, "serv": 1, "suprest": 658, "suprcnc": 2601, "hoja_id": 512, "alti": 869.0, "altimax": 1367.0, "naa": 30, "naam": 61, "naai": 39, "num_cuenca": 3131, "muni_id": 19172, "xutm": 525695, "yutm": 4519115, "xutm30": 525695, "yutm30": 4519115, "long": -2.4143, "lat": 40.4919, "longwgs84": -2.4148, "latwgs84": 40.4915, "observ1": "DATOS MODIFICADOS DE 04/1983 Y 02/2001 RESPECTO A PUBLICADOS (ANUARIO 2012-13)                      ", "xetrs89": 525586, "yetrs89": 4518907, "cod_saih": null, "cuenca": "TAJO", "rio": "tajuña", "regimen": "alterado", "sistema": "macrosistema", "caudal": 1, "inicio": 1991.0, "fin": 2021.0, "url_link": "https://casadoj.github.io/CAMELS-ES/Tajo/Macrosistema/plots/3080.html" }, "geometry": { "type": "Point", "coordinates": [ -2.696593022911197, 40.820784175665239 ] } },
{ "type": "Feature", "properties": { "indroea": 3082, "lugar": "ORUSCO", "comentario": null, "serv": 1, "suprest": 2029, "suprcnc": 2601, "hoja_id": 583, "alti": 615.0, "altimax": 1367.0, "naa": 30, "naam": 107, "naai": 44, "num_cuenca": 3147, "muni_id": 28102, "xutm": 483594, "yutm": 4461803, "xutm30": 483594, "yutm30": 4461803, "long": -3.1135, "lat": 40.1821, "longwgs84": -3.114, "latwgs84": 40.1817, "observ1": "DATOS MODIFICADOS DE 10/1915, 05/1972 Y 12/1976 RESPECTO A PUBLICADOS (ANUARIO 2012-13)             ", "xetrs89": 483485, "yetrs89": 4461595, "cod_saih": null, "cuenca": "TAJO", "rio": "tajuña", "regimen": "desconocido", "sistema": "macrosistema", "caudal": 1, "inicio": 1991.0, "fin": 2021.0, "url_link": "https://casadoj.github.io/CAMELS-ES/Tajo/Macrosistema/plots/3082.html" }, "geometry": { "type": "Point", "coordinates": [ -3.194341877427952, 40.304700467770225 ] } },
{ "type": "Feature", "properties": { "indroea": 3100, "lugar": "VILLALBA", "comentario": null, "serv": 1, "suprest": 234, "suprcnc": 1703, "hoja_id": 533, "alti": 850.0, "altimax": 2181.0, "naa": 12, "naam": 52, "naai": 27, "num_cuenca": 3166, "muni_id": 28047, "xutm": 415044, "yutm": 4498174, "xutm30": 415044, "yutm30": 4498174, "long": -4.0016, "lat": 40.3746, "longwgs84": -4.0021, "latwgs84": 40.3741, "observ1": null, "xetrs89": 414935, "yetrs89": 4497967, "cod_saih": null, "cuenca": "TAJO", "rio": "guadarrama", "regimen": "alterado", "sistema": "macrosistema", "caudal": 1, "inicio": 2009.0, "fin": 2021.0, "url_link": "https://casadoj.github.io/CAMELS-ES/Tajo/Macrosistema/plots/3100.html" }, "geometry": { "type": "Point", "coordinates": [ -4.005816713391908, 40.628161481325137 ] } },
{ "type": "Feature", "properties": { "indroea": 3101, "lugar": "CAZALEGAS", "comentario": null, "serv": 1, "suprest": 3997, "suprcnc": 4104, "hoja_id": 602, "alti": 375.0, "altimax": null, "naa": 7, "naam": 9, "naai": 0, "num_cuenca": 3238, "muni_id": 45045, "xutm": 353597, "yutm": 4430565, "xutm30": 353597, "yutm30": 4430565, "long": -4.4255, "lat": 40.0043, "longwgs84": -4.426, "latwgs84": 40.0039, "observ1": null, "xetrs89": 353487, "yetrs89": 4430358, "cod_saih": null, "cuenca": "TAJO", "rio": "alberche", "regimen": "desconocido", "sistema": "macrosistema", "caudal": 1, "inicio": 2014.0, "fin": 2021.0, "url_link": "https://casadoj.github.io/CAMELS-ES/Tajo/Macrosistema/plots/3101.html" }, "geometry": { "type": "Point", "coordinates": [ -4.716642203907663, 40.010716414845497 ] } },
{ "type": "Feature", "properties": { "indroea": 3102, "lugar": "BARGAS", "comentario": null, "serv": 1, "suprest": 1353, "suprcnc": 1703, "hoja_id": 629, "alti": 475.0, "altimax": 2181.0, "naa": 10, "naam": 44, "naai": 18, "num_cuenca": 3174, "muni_id": 45019, "xutm": 411682, "yutm": 4427757, "xutm30": 411682, "yutm30": 4427757, "long": -4.0204, "lat": 39.5941, "longwgs84": -4.0209, "latwgs84": 39.5937, "observ1": null, "xetrs89": 411572, "yetrs89": 4427550, "cod_saih": "AR20", "cuenca": "TAJO", "rio": "guadarrama", "regimen": "desconocido", "sistema": "macrosistema", "caudal": 1, "inicio": 2011.0, "fin": 2021.0, "url_link": "https://casadoj.github.io/CAMELS-ES/Tajo/Macrosistema/plots/3102.html" }, "geometry": { "type": "Point", "coordinates": [ -4.035837453184025, 39.99350408675177 ] } },
{ "type": "Feature", "properties": { "indroea": 3103, "lugar": "BATRES", "comentario": "INT 2020                                                              ", "serv": 0, "suprest": 962, "suprcnc": 1703, "hoja_id": 581, "alti": 542.0, "altimax": null, "naa": 8, "naam": 11, "naai": 0, "num_cuenca": 3172, "muni_id": 28017, "xutm": 419663, "yutm": 4452782, "xutm30": 419663, "yutm30": 4452782, "long": -3.5643, "lat": 40.1311, "longwgs84": -3.5644, "latwgs84": 40.1311, "observ1": null, "xetrs89": 419553, "yetrs89": 4452575, "cod_saih": null, "cuenca": "TAJO", "rio": "guadarrama", "regimen": "desconocido", "sistema": "macrosistema", "caudal": 1, "inicio": 2011.0, "fin": 2019.0, "url_link": "https://casadoj.github.io/CAMELS-ES/Tajo/Macrosistema/plots/3103.html" }, "geometry": { "type": "Point", "coordinates": [ -3.945477483774881, 40.219737337804133 ] } },
{ "type": "Feature", "properties": { "indroea": 3144, "lugar": "VILLAR, EL", "comentario": null, "serv": 1, "suprest": 386, "suprcnc": 394, "hoja_id": 575, "alti": 352.0, "altimax": 2395.0, "naa": 23, "naam": 51, "naai": 29, "num_cuenca": 3347, "muni_id": 10090, "xutm": 746789, "yutm": 4450918, "xutm30": 235853, "yutm30": 4451505, "long": -6.0607, "lat": 40.1018, "longwgs84": -6.0612, "latwgs84": 40.1014, "observ1": null, "xetrs89": 235744, "yetrs89": 4451299, "cod_saih": null, "cuenca": "TAJO", "rio": "ambroz", "regimen": "alterado", "sistema": "alagón", "caudal": 1, "inicio": 1998.0, "fin": 2021.0, "url_link": "https://casadoj.github.io/CAMELS-ES/Tajo/Alagón/plots/3144.html" }, "geometry": { "type": "Point", "coordinates": [ -6.10326823129802, 40.170490078967298 ] } },
{ "type": "Feature", "properties": { "indroea": 3146, "lugar": "TORNO, EL", "comentario": null, "serv": 1, "suprest": 313, "suprcnc": 637, "hoja_id": 598, "alti": 380.0, "altimax": 2395.0, "naa": 10, "naam": 51, "naai": 19, "num_cuenca": 3353, "muni_id": 10184, "xutm": 249042, "yutm": 4444481, "xutm30": 249042, "yutm30": 4444481, "long": -5.564, "lat": 40.0645, "longwgs84": -5.5645, "latwgs84": 40.0641, "observ1": null, "xetrs89": 248933, "yetrs89": 4444275, "cod_saih": "AR42", "cuenca": "TAJO", "rio": "jerte", "regimen": "desconocido", "sistema": "alagón", "caudal": 1, "inicio": 2011.0, "fin": 2021.0, "url_link": "https://casadoj.github.io/CAMELS-ES/Tajo/Alagón/plots/3146.html" }, "geometry": { "type": "Point", "coordinates": [ -5.94584999399891, 40.11133710245722 ] } },
{ "type": "Feature", "properties": { "indroea": 3147, "lugar": "GALISTEO (JERTE)", "comentario": null, "serv": 1, "suprest": 631, "suprcnc": 637, "hoja_id": 622, "alti": 258.0, "altimax": 2395.0, "naa": 30, "naam": 57, "naai": 36, "num_cuenca": 3353, "muni_id": 10076, "xutm": 733014, "yutm": 4429508, "xutm30": 220663, "yutm30": 4431068, "long": -6.1616, "lat": 39.5859, "longwgs84": -6.1621, "latwgs84": 39.5854, "observ1": null, "xetrs89": 220554, "yetrs89": 4430862, "cod_saih": null, "cuenca": "TAJO", "rio": "jerte", "regimen": "alterado", "sistema": "alagón", "caudal": 1, "inicio": 1991.0, "fin": 2021.0, "url_link": "https://casadoj.github.io/CAMELS-ES/Tajo/Alagón/plots/3147.html" }, "geometry": { "type": "Point", "coordinates": [ -6.272561414832164, 39.981744957664318 ] } },
{ "type": "Feature", "properties": { "indroea": 3149, "lugar": "ALMOGUERA", "comentario": null, "serv": 1, "suprest": 7880, "suprcnc": 71364, "hoja_id": 584, "alti": 575.0, "altimax": null, "naa": 10, "naam": 12, "naai": 0, "num_cuenca": 3059, "muni_id": 19021, "xutm": 502821, "yutm": 4456978, "xutm30": 502821, "yutm30": 4456978, "long": -2.5805, "lat": 40.1541, "longwgs84": -2.5805, "latwgs84": 40.1541, "observ1": null, "xetrs89": 502711, "yetrs89": 4456770, "cod_saih": "AR08", "cuenca": "TAJO", "rio": "tajo", "regimen": "desconocido", "sistema": "macrosistema", "caudal": 1, "inicio": 2011.0, "fin": 2021.0, "url_link": "https://casadoj.github.io/CAMELS-ES/Tajo/Macrosistema/plots/3149.html" }, "geometry": { "type": "Point", "coordinates": [ -2.968118385383963, 40.261389135451502 ] } },
{ "type": "Feature", "properties": { "indroea": 3153, "lugar": "VALDEPEÑAS DE LA SIERRA", "comentario": null, "serv": 1, "suprest": 1620, "suprcnc": 11597, "hoja_id": 485, "alti": 695.0, "altimax": 2430.0, "naa": 30, "naam": 50, "naai": 31, "num_cuenca": 3076, "muni_id": 28107, "xutm": 460720, "yutm": 4524390, "xutm30": 460720, "yutm30": 4524390, "long": -3.2758, "lat": 40.5208, "longwgs84": -3.2803, "latwgs84": 40.5204, "observ1": null, "xetrs89": 460611, "yetrs89": 4524182, "cod_saih": null, "cuenca": "TAJO", "rio": "jarama", "regimen": "alterado", "sistema": "macrosistema", "caudal": 1, "inicio": 1991.0, "fin": 2021.0, "url_link": "https://casadoj.github.io/CAMELS-ES/Tajo/Macrosistema/plots/3153.html" }, "geometry": { "type": "Point", "coordinates": [ -3.467416825966937, 40.867755816740413 ] } },
{ "type": "Feature", "properties": { "indroea": 3158, "lugar": "HUERMECES", "comentario": null, "serv": 1, "suprest": 419, "suprcnc": 487, "hoja_id": 461, "alti": 870.0, "altimax": 1409.0, "naa": 30, "naam": 50, "naai": 26, "num_cuenca": 3090, "muni_id": 19147, "xutm": 516810, "yutm": 4545795, "xutm30": 516810, "yutm30": 4545795, "long": -2.48, "lat": 41.0345, "longwgs84": -2.4804, "latwgs84": 41.0341, "observ1": null, "xetrs89": 516701, "yetrs89": 4545587, "cod_saih": null, "cuenca": "TAJO", "rio": "salado", "regimen": "alterado", "sistema": "macrosistema", "caudal": 1, "inicio": 1991.0, "fin": 2021.0, "url_link": "https://casadoj.github.io/CAMELS-ES/Tajo/Macrosistema/plots/3158.html" }, "geometry": { "type": "Point", "coordinates": [ -2.801234223278848, 41.06135397371861 ] } },
{ "type": "Feature", "properties": { "indroea": 3159, "lugar": "MURIEL", "comentario": null, "serv": 1, "suprest": 439, "suprcnc": 547, "hoja_id": 485, "alti": 850.0, "altimax": 2036.0, "naa": 30, "naam": 51, "naai": 32, "num_cuenca": 3102, "muni_id": 19262, "xutm": 483497, "yutm": 4537769, "xutm30": 483497, "yutm30": 4537769, "long": -3.1146, "lat": 40.5925, "longwgs84": -3.1151, "latwgs84": 40.5921, "observ1": null, "xetrs89": 483388, "yetrs89": 4537561, "cod_saih": null, "cuenca": "TAJO", "rio": "sorbe", "regimen": "alterado", "sistema": "macrosistema", "caudal": 1, "inicio": 1991.0, "fin": 2021.0, "url_link": "https://casadoj.github.io/CAMELS-ES/Tajo/Macrosistema/plots/3159.html" }, "geometry": { "type": "Point", "coordinates": [ -3.197490441179609, 40.98905641653004 ] } },
{ "type": "Feature", "properties": { "indroea": 3161, "lugar": "ARENAS DE SAN PEDRO", "comentario": null, "serv": 1, "suprest": 730, "suprcnc": 4507, "hoja_id": 601, "alti": 367.0, "altimax": 2188.0, "naa": 30, "naam": 54, "naai": 31, "num_cuenca": 3268, "muni_id": 45130, "xutm": 325878, "yutm": 4446776, "xutm30": 325878, "yutm30": 4446776, "long": -5.0239, "lat": 40.0909, "longwgs84": -5.0244, "latwgs84": 40.0905, "observ1": null, "xetrs89": 325768, "yetrs89": 4446569, "cod_saih": null, "cuenca": "TAJO", "rio": "tiétar", "regimen": "natural", "sistema": "tiétar", "caudal": 1, "inicio": 1991.0, "fin": 2021.0, "url_link": "https://casadoj.github.io/CAMELS-ES/Tajo/Tiétar/plots/3161.html" }, "geometry": { "type": "Point", "coordinates": [ -5.045601993055269, 40.151414880928691 ] } },
{ "type": "Feature", "properties": { "indroea": 3162, "lugar": "MORALEJA", "comentario": null, "serv": 1, "suprest": 388, "suprcnc": 450, "hoja_id": 596, "alti": 252.0, "altimax": 1492.0, "naa": 30, "naam": 51, "naai": 21, "num_cuenca": 3368, "muni_id": 10128, "xutm": 696768, "yutm": 4432056, "xutm30": 184652, "yutm30": 4436052, "long": -6.414, "lat": 40.0054, "longwgs84": -6.4145, "latwgs84": 40.005, "observ1": null, "xetrs89": 184544, "yetrs89": 4435846, "cod_saih": null, "cuenca": "TAJO", "rio": "rivera de gata", "regimen": "alterado", "sistema": "árrago", "caudal": 1, "inicio": 1991.0, "fin": 2021.0, "url_link": "https://casadoj.github.io/CAMELS-ES/Tajo/Árrago/plots/3162.html" }, "geometry": { "type": "Point", "coordinates": [ -6.695908890721798, 40.013892773658441 ] } },
{ "type": "Feature", "properties": { "indroea": 3163, "lugar": "PIEDRAS ALBAS", "comentario": null, "serv": 1, "suprest": 887, "suprcnc": 1294, "hoja_id": 648, "alti": 172.0, "altimax": null, "naa": 30, "naam": 49, "naai": 25, "num_cuenca": 3378, "muni_id": 10008, "xutm": 672712, "yutm": 4409381, "xutm30": 159104, "yutm30": 4415026, "long": -6.5856, "lat": 39.4858, "longwgs84": -6.5901, "latwgs84": 39.4854, "observ1": null, "xetrs89": 158996, "yetrs89": 4414820, "cod_saih": null, "cuenca": "TAJO", "rio": "erjas", "regimen": "natural", "sistema": "árrago", "caudal": 1, "inicio": 1991.0, "fin": 2021.0, "url_link": "https://casadoj.github.io/CAMELS-ES/Tajo/Árrago/plots/3163.html" }, "geometry": { "type": "Point", "coordinates": [ -6.983591073746917, 39.814985469319197 ] } },
{ "type": "Feature", "properties": { "indroea": 3164, "lugar": "VILLASEQUILLA DE YEPES", "comentario": null, "serv": 1, "suprest": 1265, "suprcnc": 1315, "hoja_id": 630, "alti": 509.0, "altimax": 829.0, "naa": 20, "naam": 44, "naai": 23, "num_cuenca": 3156, "muni_id": 45197, "xutm": 437667, "yutm": 4414721, "xutm30": 437667, "yutm30": 4414721, "long": -3.4344, "lat": 39.5246, "longwgs84": -3.4349, "latwgs84": 39.5242, "observ1": null, "xetrs89": 437557, "yetrs89": 4414513, "cod_saih": null, "cuenca": "TAJO", "rio": "arroyo de martín román", "regimen": "alterado", "sistema": "macrosistema", "caudal": 1, "inicio": 2001.0, "fin": 2021.0, "url_link": "https://casadoj.github.io/CAMELS-ES/Tajo/Macrosistema/plots/3164.html" }, "geometry": { "type": "Point", "coordinates": [ -3.730230370913635, 39.878372202460163 ] } },
{ "type": "Feature", "properties": { "indroea": 3165, "lugar": "VALVERDE DE LOS ARROYOS", "comentario": null, "serv": 1, "suprest": 284, "suprcnc": 547, "hoja_id": 459, "alti": 1062.0, "altimax": null, "naa": 9, "naam": 11, "naai": 0, "num_cuenca": 3102, "muni_id": 19311, "xutm": 483827, "yutm": 4553958, "xutm30": 483827, "yutm30": 4553958, "long": -3.1139, "lat": 41.0806, "longwgs84": -3.1138, "latwgs84": 41.0806, "observ1": null, "xetrs89": 483718, "yetrs89": 4553750, "cod_saih": null, "cuenca": "TAJO", "rio": "sorbe", "regimen": "desconocido", "sistema": "macrosistema", "caudal": 1, "inicio": 2012.0, "fin": 2021.0, "url_link": "https://casadoj.github.io/CAMELS-ES/Tajo/Macrosistema/plots/3165.html" }, "geometry": { "type": "Point", "coordinates": [ -3.193995334330439, 41.134895044690396 ] } },
{ "type": "Feature", "properties": { "indroea": 3168, "lugar": "MONROY", "comentario": null, "serv": 1, "suprest": 787, "suprcnc": 3110, "hoja_id": 679, "alti": 315.0, "altimax": 1601.0, "naa": 10, "naam": 38, "naai": 12, "num_cuenca": 3308, "muni_id": 10195, "xutm": 246224, "yutm": 4394787, "xutm30": 246224, "yutm30": 4394787, "long": -5.573, "lat": 39.3952, "longwgs84": -5.5734, "latwgs84": 39.3948, "observ1": null, "xetrs89": 246115, "yetrs89": 4394581, "cod_saih": "AR50", "cuenca": "TAJO", "rio": "almonte", "regimen": "desconocido", "sistema": "bajo tajo - extremadura", "caudal": 1, "inicio": 2011.0, "fin": 2021.0, "url_link": "https://casadoj.github.io/CAMELS-ES/Tajo/Bajo Tajo - Extremadura/plots/3168.html" }, "geometry": { "type": "Point", "coordinates": [ -5.959565764357405, 39.663352326959277 ] } },
{ "type": "Feature", "properties": { "indroea": 3169, "lugar": "MEMBRIO", "comentario": null, "serv": 1, "suprest": 2058, "suprcnc": 2116, "hoja_id": 676, "alti": 149.0, "altimax": 710.0, "naa": 30, "naam": 54, "naai": 22, "num_cuenca": 3392, "muni_id": 10119, "xutm": 672137, "yutm": 4382627, "xutm30": 156738, "yutm30": 4388341, "long": -6.5945, "lat": 39.3431, "longwgs84": -6.595, "latwgs84": 39.3427, "observ1": null, "xetrs89": 156630, "yetrs89": 4388135, "cod_saih": null, "cuenca": "TAJO", "rio": "salor", "regimen": "desconocido", "sistema": "bajo tajo - extremadura", "caudal": 1, "inicio": 1991.0, "fin": 2021.0, "url_link": "https://casadoj.github.io/CAMELS-ES/Tajo/Bajo Tajo - Extremadura/plots/3169.html" }, "geometry": { "type": "Point", "coordinates": [ -6.997285980065396, 39.574182926356265 ] } },
{ "type": "Feature", "properties": { "indroea": 3172, "lugar": "HUETE", "comentario": null, "serv": 1, "suprest": 430, "suprcnc": 1059, "hoja_id": 585, "alti": 757.0, "altimax": 1181.0, "naa": 30, "naam": 53, "naai": 25, "num_cuenca": 3051, "muni_id": 16112, "xutm": 526590, "yutm": 4446972, "xutm30": 526590, "yutm30": 4446972, "long": -2.4116, "lat": 40.1019, "longwgs84": -2.4121, "latwgs84": 40.1015, "observ1": null, "xetrs89": 526480, "yetrs89": 4446764, "cod_saih": null, "cuenca": "TAJO", "rio": "mayor", "regimen": "alterado", "sistema": "macrosistema", "caudal": 1, "inicio": 1991.0, "fin": 2021.0, "url_link": "https://casadoj.github.io/CAMELS-ES/Tajo/Macrosistema/plots/3172.html" }, "geometry": { "type": "Point", "coordinates": [ -2.689007253723446, 40.170827152953024 ] } },
{ "type": "Feature", "properties": { "indroea": 3173, "lugar": "PERALEJA, LA", "comentario": null, "serv": 1, "suprest": 253, "suprcnc": 404, "hoja_id": 586, "alti": 780.0, "altimax": 1191.0, "naa": 30, "naam": 52, "naai": 28, "num_cuenca": 3052, "muni_id": 16156, "xutm": 538595, "yutm": 4457191, "xutm30": 538595, "yutm30": 4457191, "long": -2.3246, "lat": 40.1549, "longwgs84": -2.3251, "latwgs84": 40.1545, "observ1": null, "xetrs89": 538485, "yetrs89": 4456983, "cod_saih": null, "cuenca": "TAJO", "rio": "guadamejud", "regimen": "alterado", "sistema": "macrosistema", "caudal": 1, "inicio": 1991.0, "fin": 2021.0, "url_link": "https://casadoj.github.io/CAMELS-ES/Tajo/Macrosistema/plots/3173.html" }, "geometry": { "type": "Point", "coordinates": [ -2.547406647913868, 40.262427464142341 ] } },
{ "type": "Feature", "properties": { "indroea": 3174, "lugar": "PUENTE TITULCIA", "comentario": null, "serv": 1, "suprest": 8890, "suprcnc": 11597, "hoja_id": 605, "alti": 498.0, "altimax": null, "naa": 11, "naam": 13, "naai": 0, "num_cuenca": 3128, "muni_id": 28040, "xutm": 450631, "yutm": 4443307, "xutm30": 450631, "yutm30": 4443307, "long": -3.3446, "lat": 40.0817, "longwgs84": -3.3451, "latwgs84": 40.0812, "observ1": null, "xetrs89": 450521, "yetrs89": 4443099, "cod_saih": null, "cuenca": "TAJO", "rio": "jarama", "regimen": "desconocido", "sistema": "macrosistema", "caudal": 1, "inicio": 2010.0, "fin": 2021.0, "url_link": "https://casadoj.github.io/CAMELS-ES/Tajo/Macrosistema/plots/3174.html" }, "geometry": { "type": "Point", "coordinates": [ -3.580811662662389, 40.136768252462225 ] } },
{ "type": "Feature", "properties": { "indroea": 3175, "lugar": "ARANJUEZ (P.LARGO)", "comentario": "INT 2009                                                              ", "serv": 0, "suprest": 11549, "suprcnc": 11597, "hoja_id": 605, "alti": 491.0, "altimax": 2430.0, "naa": 17, "naam": 41, "naai": 33, "num_cuenca": 3148, "muni_id": 28013, "xutm": 448220, "yutm": 4437480, "xutm30": 448220, "yutm30": 4437480, "long": -3.3626, "lat": 40.0507, "longwgs84": -3.3631, "latwgs84": 40.0503, "observ1": null, "xetrs89": 448110, "yetrs89": 4437272, "cod_saih": null, "cuenca": "TAJO", "rio": "jarama", "regimen": "alterado", "sistema": "macrosistema", "caudal": 1, "inicio": 1991.0, "fin": 2008.0, "url_link": "https://casadoj.github.io/CAMELS-ES/Tajo/Macrosistema/plots/3175.html" }, "geometry": { "type": "Point", "coordinates": [ -3.608643710192583, 40.084126706540836 ] } },
{ "type": "Feature", "properties": { "indroea": 3177, "lugar": "VACIAMADRID", "comentario": null, "serv": 1, "suprest": 1240, "suprcnc": 1242, "hoja_id": 582, "alti": 535.0, "altimax": 2383.0, "naa": 30, "naam": 57, "naai": 24, "num_cuenca": 3127, "muni_id": 28123, "xutm": 452973, "yutm": 4464056, "xutm30": 452973, "yutm30": 4464056, "long": -3.3313, "lat": 40.193, "longwgs84": -3.3317, "latwgs84": 40.1926, "observ1": null, "xetrs89": 452863, "yetrs89": 4463848, "cod_saih": null, "cuenca": "TAJO", "rio": "manzanares", "regimen": "alterado", "sistema": "macrosistema", "caudal": 1, "inicio": 1991.0, "fin": 2021.0, "url_link": "https://casadoj.github.io/CAMELS-ES/Tajo/Macrosistema/plots/3177.html" }, "geometry": { "type": "Point", "coordinates": [ -3.554844558175046, 40.323831049762504 ] } },
{ "type": "Feature", "properties": { "indroea": 3180, "lugar": "SAN MARTIN DE VALDEIGLESIAS", "comentario": null, "serv": 1, "suprest": 629, "suprcnc": 638, "hoja_id": 557, "alti": 580.0, "altimax": 1902.0, "naa": 10, "naam": 33, "naai": 3, "num_cuenca": 3219, "muni_id": 5057, "xutm": 387901, "yutm": 4474460, "xutm30": 387901, "yutm30": 4474460, "long": -4.1916, "lat": 40.2445, "longwgs84": -4.1921, "latwgs84": 40.2441, "observ1": null, "xetrs89": 387792, "yetrs89": 4474253, "cod_saih": "AR22", "cuenca": "TAJO", "rio": "cofio", "regimen": "desconocido", "sistema": "macrosistema", "caudal": 1, "inicio": 2011.0, "fin": 2021.0, "url_link": "https://casadoj.github.io/CAMELS-ES/Tajo/Macrosistema/plots/3180.html" }, "geometry": { "type": "Point", "coordinates": [ -4.322481980315557, 40.411338772827037 ] } },
{ "type": "Feature", "properties": { "indroea": 3182, "lugar": "GARCIBUEY", "comentario": null, "serv": 1, "suprest": 426, "suprcnc": 5385, "hoja_id": 527, "alti": 520.0, "altimax": 1433.0, "naa": 30, "naam": 53, "naai": 25, "num_cuenca": 3330, "muni_id": 37298, "xutm": 250434, "yutm": 4487864, "xutm30": 250434, "yutm30": 4487864, "long": -5.5642, "lat": 40.3012, "longwgs84": -5.5647, "latwgs84": 40.3006, "observ1": "DATOS MODIFICADOS DE 08/1979 Y 03/1986 RESPECTO A PUBLICADOS (ANUARIO 2012-13)                      ", "xetrs89": 250325, "yetrs89": 4487657, "cod_saih": null, "cuenca": "TAJO", "rio": "alagón", "regimen": "natural", "sistema": "alagón", "caudal": 1, "inicio": 1991.0, "fin": 2021.0, "url_link": "https://casadoj.github.io/CAMELS-ES/Tajo/Alagón/plots/3182.html" }, "geometry": { "type": "Point", "coordinates": [ -5.946464385547922, 40.502078806100094 ] } },
{ "type": "Feature", "properties": { "indroea": 3183, "lugar": "ESCALONA", "comentario": "INT 2013                                                              ", "serv": 0, "suprest": 3102, "suprcnc": 4104, "hoja_id": 580, "alti": 419.0, "altimax": 2198.0, "naa": 15, "naam": 42, "naai": 22, "num_cuenca": 3230, "muni_id": 45061, "xutm": 380794, "yutm": 4447221, "xutm30": 380794, "yutm30": 4447221, "long": -4.2359, "lat": 40.0958, "longwgs84": -4.2404, "latwgs84": 40.0954, "observ1": null, "xetrs89": 380684, "yetrs89": 4447013, "cod_saih": null, "cuenca": "TAJO", "rio": "alberche", "regimen": "alterado", "sistema": "macrosistema", "caudal": 1, "inicio": 1997.0, "fin": 2012.0, "url_link": "https://casadoj.github.io/CAMELS-ES/Tajo/Macrosistema/plots/3183.html" }, "geometry": { "type": "Point", "coordinates": [ -4.40115726170982, 40.165009348865823 ] } },
{ "type": "Feature", "properties": { "indroea": 3184, "lugar": "BAZAGONA, LA", "comentario": null, "serv": 1, "suprest": 4090, "suprcnc": 4507, "hoja_id": 623, "alti": 230.0, "altimax": 2592.0, "naa": 15, "naam": 52, "naai": 28, "num_cuenca": 3294, "muni_id": 10116, "xutm": 251896, "yutm": 4424564, "xutm30": 251896, "yutm30": 4424564, "long": -5.5412, "lat": 39.5603, "longwgs84": -5.5417, "latwgs84": 39.5559, "observ1": "DATOS MODIFICADOS DE 10/1979 RESPECTO A PUBLICADOS (ANUARIO 2012-13)                                ", "xetrs89": 251787, "yetrs89": 4424358, "cod_saih": null, "cuenca": "TAJO", "rio": "tiétar", "regimen": "alterado", "sistema": "tiétar", "caudal": 1, "inicio": 2006.0, "fin": 2021.0, "url_link": "https://casadoj.github.io/CAMELS-ES/Tajo/Tiétar/plots/3184.html" }, "geometry": { "type": "Point", "coordinates": [ -5.904787601742614, 39.932967837174857 ] } },
{ "type": "Feature", "properties": { "indroea": 3185, "lugar": "SANTIBAÑEZ EL BAJO", "comentario": null, "serv": 1, "suprest": 47, "suprcnc": 157, "hoja_id": 574, "alti": 426.0, "altimax": 1010.0, "naa": 18, "naam": 50, "naai": 28, "num_cuenca": 3351, "muni_id": 10167, "xutm": 728307, "yutm": 4455664, "xutm30": 217730, "yutm30": 4457490, "long": -6.1901, "lat": 40.1311, "longwgs84": -6.1906, "latwgs84": 40.1306, "observ1": "DATOS MODIFICADOS DE 08/1987 RESPECTO A PUBLICADOS (ANUARIO 2012-13)                                ", "xetrs89": 217621, "yetrs89": 4457284, "cod_saih": null, "cuenca": "TAJO", "rio": "arroyo del bronco", "regimen": "natural", "sistema": "alagón", "caudal": 1, "inicio": 2003.0, "fin": 2021.0, "url_link": "https://casadoj.github.io/CAMELS-ES/Tajo/Alagón/plots/3185.html" }, "geometry": { "type": "Point", "coordinates": [ -6.318393496944461, 40.218424818451027 ] } },
{ "type": "Feature", "properties": { "indroea": 3186, "lugar": "PRIEGO-TRABAQUE", "comentario": null, "serv": 1, "suprest": 361, "suprcnc": 409, "hoja_id": 563, "alti": 798.0, "altimax": 1618.0, "naa": 30, "naam": 53, "naai": 34, "num_cuenca": 3042, "muni_id": 16170, "xutm": 557263, "yutm": 4475312, "xutm30": 557263, "yutm30": 4475312, "long": -2.193, "lat": 40.2533, "longwgs84": -2.1935, "latwgs84": 40.2529, "observ1": "DATOS MODIFICADOS DE 10/1970 Y 01/1977 RESPECTO A PUBLICADOS (ANUARIO 2012-13)                      ", "xetrs89": 557154, "yetrs89": 4475104, "cod_saih": null, "cuenca": "TAJO", "rio": "trabaque", "regimen": "alterado", "sistema": "macrosistema", "caudal": 1, "inicio": 1991.0, "fin": 2021.0, "url_link": "https://casadoj.github.io/CAMELS-ES/Tajo/Macrosistema/plots/3186.html" }, "geometry": { "type": "Point", "coordinates": [ -2.32624422304219, 40.424606207550717 ] } },
{ "type": "Feature", "properties": { "indroea": 3187, "lugar": "PARDO, EL", "comentario": "INT 1999                                                              ", "serv": 0, "suprest": 537, "suprcnc": 1242, "hoja_id": 534, "alti": 605.0, "altimax": 2383.0, "naa": 7, "naam": 24, "naai": 11, "num_cuenca": 3121, "muni_id": 28079, "xutm": 433360, "yutm": 4486340, "xutm30": 433360, "yutm30": 4486340, "long": -3.4712, "lat": 40.3128, "longwgs84": -3.4717, "latwgs84": 40.3124, "observ1": null, "xetrs89": 433251, "yetrs89": 4486133, "cod_saih": null, "cuenca": "TAJO", "rio": "manzanares", "regimen": "desconocido", "sistema": "macrosistema", "caudal": 1, "inicio": 1991.0, "fin": 1998.0, "url_link": "https://casadoj.github.io/CAMELS-ES/Tajo/Macrosistema/plots/3187.html" }, "geometry": { "type": "Point", "coordinates": [ -3.788016988910176, 40.523243316174984 ] } },
{ "type": "Feature", "properties": { "indroea": 3188, "lugar": "ALDEA DEL FRESNO", "comentario": null, "serv": 1, "suprest": 2577, "suprcnc": 4104, "hoja_id": 580, "alti": 455.0, "altimax": null, "naa": 11, "naam": 13, "naai": 0, "num_cuenca": 3226, "muni_id": 28008, "xutm": 396525, "yutm": 4462836, "xutm30": 396525, "yutm30": 4462836, "long": -4.1304, "lat": 40.1832, "longwgs84": -4.1308, "latwgs84": 40.1828, "observ1": null, "xetrs89": 396415, "yetrs89": 4462629, "cod_saih": null, "cuenca": "TAJO", "rio": "alberche", "regimen": "desconocido", "sistema": "macrosistema", "caudal": 1, "inicio": 2010.0, "fin": 2021.0, "url_link": "https://casadoj.github.io/CAMELS-ES/Tajo/Macrosistema/plots/3188.html" }, "geometry": { "type": "Point", "coordinates": [ -4.218986745899638, 40.30775684321415 ] } },
{ "type": "Feature", "properties": { "indroea": 3193, "lugar": "TOROTE", "comentario": null, "serv": 1, "suprest": 252, "suprcnc": 253, "hoja_id": 560, "alti": 579.0, "altimax": 940.0, "naa": 21, "naam": 42, "naai": 16, "num_cuenca": 3110, "muni_id": 28005, "xutm": 464489, "yutm": 4480141, "xutm30": 464489, "yutm30": 4480141, "long": -3.2508, "lat": 40.2814, "longwgs84": -3.2513, "latwgs84": 40.281, "observ1": "DATOS MODIFICADOS DE 10 Y 12/2004 RESPECTO A PUBLICADOS (ANUARIO 2012-13)                           ", "xetrs89": 464380, "yetrs89": 4479933, "cod_saih": null, "cuenca": "TAJO", "rio": "arroyo de torote", "regimen": "natural", "sistema": "macrosistema", "caudal": 1, "inicio": 2000.0, "fin": 2021.0, "url_link": "https://casadoj.github.io/CAMELS-ES/Tajo/Macrosistema/plots/3193.html" }, "geometry": { "type": "Point", "coordinates": [ -3.420183043364241, 40.469310644885972 ] } },
{ "type": "Feature", "properties": { "indroea": 3194, "lugar": "PICOTEJO, EL", "comentario": null, "serv": 1, "suprest": 366, "suprcnc": 1703, "hoja_id": 533, "alti": 619.0, "altimax": 2181.0, "naa": 10, "naam": 32, "naai": 6, "num_cuenca": 3166, "muni_id": 28127, "xutm": 420732, "yutm": 4482980, "xutm30": 420732, "yutm30": 4482980, "long": -3.5607, "lat": 40.2935, "longwgs84": -3.5612, "latwgs84": 40.2931, "observ1": null, "xetrs89": 420623, "yetrs89": 4482773, "cod_saih": "AR19", "cuenca": "TAJO", "rio": "guadarrama", "regimen": "desconocido", "sistema": "macrosistema", "caudal": 1, "inicio": 2011.0, "fin": 2021.0, "url_link": "https://casadoj.github.io/CAMELS-ES/Tajo/Macrosistema/plots/3194.html" }, "geometry": { "type": "Point", "coordinates": [ -3.936660438124893, 40.491864334557874 ] } },
{ "type": "Feature", "properties": { "indroea": 3197, "lugar": "CANTOS BLANCOS", "comentario": "INT 2010                                                              ", "serv": 0, "suprest": 53, "suprcnc": 340, "hoja_id": 683, "alti": 720.0, "altimax": 1369.0, "naa": 18, "naam": 39, "naai": 18, "num_cuenca": 3194, "muni_id": 45075, "xutm": 366623, "yutm": 4388334, "xutm30": 366623, "yutm30": 4388334, "long": -4.3315, "lat": 39.3801, "longwgs84": -4.332, "latwgs84": 39.3757, "observ1": null, "xetrs89": 366513, "yetrs89": 4388127, "cod_saih": null, "cuenca": "TAJO", "rio": "cedena", "regimen": "natural", "sistema": "macrosistema", "caudal": 1, "inicio": 1991.0, "fin": 2009.0, "url_link": "https://casadoj.github.io/CAMELS-ES/Tajo/Macrosistema/plots/3197.html" }, "geometry": { "type": "Point", "coordinates": [ -4.555475188146514, 39.63251309362051 ] } },
{ "type": "Feature", "properties": { "indroea": 3198, "lugar": "VILLAMANTILLA", "comentario": null, "serv": 1, "suprest": 261, "suprcnc": 532, "hoja_id": 558, "alti": 497.0, "altimax": 1461.0, "naa": 15, "naam": 51, "naai": 24, "num_cuenca": 3221, "muni_id": 28095, "xutm": 403611, "yutm": 4469632, "xutm30": 403611, "yutm30": 4469632, "long": -4.0807, "lat": 40.2216, "longwgs84": -4.0812, "latwgs84": 40.2211, "observ1": null, "xetrs89": 403501, "yetrs89": 4469425, "cod_saih": null, "cuenca": "TAJO", "rio": "perales", "regimen": "alterado", "sistema": "macrosistema", "caudal": 1, "inicio": 2006.0, "fin": 2021.0, "url_link": "https://casadoj.github.io/CAMELS-ES/Tajo/Macrosistema/plots/3198.html" }, "geometry": { "type": "Point", "coordinates": [ -4.136641843410369, 40.369820325350155 ] } },
{ "type": "Feature", "properties": { "indroea": 3200, "lugar": "SOTOSERRANO", "comentario": null, "serv": 1, "suprest": 239, "suprcnc": 239, "hoja_id": 552, "alti": 405.0, "altimax": 2425.0, "naa": 21, "naam": 54, "naai": 32, "num_cuenca": 3335, "muni_id": 37313, "xutm": 753424, "yutm": 4479366, "xutm30": 244400, "yutm30": 4479440, "long": -6.0046, "lat": 40.2532, "longwgs84": -6.0051, "latwgs84": 40.2528, "observ1": null, "xetrs89": 244291, "yetrs89": 4479233, "cod_saih": null, "cuenca": "TAJO", "rio": "cuerpo de hombre", "regimen": "alterado", "sistema": "alagón", "caudal": 1, "inicio": 2000.0, "fin": 2021.0, "url_link": "https://casadoj.github.io/CAMELS-ES/Tajo/Alagón/plots/3200.html" }, "geometry": { "type": "Point", "coordinates": [ -6.014187657332692, 40.424454987080317 ] } },
{ "type": "Feature", "properties": { "indroea": 3211, "lugar": "VILLAREJO DE MONTALBAN", "comentario": null, "serv": 1, "suprest": 140, "suprcnc": 340, "hoja_id": 655, "alti": 509.0, "altimax": 1369.0, "naa": 25, "naam": 52, "naai": 29, "num_cuenca": 3194, "muni_id": 45194, "xutm": 365900, "yutm": 4403721, "xutm30": 365900, "yutm30": 4403721, "long": -4.3357, "lat": 39.462, "longwgs84": -4.3401, "latwgs84": 39.4616, "observ1": "DATOS MODIFICADOS DE 03/1974 RESPECTO A PUBLICADOS (ANUARIO 2012-13)                                ", "xetrs89": 365790, "yetrs89": 4403514, "cod_saih": null, "cuenca": "TAJO", "rio": "cedena", "regimen": "alterado", "sistema": "macrosistema", "caudal": 1, "inicio": 1996.0, "fin": 2021.0, "url_link": "https://casadoj.github.io/CAMELS-ES/Tajo/Macrosistema/plots/3211.html" }, "geometry": { "type": "Point", "coordinates": [ -4.567029280925807, 39.770989113055471 ] } },
{ "type": "Feature", "properties": { "indroea": 3212, "lugar": "MALPICA", "comentario": null, "serv": 1, "suprest": 423, "suprcnc": 424, "hoja_id": 627, "alti": 388.0, "altimax": 1419.0, "naa": 30, "naam": 49, "naai": 21, "num_cuenca": 3200, "muni_id": 45089, "xutm": 364915, "yutm": 4420110, "xutm30": 364915, "yutm30": 4420110, "long": -4.345, "lat": 39.5511, "longwgs84": -4.3455, "latwgs84": 39.5506, "observ1": "DATOS MODIFICADOS DE 07/1979 RESPECTO A PUBLICADOS (ANUARIO 2012-13)                                ", "xetrs89": 364805, "yetrs89": 4419903, "cod_saih": null, "cuenca": "TAJO", "rio": "pusa", "regimen": "natural", "sistema": "macrosistema", "caudal": 1, "inicio": 1991.0, "fin": 2021.0, "url_link": "https://casadoj.github.io/CAMELS-ES/Tajo/Macrosistema/plots/3212.html" }, "geometry": { "type": "Point", "coordinates": [ -4.581910684520291, 39.918442623551286 ] } },
{ "type": "Feature", "properties": { "indroea": 3213, "lugar": "ALCAUDETE DE LA JARA", "comentario": null, "serv": 1, "suprest": 196, "suprcnc": 313, "hoja_id": 655, "alti": 425.0, "altimax": 1378.0, "naa": 30, "naam": 50, "naai": 31, "num_cuenca": 3240, "muni_id": 45006, "xutm": 341920, "yutm": 4404300, "xutm30": 341920, "yutm30": 4404300, "long": -4.5045, "lat": 39.4624, "longwgs84": -4.5049, "latwgs84": 39.462, "observ1": "DATOS MODIFICADOS DE 03/1973 RESPECTO A PUBLICADOS (ANUARIO 2012-13)                                ", "xetrs89": 341810, "yetrs89": 4404093, "cod_saih": null, "cuenca": "TAJO", "rio": "gébalo", "regimen": "alterado", "sistema": "macrosistema", "caudal": 1, "inicio": 1991.0, "fin": 2021.0, "url_link": "https://casadoj.github.io/CAMELS-ES/Tajo/Macrosistema/plots/3213.html" }, "geometry": { "type": "Point", "coordinates": [ -4.847031437029472, 39.772086181371002 ] } },
{ "type": "Feature", "properties": { "indroea": 3217, "lugar": "HORCAJO DE MONTEMAYOR", "comentario": null, "serv": 1, "suprest": 177, "suprcnc": 211, "hoja_id": 552, "alti": 717.0, "altimax": 1524.0, "naa": 30, "naam": 51, "naai": 24, "num_cuenca": 3331, "muni_id": 37161, "xutm": 254621, "yutm": 4479296, "xutm30": 254621, "yutm30": 4479296, "long": -5.5333, "lat": 40.2539, "longwgs84": -5.5338, "latwgs84": 40.2534, "observ1": null, "xetrs89": 254512, "yetrs89": 4479089, "cod_saih": null, "cuenca": "TAJO", "rio": "sangusín", "regimen": "natural", "sistema": "alagón", "caudal": 1, "inicio": 1991.0, "fin": 2021.0, "url_link": "https://casadoj.github.io/CAMELS-ES/Tajo/Alagón/plots/3217.html" }, "geometry": { "type": "Point", "coordinates": [ -5.893800115547768, 40.426236584346483 ] } },
{ "type": "Feature", "properties": { "indroea": 3218, "lugar": "MIRANDA DEL CASTAÑAR", "comentario": null, "serv": 1, "suprest": 101, "suprcnc": 125, "hoja_id": 552, "alti": 509.0, "altimax": 1723.0, "naa": 28, "naam": 50, "naai": 20, "num_cuenca": 3333, "muni_id": 37193, "xutm": 753837, "yutm": 4486128, "xutm30": 245271, "yutm30": 4486158, "long": -6.0019, "lat": 40.2911, "longwgs84": -6.0024, "latwgs84": 40.2907, "observ1": null, "xetrs89": 245162, "yetrs89": 4485951, "cod_saih": null, "cuenca": "TAJO", "rio": "francia", "regimen": "natural", "sistema": "alagón", "caudal": 1, "inicio": 1993.0, "fin": 2021.0, "url_link": "https://casadoj.github.io/CAMELS-ES/Tajo/Alagón/plots/3218.html" }, "geometry": { "type": "Point", "coordinates": [ -6.006629356813501, 40.48516175333188 ] } },
{ "type": "Feature", "properties": { "indroea": 3220, "lugar": "SANTA MARTA DE MAGASCA", "comentario": null, "serv": 1, "suprest": 457, "suprcnc": 1030, "hoja_id": 679, "alti": 270.0, "altimax": 998.0, "naa": 21, "naam": 51, "naai": 19, "num_cuenca": 3313, "muni_id": 10037, "xutm": 748101, "yutm": 4376532, "xutm30": 232173, "yutm30": 4377190, "long": -6.0653, "lat": 39.3007, "longwgs84": -6.0658, "latwgs84": 39.3003, "observ1": null, "xetrs89": 232064, "yetrs89": 4376984, "cod_saih": null, "cuenca": "TAJO", "rio": "tamuja", "regimen": "natural", "sistema": "bajo tajo - extremadura", "caudal": 1, "inicio": 2000.0, "fin": 2021.0, "url_link": "https://casadoj.github.io/CAMELS-ES/Tajo/Bajo Tajo - Extremadura/plots/3220.html" }, "geometry": { "type": "Point", "coordinates": [ -6.116032378599004, 39.50074358647192 ] } },
{ "type": "Feature", "properties": { "indroea": 3221, "lugar": "BOHONAL DE IBOR", "comentario": null, "serv": 1, "suprest": 266, "suprcnc": 279, "hoja_id": 652, "alti": 319.0, "altimax": 1601.0, "naa": 30, "naam": 49, "naai": 24, "num_cuenca": 3258, "muni_id": 10030, "xutm": 284303, "yutm": 4405651, "xutm30": 284303, "yutm30": 4405651, "long": -5.3106, "lat": 39.4622, "longwgs84": -5.3111, "latwgs84": 39.4618, "observ1": null, "xetrs89": 284194, "yetrs89": 4405445, "cod_saih": null, "cuenca": "TAJO", "rio": "ibor", "regimen": "natural", "sistema": "bajo tajo - extremadura", "caudal": 1, "inicio": 1991.0, "fin": 2021.0, "url_link": "https://casadoj.github.io/CAMELS-ES/Tajo/Bajo Tajo - Extremadura/plots/3221.html" }, "geometry": { "type": "Point", "coordinates": [ -5.519671242007127, 39.771606555421407 ] } },
{ "type": "Feature", "properties": { "indroea": 3222, "lugar": "PERALEDA DE SAN ROMAN", "comentario": null, "serv": 1, "suprest": 184, "suprcnc": 200, "hoja_id": 653, "alti": 330.0, "altimax": 1429.0, "naa": 30, "naam": 49, "naai": 30, "num_cuenca": 3256, "muni_id": 10141, "xutm": 292843, "yutm": 4404203, "xutm30": 292843, "yutm30": 4404203, "long": -5.2506, "lat": 39.4543, "longwgs84": -5.2511, "latwgs84": 39.4538, "observ1": null, "xetrs89": 292733, "yetrs89": 4403997, "cod_saih": null, "cuenca": "TAJO", "rio": "gualija", "regimen": "natural", "sistema": "bajo tajo - extremadura", "caudal": 1, "inicio": 1991.0, "fin": 2021.0, "url_link": "https://casadoj.github.io/CAMELS-ES/Tajo/Bajo Tajo - Extremadura/plots/3222.html" }, "geometry": { "type": "Point", "coordinates": [ -5.419601840944713, 39.76069260159985 ] } },
{ "type": "Feature", "properties": { "indroea": 3224, "lugar": "GARGÜERA", "comentario": null, "serv": 1, "suprest": 97, "suprcnc": 196, "hoja_id": 598, "alti": 380.0, "altimax": 1358.0, "naa": 25, "naam": 49, "naai": 29, "num_cuenca": 3293, "muni_id": 10081, "xutm": 251264, "yutm": 4433055, "xutm30": 251264, "yutm30": 4433055, "long": -5.5451, "lat": 40.0037, "longwgs84": -5.5456, "latwgs84": 40.0033, "observ1": "DATOS MODIFICADOS DE 04/1981 RESPECTO A PUBLICADOS (ANUARIO 2012-13)                                ", "xetrs89": 251155, "yetrs89": 4432849, "cod_saih": null, "cuenca": "TAJO", "rio": "garganta gargüera", "regimen": "natural", "sistema": "tiétar", "caudal": 1, "inicio": 1996.0, "fin": 2021.0, "url_link": "https://casadoj.github.io/CAMELS-ES/Tajo/Tiétar/plots/3224.html" }, "geometry": { "type": "Point", "coordinates": [ -5.915421747932188, 40.009185858961239 ] } },
{ "type": "Feature", "properties": { "indroea": 3225, "lugar": "MADRIGAL DE LA VERA", "comentario": null, "serv": 1, "suprest": 90, "suprcnc": 148, "hoja_id": 600, "alti": 360.0, "altimax": 2592.0, "naa": 30, "naam": 48, "naai": 27, "num_cuenca": 3281, "muni_id": 10212, "xutm": 299364, "yutm": 4447139, "xutm30": 299364, "yutm30": 4447139, "long": -5.212, "lat": 40.09, "longwgs84": -5.2124, "latwgs84": 40.0856, "observ1": "                                                                                                    ", "xetrs89": 299255, "yetrs89": 4446932, "cod_saih": null, "cuenca": "TAJO", "rio": "garganta de alardos", "regimen": "alterado", "sistema": "tiétar", "caudal": 1, "inicio": 1991.0, "fin": 2021.0, "url_link": "https://casadoj.github.io/CAMELS-ES/Tajo/Tiétar/plots/3225.html" }, "geometry": { "type": "Point", "coordinates": [ -5.356763118037593, 40.148767168545128 ] } },
{ "type": "Feature", "properties": { "indroea": 3226, "lugar": "CANDELEDA", "comentario": null, "serv": 1, "suprest": 62, "suprcnc": 73, "hoja_id": 600, "alti": 420.0, "altimax": 2437.0, "naa": 30, "naam": 49, "naai": 28, "num_cuenca": 3279, "muni_id": 5047, "xutm": 308818, "yutm": 4447624, "xutm30": 308818, "yutm30": 4447624, "long": -5.1441, "lat": 40.0924, "longwgs84": -5.1446, "latwgs84": 40.0919, "observ1": "                                                                                                    ", "xetrs89": 308709, "yetrs89": 4447417, "cod_saih": null, "cuenca": "TAJO", "rio": "garganta santa maría", "regimen": "natural", "sistema": "tiétar", "caudal": 1, "inicio": 1991.0, "fin": 2021.0, "url_link": "https://casadoj.github.io/CAMELS-ES/Tajo/Tiétar/plots/3226.html" }, "geometry": { "type": "Point", "coordinates": [ -5.245998865745661, 40.155338773924498 ] } },
{ "type": "Feature", "properties": { "indroea": 3228, "lugar": "PEGUERINOS", "comentario": null, "serv": 1, "suprest": 56, "suprcnc": 88, "hoja_id": 532, "alti": 1210.0, "altimax": 1902.0, "naa": 28, "naam": 49, "naai": 21, "num_cuenca": 3214, "muni_id": 28135, "xutm": 397035, "yutm": 4495690, "xutm30": 397035, "yutm30": 4495690, "long": -4.1301, "lat": 40.3618, "longwgs84": -4.1306, "latwgs84": 40.3613, "observ1": "DATOS MODIFICADOS DE 01/1991 RESPECTO A PUBLICADOS (ANUARIO 2012-13)                                ", "xetrs89": 396926, "yetrs89": 4495483, "cod_saih": null, "cuenca": "TAJO", "rio": "aceña", "regimen": "alterado", "sistema": "macrosistema", "caudal": 1, "inicio": 1993.0, "fin": 2021.0, "url_link": "https://casadoj.github.io/CAMELS-ES/Tajo/Macrosistema/plots/3228.html" }, "geometry": { "type": "Point", "coordinates": [ -4.218308542102233, 40.603737959136701 ] } },
{ "type": "Feature", "properties": { "indroea": 3229, "lugar": "LOSAR DE LA VERA", "comentario": null, "serv": 1, "suprest": 71, "suprcnc": 97, "hoja_id": 599, "alti": 352.0, "altimax": null, "naa": 30, "naam": 46, "naai": 20, "num_cuenca": 3287, "muni_id": 10110, "xutm": 280061, "yutm": 4443402, "xutm30": 280061, "yutm30": 4443402, "long": -5.345, "lat": 40.0641, "longwgs84": -5.3455, "latwgs84": 40.0637, "observ1": "                                                                                                    ", "xetrs89": 279952, "yetrs89": 4443196, "cod_saih": null, "cuenca": "TAJO", "rio": "garganta de cuartos", "regimen": "natural", "sistema": "tiétar", "caudal": 1, "inicio": 1991.0, "fin": 2021.0, "url_link": "https://casadoj.github.io/CAMELS-ES/Tajo/Tiétar/plots/3229.html" }, "geometry": { "type": "Point", "coordinates": [ -5.581900412313133, 40.110309284094015 ] } },
{ "type": "Feature", "properties": { "indroea": 3230, "lugar": "VILLAMEJOR", "comentario": null, "serv": 1, "suprest": 1266, "suprcnc": 1266, "hoja_id": 629, "alti": 465.0, "altimax": 1208.0, "naa": 30, "naam": 48, "naai": 31, "num_cuenca": 3158, "muni_id": 28013, "xutm": 425832, "yutm": 4418157, "xutm30": 425832, "yutm30": 4418157, "long": -3.5204, "lat": 39.5434, "longwgs84": -3.5209, "latwgs84": 39.543, "observ1": null, "xetrs89": 425722, "yetrs89": 4417950, "cod_saih": null, "cuenca": "TAJO", "rio": "algodor", "regimen": "alterado", "sistema": "macrosistema", "caudal": 1, "inicio": 1991.0, "fin": 2021.0, "url_link": "https://casadoj.github.io/CAMELS-ES/Tajo/Macrosistema/plots/3230.html" }, "geometry": { "type": "Point", "coordinates": [ -3.869010187308103, 39.908382015533284 ] } },
{ "type": "Feature", "properties": { "indroea": 3231, "lugar": "NAVALUENGA", "comentario": null, "serv": 1, "suprest": 698, "suprcnc": 4104, "hoja_id": 556, "alti": 753.0, "altimax": 2198.0, "naa": 30, "naam": 48, "naai": 20, "num_cuenca": 3208, "muni_id": 5163, "xutm": 355485, "yutm": 4474600, "xutm30": 355485, "yutm30": 4474600, "long": -4.4211, "lat": 40.2432, "longwgs84": -4.4216, "latwgs84": 40.2427, "observ1": null, "xetrs89": 355375, "yetrs89": 4474393, "cod_saih": null, "cuenca": "TAJO", "rio": "alberche", "regimen": "natural", "sistema": "macrosistema", "caudal": 1, "inicio": 1991.0, "fin": 2021.0, "url_link": "https://casadoj.github.io/CAMELS-ES/Tajo/Macrosistema/plots/3231.html" }, "geometry": { "type": "Point", "coordinates": [ -4.704437768893952, 40.407599307610326 ] } },
{ "type": "Feature", "properties": { "indroea": 3232, "lugar": "VILLASECA", "comentario": null, "serv": 1, "suprest": 430, "suprcnc": 432, "hoja_id": 630, "alti": 474.0, "altimax": 716.0, "naa": 30, "naam": 48, "naai": 24, "num_cuenca": 3150, "muni_id": 45196, "xutm": 429160, "yutm": 4423352, "xutm30": 429160, "yutm30": 4423352, "long": -3.4946, "lat": 39.5724, "longwgs84": -3.495, "latwgs84": 39.572, "observ1": "DATOS MODIFICADOS DE 05/2008 RESPECTO A PUBLICADOS (ANUARIO 2012-13)                                ", "xetrs89": 429050, "yetrs89": 4423145, "cod_saih": null, "cuenca": "TAJO", "rio": "arroyo de guatén", "regimen": "alterado", "sistema": "macrosistema", "caudal": 1, "inicio": 1991.0, "fin": 2021.0, "url_link": "https://casadoj.github.io/CAMELS-ES/Tajo/Macrosistema/plots/3232.html" }, "geometry": { "type": "Point", "coordinates": [ -3.830643998180963, 39.955468793721302 ] } },
{ "type": "Feature", "properties": { "indroea": 3233, "lugar": "VALDECABA BAJA", "comentario": null, "serv": 1, "suprest": 256, "suprcnc": 259, "hoja_id": 629, "alti": 469.0, "altimax": 1228.0, "naa": 30, "naam": 48, "naai": 21, "num_cuenca": 3160, "muni_id": 45168, "xutm": 423837, "yutm": 4416246, "xutm30": 423837, "yutm30": 4416246, "long": -3.5327, "lat": 39.5332, "longwgs84": -3.5332, "latwgs84": 39.5328, "observ1": null, "xetrs89": 423727, "yetrs89": 4416039, "cod_saih": null, "cuenca": "TAJO", "rio": "guazalete", "regimen": "natural", "sistema": "macrosistema", "caudal": 1, "inicio": 1991.0, "fin": 2021.0, "url_link": "https://casadoj.github.io/CAMELS-ES/Tajo/Macrosistema/plots/3233.html" }, "geometry": { "type": "Point", "coordinates": [ -3.892124623551707, 39.89098882771502 ] } },
{ "type": "Feature", "properties": { "indroea": 3234, "lugar": "JARAIZ DE LA VERA", "comentario": null, "serv": 1, "suprest": 224, "suprcnc": 265, "hoja_id": 599, "alti": 260.0, "altimax": null, "naa": 27, "naam": 48, "naai": 20, "num_cuenca": 3291, "muni_id": 10104, "xutm": 268465, "yutm": 4432150, "xutm30": 268465, "yutm30": 4432150, "long": -5.4245, "lat": 40.0026, "longwgs84": -5.425, "latwgs84": 40.0021, "observ1": "                                                                                                    ", "xetrs89": 268356, "yetrs89": 4431944, "cod_saih": null, "cuenca": "TAJO", "rio": "garganta de jaranda", "regimen": "natural", "sistema": "tiétar", "caudal": 1, "inicio": 1994.0, "fin": 2021.0, "url_link": "https://casadoj.github.io/CAMELS-ES/Tajo/Tiétar/plots/3234.html" }, "geometry": { "type": "Point", "coordinates": [ -5.71379653166905, 40.005934311819608 ] } },
{ "type": "Feature", "properties": { "indroea": 3235, "lugar": "NUÑOMORAL", "comentario": null, "serv": 1, "suprest": 109, "suprcnc": 140, "hoja_id": 551, "alti": 411.0, "altimax": null, "naa": 15, "naam": 48, "naai": 22, "num_cuenca": 3339, "muni_id": 10135, "xutm": 738671, "yutm": 4474341, "xutm30": 229338, "yutm30": 4475427, "long": -6.1118, "lat": 40.2305, "longwgs84": -6.1123, "latwgs84": 40.2301, "observ1": null, "xetrs89": 229229, "yetrs89": 4475220, "cod_saih": null, "cuenca": "TAJO", "rio": "hurdano", "regimen": "natural", "sistema": "alagón", "caudal": 1, "inicio": 2006.0, "fin": 2021.0, "url_link": "https://casadoj.github.io/CAMELS-ES/Tajo/Alagón/plots/3235.html" }, "geometry": { "type": "Point", "coordinates": [ -6.189772058845757, 40.383594742985714 ] } },
{ "type": "Feature", "properties": { "indroea": 3236, "lugar": "LADRILLAR, EL", "comentario": null, "serv": 1, "suprest": 73, "suprcnc": 108, "hoja_id": 552, "alti": 430.0, "altimax": null, "naa": 27, "naam": 48, "naai": 16, "num_cuenca": 3337, "muni_id": 10108, "xutm": 742441, "yutm": 4478905, "xutm30": 233410, "yutm30": 4479726, "long": -6.0832, "lat": 40.2529, "longwgs84": -6.0837, "latwgs84": 40.2525, "observ1": "DATOS MODIFICADOS DE 08/2009 Y 05/2011 RESPECTO A PUBLICADOS (ANUARIO 2012-13)                      ", "xetrs89": 233301, "yetrs89": 4479519, "cod_saih": null, "cuenca": "TAJO", "rio": "batuecas", "regimen": "natural", "sistema": "alagón", "caudal": 1, "inicio": 1994.0, "fin": 2021.0, "url_link": "https://casadoj.github.io/CAMELS-ES/Tajo/Alagón/plots/3236.html" }, "geometry": { "type": "Point", "coordinates": [ -6.143671809622103, 40.423579454978196 ] } },
{ "type": "Feature", "properties": { "indroea": 3237, "lugar": "ROMANONES", "comentario": null, "serv": 1, "suprest": 247, "suprcnc": 247, "hoja_id": 536, "alti": 697.0, "altimax": null, "naa": 22, "naam": 44, "naai": 21, "num_cuenca": 3134, "muni_id": 19143, "xutm": 498085, "yutm": 4488435, "xutm30": 498085, "yutm30": 4488435, "long": -3.0121, "lat": 40.3245, "longwgs84": -3.0126, "latwgs84": 40.3241, "observ1": null, "xetrs89": 497976, "yetrs89": 4488227, "cod_saih": null, "cuenca": "TAJO", "rio": "ungría", "regimen": "alterado", "sistema": "macrosistema", "caudal": 1, "inicio": 1999.0, "fin": 2021.0, "url_link": "https://casadoj.github.io/CAMELS-ES/Tajo/Macrosistema/plots/3237.html" }, "geometry": { "type": "Point", "coordinates": [ -3.023902460927887, 40.544792628498989 ] } },
{ "type": "Feature", "properties": { "indroea": 3238, "lugar": "HUELAGA", "comentario": null, "serv": 1, "suprest": 469, "suprcnc": 1022, "hoja_id": 596, "alti": 262.0, "altimax": null, "naa": 30, "naam": 41, "naai": 18, "num_cuenca": 3363, "muni_id": 10053, "xutm": 701922, "yutm": 4436960, "xutm30": 190128, "yutm30": 4440601, "long": -6.3758, "lat": 40.0329, "longwgs84": -6.3803, "latwgs84": 40.0325, "observ1": null, "xetrs89": 190020, "yetrs89": 4440395, "cod_saih": null, "cuenca": "TAJO", "rio": "árrago", "regimen": "alterado", "sistema": "árrago", "caudal": 1, "inicio": 1991.0, "fin": 2021.0, "url_link": "https://casadoj.github.io/CAMELS-ES/Tajo/Árrago/plots/3238.html" }, "geometry": { "type": "Point", "coordinates": [ -6.634047731215476, 40.056822799150247 ] } },
{ "type": "Feature", "properties": { "indroea": 3240, "lugar": "BEJAR", "comentario": null, "serv": 1, "suprest": 100, "suprcnc": 239, "hoja_id": 553, "alti": 803.0, "altimax": null, "naa": 30, "naam": 42, "naai": 23, "num_cuenca": 3335, "muni_id": 37046, "xutm": 263366, "yutm": 4474624, "xutm30": 263366, "yutm30": 4474624, "long": -5.4716, "lat": 40.2317, "longwgs84": -5.4721, "latwgs84": 40.2312, "observ1": null, "xetrs89": 263257, "yetrs89": 4474417, "cod_saih": null, "cuenca": "TAJO", "rio": "cuerpo de hombre", "regimen": "alterado", "sistema": "alagón", "caudal": 1, "inicio": 1991.0, "fin": 2021.0, "url_link": "https://casadoj.github.io/CAMELS-ES/Tajo/Alagón/plots/3240.html" }, "geometry": { "type": "Point", "coordinates": [ -5.789095301477745, 40.386729235184589 ] } },
{ "type": "Feature", "properties": { "indroea": 3242, "lugar": "CASAR DE PALOMERO", "comentario": null, "serv": 1, "suprest": 188, "suprcnc": 279, "hoja_id": 574, "alti": 398.0, "altimax": null, "naa": 10, "naam": 35, "naai": 7, "num_cuenca": 3343, "muni_id": 10041, "xutm": 732603, "yutm": 4465166, "xutm30": 222661, "yutm30": 4466683, "long": -6.1547, "lat": 40.1814, "longwgs84": -6.1552, "latwgs84": 40.181, "observ1": null, "xetrs89": 222552, "yetrs89": 4466476, "cod_saih": "AR40", "cuenca": "TAJO", "rio": "ángeles", "regimen": "desconocido", "sistema": "alagón", "caudal": 1, "inicio": 2011.0, "fin": 2021.0, "url_link": "https://casadoj.github.io/CAMELS-ES/Tajo/Alagón/plots/3242.html" }, "geometry": { "type": "Point", "coordinates": [ -6.264512033422528, 40.302750687723659 ] } },
{ "type": "Feature", "properties": { "indroea": 3243, "lugar": "MINGORRUBIO", "comentario": "INT 2011                                                              ", "serv": 0, "suprest": 535, "suprcnc": 1242, "hoja_id": 534, "alti": 605.0, "altimax": null, "naa": 19, "naam": 31, "naai": 23, "num_cuenca": 3121, "muni_id": 28079, "xutm": 433108, "yutm": 4487210, "xutm30": 433108, "yutm30": 4487210, "long": -3.4723, "lat": 40.3156, "longwgs84": -3.4728, "latwgs84": 40.3152, "observ1": null, "xetrs89": 432999, "yetrs89": 4487003, "cod_saih": null, "cuenca": "TAJO", "rio": "manzanares", "regimen": "alterado", "sistema": "macrosistema", "caudal": 1, "inicio": 1991.0, "fin": 2010.0, "url_link": "https://casadoj.github.io/CAMELS-ES/Tajo/Macrosistema/plots/3243.html" }, "geometry": { "type": "Point", "coordinates": [ -3.791083897735646, 40.531060054141733 ] } },
{ "type": "Feature", "properties": { "indroea": 3244, "lugar": "CAMPILLO DE DELEITOSA", "comentario": null, "serv": 1, "suprest": 120, "suprcnc": 204, "hoja_id": 652, "alti": 305.0, "altimax": null, "naa": 30, "naam": 45, "naai": 23, "num_cuenca": 3260, "muni_id": 10042, "xutm": 278620, "yutm": 4400508, "xutm30": 278620, "yutm30": 4400508, "long": -5.3458, "lat": 39.433, "longwgs84": -5.3503, "latwgs84": 39.4326, "observ1": null, "xetrs89": 278511, "yetrs89": 4400302, "cod_saih": null, "cuenca": "TAJO", "rio": "garganta de cuernacabras", "regimen": "natural", "sistema": "bajo tajo - extremadura", "caudal": 1, "inicio": 1991.0, "fin": 2021.0, "url_link": "https://casadoj.github.io/CAMELS-ES/Tajo/Bajo Tajo - Extremadura/plots/3244.html" }, "geometry": { "type": "Point", "coordinates": [ -5.584229870957463, 39.723855385609568 ] } },
{ "type": "Feature", "properties": { "indroea": 3245, "lugar": "HERNAN-PEREZ", "comentario": null, "serv": 1, "suprest": 52, "suprcnc": 100, "hoja_id": 574, "alti": 386.0, "altimax": null, "naa": 30, "naam": 46, "naai": 25, "num_cuenca": 3362, "muni_id": 10093, "xutm": 717815, "yutm": 4455029, "xutm30": 207215, "yutm30": 4457566, "long": -6.2625, "lat": 40.13, "longwgs84": -6.263, "latwgs84": 40.1256, "observ1": null, "xetrs89": 207106, "yetrs89": 4457360, "cod_saih": null, "cuenca": "TAJO", "rio": "tralgas", "regimen": "natural", "sistema": "árrago", "caudal": 1, "inicio": 1991.0, "fin": 2021.0, "url_link": "https://casadoj.github.io/CAMELS-ES/Tajo/Árrago/plots/3245.html" }, "geometry": { "type": "Point", "coordinates": [ -6.441788620724044, 40.215501861017316 ] } },
{ "type": "Feature", "properties": { "indroea": 3246, "lugar": "AYUELA", "comentario": null, "serv": 1, "suprest": 252, "suprcnc": 390, "hoja_id": 729, "alti": 335.0, "altimax": null, "naa": 30, "naam": 43, "naai": 18, "num_cuenca": 3381, "muni_id": 10037, "xutm": 716651, "yutm": 4357108, "xutm30": 199490, "yutm30": 4359894, "long": -6.2911, "lat": 39.2008, "longwgs84": -6.2916, "latwgs84": 39.2004, "observ1": null, "xetrs89": 199381, "yetrs89": 4359688, "cod_saih": null, "cuenca": "TAJO", "rio": "ayuela", "regimen": "natural", "sistema": "bajo tajo - extremadura", "caudal": 1, "inicio": 1991.0, "fin": 2021.0, "url_link": "https://casadoj.github.io/CAMELS-ES/Tajo/Bajo Tajo - Extremadura/plots/3246.html" }, "geometry": { "type": "Point", "coordinates": [ -6.487731864848476, 39.334383438484707 ] } },
{ "type": "Feature", "properties": { "indroea": 3248, "lugar": "FUENTIDUEÑA", "comentario": "INT 2020                                                              ", "serv": 0, "suprest": 8528, "suprcnc": 71364, "hoja_id": 607, "alti": 537.0, "altimax": null, "naa": 9, "naam": 11, "naai": 0, "num_cuenca": 3065, "muni_id": 28060, "xutm": 487328, "yutm": 4440095, "xutm30": 487328, "yutm30": 4440095, "long": -3.0855, "lat": 40.0637, "longwgs84": -3.09, "latwgs84": 40.0633, "observ1": null, "xetrs89": 487218, "yetrs89": 4439887, "cod_saih": null, "cuenca": "TAJO", "rio": "tajo", "regimen": "desconocido", "sistema": "macrosistema", "caudal": 1, "inicio": 2010.0, "fin": 2019.0, "url_link": "https://casadoj.github.io/CAMELS-ES/Tajo/Macrosistema/plots/3248.html" }, "geometry": { "type": "Point", "coordinates": [ -3.149981926942174, 40.109188800533865 ] } },
{ "type": "Feature", "properties": { "indroea": 3249, "lugar": "JABALERA", "comentario": null, "serv": 1, "suprest": 84, "suprcnc": 113, "hoja_id": 585, "alti": 750.0, "altimax": null, "naa": 11, "naam": 29, "naai": 6, "num_cuenca": 3055, "muni_id": 16173, "xutm": 519311, "yutm": 4459940, "xutm30": 519311, "yutm30": 4459940, "long": -2.4622, "lat": 40.1721, "longwgs84": -2.4627, "latwgs84": 40.1716, "observ1": null, "xetrs89": 519201, "yetrs89": 4459732, "cod_saih": null, "cuenca": "TAJO", "rio": "jabalera", "regimen": "desconocido", "sistema": "macrosistema", "caudal": 1, "inicio": 2010.0, "fin": 2021.0, "url_link": "https://casadoj.github.io/CAMELS-ES/Tajo/Macrosistema/plots/3249.html" }, "geometry": { "type": "Point", "coordinates": [ -2.77410647120369, 40.287858785395308 ] } },
{ "type": "Feature", "properties": { "indroea": 3250, "lugar": "TRUJILLO", "comentario": null, "serv": 1, "suprest": 231, "suprcnc": 414, "hoja_id": 705, "alti": 395.0, "altimax": null, "naa": 30, "naam": 43, "naai": 17, "num_cuenca": 3314, "muni_id": 10195, "xutm": 248365, "yutm": 4371828, "xutm30": 248365, "yutm30": 4371828, "long": -5.5529, "lat": 39.2731, "longwgs84": -5.5533, "latwgs84": 39.2727, "observ1": null, "xetrs89": 248256, "yetrs89": 4371622, "cod_saih": null, "cuenca": "TAJO", "rio": "magasca", "regimen": "natural", "sistema": "bajo tajo - extremadura", "caudal": 1, "inicio": 1991.0, "fin": 2021.0, "url_link": "https://casadoj.github.io/CAMELS-ES/Tajo/Bajo Tajo - Extremadura/plots/3250.html" }, "geometry": { "type": "Point", "coordinates": [ -5.92593703464166, 39.457384756562 ] } },
{ "type": "Feature", "properties": { "indroea": 3251, "lugar": "PUEBLANUEVA, LA", "comentario": null, "serv": 1, "suprest": 223, "suprcnc": 258, "hoja_id": 627, "alti": 404.0, "altimax": null, "naa": 30, "naam": 42, "naai": 19, "num_cuenca": 3202, "muni_id": 45137, "xutm": 354386, "yutm": 4420310, "xutm30": 354386, "yutm30": 4420310, "long": -4.4214, "lat": 39.5511, "longwgs84": -4.4218, "latwgs84": 39.5507, "observ1": null, "xetrs89": 354276, "yetrs89": 4420103, "cod_saih": null, "cuenca": "TAJO", "rio": "sangreras", "regimen": "natural", "sistema": "macrosistema", "caudal": 1, "inicio": 1991.0, "fin": 2021.0, "url_link": "https://casadoj.github.io/CAMELS-ES/Tajo/Macrosistema/plots/3251.html" }, "geometry": { "type": "Point", "coordinates": [ -4.705105157685855, 39.918497928929099 ] } },
{ "type": "Feature", "properties": { "indroea": 3253, "lugar": "ALCANTARA", "comentario": "INT 2006                                                              ", "serv": 0, "suprest": 208, "suprcnc": 208, "hoja_id": 676, "alti": 152.0, "altimax": null, "naa": 14, "naam": 28, "naai": 8, "num_cuenca": 3391, "muni_id": 10008, "xutm": 672505, "yutm": 4382497, "xutm30": 157097, "yutm30": 4388187, "long": -6.593, "lat": 39.3427, "longwgs84": -6.5935, "latwgs84": 39.3423, "observ1": null, "xetrs89": 156989, "yetrs89": 4387981, "cod_saih": null, "cuenca": "TAJO", "rio": "jumadiel", "regimen": "alterado", "sistema": "bajo tajo - extremadura", "caudal": 1, "inicio": 1991.0, "fin": 2005.0, "url_link": "https://casadoj.github.io/CAMELS-ES/Tajo/Bajo Tajo - Extremadura/plots/3253.html" }, "geometry": { "type": "Point", "coordinates": [ -6.993036728674751, 39.572942273141095 ] } },
{ "type": "Feature", "properties": { "indroea": 3254, "lugar": "ARAGOSA", "comentario": null, "serv": 1, "suprest": 263, "suprcnc": 263, "hoja_id": 487, "alti": 875.0, "altimax": null, "naa": 30, "naam": 43, "naai": 26, "num_cuenca": 3092, "muni_id": 19168, "xutm": 522987, "yutm": 4534711, "xutm30": 522987, "yutm30": 4534711, "long": -2.4337, "lat": 40.5745, "longwgs84": -2.4341, "latwgs84": 40.5741, "observ1": "DATOS MODIFICADOS DE 09/1984 Y 05/1985 RESPECTO A PUBLICADOS (ANUARIO 2012-13)                      ", "xetrs89": 522878, "yetrs89": 4534503, "cod_saih": null, "cuenca": "TAJO", "rio": "dulce", "regimen": "desconocido", "sistema": "macrosistema", "caudal": 1, "inicio": 1991.0, "fin": 2021.0, "url_link": "https://casadoj.github.io/CAMELS-ES/Tajo/Macrosistema/plots/3254.html" }, "geometry": { "type": "Point", "coordinates": [ -2.728130523473984, 40.961357730650064 ] } },
{ "type": "Feature", "properties": { "indroea": 3255, "lugar": "TORRE DEL BURGO", "comentario": null, "serv": 1, "suprest": 333, "suprcnc": 346, "hoja_id": 511, "alti": 716.0, "altimax": null, "naa": 30, "naam": 43, "naai": 23, "num_cuenca": 3104, "muni_id": 19279, "xutm": 493259, "yutm": 4516416, "xutm30": 493259, "yutm30": 4516416, "long": -3.0448, "lat": 40.4753, "longwgs84": -3.0452, "latwgs84": 40.4749, "observ1": null, "xetrs89": 493150, "yetrs89": 4516208, "cod_saih": null, "cuenca": "TAJO", "rio": "badiel", "regimen": "natural", "sistema": "macrosistema", "caudal": 1, "inicio": 1991.0, "fin": 2021.0, "url_link": "https://casadoj.github.io/CAMELS-ES/Tajo/Macrosistema/plots/3255.html" }, "geometry": { "type": "Point", "coordinates": [ -3.081200352301937, 40.796840498779297 ] } },
{ "type": "Feature", "properties": { "indroea": 3256, "lugar": "ALDEANUEVA DE BARBARROYA", "comentario": null, "serv": 1, "suprest": 377, "suprcnc": 392, "hoja_id": 654, "alti": 385.0, "altimax": null, "naa": 15, "naam": 43, "naai": 12, "num_cuenca": 3248, "muni_id": 45111, "xutm": 323755, "yutm": 4401285, "xutm30": 323755, "yutm30": 4401285, "long": -5.0325, "lat": 39.4433, "longwgs84": -5.0329, "latwgs84": 39.4429, "observ1": null, "xetrs89": 323645, "yetrs89": 4401078, "cod_saih": null, "cuenca": "TAJO", "rio": "uso", "regimen": "natural", "sistema": "macrosistema", "caudal": 1, "inicio": 2006.0, "fin": 2021.0, "url_link": "https://casadoj.github.io/CAMELS-ES/Tajo/Macrosistema/plots/3256.html" }, "geometry": { "type": "Point", "coordinates": [ -5.058195789082994, 39.741369820233395 ] } },
{ "type": "Feature", "properties": { "indroea": 3258, "lugar": "EMBOCADOR", "comentario": null, "serv": 1, "suprest": 9312, "suprcnc": 71364, "hoja_id": 605, "alti": 497.0, "altimax": null, "naa": 11, "naam": 38, "naai": 17, "num_cuenca": 3067, "muni_id": 28013, "xutm": 452231, "yutm": 4433030, "xutm30": 452231, "yutm30": 4433030, "long": -3.3336, "lat": 40.0244, "longwgs84": -3.3341, "latwgs84": 40.0239, "observ1": null, "xetrs89": 452121, "yetrs89": 4432823, "cod_saih": null, "cuenca": "TAJO", "rio": "tajo", "regimen": "desconocido", "sistema": "macrosistema", "caudal": 1, "inicio": 2010.0, "fin": 2021.0, "url_link": "https://casadoj.github.io/CAMELS-ES/Tajo/Macrosistema/plots/3258.html" }, "geometry": { "type": "Point", "coordinates": [ -3.561269883885124, 40.044282100333113 ] } },
{ "type": "Feature", "properties": { "indroea": 3259, "lugar": "VILLARUBIA DE SANTIAGO", "comentario": null, "serv": 1, "suprest": 9048, "suprcnc": 71364, "hoja_id": 606, "alti": 518.0, "altimax": null, "naa": 30, "naam": 43, "naai": 20, "num_cuenca": 3067, "muni_id": 45195, "xutm": 468885, "yutm": 4432315, "xutm30": 468885, "yutm30": 4432315, "long": -3.2153, "lat": 40.0223, "longwgs84": -3.2158, "latwgs84": 40.0219, "observ1": "DATOS MODIFICADOS DE 10/2000 RESPECTO A PUBLICADOS (ANUARIO 2012-13)                                ", "xetrs89": 468775, "yetrs89": 4432107, "cod_saih": null, "cuenca": "TAJO", "rio": "tajo", "regimen": "alterado", "sistema": "macrosistema", "caudal": 1, "inicio": 1991.0, "fin": 2021.0, "url_link": "https://casadoj.github.io/CAMELS-ES/Tajo/Macrosistema/plots/3259.html" }, "geometry": { "type": "Point", "coordinates": [ -3.366010749280798, 40.038612476949517 ] } },
{ "type": "Feature", "properties": { "indroea": 3260, "lugar": "VILLANUEVA DE LA VERA", "comentario": null, "serv": 1, "suprest": 54, "suprcnc": 64, "hoja_id": 600, "alti": 355.0, "altimax": null, "naa": 30, "naam": 43, "naai": 20, "num_cuenca": 3283, "muni_id": 10212, "xutm": 295565, "yutm": 4446010, "xutm30": 295565, "yutm30": 4446010, "long": -5.2359, "lat": 40.082, "longwgs84": -5.2404, "latwgs84": 40.0816, "observ1": "                                                                                                    ", "xetrs89": 295456, "yetrs89": 4445804, "cod_saih": null, "cuenca": "TAJO", "rio": "garganta de minchones", "regimen": "natural", "sistema": "tiétar", "caudal": 1, "inicio": 1991.0, "fin": 2021.0, "url_link": "https://casadoj.github.io/CAMELS-ES/Tajo/Tiétar/plots/3260.html" }, "geometry": { "type": "Point", "coordinates": [ -5.400969336419362, 40.137697225920419 ] } },
{ "type": "Feature", "properties": { "indroea": 3261, "lugar": "MAJADA", "comentario": null, "serv": 1, "suprest": 395, "suprcnc": 397, "hoja_id": 600, "alti": 264.0, "altimax": null, "naa": 30, "naam": 41, "naai": 17, "num_cuenca": 3285, "muni_id": 10180, "xutm": 292302, "yutm": 4437110, "xutm30": 292302, "yutm30": 4437110, "long": -5.2606, "lat": 40.0329, "longwgs84": -5.2611, "latwgs84": 40.0324, "observ1": null, "xetrs89": 292193, "yetrs89": 4436904, "cod_saih": null, "cuenca": "TAJO", "rio": "arroyo de alcañizo", "regimen": "natural", "sistema": "tiétar", "caudal": 1, "inicio": 1991.0, "fin": 2021.0, "url_link": "https://casadoj.github.io/CAMELS-ES/Tajo/Tiétar/plots/3261.html" }, "geometry": { "type": "Point", "coordinates": [ -5.436377905827635, 40.056783840357319 ] } },
{ "type": "Feature", "properties": { "indroea": 3262, "lugar": "GETAFE", "comentario": "INT 2000                                                              ", "serv": 0, "suprest": 152, "suprcnc": 152, "hoja_id": 582, "alti": 550.0, "altimax": null, "naa": 5, "naam": 21, "naai": 10, "num_cuenca": 3126, "muni_id": 28065, "xutm": 449340, "yutm": 4461825, "xutm30": 449340, "yutm30": 4461825, "long": -3.3546, "lat": 40.1817, "longwgs84": -3.355, "latwgs84": 40.1813, "observ1": null, "xetrs89": 449230, "yetrs89": 4461617, "cod_saih": null, "cuenca": "TAJO", "rio": "culebro", "regimen": "desconocido", "sistema": "macrosistema", "caudal": 1, "inicio": 1994.0, "fin": 1999.0, "url_link": "https://casadoj.github.io/CAMELS-ES/Tajo/Macrosistema/plots/3262.html" }, "geometry": { "type": "Point", "coordinates": [ -3.597428932551389, 40.303519359757239 ] } },
{ "type": "Feature", "properties": { "indroea": 3265, "lugar": "TORREJONCILLO", "comentario": null, "serv": 1, "suprest": 35, "suprcnc": 291, "hoja_id": 622, "alti": 263.0, "altimax": null, "naa": 30, "naam": 42, "naai": 17, "num_cuenca": 3326, "muni_id": 10189, "xutm": 704220, "yutm": 4416231, "xutm30": 191028, "yutm30": 4419750, "long": -6.3644, "lat": 39.5215, "longwgs84": -6.3649, "latwgs84": 39.5211, "observ1": "DATOS MODIFICADOS DE 10/2004 RESPECTO A PUBLICADOS (ANUARIO 2012-13)                                ", "xetrs89": 190919, "yetrs89": 4419544, "cod_saih": null, "cuenca": "TAJO", "rio": "arroyo de fresnedosa", "regimen": "alterado", "sistema": "bajo tajo - extremadura", "caudal": 1, "inicio": 1991.0, "fin": 2021.0, "url_link": "https://casadoj.github.io/CAMELS-ES/Tajo/Bajo Tajo - Extremadura/plots/3265.html" }, "geometry": { "type": "Point", "coordinates": [ -6.61363113676754, 39.86966353638924 ] } },
{ "type": "Feature", "properties": { "indroea": 3266, "lugar": "CAMARENILLA", "comentario": null, "serv": 1, "suprest": 94, "suprcnc": 94, "hoja_id": 604, "alti": 500.0, "altimax": null, "naa": 30, "naam": 43, "naai": 17, "num_cuenca": 3173, "muni_id": 45032, "xutm": 410396, "yutm": 4431379, "xutm30": 410396, "yutm30": 4431379, "long": -4.03, "lat": 40.0138, "longwgs84": -4.0305, "latwgs84": 40.0134, "observ1": null, "xetrs89": 410286, "yetrs89": 4431172, "cod_saih": null, "cuenca": "TAJO", "rio": "vallehermoso", "regimen": "natural", "sistema": "macrosistema", "caudal": 1, "inicio": 1991.0, "fin": 2021.0, "url_link": "https://casadoj.github.io/CAMELS-ES/Tajo/Macrosistema/plots/3266.html" }, "geometry": { "type": "Point", "coordinates": [ -4.051399694312209, 40.025996435048889 ] } },
{ "type": "Feature", "properties": { "indroea": 3268, "lugar": "TARAVILLAS", "comentario": null, "serv": 1, "suprest": 206, "suprcnc": 206, "hoja_id": 514, "alti": 1107.0, "altimax": null, "naa": 30, "naam": 40, "naai": 21, "num_cuenca": 3004, "muni_id": 19223, "xutm": 587480, "yutm": 4503935, "xutm30": 587480, "yutm30": 4503935, "long": -1.5753, "lat": 40.4051, "longwgs84": -1.5758, "latwgs84": 40.4047, "observ1": "DATOS MODIFICADOS DE 02/2001 RESPECTO A PUBLICADOS (ANUARIO 2012-13)                                ", "xetrs89": 587371, "yetrs89": 4503726, "cod_saih": null, "cuenca": "TAJO", "rio": "cabrillas", "regimen": "natural", "sistema": "macrosistema", "caudal": 1, "inicio": 1991.0, "fin": 2021.0, "url_link": "https://casadoj.github.io/CAMELS-ES/Tajo/Macrosistema/plots/3268.html" }, "geometry": { "type": "Point", "coordinates": [ -1.96612060677306, 40.679793923072246 ] } },
{ "type": "Feature", "properties": { "indroea": 3269, "lugar": "CERECEDA", "comentario": null, "serv": 1, "suprest": 105, "suprcnc": 112, "hoja_id": 537, "alti": 720.0, "altimax": null, "naa": 12, "naam": 14, "naai": 1, "num_cuenca": 3026, "muni_id": 19211, "xutm": 529595, "yutm": 4498465, "xutm30": 529595, "yutm30": 4498465, "long": -2.39, "lat": 40.3809, "longwgs84": -2.3905, "latwgs84": 40.3805, "observ1": null, "xetrs89": 529486, "yetrs89": 4498257, "cod_saih": null, "cuenca": "TAJO", "rio": "solana", "regimen": "desconocido", "sistema": "macrosistema", "caudal": 1, "inicio": 2009.0, "fin": 2021.0, "url_link": "https://casadoj.github.io/CAMELS-ES/Tajo/Macrosistema/plots/3269.html" }, "geometry": { "type": "Point", "coordinates": [ -2.651318646086692, 40.634627801809735 ] } },
{ "type": "Feature", "properties": { "indroea": 3270, "lugar": "PAREJA", "comentario": "INT 2007                                                              ", "serv": 0, "suprest": 117, "suprcnc": 117, "hoja_id": 537, "alti": 717.0, "altimax": null, "naa": 15, "naam": 28, "naai": 18, "num_cuenca": 3028, "muni_id": 19211, "xutm": 529160, "yutm": 4489675, "xutm30": 529160, "yutm30": 4489675, "long": -2.392, "lat": 40.3324, "longwgs84": -2.3924, "latwgs84": 40.332, "observ1": null, "xetrs89": 529051, "yetrs89": 4489467, "cod_saih": null, "cuenca": "TAJO", "rio": "ompolveda", "regimen": "alterado", "sistema": "macrosistema", "caudal": 1, "inicio": 1991.0, "fin": 2006.0, "url_link": "https://casadoj.github.io/CAMELS-ES/Tajo/Macrosistema/plots/3270.html" }, "geometry": { "type": "Point", "coordinates": [ -2.656867636729134, 40.555456645632709 ] } },
{ "type": "Feature", "properties": { "indroea": 3271, "lugar": "PASTRANA", "comentario": null, "serv": 1, "suprest": 625, "suprcnc": 112, "hoja_id": 561, "alti": 600.0, "altimax": null, "naa": 9, "naam": 18, "naai": 2, "num_cuenca": 3058, "muni_id": 19212, "xutm": 507444, "yutm": 4467905, "xutm30": 507445, "yutm30": 4467905, "long": -2.5444, "lat": 40.214, "longwgs84": -2.5449, "latwgs84": 40.2135, "observ1": null, "xetrs89": 507335, "yetrs89": 4467697, "cod_saih": null, "cuenca": "TAJO", "rio": "arlés", "regimen": "desconocido", "sistema": "macrosistema", "caudal": 1, "inicio": 2012.0, "fin": 2021.0, "url_link": "https://casadoj.github.io/CAMELS-ES/Tajo/Macrosistema/plots/3271.html" }, "geometry": { "type": "Point", "coordinates": [ -2.91361441161481, 40.35980608561939 ] } },
{ "type": "Feature", "properties": { "indroea": 3273, "lugar": "VELILLA DE SAN ANTONIO", "comentario": null, "serv": 1, "suprest": 238, "suprcnc": 239, "hoja_id": 560, "alti": 545.0, "altimax": null, "naa": 30, "naam": 41, "naai": 21, "num_cuenca": 3115, "muni_id": 28167, "xutm": 459120, "yutm": 4468474, "xutm30": 459120, "yutm30": 4468474, "long": -3.2853, "lat": 40.2155, "longwgs84": -3.2858, "latwgs84": 40.215, "observ1": null, "xetrs89": 459011, "yetrs89": 4468266, "cod_saih": null, "cuenca": "TAJO", "rio": "arroyo de pantuerta", "regimen": "alterado", "sistema": "macrosistema", "caudal": 1, "inicio": 1991.0, "fin": 2021.0, "url_link": "https://casadoj.github.io/CAMELS-ES/Tajo/Macrosistema/plots/3273.html" }, "geometry": { "type": "Point", "coordinates": [ -3.482763386528029, 40.363957029100213 ] } },
{ "type": "Feature", "properties": { "indroea": 3276, "lugar": "TORREJON", "comentario": null, "serv": 1, "suprest": 158, "suprcnc": 250, "hoja_id": 651, "alti": 220.0, "altimax": null, "naa": 30, "naam": 37, "naai": 18, "num_cuenca": 3300, "muni_id": 10190, "xutm": 754788, "yutm": 4410352, "xutm30": 241105, "yutm30": 4410490, "long": -6.0126, "lat": 39.4816, "longwgs84": -6.0131, "latwgs84": 39.4811, "observ1": null, "xetrs89": 240996, "yetrs89": 4410284, "cod_saih": null, "cuenca": "TAJO", "rio": "arroyo de la vid", "regimen": "natural", "sistema": "bajo tajo - extremadura", "caudal": 1, "inicio": 1991.0, "fin": 2021.0, "url_link": "https://casadoj.github.io/CAMELS-ES/Tajo/Bajo Tajo - Extremadura/plots/3276.html" }, "geometry": { "type": "Point", "coordinates": [ -6.025337182102929, 39.803107275620313 ] } },
{ "type": "Feature", "properties": { "indroea": 3278, "lugar": "VALENCIA DE ALCANTARA", "comentario": null, "serv": 1, "suprest": 169, "suprcnc": 355, "hoja_id": 701, "alti": 313.0, "altimax": null, "naa": 30, "naam": 36, "naai": 20, "num_cuenca": 3401, "muni_id": 10203, "xutm": 654383, "yutm": 4370285, "xutm30": 138179, "yutm30": 4377197, "long": -7.1219, "lat": 39.2804, "longwgs84": -7.1224, "latwgs84": 39.2759, "observ1": null, "xetrs89": 138071, "yetrs89": 4376991, "cod_saih": null, "cuenca": "TAJO", "rio": "alburrel", "regimen": "natural", "sistema": "bajo tajo - extremadura", "caudal": 1, "inicio": 1991.0, "fin": 2021.0, "url_link": "https://casadoj.github.io/CAMELS-ES/Tajo/Bajo Tajo - Extremadura/plots/3278.html" }, "geometry": { "type": "Point", "coordinates": [ -7.2067476843177, 39.466415053530447 ] } },
{ "type": "Feature", "properties": { "indroea": 3279, "lugar": "TRUJILLO", "comentario": null, "serv": 1, "suprest": 260, "suprcnc": 420, "hoja_id": 679, "alti": 372.0, "altimax": null, "naa": 30, "naam": 34, "naai": 16, "num_cuenca": 3309, "muni_id": 10195, "xutm": 250272, "yutm": 4388244, "xutm30": 250272, "yutm30": 4388244, "long": -5.5431, "lat": 39.3625, "longwgs84": -5.5436, "latwgs84": 39.362, "observ1": null, "xetrs89": 250163, "yetrs89": 4388038, "cod_saih": null, "cuenca": "TAJO", "rio": "tozo", "regimen": "desconocido", "sistema": "bajo tajo - extremadura", "caudal": 1, "inicio": 1991.0, "fin": 2021.0, "url_link": "https://casadoj.github.io/CAMELS-ES/Tajo/Bajo Tajo - Extremadura/plots/3279.html" }, "geometry": { "type": "Point", "coordinates": [ -5.909965283626979, 39.605666180260187 ] } },
{ "type": "Feature", "properties": { "indroea": 3280, "lugar": "CILLEROS", "comentario": null, "serv": 1, "suprest": 89, "suprcnc": 330, "hoja_id": 595, "alti": 330.0, "altimax": null, "naa": 30, "naam": 37, "naai": 18, "num_cuenca": 3377, "muni_id": 10205, "xutm": 679478, "yutm": 4442723, "xutm30": 168106, "yutm30": 4447870, "long": -6.5339, "lat": 40.0654, "longwgs84": -6.5343, "latwgs84": 40.065, "observ1": null, "xetrs89": 167998, "yetrs89": 4447663, "cod_saih": null, "cuenca": "TAJO", "rio": "trevejana", "regimen": "natural", "sistema": "árrago", "caudal": 1, "inicio": 1991.0, "fin": 2021.0, "url_link": "https://casadoj.github.io/CAMELS-ES/Tajo/Árrago/plots/3280.html" }, "geometry": { "type": "Point", "coordinates": [ -6.895405803281466, 40.113774548373407 ] } },
{ "type": "Feature", "properties": { "indroea": 3281, "lugar": "BATAN, EL", "comentario": null, "serv": 1, "suprest": 160, "suprcnc": 230, "hoja_id": 622, "alti": 240.0, "altimax": null, "naa": 22, "naam": 36, "naai": 13, "num_cuenca": 3359, "muni_id": 10067, "xutm": 720433, "yutm": 4428786, "xutm30": 208057, "yutm30": 4431194, "long": -6.2507, "lat": 39.5847, "longwgs84": -6.2512, "latwgs84": 39.5843, "observ1": "DATOS MODIFICADOS DE 10/1995, 12/2009 Y 10/2010 RESPECTO A PUBLICADOS (ANUARIO 2012-13)             ", "xetrs89": 207948, "yetrs89": 4430988, "cod_saih": null, "cuenca": "TAJO", "rio": "arroyo grande", "regimen": "alterado", "sistema": "alagón", "caudal": 1, "inicio": 1999.0, "fin": 2021.0, "url_link": "https://casadoj.github.io/CAMELS-ES/Tajo/Alagón/plots/3281.html" }, "geometry": { "type": "Point", "coordinates": [ -6.420002702791849, 39.978618571962912 ] } },
{ "type": "Feature", "properties": { "indroea": 3283, "lugar": "ACEBO", "comentario": null, "serv": 1, "suprest": 48, "suprcnc": 79, "hoja_id": 573, "alti": 401.0, "altimax": null, "naa": 20, "naam": 41, "naai": 13, "num_cuenca": 3365, "muni_id": 10003, "xutm": 696476, "yutm": 4450502, "xutm30": 185605, "yutm30": 4454490, "long": -6.4133, "lat": 40.1052, "longwgs84": -6.4137, "latwgs84": 40.1048, "observ1": null, "xetrs89": 185497, "yetrs89": 4454283, "cod_saih": null, "cuenca": "TAJO", "rio": "cervigona", "regimen": "natural", "sistema": "árrago", "caudal": 1, "inicio": 2001.0, "fin": 2021.0, "url_link": "https://casadoj.github.io/CAMELS-ES/Tajo/Árrago/plots/3283.html" }, "geometry": { "type": "Point", "coordinates": [ -6.693729550722243, 40.180014036733581 ] } },
{ "type": "Feature", "properties": { "indroea": 3500, "lugar": "GARGOLES DE ABAJO", "comentario": null, "serv": 1, "suprest": 41, "suprcnc": 81, "hoja_id": 512, "alti": 800.0, "altimax": null, "naa": 4, "naam": 6, "naai": 0, "num_cuenca": 3024, "muni_id": 19086, "xutm": 531496, "yutm": 4509455, "xutm30": 531496, "yutm30": 4509455, "long": -2.3337, "lat": 40.4405, "longwgs84": -2.3742, "latwgs84": 40.4401, "observ1": null, "xetrs89": 531387, "yetrs89": 4509247, "cod_saih": null, "cuenca": "TAJO", "rio": "cifuentes", "regimen": "desconocido", "sistema": "macrosistema", "caudal": 1, "inicio": 2017.0, "fin": 2021.0, "url_link": "https://casadoj.github.io/CAMELS-ES/Tajo/Macrosistema/plots/3500.html" }, "geometry": { "type": "Point", "coordinates": [ -2.628289530122939, 40.733561645170155 ] } },
{ "type": "Feature", "properties": { "indroea": 3501, "lugar": "ABANADES", "comentario": null, "serv": 1, "suprest": 351, "suprcnc": 2601, "hoja_id": 488, "alti": 1020.0, "altimax": null, "naa": 4, "naam": 6, "naai": 0, "num_cuenca": 3129, "muni_id": 19001, "xutm": 543336, "yutm": 4526983, "xutm30": 543336, "yutm30": 4526983, "long": -2.2908, "lat": 40.5331, "longwgs84": -2.2913, "latwgs84": 40.5327, "observ1": null, "xetrs89": 543227, "yetrs89": 4526775, "cod_saih": null, "cuenca": "TAJO", "rio": "tajuña", "regimen": "desconocido", "sistema": "macrosistema", "caudal": 1, "inicio": 2017.0, "fin": 2021.0, "url_link": "https://casadoj.github.io/CAMELS-ES/Tajo/Macrosistema/plots/3501.html" }, "geometry": { "type": "Point", "coordinates": [ -2.486860148846944, 40.890920190748147 ] } },
{ "type": "Feature", "properties": { "indroea": 3502, "lugar": "POZO DEL REY", "comentario": null, "serv": 1, "suprest": 2456, "suprcnc": 4507, "hoja_id": 600, "alti": 257.0, "altimax": null, "naa": 4, "naam": 6, "naai": 0, "num_cuenca": 3286, "muni_id": 10180, "xutm": 289617, "yutm": 4438458, "xutm30": 289617, "yutm30": 4438458, "long": -5.2801, "lat": 40.041, "longwgs84": -5.2806, "latwgs84": 40.0406, "observ1": null, "xetrs89": 289508, "yetrs89": 4438252, "cod_saih": null, "cuenca": "TAJO", "rio": "tiétar", "regimen": "desconocido", "sistema": "tiétar", "caudal": 1, "inicio": 2017.0, "fin": 2021.0, "url_link": "https://casadoj.github.io/CAMELS-ES/Tajo/Tiétar/plots/3502.html" }, "geometry": { "type": "Point", "coordinates": [ -5.468268161257519, 40.068251566666312 ] } },
{ "type": "Feature", "properties": { "indroea": 3904, "lugar": "TOLEDO", "comentario": "INT 2010. HASTA EL AÑO 2008-09 EL INDICATIVO ERA 3014                 ", "serv": 0, "suprest": 24788, "suprcnc": 71364, "hoja_id": 629, "alti": 450.0, "altimax": 2430.0, "naa": 18, "naam": 38, "naai": 29, "num_cuenca": 3161, "muni_id": 45168, "xutm": 415370, "yutm": 4414265, "xutm30": 415370, "yutm30": 4414265, "long": -3.5922, "lat": 39.5225, "longwgs84": -3.5927, "latwgs84": 39.522, "observ1": null, "xetrs89": 415260, "yetrs89": 4414058, "cod_saih": null, "cuenca": "TAJO", "rio": "tajo", "regimen": "alterado", "sistema": "macrosistema", "caudal": 1, "inicio": 1991.0, "fin": 2009.0, "url_link": "https://casadoj.github.io/CAMELS-ES/Tajo/Macrosistema/plots/3904.html" }, "geometry": { "type": "Point", "coordinates": [ -3.990888414759045, 39.872338689948535 ] } },
{ "type": "Feature", "properties": { "indroea": 3940, "lugar": "GALISTEO", "comentario": null, "serv": 1, "suprest": 2672, "suprcnc": 5385, "hoja_id": 622, "alti": 260.0, "altimax": null, "naa": 30, "naam": 42, "naai": 18, "num_cuenca": 3352, "muni_id": 10076, "xutm": 730287, "yutm": 4429486, "xutm30": 217940, "yutm30": 4431230, "long": -6.1811, "lat": 39.5901, "longwgs84": -6.1816, "latwgs84": 39.5856, "observ1": "DATOS MODIFICADOS DE 05/2001 RESPECTO A PUBLICADOS (ANUARIO 2012-13)                                ", "xetrs89": 217831, "yetrs89": 4431024, "cod_saih": null, "cuenca": "TAJO", "rio": "alagón", "regimen": "alterado", "sistema": "alagón", "caudal": 1, "inicio": 1991.0, "fin": 2021.0, "url_link": "https://casadoj.github.io/CAMELS-ES/Tajo/Alagón/plots/3940.html" }, "geometry": { "type": "Point", "coordinates": [ -6.304470649706915, 39.982297846779943 ] } }
]
}
